2026-06-16 03:16:43 - finetune_logger - INFO - No pretrained checkpoint is provided. Finetuning from scratch.
[2026-06-16 03:16:43,216][finetune_logger][INFO] - No pretrained checkpoint is provided. Finetuning from scratch.
2026-06-16 03:16:43 - finetune_logger - INFO - Model parameters: 158,912
[2026-06-16 03:16:43,218][finetune_logger][INFO] - Model parameters: 158,912
2026-06-16 03:16:43 - finetune_logger - INFO - Created new log file at /public/home/202411094934/python_project/Spatio-Temporal-Library/time-series/2026-06-16/itransformer/finetune20/electricity/time-series/seed_2/training_log.json
[2026-06-16 03:16:43,220][finetune_logger][INFO] - Created new log file at /public/home/202411094934/python_project/Spatio-Temporal-Library/time-series/2026-06-16/itransformer/finetune20/electricity/time-series/seed_2/training_log.json
2026-06-16 03:16:43 - finetune_logger - INFO - Starting training...
[2026-06-16 03:16:43,221][finetune_logger][INFO] - Starting training...
2026-06-16 03:16:43 - finetune_logger - INFO - Epoch 1/20
[2026-06-16 03:16:43,221][finetune_logger][INFO] - Epoch 1/20
2026-06-16 03:21:59 - finetune_logger - INFO - Train loss: 289.5795607741451
[2026-06-16 03:21:59,899][finetune_logger][INFO] - Train loss: 289.5795607741451
2026-06-16 03:21:59 - finetune_logger - INFO - Train time: 316.67725586891174s
[2026-06-16 03:21:59,899][finetune_logger][INFO] - Train time: 316.67725586891174s
2026-06-16 03:21:59 - finetune_logger - INFO - Train memory reserved: 54.00 MB
[2026-06-16 03:21:59,900][finetune_logger][INFO] - Train memory reserved: 54.00 MB
2026-06-16 03:21:59 - finetune_logger - INFO - Train memory allocated: 18.10 MB
[2026-06-16 03:21:59,900][finetune_logger][INFO] - Train memory allocated: 18.10 MB
2026-06-16 03:21:59 - finetune_logger - INFO - Current learning rate: 0.0005
[2026-06-16 03:21:59,900][finetune_logger][INFO] - Current learning rate: 0.0005
2026-06-16 03:22:17 - finetune_logger - INFO - Validation metrics: {'MAE': 207.00562515419347, 'RMSE': 1415.7766021535774}
[2026-06-16 03:22:17,513][finetune_logger][INFO] - Validation metrics: {'MAE': 207.00562515419347, 'RMSE': 1415.7766021535774}
2026-06-16 03:22:17 - finetune_logger - INFO - Val time: 17.61s
[2026-06-16 03:22:17,513][finetune_logger][INFO] - Val time: 17.61s
2026-06-16 03:22:17 - finetune_logger - INFO - Val memory reserved: 54.00 MB
[2026-06-16 03:22:17,513][finetune_logger][INFO] - Val memory reserved: 54.00 MB
2026-06-16 03:22:17 - finetune_logger - INFO - Val memory allocated: 18.10 MB
[2026-06-16 03:22:17,513][finetune_logger][INFO] - Val memory allocated: 18.10 MB
2026-06-16 03:22:17 - finetune_logger - INFO - Logged epoch 1 info to /public/home/202411094934/python_project/Spatio-Temporal-Library/time-series/2026-06-16/itransformer/finetune20/electricity/time-series/seed_2/training_log.json
[2026-06-16 03:22:17,517][finetune_logger][INFO] - Logged epoch 1 info to /public/home/202411094934/python_project/Spatio-Temporal-Library/time-series/2026-06-16/itransformer/finetune20/electricity/time-series/seed_2/training_log.json
2026-06-16 03:22:17 - finetune_logger - INFO - New best model! Val loss: 207.005625
[2026-06-16 03:22:17,517][finetune_logger][INFO] - New best model! Val loss: 207.005625
2026-06-16 03:22:53 - finetune_logger - INFO - Test metrics: {'MAE': 269.9291224128251, 'RMSE': 2299.6872701338016}
[2026-06-16 03:22:53,507][finetune_logger][INFO] - Test metrics: {'MAE': 269.9291224128251, 'RMSE': 2299.6872701338016}
2026-06-16 03:22:53 - finetune_logger - INFO - Test time: 35.95s
[2026-06-16 03:22:53,508][finetune_logger][INFO] - Test time: 35.95s
2026-06-16 03:22:53 - finetune_logger - INFO - Test memory reserved: 54.00 MB
[2026-06-16 03:22:53,508][finetune_logger][INFO] - Test memory reserved: 54.00 MB
2026-06-16 03:22:53 - finetune_logger - INFO - Test memory allocated: 18.10 MB
[2026-06-16 03:22:53,508][finetune_logger][INFO] - Test memory allocated: 18.10 MB
2026-06-16 03:22:53 - finetune_logger - INFO - Epoch 2/20
[2026-06-16 03:22:53,508][finetune_logger][INFO] - Epoch 2/20
2026-06-16 03:28:09 - finetune_logger - INFO - Train loss: 251.4600484597697
[2026-06-16 03:28:09,998][finetune_logger][INFO] - Train loss: 251.4600484597697
2026-06-16 03:28:09 - finetune_logger - INFO - Train time: 316.4892144203186s
[2026-06-16 03:28:09,998][finetune_logger][INFO] - Train time: 316.4892144203186s
2026-06-16 03:28:09 - finetune_logger - INFO - Train memory reserved: 54.00 MB
[2026-06-16 03:28:09,998][finetune_logger][INFO] - Train memory reserved: 54.00 MB
2026-06-16 03:28:09 - finetune_logger - INFO - Train memory allocated: 18.10 MB
[2026-06-16 03:28:09,998][finetune_logger][INFO] - Train memory allocated: 18.10 MB
2026-06-16 03:28:09 - finetune_logger - INFO - Current learning rate: 0.0005
[2026-06-16 03:28:09,998][finetune_logger][INFO] - Current learning rate: 0.0005
2026-06-16 03:28:27 - finetune_logger - INFO - Validation metrics: {'MAE': 199.1876264584189, 'RMSE': 1377.7127185187082}
[2026-06-16 03:28:27,425][finetune_logger][INFO] - Validation metrics: {'MAE': 199.1876264584189, 'RMSE': 1377.7127185187082}
2026-06-16 03:28:27 - finetune_logger - INFO - Val time: 17.43s
[2026-06-16 03:28:27,425][finetune_logger][INFO] - Val time: 17.43s
2026-06-16 03:28:27 - finetune_logger - INFO - Val memory reserved: 54.00 MB
[2026-06-16 03:28:27,425][finetune_logger][INFO] - Val memory reserved: 54.00 MB
2026-06-16 03:28:27 - finetune_logger - INFO - Val memory allocated: 18.10 MB
[2026-06-16 03:28:27,425][finetune_logger][INFO] - Val memory allocated: 18.10 MB
2026-06-16 03:28:27 - finetune_logger - INFO - Logged epoch 2 info to /public/home/202411094934/python_project/Spatio-Temporal-Library/time-series/2026-06-16/itransformer/finetune20/electricity/time-series/seed_2/training_log.json
[2026-06-16 03:28:27,428][finetune_logger][INFO] - Logged epoch 2 info to /public/home/202411094934/python_project/Spatio-Temporal-Library/time-series/2026-06-16/itransformer/finetune20/electricity/time-series/seed_2/training_log.json
2026-06-16 03:28:27 - finetune_logger - INFO - New best model! Val loss: 199.187626
[2026-06-16 03:28:27,428][finetune_logger][INFO] - New best model! Val loss: 199.187626
2026-06-16 03:29:03 - finetune_logger - INFO - Test metrics: {'MAE': 257.9804269841309, 'RMSE': 2209.6055610767876}
[2026-06-16 03:29:03,434][finetune_logger][INFO] - Test metrics: {'MAE': 257.9804269841309, 'RMSE': 2209.6055610767876}
2026-06-16 03:29:03 - finetune_logger - INFO - Test time: 35.96s
[2026-06-16 03:29:03,434][finetune_logger][INFO] - Test time: 35.96s
2026-06-16 03:29:03 - finetune_logger - INFO - Test memory reserved: 54.00 MB
[2026-06-16 03:29:03,435][finetune_logger][INFO] - Test memory reserved: 54.00 MB
2026-06-16 03:29:03 - finetune_logger - INFO - Test memory allocated: 18.10 MB
[2026-06-16 03:29:03,435][finetune_logger][INFO] - Test memory allocated: 18.10 MB
2026-06-16 03:29:03 - finetune_logger - INFO - Epoch 3/20
[2026-06-16 03:29:03,435][finetune_logger][INFO] - Epoch 3/20
2026-06-16 03:34:19 - finetune_logger - INFO - Train loss: 243.0525509048032
[2026-06-16 03:34:19,262][finetune_logger][INFO] - Train loss: 243.0525509048032
2026-06-16 03:34:19 - finetune_logger - INFO - Train time: 315.82697677612305s
[2026-06-16 03:34:19,263][finetune_logger][INFO] - Train time: 315.82697677612305s
2026-06-16 03:34:19 - finetune_logger - INFO - Train memory reserved: 54.00 MB
[2026-06-16 03:34:19,263][finetune_logger][INFO] - Train memory reserved: 54.00 MB
2026-06-16 03:34:19 - finetune_logger - INFO - Train memory allocated: 18.10 MB
[2026-06-16 03:34:19,263][finetune_logger][INFO] - Train memory allocated: 18.10 MB
2026-06-16 03:34:19 - finetune_logger - INFO - Current learning rate: 0.0005
[2026-06-16 03:34:19,263][finetune_logger][INFO] - Current learning rate: 0.0005
2026-06-16 03:34:36 - finetune_logger - INFO - Validation metrics: {'MAE': 189.7428267501026, 'RMSE': 1316.6387725894335}
[2026-06-16 03:34:36,707][finetune_logger][INFO] - Validation metrics: {'MAE': 189.7428267501026, 'RMSE': 1316.6387725894335}
2026-06-16 03:34:36 - finetune_logger - INFO - Val time: 17.44s
[2026-06-16 03:34:36,708][finetune_logger][INFO] - Val time: 17.44s
2026-06-16 03:34:36 - finetune_logger - INFO - Val memory reserved: 54.00 MB
[2026-06-16 03:34:36,708][finetune_logger][INFO] - Val memory reserved: 54.00 MB
2026-06-16 03:34:36 - finetune_logger - INFO - Val memory allocated: 18.10 MB
[2026-06-16 03:34:36,708][finetune_logger][INFO] - Val memory allocated: 18.10 MB
2026-06-16 03:34:36 - finetune_logger - INFO - Logged epoch 3 info to /public/home/202411094934/python_project/Spatio-Temporal-Library/time-series/2026-06-16/itransformer/finetune20/electricity/time-series/seed_2/training_log.json
[2026-06-16 03:34:36,711][finetune_logger][INFO] - Logged epoch 3 info to /public/home/202411094934/python_project/Spatio-Temporal-Library/time-series/2026-06-16/itransformer/finetune20/electricity/time-series/seed_2/training_log.json
2026-06-16 03:34:36 - finetune_logger - INFO - New best model! Val loss: 189.742827
[2026-06-16 03:34:36,711][finetune_logger][INFO] - New best model! Val loss: 189.742827
2026-06-16 03:35:12 - finetune_logger - INFO - Test metrics: {'MAE': 247.77936672959711, 'RMSE': 2138.077089218644}
[2026-06-16 03:35:12,608][finetune_logger][INFO] - Test metrics: {'MAE': 247.77936672959711, 'RMSE': 2138.077089218644}
2026-06-16 03:35:12 - finetune_logger - INFO - Test time: 35.85s
[2026-06-16 03:35:12,608][finetune_logger][INFO] - Test time: 35.85s
2026-06-16 03:35:12 - finetune_logger - INFO - Test memory reserved: 54.00 MB
[2026-06-16 03:35:12,608][finetune_logger][INFO] - Test memory reserved: 54.00 MB
2026-06-16 03:35:12 - finetune_logger - INFO - Test memory allocated: 18.10 MB
[2026-06-16 03:35:12,608][finetune_logger][INFO] - Test memory allocated: 18.10 MB
2026-06-16 03:35:12 - finetune_logger - INFO - Epoch 4/20
[2026-06-16 03:35:12,608][finetune_logger][INFO] - Epoch 4/20
2026-06-16 03:40:29 - finetune_logger - INFO - Train loss: 238.89009521991844
[2026-06-16 03:40:29,395][finetune_logger][INFO] - Train loss: 238.89009521991844
2026-06-16 03:40:29 - finetune_logger - INFO - Train time: 316.78591752052307s
[2026-06-16 03:40:29,395][finetune_logger][INFO] - Train time: 316.78591752052307s
2026-06-16 03:40:29 - finetune_logger - INFO - Train memory reserved: 54.00 MB
[2026-06-16 03:40:29,395][finetune_logger][INFO] - Train memory reserved: 54.00 MB
2026-06-16 03:40:29 - finetune_logger - INFO - Train memory allocated: 18.10 MB
[2026-06-16 03:40:29,395][finetune_logger][INFO] - Train memory allocated: 18.10 MB
2026-06-16 03:40:29 - finetune_logger - INFO - Current learning rate: 0.0005
[2026-06-16 03:40:29,395][finetune_logger][INFO] - Current learning rate: 0.0005
2026-06-16 03:40:46 - finetune_logger - INFO - Validation metrics: {'MAE': 187.9414684448236, 'RMSE': 1321.21881905325}
[2026-06-16 03:40:46,855][finetune_logger][INFO] - Validation metrics: {'MAE': 187.9414684448236, 'RMSE': 1321.21881905325}
2026-06-16 03:40:46 - finetune_logger - INFO - Val time: 17.46s
[2026-06-16 03:40:46,855][finetune_logger][INFO] - Val time: 17.46s
2026-06-16 03:40:46 - finetune_logger - INFO - Val memory reserved: 54.00 MB
[2026-06-16 03:40:46,855][finetune_logger][INFO] - Val memory reserved: 54.00 MB
2026-06-16 03:40:46 - finetune_logger - INFO - Val memory allocated: 18.10 MB
[2026-06-16 03:40:46,855][finetune_logger][INFO] - Val memory allocated: 18.10 MB
2026-06-16 03:40:46 - finetune_logger - INFO - Logged epoch 4 info to /public/home/202411094934/python_project/Spatio-Temporal-Library/time-series/2026-06-16/itransformer/finetune20/electricity/time-series/seed_2/training_log.json
[2026-06-16 03:40:46,859][finetune_logger][INFO] - Logged epoch 4 info to /public/home/202411094934/python_project/Spatio-Temporal-Library/time-series/2026-06-16/itransformer/finetune20/electricity/time-series/seed_2/training_log.json
2026-06-16 03:40:46 - finetune_logger - INFO - New best model! Val loss: 187.941468
[2026-06-16 03:40:46,859][finetune_logger][INFO] - New best model! Val loss: 187.941468
2026-06-16 03:41:22 - finetune_logger - INFO - Test metrics: {'MAE': 245.23486276012713, 'RMSE': 2122.5967247172084}
[2026-06-16 03:41:22,924][finetune_logger][INFO] - Test metrics: {'MAE': 245.23486276012713, 'RMSE': 2122.5967247172084}
2026-06-16 03:41:22 - finetune_logger - INFO - Test time: 36.02s
[2026-06-16 03:41:22,924][finetune_logger][INFO] - Test time: 36.02s
2026-06-16 03:41:22 - finetune_logger - INFO - Test memory reserved: 54.00 MB
[2026-06-16 03:41:22,924][finetune_logger][INFO] - Test memory reserved: 54.00 MB
2026-06-16 03:41:22 - finetune_logger - INFO - Test memory allocated: 18.10 MB
[2026-06-16 03:41:22,924][finetune_logger][INFO] - Test memory allocated: 18.10 MB
2026-06-16 03:41:22 - finetune_logger - INFO - Epoch 5/20
[2026-06-16 03:41:22,924][finetune_logger][INFO] - Epoch 5/20
2026-06-16 03:46:39 - finetune_logger - INFO - Train loss: 234.68875556294813
[2026-06-16 03:46:39,838][finetune_logger][INFO] - Train loss: 234.68875556294813
2026-06-16 03:46:39 - finetune_logger - INFO - Train time: 316.913369178772s
[2026-06-16 03:46:39,839][finetune_logger][INFO] - Train time: 316.913369178772s
2026-06-16 03:46:39 - finetune_logger - INFO - Train memory reserved: 54.00 MB
[2026-06-16 03:46:39,839][finetune_logger][INFO] - Train memory reserved: 54.00 MB
2026-06-16 03:46:39 - finetune_logger - INFO - Train memory allocated: 18.10 MB
[2026-06-16 03:46:39,839][finetune_logger][INFO] - Train memory allocated: 18.10 MB
2026-06-16 03:46:39 - finetune_logger - INFO - Current learning rate: 0.0005
[2026-06-16 03:46:39,839][finetune_logger][INFO] - Current learning rate: 0.0005
2026-06-16 03:46:57 - finetune_logger - INFO - Validation metrics: {'MAE': 182.00120818770606, 'RMSE': 1278.5657194438706}
[2026-06-16 03:46:57,416][finetune_logger][INFO] - Validation metrics: {'MAE': 182.00120818770606, 'RMSE': 1278.5657194438706}
2026-06-16 03:46:57 - finetune_logger - INFO - Val time: 17.58s
[2026-06-16 03:46:57,417][finetune_logger][INFO] - Val time: 17.58s
2026-06-16 03:46:57 - finetune_logger - INFO - Val memory reserved: 54.00 MB
[2026-06-16 03:46:57,417][finetune_logger][INFO] - Val memory reserved: 54.00 MB
2026-06-16 03:46:57 - finetune_logger - INFO - Val memory allocated: 18.10 MB
[2026-06-16 03:46:57,417][finetune_logger][INFO] - Val memory allocated: 18.10 MB
2026-06-16 03:46:57 - finetune_logger - INFO - Logged epoch 5 info to /public/home/202411094934/python_project/Spatio-Temporal-Library/time-series/2026-06-16/itransformer/finetune20/electricity/time-series/seed_2/training_log.json
[2026-06-16 03:46:57,420][finetune_logger][INFO] - Logged epoch 5 info to /public/home/202411094934/python_project/Spatio-Temporal-Library/time-series/2026-06-16/itransformer/finetune20/electricity/time-series/seed_2/training_log.json
2026-06-16 03:46:57 - finetune_logger - INFO - New best model! Val loss: 182.001208
[2026-06-16 03:46:57,420][finetune_logger][INFO] - New best model! Val loss: 182.001208
2026-06-16 03:47:33 - finetune_logger - INFO - Test metrics: {'MAE': 239.07303656411622, 'RMSE': 2081.1865105405177}
[2026-06-16 03:47:33,499][finetune_logger][INFO] - Test metrics: {'MAE': 239.07303656411622, 'RMSE': 2081.1865105405177}
2026-06-16 03:47:33 - finetune_logger - INFO - Test time: 36.03s
[2026-06-16 03:47:33,499][finetune_logger][INFO] - Test time: 36.03s
2026-06-16 03:47:33 - finetune_logger - INFO - Test memory reserved: 54.00 MB
[2026-06-16 03:47:33,499][finetune_logger][INFO] - Test memory reserved: 54.00 MB
2026-06-16 03:47:33 - finetune_logger - INFO - Test memory allocated: 18.10 MB
[2026-06-16 03:47:33,499][finetune_logger][INFO] - Test memory allocated: 18.10 MB
2026-06-16 03:47:33 - finetune_logger - INFO - Epoch 6/20
[2026-06-16 03:47:33,499][finetune_logger][INFO] - Epoch 6/20
2026-06-16 03:52:50 - finetune_logger - INFO - Train loss: 231.50850701062708
[2026-06-16 03:52:50,421][finetune_logger][INFO] - Train loss: 231.50850701062708
2026-06-16 03:52:50 - finetune_logger - INFO - Train time: 316.920818567276s
[2026-06-16 03:52:50,421][finetune_logger][INFO] - Train time: 316.920818567276s
2026-06-16 03:52:50 - finetune_logger - INFO - Train memory reserved: 54.00 MB
[2026-06-16 03:52:50,421][finetune_logger][INFO] - Train memory reserved: 54.00 MB
2026-06-16 03:52:50 - finetune_logger - INFO - Train memory allocated: 18.10 MB
[2026-06-16 03:52:50,421][finetune_logger][INFO] - Train memory allocated: 18.10 MB
2026-06-16 03:52:50 - finetune_logger - INFO - Current learning rate: 0.0005
[2026-06-16 03:52:50,421][finetune_logger][INFO] - Current learning rate: 0.0005
2026-06-16 03:53:07 - finetune_logger - INFO - Validation metrics: {'MAE': 179.3139837742851, 'RMSE': 1267.0164868549525}
[2026-06-16 03:53:07,916][finetune_logger][INFO] - Validation metrics: {'MAE': 179.3139837742851, 'RMSE': 1267.0164868549525}
2026-06-16 03:53:07 - finetune_logger - INFO - Val time: 17.49s
[2026-06-16 03:53:07,917][finetune_logger][INFO] - Val time: 17.49s
2026-06-16 03:53:07 - finetune_logger - INFO - Val memory reserved: 54.00 MB
[2026-06-16 03:53:07,917][finetune_logger][INFO] - Val memory reserved: 54.00 MB
2026-06-16 03:53:07 - finetune_logger - INFO - Val memory allocated: 18.10 MB
[2026-06-16 03:53:07,917][finetune_logger][INFO] - Val memory allocated: 18.10 MB
2026-06-16 03:53:07 - finetune_logger - INFO - Logged epoch 6 info to /public/home/202411094934/python_project/Spatio-Temporal-Library/time-series/2026-06-16/itransformer/finetune20/electricity/time-series/seed_2/training_log.json
[2026-06-16 03:53:07,920][finetune_logger][INFO] - Logged epoch 6 info to /public/home/202411094934/python_project/Spatio-Temporal-Library/time-series/2026-06-16/itransformer/finetune20/electricity/time-series/seed_2/training_log.json
2026-06-16 03:53:07 - finetune_logger - INFO - New best model! Val loss: 179.313984
[2026-06-16 03:53:07,920][finetune_logger][INFO] - New best model! Val loss: 179.313984
2026-06-16 03:53:43 - finetune_logger - INFO - Test metrics: {'MAE': 236.28108961357793, 'RMSE': 2064.140962881444}
[2026-06-16 03:53:43,902][finetune_logger][INFO] - Test metrics: {'MAE': 236.28108961357793, 'RMSE': 2064.140962881444}
2026-06-16 03:53:43 - finetune_logger - INFO - Test time: 35.94s
[2026-06-16 03:53:43,903][finetune_logger][INFO] - Test time: 35.94s
2026-06-16 03:53:43 - finetune_logger - INFO - Test memory reserved: 54.00 MB
[2026-06-16 03:53:43,903][finetune_logger][INFO] - Test memory reserved: 54.00 MB
2026-06-16 03:53:43 - finetune_logger - INFO - Test memory allocated: 18.10 MB
[2026-06-16 03:53:43,903][finetune_logger][INFO] - Test memory allocated: 18.10 MB
2026-06-16 03:53:43 - finetune_logger - INFO - Epoch 7/20
[2026-06-16 03:53:43,903][finetune_logger][INFO] - Epoch 7/20
2026-06-16 03:59:00 - finetune_logger - INFO - Train loss: 229.08432732084233
[2026-06-16 03:59:00,799][finetune_logger][INFO] - Train loss: 229.08432732084233
2026-06-16 03:59:00 - finetune_logger - INFO - Train time: 316.89548444747925s
[2026-06-16 03:59:00,799][finetune_logger][INFO] - Train time: 316.89548444747925s
2026-06-16 03:59:00 - finetune_logger - INFO - Train memory reserved: 54.00 MB
[2026-06-16 03:59:00,799][finetune_logger][INFO] - Train memory reserved: 54.00 MB
2026-06-16 03:59:00 - finetune_logger - INFO - Train memory allocated: 18.10 MB
[2026-06-16 03:59:00,800][finetune_logger][INFO] - Train memory allocated: 18.10 MB
2026-06-16 03:59:00 - finetune_logger - INFO - Current learning rate: 0.0005
[2026-06-16 03:59:00,800][finetune_logger][INFO] - Current learning rate: 0.0005
2026-06-16 03:59:18 - finetune_logger - INFO - Validation metrics: {'MAE': 179.86231516948502, 'RMSE': 1281.7679286081427}
[2026-06-16 03:59:18,385][finetune_logger][INFO] - Validation metrics: {'MAE': 179.86231516948502, 'RMSE': 1281.7679286081427}
2026-06-16 03:59:18 - finetune_logger - INFO - Val time: 17.58s
[2026-06-16 03:59:18,385][finetune_logger][INFO] - Val time: 17.58s
2026-06-16 03:59:18 - finetune_logger - INFO - Val memory reserved: 54.00 MB
[2026-06-16 03:59:18,385][finetune_logger][INFO] - Val memory reserved: 54.00 MB
2026-06-16 03:59:18 - finetune_logger - INFO - Val memory allocated: 18.10 MB
[2026-06-16 03:59:18,386][finetune_logger][INFO] - Val memory allocated: 18.10 MB
2026-06-16 03:59:18 - finetune_logger - INFO - Logged epoch 7 info to /public/home/202411094934/python_project/Spatio-Temporal-Library/time-series/2026-06-16/itransformer/finetune20/electricity/time-series/seed_2/training_log.json
[2026-06-16 03:59:18,389][finetune_logger][INFO] - Logged epoch 7 info to /public/home/202411094934/python_project/Spatio-Temporal-Library/time-series/2026-06-16/itransformer/finetune20/electricity/time-series/seed_2/training_log.json
2026-06-16 03:59:54 - finetune_logger - INFO - Test metrics: {'MAE': 236.97548372159184, 'RMSE': 2085.7418328817153}
[2026-06-16 03:59:54,300][finetune_logger][INFO] - Test metrics: {'MAE': 236.97548372159184, 'RMSE': 2085.7418328817153}
2026-06-16 03:59:54 - finetune_logger - INFO - Test time: 35.91s
[2026-06-16 03:59:54,301][finetune_logger][INFO] - Test time: 35.91s
2026-06-16 03:59:54 - finetune_logger - INFO - Test memory reserved: 54.00 MB
[2026-06-16 03:59:54,301][finetune_logger][INFO] - Test memory reserved: 54.00 MB
2026-06-16 03:59:54 - finetune_logger - INFO - Test memory allocated: 18.10 MB
[2026-06-16 03:59:54,301][finetune_logger][INFO] - Test memory allocated: 18.10 MB
2026-06-16 03:59:54 - finetune_logger - INFO - Epoch 8/20
[2026-06-16 03:59:54,301][finetune_logger][INFO] - Epoch 8/20
2026-06-16 04:05:11 - finetune_logger - INFO - Train loss: 227.09502621193622
[2026-06-16 04:05:11,065][finetune_logger][INFO] - Train loss: 227.09502621193622
2026-06-16 04:05:11 - finetune_logger - INFO - Train time: 316.7636263370514s
[2026-06-16 04:05:11,065][finetune_logger][INFO] - Train time: 316.7636263370514s
2026-06-16 04:05:11 - finetune_logger - INFO - Train memory reserved: 54.00 MB
[2026-06-16 04:05:11,066][finetune_logger][INFO] - Train memory reserved: 54.00 MB
2026-06-16 04:05:11 - finetune_logger - INFO - Train memory allocated: 18.10 MB
[2026-06-16 04:05:11,066][finetune_logger][INFO] - Train memory allocated: 18.10 MB
2026-06-16 04:05:11 - finetune_logger - INFO - Current learning rate: 0.0005
[2026-06-16 04:05:11,066][finetune_logger][INFO] - Current learning rate: 0.0005
2026-06-16 04:05:28 - finetune_logger - INFO - Validation metrics: {'MAE': 179.31225621916104, 'RMSE': 1281.0438323653386}
[2026-06-16 04:05:28,533][finetune_logger][INFO] - Validation metrics: {'MAE': 179.31225621916104, 'RMSE': 1281.0438323653386}
2026-06-16 04:05:28 - finetune_logger - INFO - Val time: 17.47s
[2026-06-16 04:05:28,533][finetune_logger][INFO] - Val time: 17.47s
2026-06-16 04:05:28 - finetune_logger - INFO - Val memory reserved: 54.00 MB
[2026-06-16 04:05:28,533][finetune_logger][INFO] - Val memory reserved: 54.00 MB
2026-06-16 04:05:28 - finetune_logger - INFO - Val memory allocated: 18.10 MB
[2026-06-16 04:05:28,533][finetune_logger][INFO] - Val memory allocated: 18.10 MB
2026-06-16 04:05:28 - finetune_logger - INFO - Logged epoch 8 info to /public/home/202411094934/python_project/Spatio-Temporal-Library/time-series/2026-06-16/itransformer/finetune20/electricity/time-series/seed_2/training_log.json
[2026-06-16 04:05:28,536][finetune_logger][INFO] - Logged epoch 8 info to /public/home/202411094934/python_project/Spatio-Temporal-Library/time-series/2026-06-16/itransformer/finetune20/electricity/time-series/seed_2/training_log.json
2026-06-16 04:05:28 - finetune_logger - INFO - New best model! Val loss: 179.312256
[2026-06-16 04:05:28,537][finetune_logger][INFO] - New best model! Val loss: 179.312256
2026-06-16 04:06:04 - finetune_logger - INFO - Test metrics: {'MAE': 236.61463936450758, 'RMSE': 2088.422221207209}
[2026-06-16 04:06:04,536][finetune_logger][INFO] - Test metrics: {'MAE': 236.61463936450758, 'RMSE': 2088.422221207209}
2026-06-16 04:06:04 - finetune_logger - INFO - Test time: 35.95s
[2026-06-16 04:06:04,536][finetune_logger][INFO] - Test time: 35.95s
2026-06-16 04:06:04 - finetune_logger - INFO - Test memory reserved: 54.00 MB
[2026-06-16 04:06:04,537][finetune_logger][INFO] - Test memory reserved: 54.00 MB
2026-06-16 04:06:04 - finetune_logger - INFO - Test memory allocated: 18.10 MB
[2026-06-16 04:06:04,537][finetune_logger][INFO] - Test memory allocated: 18.10 MB
2026-06-16 04:06:04 - finetune_logger - INFO - Epoch 9/20
[2026-06-16 04:06:04,537][finetune_logger][INFO] - Epoch 9/20
2026-06-16 04:11:21 - finetune_logger - INFO - Train loss: 225.19495411804644
[2026-06-16 04:11:21,358][finetune_logger][INFO] - Train loss: 225.19495411804644
2026-06-16 04:11:21 - finetune_logger - INFO - Train time: 316.82056522369385s
[2026-06-16 04:11:21,358][finetune_logger][INFO] - Train time: 316.82056522369385s
2026-06-16 04:11:21 - finetune_logger - INFO - Train memory reserved: 54.00 MB
[2026-06-16 04:11:21,358][finetune_logger][INFO] - Train memory reserved: 54.00 MB
2026-06-16 04:11:21 - finetune_logger - INFO - Train memory allocated: 18.10 MB
[2026-06-16 04:11:21,358][finetune_logger][INFO] - Train memory allocated: 18.10 MB
2026-06-16 04:11:21 - finetune_logger - INFO - Current learning rate: 0.0005
[2026-06-16 04:11:21,359][finetune_logger][INFO] - Current learning rate: 0.0005
2026-06-16 04:11:38 - finetune_logger - INFO - Validation metrics: {'MAE': 175.93778947047133, 'RMSE': 1247.1008462428006}
[2026-06-16 04:11:38,844][finetune_logger][INFO] - Validation metrics: {'MAE': 175.93778947047133, 'RMSE': 1247.1008462428006}
2026-06-16 04:11:38 - finetune_logger - INFO - Val time: 17.48s
[2026-06-16 04:11:38,844][finetune_logger][INFO] - Val time: 17.48s
2026-06-16 04:11:38 - finetune_logger - INFO - Val memory reserved: 54.00 MB
[2026-06-16 04:11:38,844][finetune_logger][INFO] - Val memory reserved: 54.00 MB
2026-06-16 04:11:38 - finetune_logger - INFO - Val memory allocated: 18.10 MB
[2026-06-16 04:11:38,844][finetune_logger][INFO] - Val memory allocated: 18.10 MB
2026-06-16 04:11:38 - finetune_logger - INFO - Logged epoch 9 info to /public/home/202411094934/python_project/Spatio-Temporal-Library/time-series/2026-06-16/itransformer/finetune20/electricity/time-series/seed_2/training_log.json
[2026-06-16 04:11:38,847][finetune_logger][INFO] - Logged epoch 9 info to /public/home/202411094934/python_project/Spatio-Temporal-Library/time-series/2026-06-16/itransformer/finetune20/electricity/time-series/seed_2/training_log.json
2026-06-16 04:11:38 - finetune_logger - INFO - New best model! Val loss: 175.937789
[2026-06-16 04:11:38,848][finetune_logger][INFO] - New best model! Val loss: 175.937789
2026-06-16 04:12:14 - finetune_logger - INFO - Test metrics: {'MAE': 231.73689322436266, 'RMSE': 2040.5036021103658}
[2026-06-16 04:12:14,880][finetune_logger][INFO] - Test metrics: {'MAE': 231.73689322436266, 'RMSE': 2040.5036021103658}
2026-06-16 04:12:14 - finetune_logger - INFO - Test time: 35.99s
[2026-06-16 04:12:14,880][finetune_logger][INFO] - Test time: 35.99s
2026-06-16 04:12:14 - finetune_logger - INFO - Test memory reserved: 54.00 MB
[2026-06-16 04:12:14,880][finetune_logger][INFO] - Test memory reserved: 54.00 MB
2026-06-16 04:12:14 - finetune_logger - INFO - Test memory allocated: 18.10 MB
[2026-06-16 04:12:14,880][finetune_logger][INFO] - Test memory allocated: 18.10 MB
2026-06-16 04:12:14 - finetune_logger - INFO - Epoch 10/20
[2026-06-16 04:12:14,880][finetune_logger][INFO] - Epoch 10/20
2026-06-16 04:17:31 - finetune_logger - INFO - Train loss: 223.6271429804042
[2026-06-16 04:17:31,407][finetune_logger][INFO] - Train loss: 223.6271429804042
2026-06-16 04:17:31 - finetune_logger - INFO - Train time: 316.52630400657654s
[2026-06-16 04:17:31,407][finetune_logger][INFO] - Train time: 316.52630400657654s
2026-06-16 04:17:31 - finetune_logger - INFO - Train memory reserved: 54.00 MB
[2026-06-16 04:17:31,408][finetune_logger][INFO] - Train memory reserved: 54.00 MB
2026-06-16 04:17:31 - finetune_logger - INFO - Train memory allocated: 18.10 MB
[2026-06-16 04:17:31,408][finetune_logger][INFO] - Train memory allocated: 18.10 MB
2026-06-16 04:17:31 - finetune_logger - INFO - Current learning rate: 0.0005
[2026-06-16 04:17:31,408][finetune_logger][INFO] - Current learning rate: 0.0005
2026-06-16 04:17:48 - finetune_logger - INFO - Validation metrics: {'MAE': 174.80034166516725, 'RMSE': 1243.1511708213377}
[2026-06-16 04:17:48,848][finetune_logger][INFO] - Validation metrics: {'MAE': 174.80034166516725, 'RMSE': 1243.1511708213377}
2026-06-16 04:17:48 - finetune_logger - INFO - Val time: 17.44s
[2026-06-16 04:17:48,848][finetune_logger][INFO] - Val time: 17.44s
2026-06-16 04:17:48 - finetune_logger - INFO - Val memory reserved: 54.00 MB
[2026-06-16 04:17:48,848][finetune_logger][INFO] - Val memory reserved: 54.00 MB
2026-06-16 04:17:48 - finetune_logger - INFO - Val memory allocated: 18.10 MB
[2026-06-16 04:17:48,849][finetune_logger][INFO] - Val memory allocated: 18.10 MB
2026-06-16 04:17:48 - finetune_logger - INFO - Logged epoch 10 info to /public/home/202411094934/python_project/Spatio-Temporal-Library/time-series/2026-06-16/itransformer/finetune20/electricity/time-series/seed_2/training_log.json
[2026-06-16 04:17:48,852][finetune_logger][INFO] - Logged epoch 10 info to /public/home/202411094934/python_project/Spatio-Temporal-Library/time-series/2026-06-16/itransformer/finetune20/electricity/time-series/seed_2/training_log.json
2026-06-16 04:17:48 - finetune_logger - INFO - New best model! Val loss: 174.800342
[2026-06-16 04:17:48,852][finetune_logger][INFO] - New best model! Val loss: 174.800342
2026-06-16 04:18:24 - finetune_logger - INFO - Test metrics: {'MAE': 231.41774575591594, 'RMSE': 2028.8522947390284}
[2026-06-16 04:18:24,843][finetune_logger][INFO] - Test metrics: {'MAE': 231.41774575591594, 'RMSE': 2028.8522947390284}
2026-06-16 04:18:24 - finetune_logger - INFO - Test time: 35.95s
[2026-06-16 04:18:24,843][finetune_logger][INFO] - Test time: 35.95s
2026-06-16 04:18:24 - finetune_logger - INFO - Test memory reserved: 54.00 MB
[2026-06-16 04:18:24,843][finetune_logger][INFO] - Test memory reserved: 54.00 MB
2026-06-16 04:18:24 - finetune_logger - INFO - Test memory allocated: 18.10 MB
[2026-06-16 04:18:24,844][finetune_logger][INFO] - Test memory allocated: 18.10 MB
2026-06-16 04:18:24 - finetune_logger - INFO - Epoch 11/20
[2026-06-16 04:18:24,844][finetune_logger][INFO] - Epoch 11/20
2026-06-16 04:23:41 - finetune_logger - INFO - Train loss: 218.42234322010563
[2026-06-16 04:23:41,343][finetune_logger][INFO] - Train loss: 218.42234322010563
2026-06-16 04:23:41 - finetune_logger - INFO - Train time: 316.4987847805023s
[2026-06-16 04:23:41,343][finetune_logger][INFO] - Train time: 316.4987847805023s
2026-06-16 04:23:41 - finetune_logger - INFO - Train memory reserved: 54.00 MB
[2026-06-16 04:23:41,343][finetune_logger][INFO] - Train memory reserved: 54.00 MB
2026-06-16 04:23:41 - finetune_logger - INFO - Train memory allocated: 18.10 MB
[2026-06-16 04:23:41,343][finetune_logger][INFO] - Train memory allocated: 18.10 MB
2026-06-16 04:23:41 - finetune_logger - INFO - Current learning rate: 0.00025
[2026-06-16 04:23:41,344][finetune_logger][INFO] - Current learning rate: 0.00025
2026-06-16 04:23:58 - finetune_logger - INFO - Validation metrics: {'MAE': 171.3847993453173, 'RMSE': 1223.2742595728816}
[2026-06-16 04:23:58,750][finetune_logger][INFO] - Validation metrics: {'MAE': 171.3847993453173, 'RMSE': 1223.2742595728816}
2026-06-16 04:23:58 - finetune_logger - INFO - Val time: 17.41s
[2026-06-16 04:23:58,750][finetune_logger][INFO] - Val time: 17.41s
2026-06-16 04:23:58 - finetune_logger - INFO - Val memory reserved: 54.00 MB
[2026-06-16 04:23:58,751][finetune_logger][INFO] - Val memory reserved: 54.00 MB
2026-06-16 04:23:58 - finetune_logger - INFO - Val memory allocated: 18.10 MB
[2026-06-16 04:23:58,751][finetune_logger][INFO] - Val memory allocated: 18.10 MB
2026-06-16 04:23:58 - finetune_logger - INFO - Logged epoch 11 info to /public/home/202411094934/python_project/Spatio-Temporal-Library/time-series/2026-06-16/itransformer/finetune20/electricity/time-series/seed_2/training_log.json
[2026-06-16 04:23:58,754][finetune_logger][INFO] - Logged epoch 11 info to /public/home/202411094934/python_project/Spatio-Temporal-Library/time-series/2026-06-16/itransformer/finetune20/electricity/time-series/seed_2/training_log.json
2026-06-16 04:23:58 - finetune_logger - INFO - New best model! Val loss: 171.384799
[2026-06-16 04:23:58,754][finetune_logger][INFO] - New best model! Val loss: 171.384799
2026-06-16 04:24:34 - finetune_logger - INFO - Test metrics: {'MAE': 226.88013526363238, 'RMSE': 1997.3907273347506}
[2026-06-16 04:24:34,746][finetune_logger][INFO] - Test metrics: {'MAE': 226.88013526363238, 'RMSE': 1997.3907273347506}
2026-06-16 04:24:34 - finetune_logger - INFO - Test time: 35.95s
[2026-06-16 04:24:34,747][finetune_logger][INFO] - Test time: 35.95s
2026-06-16 04:24:34 - finetune_logger - INFO - Test memory reserved: 54.00 MB
[2026-06-16 04:24:34,747][finetune_logger][INFO] - Test memory reserved: 54.00 MB
2026-06-16 04:24:34 - finetune_logger - INFO - Test memory allocated: 18.10 MB
[2026-06-16 04:24:34,747][finetune_logger][INFO] - Test memory allocated: 18.10 MB
2026-06-16 04:24:34 - finetune_logger - INFO - Epoch 12/20
[2026-06-16 04:24:34,747][finetune_logger][INFO] - Epoch 12/20
2026-06-16 04:29:51 - finetune_logger - INFO - Train loss: 217.27242762355456
[2026-06-16 04:29:51,171][finetune_logger][INFO] - Train loss: 217.27242762355456
2026-06-16 04:29:51 - finetune_logger - INFO - Train time: 316.4240999221802s
[2026-06-16 04:29:51,172][finetune_logger][INFO] - Train time: 316.4240999221802s
2026-06-16 04:29:51 - finetune_logger - INFO - Train memory reserved: 54.00 MB
[2026-06-16 04:29:51,172][finetune_logger][INFO] - Train memory reserved: 54.00 MB
2026-06-16 04:29:51 - finetune_logger - INFO - Train memory allocated: 18.10 MB
[2026-06-16 04:29:51,172][finetune_logger][INFO] - Train memory allocated: 18.10 MB
2026-06-16 04:29:51 - finetune_logger - INFO - Current learning rate: 0.00025
[2026-06-16 04:29:51,172][finetune_logger][INFO] - Current learning rate: 0.00025
2026-06-16 04:30:08 - finetune_logger - INFO - Validation metrics: {'MAE': 175.85737936562015, 'RMSE': 1224.7865000770948}
[2026-06-16 04:30:08,680][finetune_logger][INFO] - Validation metrics: {'MAE': 175.85737936562015, 'RMSE': 1224.7865000770948}
2026-06-16 04:30:08 - finetune_logger - INFO - Val time: 17.51s
[2026-06-16 04:30:08,680][finetune_logger][INFO] - Val time: 17.51s
2026-06-16 04:30:08 - finetune_logger - INFO - Val memory reserved: 54.00 MB
[2026-06-16 04:30:08,680][finetune_logger][INFO] - Val memory reserved: 54.00 MB
2026-06-16 04:30:08 - finetune_logger - INFO - Val memory allocated: 18.10 MB
[2026-06-16 04:30:08,680][finetune_logger][INFO] - Val memory allocated: 18.10 MB
2026-06-16 04:30:08 - finetune_logger - INFO - Logged epoch 12 info to /public/home/202411094934/python_project/Spatio-Temporal-Library/time-series/2026-06-16/itransformer/finetune20/electricity/time-series/seed_2/training_log.json
[2026-06-16 04:30:08,683][finetune_logger][INFO] - Logged epoch 12 info to /public/home/202411094934/python_project/Spatio-Temporal-Library/time-series/2026-06-16/itransformer/finetune20/electricity/time-series/seed_2/training_log.json
2026-06-16 04:30:44 - finetune_logger - INFO - Test metrics: {'MAE': 232.36021263346538, 'RMSE': 2024.3771537230514}
[2026-06-16 04:30:44,602][finetune_logger][INFO] - Test metrics: {'MAE': 232.36021263346538, 'RMSE': 2024.3771537230514}
2026-06-16 04:30:44 - finetune_logger - INFO - Test time: 35.92s
[2026-06-16 04:30:44,602][finetune_logger][INFO] - Test time: 35.92s
2026-06-16 04:30:44 - finetune_logger - INFO - Test memory reserved: 54.00 MB
[2026-06-16 04:30:44,602][finetune_logger][INFO] - Test memory reserved: 54.00 MB
2026-06-16 04:30:44 - finetune_logger - INFO - Test memory allocated: 18.10 MB
[2026-06-16 04:30:44,602][finetune_logger][INFO] - Test memory allocated: 18.10 MB
2026-06-16 04:30:44 - finetune_logger - INFO - Epoch 13/20
[2026-06-16 04:30:44,602][finetune_logger][INFO] - Epoch 13/20
2026-06-16 04:36:00 - finetune_logger - INFO - Train loss: 216.25981294892676
[2026-06-16 04:36:00,963][finetune_logger][INFO] - Train loss: 216.25981294892676
2026-06-16 04:36:00 - finetune_logger - INFO - Train time: 316.3604111671448s
[2026-06-16 04:36:00,963][finetune_logger][INFO] - Train time: 316.3604111671448s
2026-06-16 04:36:00 - finetune_logger - INFO - Train memory reserved: 54.00 MB
[2026-06-16 04:36:00,964][finetune_logger][INFO] - Train memory reserved: 54.00 MB
2026-06-16 04:36:00 - finetune_logger - INFO - Train memory allocated: 18.10 MB
[2026-06-16 04:36:00,964][finetune_logger][INFO] - Train memory allocated: 18.10 MB
2026-06-16 04:36:00 - finetune_logger - INFO - Current learning rate: 0.00025
[2026-06-16 04:36:00,964][finetune_logger][INFO] - Current learning rate: 0.00025
2026-06-16 04:36:18 - finetune_logger - INFO - Validation metrics: {'MAE': 172.61623525197777, 'RMSE': 1215.6500580540687}
[2026-06-16 04:36:18,480][finetune_logger][INFO] - Validation metrics: {'MAE': 172.61623525197777, 'RMSE': 1215.6500580540687}
2026-06-16 04:36:18 - finetune_logger - INFO - Val time: 17.52s
[2026-06-16 04:36:18,480][finetune_logger][INFO] - Val time: 17.52s
2026-06-16 04:36:18 - finetune_logger - INFO - Val memory reserved: 54.00 MB
[2026-06-16 04:36:18,481][finetune_logger][INFO] - Val memory reserved: 54.00 MB
2026-06-16 04:36:18 - finetune_logger - INFO - Val memory allocated: 18.10 MB
[2026-06-16 04:36:18,481][finetune_logger][INFO] - Val memory allocated: 18.10 MB
2026-06-16 04:36:18 - finetune_logger - INFO - Logged epoch 13 info to /public/home/202411094934/python_project/Spatio-Temporal-Library/time-series/2026-06-16/itransformer/finetune20/electricity/time-series/seed_2/training_log.json
[2026-06-16 04:36:18,484][finetune_logger][INFO] - Logged epoch 13 info to /public/home/202411094934/python_project/Spatio-Temporal-Library/time-series/2026-06-16/itransformer/finetune20/electricity/time-series/seed_2/training_log.json
2026-06-16 04:36:54 - finetune_logger - INFO - Test metrics: {'MAE': 229.79781680890798, 'RMSE': 2011.8967111814882}
[2026-06-16 04:36:54,446][finetune_logger][INFO] - Test metrics: {'MAE': 229.79781680890798, 'RMSE': 2011.8967111814882}
2026-06-16 04:36:54 - finetune_logger - INFO - Test time: 35.96s
[2026-06-16 04:36:54,446][finetune_logger][INFO] - Test time: 35.96s
2026-06-16 04:36:54 - finetune_logger - INFO - Test memory reserved: 54.00 MB
[2026-06-16 04:36:54,446][finetune_logger][INFO] - Test memory reserved: 54.00 MB
2026-06-16 04:36:54 - finetune_logger - INFO - Test memory allocated: 18.10 MB
[2026-06-16 04:36:54,447][finetune_logger][INFO] - Test memory allocated: 18.10 MB
2026-06-16 04:36:54 - finetune_logger - INFO - Epoch 14/20
[2026-06-16 04:36:54,447][finetune_logger][INFO] - Epoch 14/20
2026-06-16 04:42:11 - finetune_logger - INFO - Train loss: 215.5832151070602
[2026-06-16 04:42:11,296][finetune_logger][INFO] - Train loss: 215.5832151070602
2026-06-16 04:42:11 - finetune_logger - INFO - Train time: 316.84910893440247s
[2026-06-16 04:42:11,297][finetune_logger][INFO] - Train time: 316.84910893440247s
2026-06-16 04:42:11 - finetune_logger - INFO - Train memory reserved: 54.00 MB
[2026-06-16 04:42:11,297][finetune_logger][INFO] - Train memory reserved: 54.00 MB
2026-06-16 04:42:11 - finetune_logger - INFO - Train memory allocated: 18.10 MB
[2026-06-16 04:42:11,297][finetune_logger][INFO] - Train memory allocated: 18.10 MB
2026-06-16 04:42:11 - finetune_logger - INFO - Current learning rate: 0.00025
[2026-06-16 04:42:11,297][finetune_logger][INFO] - Current learning rate: 0.00025
2026-06-16 04:42:28 - finetune_logger - INFO - Validation metrics: {'MAE': 173.66453441740356, 'RMSE': 1224.4284669253714}
[2026-06-16 04:42:28,849][finetune_logger][INFO] - Validation metrics: {'MAE': 173.66453441740356, 'RMSE': 1224.4284669253714}
2026-06-16 04:42:28 - finetune_logger - INFO - Val time: 17.55s
[2026-06-16 04:42:28,850][finetune_logger][INFO] - Val time: 17.55s
2026-06-16 04:42:28 - finetune_logger - INFO - Val memory reserved: 54.00 MB
[2026-06-16 04:42:28,850][finetune_logger][INFO] - Val memory reserved: 54.00 MB
2026-06-16 04:42:28 - finetune_logger - INFO - Val memory allocated: 18.10 MB
[2026-06-16 04:42:28,850][finetune_logger][INFO] - Val memory allocated: 18.10 MB
2026-06-16 04:42:28 - finetune_logger - INFO - Logged epoch 14 info to /public/home/202411094934/python_project/Spatio-Temporal-Library/time-series/2026-06-16/itransformer/finetune20/electricity/time-series/seed_2/training_log.json
[2026-06-16 04:42:28,854][finetune_logger][INFO] - Logged epoch 14 info to /public/home/202411094934/python_project/Spatio-Temporal-Library/time-series/2026-06-16/itransformer/finetune20/electricity/time-series/seed_2/training_log.json
2026-06-16 04:43:04 - finetune_logger - INFO - Test metrics: {'MAE': 230.5213416884087, 'RMSE': 2028.2974690169972}
[2026-06-16 04:43:04,879][finetune_logger][INFO] - Test metrics: {'MAE': 230.5213416884087, 'RMSE': 2028.2974690169972}
2026-06-16 04:43:04 - finetune_logger - INFO - Test time: 36.02s
[2026-06-16 04:43:04,879][finetune_logger][INFO] - Test time: 36.02s
2026-06-16 04:43:04 - finetune_logger - INFO - Test memory reserved: 54.00 MB
[2026-06-16 04:43:04,879][finetune_logger][INFO] - Test memory reserved: 54.00 MB
2026-06-16 04:43:04 - finetune_logger - INFO - Test memory allocated: 18.10 MB
[2026-06-16 04:43:04,879][finetune_logger][INFO] - Test memory allocated: 18.10 MB
2026-06-16 04:43:04 - finetune_logger - INFO - Epoch 15/20
[2026-06-16 04:43:04,880][finetune_logger][INFO] - Epoch 15/20
2026-06-16 04:48:21 - finetune_logger - INFO - Train loss: 214.79561331151618
[2026-06-16 04:48:21,555][finetune_logger][INFO] - Train loss: 214.79561331151618
2026-06-16 04:48:21 - finetune_logger - INFO - Train time: 316.6750111579895s
[2026-06-16 04:48:21,555][finetune_logger][INFO] - Train time: 316.6750111579895s
2026-06-16 04:48:21 - finetune_logger - INFO - Train memory reserved: 54.00 MB
[2026-06-16 04:48:21,556][finetune_logger][INFO] - Train memory reserved: 54.00 MB
2026-06-16 04:48:21 - finetune_logger - INFO - Train memory allocated: 18.10 MB
[2026-06-16 04:48:21,556][finetune_logger][INFO] - Train memory allocated: 18.10 MB
2026-06-16 04:48:21 - finetune_logger - INFO - Current learning rate: 0.00025
[2026-06-16 04:48:21,556][finetune_logger][INFO] - Current learning rate: 0.00025
2026-06-16 04:48:39 - finetune_logger - INFO - Validation metrics: {'MAE': 171.27998573383547, 'RMSE': 1213.8878525776133}
[2026-06-16 04:48:39,048][finetune_logger][INFO] - Validation metrics: {'MAE': 171.27998573383547, 'RMSE': 1213.8878525776133}
2026-06-16 04:48:39 - finetune_logger - INFO - Val time: 17.49s
[2026-06-16 04:48:39,048][finetune_logger][INFO] - Val time: 17.49s
2026-06-16 04:48:39 - finetune_logger - INFO - Val memory reserved: 54.00 MB
[2026-06-16 04:48:39,048][finetune_logger][INFO] - Val memory reserved: 54.00 MB
2026-06-16 04:48:39 - finetune_logger - INFO - Val memory allocated: 18.10 MB
[2026-06-16 04:48:39,048][finetune_logger][INFO] - Val memory allocated: 18.10 MB
2026-06-16 04:48:39 - finetune_logger - INFO - Logged epoch 15 info to /public/home/202411094934/python_project/Spatio-Temporal-Library/time-series/2026-06-16/itransformer/finetune20/electricity/time-series/seed_2/training_log.json
[2026-06-16 04:48:39,052][finetune_logger][INFO] - Logged epoch 15 info to /public/home/202411094934/python_project/Spatio-Temporal-Library/time-series/2026-06-16/itransformer/finetune20/electricity/time-series/seed_2/training_log.json
2026-06-16 04:48:39 - finetune_logger - INFO - New best model! Val loss: 171.279986
[2026-06-16 04:48:39,052][finetune_logger][INFO] - New best model! Val loss: 171.279986
2026-06-16 04:49:15 - finetune_logger - INFO - Test metrics: {'MAE': 227.85305747124858, 'RMSE': 2000.209408488265}
[2026-06-16 04:49:15,007][finetune_logger][INFO] - Test metrics: {'MAE': 227.85305747124858, 'RMSE': 2000.209408488265}
2026-06-16 04:49:15 - finetune_logger - INFO - Test time: 35.91s
[2026-06-16 04:49:15,008][finetune_logger][INFO] - Test time: 35.91s
2026-06-16 04:49:15 - finetune_logger - INFO - Test memory reserved: 54.00 MB
[2026-06-16 04:49:15,008][finetune_logger][INFO] - Test memory reserved: 54.00 MB
2026-06-16 04:49:15 - finetune_logger - INFO - Test memory allocated: 18.10 MB
[2026-06-16 04:49:15,008][finetune_logger][INFO] - Test memory allocated: 18.10 MB
2026-06-16 04:49:15 - finetune_logger - INFO - Epoch 16/20
[2026-06-16 04:49:15,008][finetune_logger][INFO] - Epoch 16/20
2026-06-16 04:54:31 - finetune_logger - INFO - Train loss: 214.12823911476488
[2026-06-16 04:54:31,811][finetune_logger][INFO] - Train loss: 214.12823911476488
2026-06-16 04:54:31 - finetune_logger - INFO - Train time: 316.80228066444397s
[2026-06-16 04:54:31,811][finetune_logger][INFO] - Train time: 316.80228066444397s
2026-06-16 04:54:31 - finetune_logger - INFO - Train memory reserved: 54.00 MB
[2026-06-16 04:54:31,811][finetune_logger][INFO] - Train memory reserved: 54.00 MB
2026-06-16 04:54:31 - finetune_logger - INFO - Train memory allocated: 18.10 MB
[2026-06-16 04:54:31,811][finetune_logger][INFO] - Train memory allocated: 18.10 MB
2026-06-16 04:54:31 - finetune_logger - INFO - Current learning rate: 0.00025
[2026-06-16 04:54:31,812][finetune_logger][INFO] - Current learning rate: 0.00025
2026-06-16 04:54:49 - finetune_logger - INFO - Validation metrics: {'MAE': 172.1501501496965, 'RMSE': 1219.2122123637935}
[2026-06-16 04:54:49,294][finetune_logger][INFO] - Validation metrics: {'MAE': 172.1501501496965, 'RMSE': 1219.2122123637935}
2026-06-16 04:54:49 - finetune_logger - INFO - Val time: 17.48s
[2026-06-16 04:54:49,295][finetune_logger][INFO] - Val time: 17.48s
2026-06-16 04:54:49 - finetune_logger - INFO - Val memory reserved: 54.00 MB
[2026-06-16 04:54:49,295][finetune_logger][INFO] - Val memory reserved: 54.00 MB
2026-06-16 04:54:49 - finetune_logger - INFO - Val memory allocated: 18.10 MB
[2026-06-16 04:54:49,295][finetune_logger][INFO] - Val memory allocated: 18.10 MB
2026-06-16 04:54:49 - finetune_logger - INFO - Logged epoch 16 info to /public/home/202411094934/python_project/Spatio-Temporal-Library/time-series/2026-06-16/itransformer/finetune20/electricity/time-series/seed_2/training_log.json
[2026-06-16 04:54:49,298][finetune_logger][INFO] - Logged epoch 16 info to /public/home/202411094934/python_project/Spatio-Temporal-Library/time-series/2026-06-16/itransformer/finetune20/electricity/time-series/seed_2/training_log.json
2026-06-16 04:55:25 - finetune_logger - INFO - Test metrics: {'MAE': 229.16888613631247, 'RMSE': 2011.815371431628}
[2026-06-16 04:55:25,308][finetune_logger][INFO] - Test metrics: {'MAE': 229.16888613631247, 'RMSE': 2011.815371431628}
2026-06-16 04:55:25 - finetune_logger - INFO - Test time: 36.01s
[2026-06-16 04:55:25,308][finetune_logger][INFO] - Test time: 36.01s
2026-06-16 04:55:25 - finetune_logger - INFO - Test memory reserved: 54.00 MB
[2026-06-16 04:55:25,308][finetune_logger][INFO] - Test memory reserved: 54.00 MB
2026-06-16 04:55:25 - finetune_logger - INFO - Test memory allocated: 18.10 MB
[2026-06-16 04:55:25,308][finetune_logger][INFO] - Test memory allocated: 18.10 MB
2026-06-16 04:55:25 - finetune_logger - INFO - Epoch 17/20
[2026-06-16 04:55:25,308][finetune_logger][INFO] - Epoch 17/20
2026-06-16 05:00:42 - finetune_logger - INFO - Train loss: 213.26450414584556
[2026-06-16 05:00:42,172][finetune_logger][INFO] - Train loss: 213.26450414584556
2026-06-16 05:00:42 - finetune_logger - INFO - Train time: 316.8627829551697s
[2026-06-16 05:00:42,172][finetune_logger][INFO] - Train time: 316.8627829551697s
2026-06-16 05:00:42 - finetune_logger - INFO - Train memory reserved: 54.00 MB
[2026-06-16 05:00:42,172][finetune_logger][INFO] - Train memory reserved: 54.00 MB
2026-06-16 05:00:42 - finetune_logger - INFO - Train memory allocated: 18.10 MB
[2026-06-16 05:00:42,172][finetune_logger][INFO] - Train memory allocated: 18.10 MB
2026-06-16 05:00:42 - finetune_logger - INFO - Current learning rate: 0.00025
[2026-06-16 05:00:42,172][finetune_logger][INFO] - Current learning rate: 0.00025
2026-06-16 05:00:59 - finetune_logger - INFO - Validation metrics: {'MAE': 173.78733072381277, 'RMSE': 1245.588083431844}
[2026-06-16 05:00:59,747][finetune_logger][INFO] - Validation metrics: {'MAE': 173.78733072381277, 'RMSE': 1245.588083431844}
2026-06-16 05:00:59 - finetune_logger - INFO - Val time: 17.57s
[2026-06-16 05:00:59,747][finetune_logger][INFO] - Val time: 17.57s
2026-06-16 05:00:59 - finetune_logger - INFO - Val memory reserved: 54.00 MB
[2026-06-16 05:00:59,748][finetune_logger][INFO] - Val memory reserved: 54.00 MB
2026-06-16 05:00:59 - finetune_logger - INFO - Val memory allocated: 18.10 MB
[2026-06-16 05:00:59,748][finetune_logger][INFO] - Val memory allocated: 18.10 MB
2026-06-16 05:00:59 - finetune_logger - INFO - Logged epoch 17 info to /public/home/202411094934/python_project/Spatio-Temporal-Library/time-series/2026-06-16/itransformer/finetune20/electricity/time-series/seed_2/training_log.json
[2026-06-16 05:00:59,751][finetune_logger][INFO] - Logged epoch 17 info to /public/home/202411094934/python_project/Spatio-Temporal-Library/time-series/2026-06-16/itransformer/finetune20/electricity/time-series/seed_2/training_log.json
2026-06-16 05:01:35 - finetune_logger - INFO - Test metrics: {'MAE': 230.43973211978172, 'RMSE': 2021.6328145722862}
[2026-06-16 05:01:35,709][finetune_logger][INFO] - Test metrics: {'MAE': 230.43973211978172, 'RMSE': 2021.6328145722862}
2026-06-16 05:01:35 - finetune_logger - INFO - Test time: 35.96s
[2026-06-16 05:01:35,709][finetune_logger][INFO] - Test time: 35.96s
2026-06-16 05:01:35 - finetune_logger - INFO - Test memory reserved: 54.00 MB
[2026-06-16 05:01:35,709][finetune_logger][INFO] - Test memory reserved: 54.00 MB
2026-06-16 05:01:35 - finetune_logger - INFO - Test memory allocated: 18.10 MB
[2026-06-16 05:01:35,709][finetune_logger][INFO] - Test memory allocated: 18.10 MB
2026-06-16 05:01:35 - finetune_logger - INFO - Epoch 18/20
[2026-06-16 05:01:35,709][finetune_logger][INFO] - Epoch 18/20
2026-06-16 05:06:52 - finetune_logger - INFO - Train loss: 212.50741473277287
[2026-06-16 05:06:52,442][finetune_logger][INFO] - Train loss: 212.50741473277287
2026-06-16 05:06:52 - finetune_logger - INFO - Train time: 316.73199582099915s
[2026-06-16 05:06:52,442][finetune_logger][INFO] - Train time: 316.73199582099915s
2026-06-16 05:06:52 - finetune_logger - INFO - Train memory reserved: 54.00 MB
[2026-06-16 05:06:52,442][finetune_logger][INFO] - Train memory reserved: 54.00 MB
2026-06-16 05:06:52 - finetune_logger - INFO - Train memory allocated: 18.10 MB
[2026-06-16 05:06:52,442][finetune_logger][INFO] - Train memory allocated: 18.10 MB
2026-06-16 05:06:52 - finetune_logger - INFO - Current learning rate: 0.00025
[2026-06-16 05:06:52,442][finetune_logger][INFO] - Current learning rate: 0.00025
2026-06-16 05:07:10 - finetune_logger - INFO - Validation metrics: {'MAE': 170.23081951904314, 'RMSE': 1222.47315541478}
[2026-06-16 05:07:10,540][finetune_logger][INFO] - Validation metrics: {'MAE': 170.23081951904314, 'RMSE': 1222.47315541478}
2026-06-16 05:07:10 - finetune_logger - INFO - Val time: 18.10s
[2026-06-16 05:07:10,540][finetune_logger][INFO] - Val time: 18.10s
2026-06-16 05:07:10 - finetune_logger - INFO - Val memory reserved: 54.00 MB
[2026-06-16 05:07:10,540][finetune_logger][INFO] - Val memory reserved: 54.00 MB
2026-06-16 05:07:10 - finetune_logger - INFO - Val memory allocated: 18.10 MB
[2026-06-16 05:07:10,540][finetune_logger][INFO] - Val memory allocated: 18.10 MB
2026-06-16 05:07:10 - finetune_logger - INFO - Logged epoch 18 info to /public/home/202411094934/python_project/Spatio-Temporal-Library/time-series/2026-06-16/itransformer/finetune20/electricity/time-series/seed_2/training_log.json
[2026-06-16 05:07:10,544][finetune_logger][INFO] - Logged epoch 18 info to /public/home/202411094934/python_project/Spatio-Temporal-Library/time-series/2026-06-16/itransformer/finetune20/electricity/time-series/seed_2/training_log.json
2026-06-16 05:07:10 - finetune_logger - INFO - New best model! Val loss: 170.230820
[2026-06-16 05:07:10,544][finetune_logger][INFO] - New best model! Val loss: 170.230820
2026-06-16 05:07:46 - finetune_logger - INFO - Test metrics: {'MAE': 226.84633301707635, 'RMSE': 2005.3164954073973}
[2026-06-16 05:07:46,600][finetune_logger][INFO] - Test metrics: {'MAE': 226.84633301707635, 'RMSE': 2005.3164954073973}
2026-06-16 05:07:46 - finetune_logger - INFO - Test time: 36.01s
[2026-06-16 05:07:46,600][finetune_logger][INFO] - Test time: 36.01s
2026-06-16 05:07:46 - finetune_logger - INFO - Test memory reserved: 54.00 MB
[2026-06-16 05:07:46,600][finetune_logger][INFO] - Test memory reserved: 54.00 MB
2026-06-16 05:07:46 - finetune_logger - INFO - Test memory allocated: 18.10 MB
[2026-06-16 05:07:46,600][finetune_logger][INFO] - Test memory allocated: 18.10 MB
2026-06-16 05:07:46 - finetune_logger - INFO - Epoch 19/20
[2026-06-16 05:07:46,601][finetune_logger][INFO] - Epoch 19/20
2026-06-16 05:13:03 - finetune_logger - INFO - Train loss: 211.91857228943653
[2026-06-16 05:13:03,382][finetune_logger][INFO] - Train loss: 211.91857228943653
2026-06-16 05:13:03 - finetune_logger - INFO - Train time: 316.78100085258484s
[2026-06-16 05:13:03,382][finetune_logger][INFO] - Train time: 316.78100085258484s
2026-06-16 05:13:03 - finetune_logger - INFO - Train memory reserved: 54.00 MB
[2026-06-16 05:13:03,383][finetune_logger][INFO] - Train memory reserved: 54.00 MB
2026-06-16 05:13:03 - finetune_logger - INFO - Train memory allocated: 18.10 MB
[2026-06-16 05:13:03,383][finetune_logger][INFO] - Train memory allocated: 18.10 MB
2026-06-16 05:13:03 - finetune_logger - INFO - Current learning rate: 0.00025
[2026-06-16 05:13:03,383][finetune_logger][INFO] - Current learning rate: 0.00025
2026-06-16 05:13:20 - finetune_logger - INFO - Validation metrics: {'MAE': 171.56906567382765, 'RMSE': 1207.7821726202767}
[2026-06-16 05:13:20,907][finetune_logger][INFO] - Validation metrics: {'MAE': 171.56906567382765, 'RMSE': 1207.7821726202767}
2026-06-16 05:13:20 - finetune_logger - INFO - Val time: 17.52s
[2026-06-16 05:13:20,907][finetune_logger][INFO] - Val time: 17.52s
2026-06-16 05:13:20 - finetune_logger - INFO - Val memory reserved: 54.00 MB
[2026-06-16 05:13:20,907][finetune_logger][INFO] - Val memory reserved: 54.00 MB
2026-06-16 05:13:20 - finetune_logger - INFO - Val memory allocated: 18.10 MB
[2026-06-16 05:13:20,908][finetune_logger][INFO] - Val memory allocated: 18.10 MB
2026-06-16 05:13:20 - finetune_logger - INFO - Logged epoch 19 info to /public/home/202411094934/python_project/Spatio-Temporal-Library/time-series/2026-06-16/itransformer/finetune20/electricity/time-series/seed_2/training_log.json
[2026-06-16 05:13:20,911][finetune_logger][INFO] - Logged epoch 19 info to /public/home/202411094934/python_project/Spatio-Temporal-Library/time-series/2026-06-16/itransformer/finetune20/electricity/time-series/seed_2/training_log.json
2026-06-16 05:13:56 - finetune_logger - INFO - Test metrics: {'MAE': 229.90026407030325, 'RMSE': 2021.802296084796}
[2026-06-16 05:13:56,926][finetune_logger][INFO] - Test metrics: {'MAE': 229.90026407030325, 'RMSE': 2021.802296084796}
2026-06-16 05:13:56 - finetune_logger - INFO - Test time: 36.01s
[2026-06-16 05:13:56,926][finetune_logger][INFO] - Test time: 36.01s
2026-06-16 05:13:56 - finetune_logger - INFO - Test memory reserved: 54.00 MB
[2026-06-16 05:13:56,927][finetune_logger][INFO] - Test memory reserved: 54.00 MB
2026-06-16 05:13:56 - finetune_logger - INFO - Test memory allocated: 18.10 MB
[2026-06-16 05:13:56,927][finetune_logger][INFO] - Test memory allocated: 18.10 MB
2026-06-16 05:13:56 - finetune_logger - INFO - Epoch 20/20
[2026-06-16 05:13:56,927][finetune_logger][INFO] - Epoch 20/20
2026-06-16 05:19:14 - finetune_logger - INFO - Train loss: 211.18074850729352
[2026-06-16 05:19:14,061][finetune_logger][INFO] - Train loss: 211.18074850729352
2026-06-16 05:19:14 - finetune_logger - INFO - Train time: 317.1338198184967s
[2026-06-16 05:19:14,061][finetune_logger][INFO] - Train time: 317.1338198184967s
2026-06-16 05:19:14 - finetune_logger - INFO - Train memory reserved: 54.00 MB
[2026-06-16 05:19:14,061][finetune_logger][INFO] - Train memory reserved: 54.00 MB
2026-06-16 05:19:14 - finetune_logger - INFO - Train memory allocated: 18.10 MB
[2026-06-16 05:19:14,062][finetune_logger][INFO] - Train memory allocated: 18.10 MB
2026-06-16 05:19:14 - finetune_logger - INFO - Current learning rate: 0.00025
[2026-06-16 05:19:14,062][finetune_logger][INFO] - Current learning rate: 0.00025
2026-06-16 05:19:31 - finetune_logger - INFO - Validation metrics: {'MAE': 172.234947744269, 'RMSE': 1234.503138170743}
[2026-06-16 05:19:31,556][finetune_logger][INFO] - Validation metrics: {'MAE': 172.234947744269, 'RMSE': 1234.503138170743}
2026-06-16 05:19:31 - finetune_logger - INFO - Val time: 17.49s
[2026-06-16 05:19:31,556][finetune_logger][INFO] - Val time: 17.49s
2026-06-16 05:19:31 - finetune_logger - INFO - Val memory reserved: 54.00 MB
[2026-06-16 05:19:31,556][finetune_logger][INFO] - Val memory reserved: 54.00 MB
2026-06-16 05:19:31 - finetune_logger - INFO - Val memory allocated: 18.10 MB
[2026-06-16 05:19:31,556][finetune_logger][INFO] - Val memory allocated: 18.10 MB
2026-06-16 05:19:31 - finetune_logger - INFO - Logged epoch 20 info to /public/home/202411094934/python_project/Spatio-Temporal-Library/time-series/2026-06-16/itransformer/finetune20/electricity/time-series/seed_2/training_log.json
[2026-06-16 05:19:31,560][finetune_logger][INFO] - Logged epoch 20 info to /public/home/202411094934/python_project/Spatio-Temporal-Library/time-series/2026-06-16/itransformer/finetune20/electricity/time-series/seed_2/training_log.json
2026-06-16 05:20:07 - finetune_logger - INFO - Test metrics: {'MAE': 232.32020189739572, 'RMSE': 2076.540592937945}
[2026-06-16 05:20:07,554][finetune_logger][INFO] - Test metrics: {'MAE': 232.32020189739572, 'RMSE': 2076.540592937945}
2026-06-16 05:20:07 - finetune_logger - INFO - Test time: 35.97s
[2026-06-16 05:20:07,554][finetune_logger][INFO] - Test time: 35.97s
2026-06-16 05:20:07 - finetune_logger - INFO - Test memory reserved: 54.00 MB
[2026-06-16 05:20:07,554][finetune_logger][INFO] - Test memory reserved: 54.00 MB
2026-06-16 05:20:07 - finetune_logger - INFO - Test memory allocated: 18.10 MB
[2026-06-16 05:20:07,555][finetune_logger][INFO] - Test memory allocated: 18.10 MB
2026-06-16 05:20:07 - finetune_logger - INFO - Training completed. Best epoch: 18, Best val loss: 170.230820
[2026-06-16 05:20:07,555][finetune_logger][INFO] - Training completed. Best epoch: 18, Best val loss: 170.230820
2026-06-16 05:20:07 - finetune_logger - INFO - Loaded checkpoint from epoch 18
[2026-06-16 05:20:07,588][finetune_logger][INFO] - Loaded checkpoint from epoch 18
2026-06-16 05:20:07 - finetune_logger - INFO - Evaluating best model on test sets...
[2026-06-16 05:20:07,588][finetune_logger][INFO] - Evaluating best model on test sets...
2026-06-16 05:20:43 - finetune_logger - INFO - Test metrics: {'MAE': 226.84633301707635, 'RMSE': 2005.3164954073973}
[2026-06-16 05:20:43,497][finetune_logger][INFO] - Test metrics: {'MAE': 226.84633301707635, 'RMSE': 2005.3164954073973}
2026-06-16 05:20:43 - finetune_logger - INFO - Test time: 35.91s
[2026-06-16 05:20:43,498][finetune_logger][INFO] - Test time: 35.91s
2026-06-16 05:20:43 - finetune_logger - INFO - Test memory reserved: 54.00 MB
[2026-06-16 05:20:43,498][finetune_logger][INFO] - Test memory reserved: 54.00 MB
2026-06-16 05:20:43 - finetune_logger - INFO - Test memory allocated: 18.14 MB
[2026-06-16 05:20:43,498][finetune_logger][INFO] - Test memory allocated: 18.14 MB
2026-06-16 05:20:43 - finetune_logger - INFO - Logged epoch test info to /public/home/202411094934/python_project/Spatio-Temporal-Library/time-series/2026-06-16/itransformer/finetune20/electricity/time-series/seed_2/training_log.json
[2026-06-16 05:20:43,502][finetune_logger][INFO] - Logged epoch test info to /public/home/202411094934/python_project/Spatio-Temporal-Library/time-series/2026-06-16/itransformer/finetune20/electricity/time-series/seed_2/training_log.json
2026-06-16 11:39:01 - finetune_logger - INFO - No pretrained checkpoint is provided. Finetuning from scratch.
[2026-06-16 11:39:01,992][finetune_logger][INFO] - No pretrained checkpoint is provided. Finetuning from scratch.
2026-06-16 11:39:01 - finetune_logger - INFO - Model parameters: 158,912
[2026-06-16 11:39:01,995][finetune_logger][INFO] - Model parameters: 158,912
2026-06-16 11:39:01 - finetune_logger - INFO - Log file already exists at /public/home/202411094934/python_project/Spatio-Temporal-Library/time-series/2026-06-16/itransformer/finetune20/electricity/time-series/seed_2/training_log.json, appending to it.
[2026-06-16 11:39:01,996][finetune_logger][INFO] - Log file already exists at /public/home/202411094934/python_project/Spatio-Temporal-Library/time-series/2026-06-16/itransformer/finetune20/electricity/time-series/seed_2/training_log.json, appending to it.
2026-06-16 11:39:01 - finetune_logger - INFO - Starting training...
[2026-06-16 11:39:01,996][finetune_logger][INFO] - Starting training...
2026-06-16 11:39:01 - finetune_logger - INFO - Epoch 1/20
[2026-06-16 11:39:01,997][finetune_logger][INFO] - Epoch 1/20
2026-06-16 11:44:17 - finetune_logger - INFO - Train loss: 289.5795607741451
[2026-06-16 11:44:17,469][finetune_logger][INFO] - Train loss: 289.5795607741451
2026-06-16 11:44:17 - finetune_logger - INFO - Train time: 315.471483707428s
[2026-06-16 11:44:17,469][finetune_logger][INFO] - Train time: 315.471483707428s
2026-06-16 11:44:17 - finetune_logger - INFO - Train memory reserved: 54.00 MB
[2026-06-16 11:44:17,469][finetune_logger][INFO] - Train memory reserved: 54.00 MB
2026-06-16 11:44:17 - finetune_logger - INFO - Train memory allocated: 18.10 MB
[2026-06-16 11:44:17,469][finetune_logger][INFO] - Train memory allocated: 18.10 MB
2026-06-16 11:44:17 - finetune_logger - INFO - Current learning rate: 0.0005
[2026-06-16 11:44:17,469][finetune_logger][INFO] - Current learning rate: 0.0005
2026-06-16 11:44:34 - finetune_logger - INFO - Validation metrics: {'MAE': 207.00562515419347, 'RMSE': 1415.7766021535774}
[2026-06-16 11:44:34,874][finetune_logger][INFO] - Validation metrics: {'MAE': 207.00562515419347, 'RMSE': 1415.7766021535774}
2026-06-16 11:44:34 - finetune_logger - INFO - Val time: 17.40s
[2026-06-16 11:44:34,874][finetune_logger][INFO] - Val time: 17.40s
2026-06-16 11:44:34 - finetune_logger - INFO - Val memory reserved: 54.00 MB
[2026-06-16 11:44:34,874][finetune_logger][INFO] - Val memory reserved: 54.00 MB
2026-06-16 11:44:34 - finetune_logger - INFO - Val memory allocated: 18.10 MB
[2026-06-16 11:44:34,874][finetune_logger][INFO] - Val memory allocated: 18.10 MB
2026-06-16 11:44:34 - finetune_logger - INFO - Logged epoch 1 info to /public/home/202411094934/python_project/Spatio-Temporal-Library/time-series/2026-06-16/itransformer/finetune20/electricity/time-series/seed_2/training_log.json
[2026-06-16 11:44:34,877][finetune_logger][INFO] - Logged epoch 1 info to /public/home/202411094934/python_project/Spatio-Temporal-Library/time-series/2026-06-16/itransformer/finetune20/electricity/time-series/seed_2/training_log.json
2026-06-16 11:44:34 - finetune_logger - INFO - New best model! Val loss: 207.005625
[2026-06-16 11:44:34,877][finetune_logger][INFO] - New best model! Val loss: 207.005625
2026-06-16 11:45:10 - finetune_logger - INFO - Test metrics: {'MAE': 269.9291224128251, 'RMSE': 2299.6872701338016}
[2026-06-16 11:45:10,636][finetune_logger][INFO] - Test metrics: {'MAE': 269.9291224128251, 'RMSE': 2299.6872701338016}
2026-06-16 11:45:10 - finetune_logger - INFO - Test time: 35.71s
[2026-06-16 11:45:10,636][finetune_logger][INFO] - Test time: 35.71s
2026-06-16 11:45:10 - finetune_logger - INFO - Test memory reserved: 54.00 MB
[2026-06-16 11:45:10,636][finetune_logger][INFO] - Test memory reserved: 54.00 MB
2026-06-16 11:45:10 - finetune_logger - INFO - Test memory allocated: 18.10 MB
[2026-06-16 11:45:10,636][finetune_logger][INFO] - Test memory allocated: 18.10 MB
2026-06-16 11:45:10 - finetune_logger - INFO - Epoch 2/20
[2026-06-16 11:45:10,636][finetune_logger][INFO] - Epoch 2/20
2026-06-16 11:50:26 - finetune_logger - INFO - Train loss: 251.4600484597697
[2026-06-16 11:50:26,149][finetune_logger][INFO] - Train loss: 251.4600484597697
2026-06-16 11:50:26 - finetune_logger - INFO - Train time: 315.51202392578125s
[2026-06-16 11:50:26,149][finetune_logger][INFO] - Train time: 315.51202392578125s
2026-06-16 11:50:26 - finetune_logger - INFO - Train memory reserved: 54.00 MB
[2026-06-16 11:50:26,149][finetune_logger][INFO] - Train memory reserved: 54.00 MB
2026-06-16 11:50:26 - finetune_logger - INFO - Train memory allocated: 18.10 MB
[2026-06-16 11:50:26,149][finetune_logger][INFO] - Train memory allocated: 18.10 MB
2026-06-16 11:50:26 - finetune_logger - INFO - Current learning rate: 0.0005
[2026-06-16 11:50:26,149][finetune_logger][INFO] - Current learning rate: 0.0005
2026-06-16 11:50:43 - finetune_logger - INFO - Validation metrics: {'MAE': 199.1876264584189, 'RMSE': 1377.7127185187082}
[2026-06-16 11:50:43,521][finetune_logger][INFO] - Validation metrics: {'MAE': 199.1876264584189, 'RMSE': 1377.7127185187082}
2026-06-16 11:50:43 - finetune_logger - INFO - Val time: 17.37s
[2026-06-16 11:50:43,521][finetune_logger][INFO] - Val time: 17.37s
2026-06-16 11:50:43 - finetune_logger - INFO - Val memory reserved: 54.00 MB
[2026-06-16 11:50:43,521][finetune_logger][INFO] - Val memory reserved: 54.00 MB
2026-06-16 11:50:43 - finetune_logger - INFO - Val memory allocated: 18.10 MB
[2026-06-16 11:50:43,521][finetune_logger][INFO] - Val memory allocated: 18.10 MB
2026-06-16 11:50:43 - finetune_logger - INFO - Logged epoch 2 info to /public/home/202411094934/python_project/Spatio-Temporal-Library/time-series/2026-06-16/itransformer/finetune20/electricity/time-series/seed_2/training_log.json
[2026-06-16 11:50:43,525][finetune_logger][INFO] - Logged epoch 2 info to /public/home/202411094934/python_project/Spatio-Temporal-Library/time-series/2026-06-16/itransformer/finetune20/electricity/time-series/seed_2/training_log.json
2026-06-16 11:50:43 - finetune_logger - INFO - New best model! Val loss: 199.187626
[2026-06-16 11:50:43,525][finetune_logger][INFO] - New best model! Val loss: 199.187626
2026-06-16 11:51:19 - finetune_logger - INFO - Test metrics: {'MAE': 257.9804269841309, 'RMSE': 2209.6055610767876}
[2026-06-16 11:51:19,346][finetune_logger][INFO] - Test metrics: {'MAE': 257.9804269841309, 'RMSE': 2209.6055610767876}
2026-06-16 11:51:19 - finetune_logger - INFO - Test time: 35.77s
[2026-06-16 11:51:19,347][finetune_logger][INFO] - Test time: 35.77s
2026-06-16 11:51:19 - finetune_logger - INFO - Test memory reserved: 54.00 MB
[2026-06-16 11:51:19,347][finetune_logger][INFO] - Test memory reserved: 54.00 MB
2026-06-16 11:51:19 - finetune_logger - INFO - Test memory allocated: 18.10 MB
[2026-06-16 11:51:19,347][finetune_logger][INFO] - Test memory allocated: 18.10 MB
2026-06-16 11:51:19 - finetune_logger - INFO - Epoch 3/20
[2026-06-16 11:51:19,347][finetune_logger][INFO] - Epoch 3/20
2026-06-16 11:56:34 - finetune_logger - INFO - Train loss: 243.0525509048032
[2026-06-16 11:56:34,783][finetune_logger][INFO] - Train loss: 243.0525509048032
2026-06-16 11:56:34 - finetune_logger - INFO - Train time: 315.4353406429291s
[2026-06-16 11:56:34,783][finetune_logger][INFO] - Train time: 315.4353406429291s
2026-06-16 11:56:34 - finetune_logger - INFO - Train memory reserved: 54.00 MB
[2026-06-16 11:56:34,783][finetune_logger][INFO] - Train memory reserved: 54.00 MB
2026-06-16 11:56:34 - finetune_logger - INFO - Train memory allocated: 18.10 MB
[2026-06-16 11:56:34,783][finetune_logger][INFO] - Train memory allocated: 18.10 MB
2026-06-16 11:56:34 - finetune_logger - INFO - Current learning rate: 0.0005
[2026-06-16 11:56:34,783][finetune_logger][INFO] - Current learning rate: 0.0005
2026-06-16 11:56:52 - finetune_logger - INFO - Validation metrics: {'MAE': 189.7428267501026, 'RMSE': 1316.6387725894335}
[2026-06-16 11:56:52,162][finetune_logger][INFO] - Validation metrics: {'MAE': 189.7428267501026, 'RMSE': 1316.6387725894335}
2026-06-16 11:56:52 - finetune_logger - INFO - Val time: 17.38s
[2026-06-16 11:56:52,162][finetune_logger][INFO] - Val time: 17.38s
2026-06-16 11:56:52 - finetune_logger - INFO - Val memory reserved: 54.00 MB
[2026-06-16 11:56:52,162][finetune_logger][INFO] - Val memory reserved: 54.00 MB
2026-06-16 11:56:52 - finetune_logger - INFO - Val memory allocated: 18.10 MB
[2026-06-16 11:56:52,163][finetune_logger][INFO] - Val memory allocated: 18.10 MB
2026-06-16 11:56:52 - finetune_logger - INFO - Logged epoch 3 info to /public/home/202411094934/python_project/Spatio-Temporal-Library/time-series/2026-06-16/itransformer/finetune20/electricity/time-series/seed_2/training_log.json
[2026-06-16 11:56:52,167][finetune_logger][INFO] - Logged epoch 3 info to /public/home/202411094934/python_project/Spatio-Temporal-Library/time-series/2026-06-16/itransformer/finetune20/electricity/time-series/seed_2/training_log.json
2026-06-16 11:56:52 - finetune_logger - INFO - New best model! Val loss: 189.742827
[2026-06-16 11:56:52,167][finetune_logger][INFO] - New best model! Val loss: 189.742827
2026-06-16 11:57:27 - finetune_logger - INFO - Test metrics: {'MAE': 247.77936672959711, 'RMSE': 2138.077089218644}
[2026-06-16 11:57:27,986][finetune_logger][INFO] - Test metrics: {'MAE': 247.77936672959711, 'RMSE': 2138.077089218644}
2026-06-16 11:57:27 - finetune_logger - INFO - Test time: 35.77s
[2026-06-16 11:57:27,987][finetune_logger][INFO] - Test time: 35.77s
2026-06-16 11:57:27 - finetune_logger - INFO - Test memory reserved: 54.00 MB
[2026-06-16 11:57:27,987][finetune_logger][INFO] - Test memory reserved: 54.00 MB
2026-06-16 11:57:27 - finetune_logger - INFO - Test memory allocated: 18.10 MB
[2026-06-16 11:57:27,987][finetune_logger][INFO] - Test memory allocated: 18.10 MB
2026-06-16 11:57:27 - finetune_logger - INFO - Epoch 4/20
[2026-06-16 11:57:27,987][finetune_logger][INFO] - Epoch 4/20
2026-06-16 12:02:43 - finetune_logger - INFO - Train loss: 238.89009521991844
[2026-06-16 12:02:43,690][finetune_logger][INFO] - Train loss: 238.89009521991844
2026-06-16 12:02:43 - finetune_logger - INFO - Train time: 315.7023561000824s
[2026-06-16 12:02:43,690][finetune_logger][INFO] - Train time: 315.7023561000824s
2026-06-16 12:02:43 - finetune_logger - INFO - Train memory reserved: 54.00 MB
[2026-06-16 12:02:43,690][finetune_logger][INFO] - Train memory reserved: 54.00 MB
2026-06-16 12:02:43 - finetune_logger - INFO - Train memory allocated: 18.10 MB
[2026-06-16 12:02:43,690][finetune_logger][INFO] - Train memory allocated: 18.10 MB
2026-06-16 12:02:43 - finetune_logger - INFO - Current learning rate: 0.0005
[2026-06-16 12:02:43,691][finetune_logger][INFO] - Current learning rate: 0.0005
2026-06-16 12:03:01 - finetune_logger - INFO - Validation metrics: {'MAE': 187.9414684448236, 'RMSE': 1321.21881905325}
[2026-06-16 12:03:01,094][finetune_logger][INFO] - Validation metrics: {'MAE': 187.9414684448236, 'RMSE': 1321.21881905325}
2026-06-16 12:03:01 - finetune_logger - INFO - Val time: 17.40s
[2026-06-16 12:03:01,095][finetune_logger][INFO] - Val time: 17.40s
2026-06-16 12:03:01 - finetune_logger - INFO - Val memory reserved: 54.00 MB
[2026-06-16 12:03:01,095][finetune_logger][INFO] - Val memory reserved: 54.00 MB
2026-06-16 12:03:01 - finetune_logger - INFO - Val memory allocated: 18.10 MB
[2026-06-16 12:03:01,095][finetune_logger][INFO] - Val memory allocated: 18.10 MB
2026-06-16 12:03:01 - finetune_logger - INFO - Logged epoch 4 info to /public/home/202411094934/python_project/Spatio-Temporal-Library/time-series/2026-06-16/itransformer/finetune20/electricity/time-series/seed_2/training_log.json
[2026-06-16 12:03:01,098][finetune_logger][INFO] - Logged epoch 4 info to /public/home/202411094934/python_project/Spatio-Temporal-Library/time-series/2026-06-16/itransformer/finetune20/electricity/time-series/seed_2/training_log.json
2026-06-16 12:03:01 - finetune_logger - INFO - New best model! Val loss: 187.941468
[2026-06-16 12:03:01,099][finetune_logger][INFO] - New best model! Val loss: 187.941468
2026-06-16 12:03:36 - finetune_logger - INFO - Test metrics: {'MAE': 245.23486276012713, 'RMSE': 2122.5967247172084}
[2026-06-16 12:03:36,974][finetune_logger][INFO] - Test metrics: {'MAE': 245.23486276012713, 'RMSE': 2122.5967247172084}
2026-06-16 12:03:36 - finetune_logger - INFO - Test time: 35.83s
[2026-06-16 12:03:36,975][finetune_logger][INFO] - Test time: 35.83s
2026-06-16 12:03:36 - finetune_logger - INFO - Test memory reserved: 54.00 MB
[2026-06-16 12:03:36,975][finetune_logger][INFO] - Test memory reserved: 54.00 MB
2026-06-16 12:03:36 - finetune_logger - INFO - Test memory allocated: 18.10 MB
[2026-06-16 12:03:36,975][finetune_logger][INFO] - Test memory allocated: 18.10 MB
2026-06-16 12:03:36 - finetune_logger - INFO - Epoch 5/20
[2026-06-16 12:03:36,975][finetune_logger][INFO] - Epoch 5/20
2026-06-16 12:08:52 - finetune_logger - INFO - Train loss: 234.68875556294813
[2026-06-16 12:08:52,186][finetune_logger][INFO] - Train loss: 234.68875556294813
2026-06-16 12:08:52 - finetune_logger - INFO - Train time: 315.2102966308594s
[2026-06-16 12:08:52,186][finetune_logger][INFO] - Train time: 315.2102966308594s
2026-06-16 12:08:52 - finetune_logger - INFO - Train memory reserved: 54.00 MB
[2026-06-16 12:08:52,186][finetune_logger][INFO] - Train memory reserved: 54.00 MB
2026-06-16 12:08:52 - finetune_logger - INFO - Train memory allocated: 18.10 MB
[2026-06-16 12:08:52,186][finetune_logger][INFO] - Train memory allocated: 18.10 MB
2026-06-16 12:08:52 - finetune_logger - INFO - Current learning rate: 0.0005
[2026-06-16 12:08:52,187][finetune_logger][INFO] - Current learning rate: 0.0005
2026-06-16 12:09:09 - finetune_logger - INFO - Validation metrics: {'MAE': 182.00120818770606, 'RMSE': 1278.5657194438706}
[2026-06-16 12:09:09,496][finetune_logger][INFO] - Validation metrics: {'MAE': 182.00120818770606, 'RMSE': 1278.5657194438706}
2026-06-16 12:09:09 - finetune_logger - INFO - Val time: 17.31s
[2026-06-16 12:09:09,496][finetune_logger][INFO] - Val time: 17.31s
2026-06-16 12:09:09 - finetune_logger - INFO - Val memory reserved: 54.00 MB
[2026-06-16 12:09:09,496][finetune_logger][INFO] - Val memory reserved: 54.00 MB
2026-06-16 12:09:09 - finetune_logger - INFO - Val memory allocated: 18.10 MB
[2026-06-16 12:09:09,496][finetune_logger][INFO] - Val memory allocated: 18.10 MB
2026-06-16 12:09:09 - finetune_logger - INFO - Logged epoch 5 info to /public/home/202411094934/python_project/Spatio-Temporal-Library/time-series/2026-06-16/itransformer/finetune20/electricity/time-series/seed_2/training_log.json
[2026-06-16 12:09:09,499][finetune_logger][INFO] - Logged epoch 5 info to /public/home/202411094934/python_project/Spatio-Temporal-Library/time-series/2026-06-16/itransformer/finetune20/electricity/time-series/seed_2/training_log.json
2026-06-16 12:09:09 - finetune_logger - INFO - New best model! Val loss: 182.001208
[2026-06-16 12:09:09,500][finetune_logger][INFO] - New best model! Val loss: 182.001208
2026-06-16 12:09:45 - finetune_logger - INFO - Test metrics: {'MAE': 239.07303656411622, 'RMSE': 2081.1865105405177}
[2026-06-16 12:09:45,366][finetune_logger][INFO] - Test metrics: {'MAE': 239.07303656411622, 'RMSE': 2081.1865105405177}
2026-06-16 12:09:45 - finetune_logger - INFO - Test time: 35.82s
[2026-06-16 12:09:45,367][finetune_logger][INFO] - Test time: 35.82s
2026-06-16 12:09:45 - finetune_logger - INFO - Test memory reserved: 54.00 MB
[2026-06-16 12:09:45,367][finetune_logger][INFO] - Test memory reserved: 54.00 MB
2026-06-16 12:09:45 - finetune_logger - INFO - Test memory allocated: 18.10 MB
[2026-06-16 12:09:45,367][finetune_logger][INFO] - Test memory allocated: 18.10 MB
2026-06-16 12:09:45 - finetune_logger - INFO - Epoch 6/20
[2026-06-16 12:09:45,367][finetune_logger][INFO] - Epoch 6/20
2026-06-16 12:15:00 - finetune_logger - INFO - Train loss: 231.50850701062708
[2026-06-16 12:15:00,764][finetune_logger][INFO] - Train loss: 231.50850701062708
2026-06-16 12:15:00 - finetune_logger - INFO - Train time: 315.39652824401855s
[2026-06-16 12:15:00,764][finetune_logger][INFO] - Train time: 315.39652824401855s
2026-06-16 12:15:00 - finetune_logger - INFO - Train memory reserved: 54.00 MB
[2026-06-16 12:15:00,765][finetune_logger][INFO] - Train memory reserved: 54.00 MB
2026-06-16 12:15:00 - finetune_logger - INFO - Train memory allocated: 18.10 MB
[2026-06-16 12:15:00,765][finetune_logger][INFO] - Train memory allocated: 18.10 MB
2026-06-16 12:15:00 - finetune_logger - INFO - Current learning rate: 0.0005
[2026-06-16 12:15:00,765][finetune_logger][INFO] - Current learning rate: 0.0005
2026-06-16 12:15:18 - finetune_logger - INFO - Validation metrics: {'MAE': 179.3139837742851, 'RMSE': 1267.0164868549525}
[2026-06-16 12:15:18,161][finetune_logger][INFO] - Validation metrics: {'MAE': 179.3139837742851, 'RMSE': 1267.0164868549525}
2026-06-16 12:15:18 - finetune_logger - INFO - Val time: 17.40s
[2026-06-16 12:15:18,161][finetune_logger][INFO] - Val time: 17.40s
2026-06-16 12:15:18 - finetune_logger - INFO - Val memory reserved: 54.00 MB
[2026-06-16 12:15:18,161][finetune_logger][INFO] - Val memory reserved: 54.00 MB
2026-06-16 12:15:18 - finetune_logger - INFO - Val memory allocated: 18.10 MB
[2026-06-16 12:15:18,161][finetune_logger][INFO] - Val memory allocated: 18.10 MB
2026-06-16 12:15:18 - finetune_logger - INFO - Logged epoch 6 info to /public/home/202411094934/python_project/Spatio-Temporal-Library/time-series/2026-06-16/itransformer/finetune20/electricity/time-series/seed_2/training_log.json
[2026-06-16 12:15:18,165][finetune_logger][INFO] - Logged epoch 6 info to /public/home/202411094934/python_project/Spatio-Temporal-Library/time-series/2026-06-16/itransformer/finetune20/electricity/time-series/seed_2/training_log.json
2026-06-16 12:15:18 - finetune_logger - INFO - New best model! Val loss: 179.313984
[2026-06-16 12:15:18,165][finetune_logger][INFO] - New best model! Val loss: 179.313984
2026-06-16 12:15:53 - finetune_logger - INFO - Test metrics: {'MAE': 236.28108961357793, 'RMSE': 2064.140962881444}
[2026-06-16 12:15:53,908][finetune_logger][INFO] - Test metrics: {'MAE': 236.28108961357793, 'RMSE': 2064.140962881444}
2026-06-16 12:15:53 - finetune_logger - INFO - Test time: 35.70s
[2026-06-16 12:15:53,909][finetune_logger][INFO] - Test time: 35.70s
2026-06-16 12:15:53 - finetune_logger - INFO - Test memory reserved: 54.00 MB
[2026-06-16 12:15:53,909][finetune_logger][INFO] - Test memory reserved: 54.00 MB
2026-06-16 12:15:53 - finetune_logger - INFO - Test memory allocated: 18.10 MB
[2026-06-16 12:15:53,909][finetune_logger][INFO] - Test memory allocated: 18.10 MB
2026-06-16 12:15:53 - finetune_logger - INFO - Epoch 7/20
[2026-06-16 12:15:53,909][finetune_logger][INFO] - Epoch 7/20
2026-06-16 12:21:09 - finetune_logger - INFO - Train loss: 229.08432732084233
[2026-06-16 12:21:09,192][finetune_logger][INFO] - Train loss: 229.08432732084233
2026-06-16 12:21:09 - finetune_logger - INFO - Train time: 315.2821114063263s
[2026-06-16 12:21:09,192][finetune_logger][INFO] - Train time: 315.2821114063263s
2026-06-16 12:21:09 - finetune_logger - INFO - Train memory reserved: 54.00 MB
[2026-06-16 12:21:09,192][finetune_logger][INFO] - Train memory reserved: 54.00 MB
2026-06-16 12:21:09 - finetune_logger - INFO - Train memory allocated: 18.10 MB
[2026-06-16 12:21:09,192][finetune_logger][INFO] - Train memory allocated: 18.10 MB
2026-06-16 12:21:09 - finetune_logger - INFO - Current learning rate: 0.0005
[2026-06-16 12:21:09,192][finetune_logger][INFO] - Current learning rate: 0.0005
2026-06-16 12:21:26 - finetune_logger - INFO - Validation metrics: {'MAE': 179.86231516948502, 'RMSE': 1281.7679286081427}
[2026-06-16 12:21:26,592][finetune_logger][INFO] - Validation metrics: {'MAE': 179.86231516948502, 'RMSE': 1281.7679286081427}
2026-06-16 12:21:26 - finetune_logger - INFO - Val time: 17.40s
[2026-06-16 12:21:26,592][finetune_logger][INFO] - Val time: 17.40s
2026-06-16 12:21:26 - finetune_logger - INFO - Val memory reserved: 54.00 MB
[2026-06-16 12:21:26,592][finetune_logger][INFO] - Val memory reserved: 54.00 MB
2026-06-16 12:21:26 - finetune_logger - INFO - Val memory allocated: 18.10 MB
[2026-06-16 12:21:26,592][finetune_logger][INFO] - Val memory allocated: 18.10 MB
2026-06-16 12:21:26 - finetune_logger - INFO - Logged epoch 7 info to /public/home/202411094934/python_project/Spatio-Temporal-Library/time-series/2026-06-16/itransformer/finetune20/electricity/time-series/seed_2/training_log.json
[2026-06-16 12:21:26,596][finetune_logger][INFO] - Logged epoch 7 info to /public/home/202411094934/python_project/Spatio-Temporal-Library/time-series/2026-06-16/itransformer/finetune20/electricity/time-series/seed_2/training_log.json
2026-06-16 12:22:02 - finetune_logger - INFO - Test metrics: {'MAE': 236.97548372159184, 'RMSE': 2085.7418328817153}
[2026-06-16 12:22:02,365][finetune_logger][INFO] - Test metrics: {'MAE': 236.97548372159184, 'RMSE': 2085.7418328817153}
2026-06-16 12:22:02 - finetune_logger - INFO - Test time: 35.77s
[2026-06-16 12:22:02,365][finetune_logger][INFO] - Test time: 35.77s
2026-06-16 12:22:02 - finetune_logger - INFO - Test memory reserved: 54.00 MB
[2026-06-16 12:22:02,365][finetune_logger][INFO] - Test memory reserved: 54.00 MB
2026-06-16 12:22:02 - finetune_logger - INFO - Test memory allocated: 18.10 MB
[2026-06-16 12:22:02,365][finetune_logger][INFO] - Test memory allocated: 18.10 MB
2026-06-16 12:22:02 - finetune_logger - INFO - Epoch 8/20
[2026-06-16 12:22:02,365][finetune_logger][INFO] - Epoch 8/20
2026-06-16 12:27:17 - finetune_logger - INFO - Train loss: 227.09502621193622
[2026-06-16 12:27:17,593][finetune_logger][INFO] - Train loss: 227.09502621193622
2026-06-16 12:27:17 - finetune_logger - INFO - Train time: 315.2273004055023s
[2026-06-16 12:27:17,594][finetune_logger][INFO] - Train time: 315.2273004055023s
2026-06-16 12:27:17 - finetune_logger - INFO - Train memory reserved: 54.00 MB
[2026-06-16 12:27:17,594][finetune_logger][INFO] - Train memory reserved: 54.00 MB
2026-06-16 12:27:17 - finetune_logger - INFO - Train memory allocated: 18.10 MB
[2026-06-16 12:27:17,594][finetune_logger][INFO] - Train memory allocated: 18.10 MB
2026-06-16 12:27:17 - finetune_logger - INFO - Current learning rate: 0.0005
[2026-06-16 12:27:17,594][finetune_logger][INFO] - Current learning rate: 0.0005
2026-06-16 12:27:35 - finetune_logger - INFO - Validation metrics: {'MAE': 179.31225621916104, 'RMSE': 1281.0438323653386}
[2026-06-16 12:27:35,071][finetune_logger][INFO] - Validation metrics: {'MAE': 179.31225621916104, 'RMSE': 1281.0438323653386}
2026-06-16 12:27:35 - finetune_logger - INFO - Val time: 17.48s
[2026-06-16 12:27:35,071][finetune_logger][INFO] - Val time: 17.48s
2026-06-16 12:27:35 - finetune_logger - INFO - Val memory reserved: 54.00 MB
[2026-06-16 12:27:35,072][finetune_logger][INFO] - Val memory reserved: 54.00 MB
2026-06-16 12:27:35 - finetune_logger - INFO - Val memory allocated: 18.10 MB
[2026-06-16 12:27:35,072][finetune_logger][INFO] - Val memory allocated: 18.10 MB
2026-06-16 12:27:35 - finetune_logger - INFO - Logged epoch 8 info to /public/home/202411094934/python_project/Spatio-Temporal-Library/time-series/2026-06-16/itransformer/finetune20/electricity/time-series/seed_2/training_log.json
[2026-06-16 12:27:35,075][finetune_logger][INFO] - Logged epoch 8 info to /public/home/202411094934/python_project/Spatio-Temporal-Library/time-series/2026-06-16/itransformer/finetune20/electricity/time-series/seed_2/training_log.json
2026-06-16 12:27:35 - finetune_logger - INFO - New best model! Val loss: 179.312256
[2026-06-16 12:27:35,075][finetune_logger][INFO] - New best model! Val loss: 179.312256
2026-06-16 12:28:10 - finetune_logger - INFO - Test metrics: {'MAE': 236.61463936450758, 'RMSE': 2088.422221207209}
[2026-06-16 12:28:10,914][finetune_logger][INFO] - Test metrics: {'MAE': 236.61463936450758, 'RMSE': 2088.422221207209}
2026-06-16 12:28:10 - finetune_logger - INFO - Test time: 35.79s
[2026-06-16 12:28:10,914][finetune_logger][INFO] - Test time: 35.79s
2026-06-16 12:28:10 - finetune_logger - INFO - Test memory reserved: 54.00 MB
[2026-06-16 12:28:10,914][finetune_logger][INFO] - Test memory reserved: 54.00 MB
2026-06-16 12:28:10 - finetune_logger - INFO - Test memory allocated: 18.10 MB
[2026-06-16 12:28:10,914][finetune_logger][INFO] - Test memory allocated: 18.10 MB
2026-06-16 12:28:10 - finetune_logger - INFO - Epoch 9/20
[2026-06-16 12:28:10,914][finetune_logger][INFO] - Epoch 9/20
2026-06-16 12:33:26 - finetune_logger - INFO - Train loss: 225.19495411804644
[2026-06-16 12:33:26,322][finetune_logger][INFO] - Train loss: 225.19495411804644
2026-06-16 12:33:26 - finetune_logger - INFO - Train time: 315.40754675865173s
[2026-06-16 12:33:26,323][finetune_logger][INFO] - Train time: 315.40754675865173s
2026-06-16 12:33:26 - finetune_logger - INFO - Train memory reserved: 54.00 MB
[2026-06-16 12:33:26,323][finetune_logger][INFO] - Train memory reserved: 54.00 MB
2026-06-16 12:33:26 - finetune_logger - INFO - Train memory allocated: 18.10 MB
[2026-06-16 12:33:26,323][finetune_logger][INFO] - Train memory allocated: 18.10 MB
2026-06-16 12:33:26 - finetune_logger - INFO - Current learning rate: 0.0005
[2026-06-16 12:33:26,323][finetune_logger][INFO] - Current learning rate: 0.0005
2026-06-16 12:33:43 - finetune_logger - INFO - Validation metrics: {'MAE': 175.93778947047133, 'RMSE': 1247.1008462428006}
[2026-06-16 12:33:43,666][finetune_logger][INFO] - Validation metrics: {'MAE': 175.93778947047133, 'RMSE': 1247.1008462428006}
2026-06-16 12:33:43 - finetune_logger - INFO - Val time: 17.34s
[2026-06-16 12:33:43,666][finetune_logger][INFO] - Val time: 17.34s
2026-06-16 12:33:43 - finetune_logger - INFO - Val memory reserved: 54.00 MB
[2026-06-16 12:33:43,666][finetune_logger][INFO] - Val memory reserved: 54.00 MB
2026-06-16 12:33:43 - finetune_logger - INFO - Val memory allocated: 18.10 MB
[2026-06-16 12:33:43,667][finetune_logger][INFO] - Val memory allocated: 18.10 MB
2026-06-16 12:33:43 - finetune_logger - INFO - Logged epoch 9 info to /public/home/202411094934/python_project/Spatio-Temporal-Library/time-series/2026-06-16/itransformer/finetune20/electricity/time-series/seed_2/training_log.json
[2026-06-16 12:33:43,670][finetune_logger][INFO] - Logged epoch 9 info to /public/home/202411094934/python_project/Spatio-Temporal-Library/time-series/2026-06-16/itransformer/finetune20/electricity/time-series/seed_2/training_log.json
2026-06-16 12:33:43 - finetune_logger - INFO - New best model! Val loss: 175.937789
[2026-06-16 12:33:43,670][finetune_logger][INFO] - New best model! Val loss: 175.937789
2026-06-16 12:34:19 - finetune_logger - INFO - Test metrics: {'MAE': 231.73689322436266, 'RMSE': 2040.5036021103658}
[2026-06-16 12:34:19,460][finetune_logger][INFO] - Test metrics: {'MAE': 231.73689322436266, 'RMSE': 2040.5036021103658}
2026-06-16 12:34:19 - finetune_logger - INFO - Test time: 35.74s
[2026-06-16 12:34:19,460][finetune_logger][INFO] - Test time: 35.74s
2026-06-16 12:34:19 - finetune_logger - INFO - Test memory reserved: 54.00 MB
[2026-06-16 12:34:19,461][finetune_logger][INFO] - Test memory reserved: 54.00 MB
2026-06-16 12:34:19 - finetune_logger - INFO - Test memory allocated: 18.10 MB
[2026-06-16 12:34:19,461][finetune_logger][INFO] - Test memory allocated: 18.10 MB
2026-06-16 12:34:19 - finetune_logger - INFO - Epoch 10/20
[2026-06-16 12:34:19,461][finetune_logger][INFO] - Epoch 10/20
2026-06-16 12:39:34 - finetune_logger - INFO - Train loss: 223.6271429804042
[2026-06-16 12:39:34,936][finetune_logger][INFO] - Train loss: 223.6271429804042
2026-06-16 12:39:34 - finetune_logger - INFO - Train time: 315.47472167015076s
[2026-06-16 12:39:34,936][finetune_logger][INFO] - Train time: 315.47472167015076s
2026-06-16 12:39:34 - finetune_logger - INFO - Train memory reserved: 54.00 MB
[2026-06-16 12:39:34,937][finetune_logger][INFO] - Train memory reserved: 54.00 MB
2026-06-16 12:39:34 - finetune_logger - INFO - Train memory allocated: 18.10 MB
[2026-06-16 12:39:34,937][finetune_logger][INFO] - Train memory allocated: 18.10 MB
2026-06-16 12:39:34 - finetune_logger - INFO - Current learning rate: 0.0005
[2026-06-16 12:39:34,937][finetune_logger][INFO] - Current learning rate: 0.0005
2026-06-16 12:39:52 - finetune_logger - INFO - Validation metrics: {'MAE': 174.80034166516725, 'RMSE': 1243.1511708213377}
[2026-06-16 12:39:52,335][finetune_logger][INFO] - Validation metrics: {'MAE': 174.80034166516725, 'RMSE': 1243.1511708213377}
2026-06-16 12:39:52 - finetune_logger - INFO - Val time: 17.40s
[2026-06-16 12:39:52,335][finetune_logger][INFO] - Val time: 17.40s
2026-06-16 12:39:52 - finetune_logger - INFO - Val memory reserved: 54.00 MB
[2026-06-16 12:39:52,335][finetune_logger][INFO] - Val memory reserved: 54.00 MB
2026-06-16 12:39:52 - finetune_logger - INFO - Val memory allocated: 18.10 MB
[2026-06-16 12:39:52,335][finetune_logger][INFO] - Val memory allocated: 18.10 MB
2026-06-16 12:39:52 - finetune_logger - INFO - Logged epoch 10 info to /public/home/202411094934/python_project/Spatio-Temporal-Library/time-series/2026-06-16/itransformer/finetune20/electricity/time-series/seed_2/training_log.json
[2026-06-16 12:39:52,338][finetune_logger][INFO] - Logged epoch 10 info to /public/home/202411094934/python_project/Spatio-Temporal-Library/time-series/2026-06-16/itransformer/finetune20/electricity/time-series/seed_2/training_log.json
2026-06-16 12:39:52 - finetune_logger - INFO - New best model! Val loss: 174.800342
[2026-06-16 12:39:52,339][finetune_logger][INFO] - New best model! Val loss: 174.800342
2026-06-16 12:40:28 - finetune_logger - INFO - Test metrics: {'MAE': 231.41774575591594, 'RMSE': 2028.8522947390284}
[2026-06-16 12:40:28,125][finetune_logger][INFO] - Test metrics: {'MAE': 231.41774575591594, 'RMSE': 2028.8522947390284}
2026-06-16 12:40:28 - finetune_logger - INFO - Test time: 35.74s
[2026-06-16 12:40:28,125][finetune_logger][INFO] - Test time: 35.74s
2026-06-16 12:40:28 - finetune_logger - INFO - Test memory reserved: 54.00 MB
[2026-06-16 12:40:28,125][finetune_logger][INFO] - Test memory reserved: 54.00 MB
2026-06-16 12:40:28 - finetune_logger - INFO - Test memory allocated: 18.10 MB
[2026-06-16 12:40:28,125][finetune_logger][INFO] - Test memory allocated: 18.10 MB
2026-06-16 12:40:28 - finetune_logger - INFO - Epoch 11/20
[2026-06-16 12:40:28,125][finetune_logger][INFO] - Epoch 11/20
2026-06-16 12:45:43 - finetune_logger - INFO - Train loss: 218.42234322010563
[2026-06-16 12:45:43,574][finetune_logger][INFO] - Train loss: 218.42234322010563
2026-06-16 12:45:43 - finetune_logger - INFO - Train time: 315.44853353500366s
[2026-06-16 12:45:43,575][finetune_logger][INFO] - Train time: 315.44853353500366s
2026-06-16 12:45:43 - finetune_logger - INFO - Train memory reserved: 54.00 MB
[2026-06-16 12:45:43,575][finetune_logger][INFO] - Train memory reserved: 54.00 MB
2026-06-16 12:45:43 - finetune_logger - INFO - Train memory allocated: 18.10 MB
[2026-06-16 12:45:43,575][finetune_logger][INFO] - Train memory allocated: 18.10 MB
2026-06-16 12:45:43 - finetune_logger - INFO - Current learning rate: 0.00025
[2026-06-16 12:45:43,575][finetune_logger][INFO] - Current learning rate: 0.00025
2026-06-16 12:46:01 - finetune_logger - INFO - Validation metrics: {'MAE': 171.3847993453173, 'RMSE': 1223.2742595728816}
[2026-06-16 12:46:01,640][finetune_logger][INFO] - Validation metrics: {'MAE': 171.3847993453173, 'RMSE': 1223.2742595728816}
2026-06-16 12:46:01 - finetune_logger - INFO - Val time: 18.06s
[2026-06-16 12:46:01,640][finetune_logger][INFO] - Val time: 18.06s
2026-06-16 12:46:01 - finetune_logger - INFO - Val memory reserved: 54.00 MB
[2026-06-16 12:46:01,640][finetune_logger][INFO] - Val memory reserved: 54.00 MB
2026-06-16 12:46:01 - finetune_logger - INFO - Val memory allocated: 18.10 MB
[2026-06-16 12:46:01,640][finetune_logger][INFO] - Val memory allocated: 18.10 MB
2026-06-16 12:46:01 - finetune_logger - INFO - Logged epoch 11 info to /public/home/202411094934/python_project/Spatio-Temporal-Library/time-series/2026-06-16/itransformer/finetune20/electricity/time-series/seed_2/training_log.json
[2026-06-16 12:46:01,644][finetune_logger][INFO] - Logged epoch 11 info to /public/home/202411094934/python_project/Spatio-Temporal-Library/time-series/2026-06-16/itransformer/finetune20/electricity/time-series/seed_2/training_log.json
2026-06-16 12:46:01 - finetune_logger - INFO - New best model! Val loss: 171.384799
[2026-06-16 12:46:01,644][finetune_logger][INFO] - New best model! Val loss: 171.384799
2026-06-16 12:46:37 - finetune_logger - INFO - Test metrics: {'MAE': 226.88013526363238, 'RMSE': 1997.3907273347506}
[2026-06-16 12:46:37,452][finetune_logger][INFO] - Test metrics: {'MAE': 226.88013526363238, 'RMSE': 1997.3907273347506}
2026-06-16 12:46:37 - finetune_logger - INFO - Test time: 35.76s
[2026-06-16 12:46:37,452][finetune_logger][INFO] - Test time: 35.76s
2026-06-16 12:46:37 - finetune_logger - INFO - Test memory reserved: 54.00 MB
[2026-06-16 12:46:37,452][finetune_logger][INFO] - Test memory reserved: 54.00 MB
2026-06-16 12:46:37 - finetune_logger - INFO - Test memory allocated: 18.10 MB
[2026-06-16 12:46:37,453][finetune_logger][INFO] - Test memory allocated: 18.10 MB
2026-06-16 12:46:37 - finetune_logger - INFO - Epoch 12/20
[2026-06-16 12:46:37,453][finetune_logger][INFO] - Epoch 12/20
2026-06-16 12:51:53 - finetune_logger - INFO - Train loss: 217.27242762355456
[2026-06-16 12:51:53,176][finetune_logger][INFO] - Train loss: 217.27242762355456
2026-06-16 12:51:53 - finetune_logger - INFO - Train time: 315.72258377075195s
[2026-06-16 12:51:53,176][finetune_logger][INFO] - Train time: 315.72258377075195s
2026-06-16 12:51:53 - finetune_logger - INFO - Train memory reserved: 54.00 MB
[2026-06-16 12:51:53,176][finetune_logger][INFO] - Train memory reserved: 54.00 MB
2026-06-16 12:51:53 - finetune_logger - INFO - Train memory allocated: 18.10 MB
[2026-06-16 12:51:53,176][finetune_logger][INFO] - Train memory allocated: 18.10 MB
2026-06-16 12:51:53 - finetune_logger - INFO - Current learning rate: 0.00025
[2026-06-16 12:51:53,176][finetune_logger][INFO] - Current learning rate: 0.00025
2026-06-16 12:52:10 - finetune_logger - INFO - Validation metrics: {'MAE': 175.85737936562015, 'RMSE': 1224.7865000770948}
[2026-06-16 12:52:10,586][finetune_logger][INFO] - Validation metrics: {'MAE': 175.85737936562015, 'RMSE': 1224.7865000770948}
2026-06-16 12:52:10 - finetune_logger - INFO - Val time: 17.41s
[2026-06-16 12:52:10,587][finetune_logger][INFO] - Val time: 17.41s
2026-06-16 12:52:10 - finetune_logger - INFO - Val memory reserved: 54.00 MB
[2026-06-16 12:52:10,587][finetune_logger][INFO] - Val memory reserved: 54.00 MB
2026-06-16 12:52:10 - finetune_logger - INFO - Val memory allocated: 18.10 MB
[2026-06-16 12:52:10,587][finetune_logger][INFO] - Val memory allocated: 18.10 MB
2026-06-16 12:52:10 - finetune_logger - INFO - Logged epoch 12 info to /public/home/202411094934/python_project/Spatio-Temporal-Library/time-series/2026-06-16/itransformer/finetune20/electricity/time-series/seed_2/training_log.json
[2026-06-16 12:52:10,590][finetune_logger][INFO] - Logged epoch 12 info to /public/home/202411094934/python_project/Spatio-Temporal-Library/time-series/2026-06-16/itransformer/finetune20/electricity/time-series/seed_2/training_log.json
2026-06-16 12:52:46 - finetune_logger - INFO - Test metrics: {'MAE': 232.36021263346538, 'RMSE': 2024.3771537230514}
[2026-06-16 12:52:46,500][finetune_logger][INFO] - Test metrics: {'MAE': 232.36021263346538, 'RMSE': 2024.3771537230514}
2026-06-16 12:52:46 - finetune_logger - INFO - Test time: 35.91s
[2026-06-16 12:52:46,501][finetune_logger][INFO] - Test time: 35.91s
2026-06-16 12:52:46 - finetune_logger - INFO - Test memory reserved: 54.00 MB
[2026-06-16 12:52:46,501][finetune_logger][INFO] - Test memory reserved: 54.00 MB
2026-06-16 12:52:46 - finetune_logger - INFO - Test memory allocated: 18.10 MB
[2026-06-16 12:52:46,501][finetune_logger][INFO] - Test memory allocated: 18.10 MB
2026-06-16 12:52:46 - finetune_logger - INFO - Epoch 13/20
[2026-06-16 12:52:46,501][finetune_logger][INFO] - Epoch 13/20
2026-06-16 12:58:01 - finetune_logger - INFO - Train loss: 216.25981294892676
[2026-06-16 12:58:01,842][finetune_logger][INFO] - Train loss: 216.25981294892676
2026-06-16 12:58:01 - finetune_logger - INFO - Train time: 315.34095430374146s
[2026-06-16 12:58:01,843][finetune_logger][INFO] - Train time: 315.34095430374146s
2026-06-16 12:58:01 - finetune_logger - INFO - Train memory reserved: 54.00 MB
[2026-06-16 12:58:01,843][finetune_logger][INFO] - Train memory reserved: 54.00 MB
2026-06-16 12:58:01 - finetune_logger - INFO - Train memory allocated: 18.10 MB
[2026-06-16 12:58:01,843][finetune_logger][INFO] - Train memory allocated: 18.10 MB
2026-06-16 12:58:01 - finetune_logger - INFO - Current learning rate: 0.00025
[2026-06-16 12:58:01,843][finetune_logger][INFO] - Current learning rate: 0.00025
2026-06-16 12:58:19 - finetune_logger - INFO - Validation metrics: {'MAE': 172.61623525197777, 'RMSE': 1215.6500580540687}
[2026-06-16 12:58:19,246][finetune_logger][INFO] - Validation metrics: {'MAE': 172.61623525197777, 'RMSE': 1215.6500580540687}
2026-06-16 12:58:19 - finetune_logger - INFO - Val time: 17.40s
[2026-06-16 12:58:19,246][finetune_logger][INFO] - Val time: 17.40s
2026-06-16 12:58:19 - finetune_logger - INFO - Val memory reserved: 54.00 MB
[2026-06-16 12:58:19,246][finetune_logger][INFO] - Val memory reserved: 54.00 MB
2026-06-16 12:58:19 - finetune_logger - INFO - Val memory allocated: 18.10 MB
[2026-06-16 12:58:19,246][finetune_logger][INFO] - Val memory allocated: 18.10 MB
2026-06-16 12:58:19 - finetune_logger - INFO - Logged epoch 13 info to /public/home/202411094934/python_project/Spatio-Temporal-Library/time-series/2026-06-16/itransformer/finetune20/electricity/time-series/seed_2/training_log.json
[2026-06-16 12:58:19,250][finetune_logger][INFO] - Logged epoch 13 info to /public/home/202411094934/python_project/Spatio-Temporal-Library/time-series/2026-06-16/itransformer/finetune20/electricity/time-series/seed_2/training_log.json
2026-06-16 12:58:55 - finetune_logger - INFO - Test metrics: {'MAE': 229.79781680890798, 'RMSE': 2011.8967111814882}
[2026-06-16 12:58:55,055][finetune_logger][INFO] - Test metrics: {'MAE': 229.79781680890798, 'RMSE': 2011.8967111814882}
2026-06-16 12:58:55 - finetune_logger - INFO - Test time: 35.80s
[2026-06-16 12:58:55,056][finetune_logger][INFO] - Test time: 35.80s
2026-06-16 12:58:55 - finetune_logger - INFO - Test memory reserved: 54.00 MB
[2026-06-16 12:58:55,056][finetune_logger][INFO] - Test memory reserved: 54.00 MB
2026-06-16 12:58:55 - finetune_logger - INFO - Test memory allocated: 18.10 MB
[2026-06-16 12:58:55,056][finetune_logger][INFO] - Test memory allocated: 18.10 MB
2026-06-16 12:58:55 - finetune_logger - INFO - Epoch 14/20
[2026-06-16 12:58:55,056][finetune_logger][INFO] - Epoch 14/20
2026-06-16 13:04:10 - finetune_logger - INFO - Train loss: 215.5832151070602
[2026-06-16 13:04:10,511][finetune_logger][INFO] - Train loss: 215.5832151070602
2026-06-16 13:04:10 - finetune_logger - INFO - Train time: 315.45485258102417s
[2026-06-16 13:04:10,512][finetune_logger][INFO] - Train time: 315.45485258102417s
2026-06-16 13:04:10 - finetune_logger - INFO - Train memory reserved: 54.00 MB
[2026-06-16 13:04:10,512][finetune_logger][INFO] - Train memory reserved: 54.00 MB
2026-06-16 13:04:10 - finetune_logger - INFO - Train memory allocated: 18.10 MB
[2026-06-16 13:04:10,512][finetune_logger][INFO] - Train memory allocated: 18.10 MB
2026-06-16 13:04:10 - finetune_logger - INFO - Current learning rate: 0.00025
[2026-06-16 13:04:10,512][finetune_logger][INFO] - Current learning rate: 0.00025
2026-06-16 13:04:28 - finetune_logger - INFO - Validation metrics: {'MAE': 173.66453441740356, 'RMSE': 1224.4284669253714}
[2026-06-16 13:04:28,007][finetune_logger][INFO] - Validation metrics: {'MAE': 173.66453441740356, 'RMSE': 1224.4284669253714}
2026-06-16 13:04:28 - finetune_logger - INFO - Val time: 17.49s
[2026-06-16 13:04:28,007][finetune_logger][INFO] - Val time: 17.49s
2026-06-16 13:04:28 - finetune_logger - INFO - Val memory reserved: 54.00 MB
[2026-06-16 13:04:28,008][finetune_logger][INFO] - Val memory reserved: 54.00 MB
2026-06-16 13:04:28 - finetune_logger - INFO - Val memory allocated: 18.10 MB
[2026-06-16 13:04:28,008][finetune_logger][INFO] - Val memory allocated: 18.10 MB
2026-06-16 13:04:28 - finetune_logger - INFO - Logged epoch 14 info to /public/home/202411094934/python_project/Spatio-Temporal-Library/time-series/2026-06-16/itransformer/finetune20/electricity/time-series/seed_2/training_log.json
[2026-06-16 13:04:28,011][finetune_logger][INFO] - Logged epoch 14 info to /public/home/202411094934/python_project/Spatio-Temporal-Library/time-series/2026-06-16/itransformer/finetune20/electricity/time-series/seed_2/training_log.json
2026-06-16 13:05:04 - finetune_logger - INFO - Test metrics: {'MAE': 230.5213416884087, 'RMSE': 2028.2974690169972}
[2026-06-16 13:05:04,322][finetune_logger][INFO] - Test metrics: {'MAE': 230.5213416884087, 'RMSE': 2028.2974690169972}
2026-06-16 13:05:04 - finetune_logger - INFO - Test time: 36.31s
[2026-06-16 13:05:04,322][finetune_logger][INFO] - Test time: 36.31s
2026-06-16 13:05:04 - finetune_logger - INFO - Test memory reserved: 54.00 MB
[2026-06-16 13:05:04,322][finetune_logger][INFO] - Test memory reserved: 54.00 MB
2026-06-16 13:05:04 - finetune_logger - INFO - Test memory allocated: 18.10 MB
[2026-06-16 13:05:04,322][finetune_logger][INFO] - Test memory allocated: 18.10 MB
2026-06-16 13:05:04 - finetune_logger - INFO - Epoch 15/20
[2026-06-16 13:05:04,323][finetune_logger][INFO] - Epoch 15/20
2026-06-16 13:10:20 - finetune_logger - INFO - Train loss: 214.79561331151618
[2026-06-16 13:10:20,026][finetune_logger][INFO] - Train loss: 214.79561331151618
2026-06-16 13:10:20 - finetune_logger - INFO - Train time: 315.70326256752014s
[2026-06-16 13:10:20,027][finetune_logger][INFO] - Train time: 315.70326256752014s
2026-06-16 13:10:20 - finetune_logger - INFO - Train memory reserved: 54.00 MB
[2026-06-16 13:10:20,027][finetune_logger][INFO] - Train memory reserved: 54.00 MB
2026-06-16 13:10:20 - finetune_logger - INFO - Train memory allocated: 18.10 MB
[2026-06-16 13:10:20,027][finetune_logger][INFO] - Train memory allocated: 18.10 MB
2026-06-16 13:10:20 - finetune_logger - INFO - Current learning rate: 0.00025
[2026-06-16 13:10:20,027][finetune_logger][INFO] - Current learning rate: 0.00025
2026-06-16 13:10:37 - finetune_logger - INFO - Validation metrics: {'MAE': 171.27998573383547, 'RMSE': 1213.8878525776133}
[2026-06-16 13:10:37,479][finetune_logger][INFO] - Validation metrics: {'MAE': 171.27998573383547, 'RMSE': 1213.8878525776133}
2026-06-16 13:10:37 - finetune_logger - INFO - Val time: 17.45s
[2026-06-16 13:10:37,479][finetune_logger][INFO] - Val time: 17.45s
2026-06-16 13:10:37 - finetune_logger - INFO - Val memory reserved: 54.00 MB
[2026-06-16 13:10:37,479][finetune_logger][INFO] - Val memory reserved: 54.00 MB
2026-06-16 13:10:37 - finetune_logger - INFO - Val memory allocated: 18.10 MB
[2026-06-16 13:10:37,479][finetune_logger][INFO] - Val memory allocated: 18.10 MB
2026-06-16 13:10:37 - finetune_logger - INFO - Logged epoch 15 info to /public/home/202411094934/python_project/Spatio-Temporal-Library/time-series/2026-06-16/itransformer/finetune20/electricity/time-series/seed_2/training_log.json
[2026-06-16 13:10:37,483][finetune_logger][INFO] - Logged epoch 15 info to /public/home/202411094934/python_project/Spatio-Temporal-Library/time-series/2026-06-16/itransformer/finetune20/electricity/time-series/seed_2/training_log.json
2026-06-16 13:10:37 - finetune_logger - INFO - New best model! Val loss: 171.279986
[2026-06-16 13:10:37,483][finetune_logger][INFO] - New best model! Val loss: 171.279986
2026-06-16 13:11:13 - finetune_logger - INFO - Test metrics: {'MAE': 227.85305747124858, 'RMSE': 2000.209408488265}
[2026-06-16 13:11:13,286][finetune_logger][INFO] - Test metrics: {'MAE': 227.85305747124858, 'RMSE': 2000.209408488265}
2026-06-16 13:11:13 - finetune_logger - INFO - Test time: 35.76s
[2026-06-16 13:11:13,286][finetune_logger][INFO] - Test time: 35.76s
2026-06-16 13:11:13 - finetune_logger - INFO - Test memory reserved: 54.00 MB
[2026-06-16 13:11:13,286][finetune_logger][INFO] - Test memory reserved: 54.00 MB
2026-06-16 13:11:13 - finetune_logger - INFO - Test memory allocated: 18.10 MB
[2026-06-16 13:11:13,287][finetune_logger][INFO] - Test memory allocated: 18.10 MB
2026-06-16 13:11:13 - finetune_logger - INFO - Epoch 16/20
[2026-06-16 13:11:13,287][finetune_logger][INFO] - Epoch 16/20
2026-06-16 13:16:28 - finetune_logger - INFO - Train loss: 214.12823911476488
[2026-06-16 13:16:28,424][finetune_logger][INFO] - Train loss: 214.12823911476488
2026-06-16 13:16:28 - finetune_logger - INFO - Train time: 315.13681840896606s
[2026-06-16 13:16:28,424][finetune_logger][INFO] - Train time: 315.13681840896606s
2026-06-16 13:16:28 - finetune_logger - INFO - Train memory reserved: 54.00 MB
[2026-06-16 13:16:28,424][finetune_logger][INFO] - Train memory reserved: 54.00 MB
2026-06-16 13:16:28 - finetune_logger - INFO - Train memory allocated: 18.10 MB
[2026-06-16 13:16:28,425][finetune_logger][INFO] - Train memory allocated: 18.10 MB
2026-06-16 13:16:28 - finetune_logger - INFO - Current learning rate: 0.00025
[2026-06-16 13:16:28,425][finetune_logger][INFO] - Current learning rate: 0.00025
2026-06-16 13:16:45 - finetune_logger - INFO - Validation metrics: {'MAE': 172.1501501496965, 'RMSE': 1219.2122123637935}
[2026-06-16 13:16:45,815][finetune_logger][INFO] - Validation metrics: {'MAE': 172.1501501496965, 'RMSE': 1219.2122123637935}
2026-06-16 13:16:45 - finetune_logger - INFO - Val time: 17.39s
[2026-06-16 13:16:45,815][finetune_logger][INFO] - Val time: 17.39s
2026-06-16 13:16:45 - finetune_logger - INFO - Val memory reserved: 54.00 MB
[2026-06-16 13:16:45,815][finetune_logger][INFO] - Val memory reserved: 54.00 MB
2026-06-16 13:16:45 - finetune_logger - INFO - Val memory allocated: 18.10 MB
[2026-06-16 13:16:45,815][finetune_logger][INFO] - Val memory allocated: 18.10 MB
2026-06-16 13:16:45 - finetune_logger - INFO - Logged epoch 16 info to /public/home/202411094934/python_project/Spatio-Temporal-Library/time-series/2026-06-16/itransformer/finetune20/electricity/time-series/seed_2/training_log.json
[2026-06-16 13:16:45,819][finetune_logger][INFO] - Logged epoch 16 info to /public/home/202411094934/python_project/Spatio-Temporal-Library/time-series/2026-06-16/itransformer/finetune20/electricity/time-series/seed_2/training_log.json
2026-06-16 13:17:21 - finetune_logger - INFO - Test metrics: {'MAE': 229.16888613631247, 'RMSE': 2011.815371431628}
[2026-06-16 13:17:21,654][finetune_logger][INFO] - Test metrics: {'MAE': 229.16888613631247, 'RMSE': 2011.815371431628}
2026-06-16 13:17:21 - finetune_logger - INFO - Test time: 35.83s
[2026-06-16 13:17:21,655][finetune_logger][INFO] - Test time: 35.83s
2026-06-16 13:17:21 - finetune_logger - INFO - Test memory reserved: 54.00 MB
[2026-06-16 13:17:21,655][finetune_logger][INFO] - Test memory reserved: 54.00 MB
2026-06-16 13:17:21 - finetune_logger - INFO - Test memory allocated: 18.10 MB
[2026-06-16 13:17:21,655][finetune_logger][INFO] - Test memory allocated: 18.10 MB
2026-06-16 13:17:21 - finetune_logger - INFO - Epoch 17/20
[2026-06-16 13:17:21,655][finetune_logger][INFO] - Epoch 17/20
2026-06-16 13:22:37 - finetune_logger - INFO - Train loss: 213.26450414584556
[2026-06-16 13:22:37,030][finetune_logger][INFO] - Train loss: 213.26450414584556
2026-06-16 13:22:37 - finetune_logger - INFO - Train time: 315.3747375011444s
[2026-06-16 13:22:37,030][finetune_logger][INFO] - Train time: 315.3747375011444s
2026-06-16 13:22:37 - finetune_logger - INFO - Train memory reserved: 54.00 MB
[2026-06-16 13:22:37,031][finetune_logger][INFO] - Train memory reserved: 54.00 MB
2026-06-16 13:22:37 - finetune_logger - INFO - Train memory allocated: 18.10 MB
[2026-06-16 13:22:37,031][finetune_logger][INFO] - Train memory allocated: 18.10 MB
2026-06-16 13:22:37 - finetune_logger - INFO - Current learning rate: 0.00025
[2026-06-16 13:22:37,031][finetune_logger][INFO] - Current learning rate: 0.00025
2026-06-16 13:22:54 - finetune_logger - INFO - Validation metrics: {'MAE': 173.78733072381277, 'RMSE': 1245.588083431844}
[2026-06-16 13:22:54,476][finetune_logger][INFO] - Validation metrics: {'MAE': 173.78733072381277, 'RMSE': 1245.588083431844}
2026-06-16 13:22:54 - finetune_logger - INFO - Val time: 17.44s
[2026-06-16 13:22:54,476][finetune_logger][INFO] - Val time: 17.44s
2026-06-16 13:22:54 - finetune_logger - INFO - Val memory reserved: 54.00 MB
[2026-06-16 13:22:54,476][finetune_logger][INFO] - Val memory reserved: 54.00 MB
2026-06-16 13:22:54 - finetune_logger - INFO - Val memory allocated: 18.10 MB
[2026-06-16 13:22:54,476][finetune_logger][INFO] - Val memory allocated: 18.10 MB
2026-06-16 13:22:54 - finetune_logger - INFO - Logged epoch 17 info to /public/home/202411094934/python_project/Spatio-Temporal-Library/time-series/2026-06-16/itransformer/finetune20/electricity/time-series/seed_2/training_log.json
[2026-06-16 13:22:54,480][finetune_logger][INFO] - Logged epoch 17 info to /public/home/202411094934/python_project/Spatio-Temporal-Library/time-series/2026-06-16/itransformer/finetune20/electricity/time-series/seed_2/training_log.json
2026-06-16 13:23:30 - finetune_logger - INFO - Test metrics: {'MAE': 230.43973211978172, 'RMSE': 2021.6328145722862}
[2026-06-16 13:23:30,805][finetune_logger][INFO] - Test metrics: {'MAE': 230.43973211978172, 'RMSE': 2021.6328145722862}
2026-06-16 13:23:30 - finetune_logger - INFO - Test time: 36.32s
[2026-06-16 13:23:30,806][finetune_logger][INFO] - Test time: 36.32s
2026-06-16 13:23:30 - finetune_logger - INFO - Test memory reserved: 54.00 MB
[2026-06-16 13:23:30,806][finetune_logger][INFO] - Test memory reserved: 54.00 MB
2026-06-16 13:23:30 - finetune_logger - INFO - Test memory allocated: 18.10 MB
[2026-06-16 13:23:30,806][finetune_logger][INFO] - Test memory allocated: 18.10 MB
2026-06-16 13:23:30 - finetune_logger - INFO - Epoch 18/20
[2026-06-16 13:23:30,806][finetune_logger][INFO] - Epoch 18/20
2026-06-16 13:28:46 - finetune_logger - INFO - Train loss: 212.50741473277287
[2026-06-16 13:28:46,137][finetune_logger][INFO] - Train loss: 212.50741473277287
2026-06-16 13:28:46 - finetune_logger - INFO - Train time: 315.33071732521057s
[2026-06-16 13:28:46,138][finetune_logger][INFO] - Train time: 315.33071732521057s
2026-06-16 13:28:46 - finetune_logger - INFO - Train memory reserved: 54.00 MB
[2026-06-16 13:28:46,138][finetune_logger][INFO] - Train memory reserved: 54.00 MB
2026-06-16 13:28:46 - finetune_logger - INFO - Train memory allocated: 18.10 MB
[2026-06-16 13:28:46,138][finetune_logger][INFO] - Train memory allocated: 18.10 MB
2026-06-16 13:28:46 - finetune_logger - INFO - Current learning rate: 0.00025
[2026-06-16 13:28:46,138][finetune_logger][INFO] - Current learning rate: 0.00025
2026-06-16 13:29:03 - finetune_logger - INFO - Validation metrics: {'MAE': 170.23081951904314, 'RMSE': 1222.47315541478}
[2026-06-16 13:29:03,484][finetune_logger][INFO] - Validation metrics: {'MAE': 170.23081951904314, 'RMSE': 1222.47315541478}
2026-06-16 13:29:03 - finetune_logger - INFO - Val time: 17.35s
[2026-06-16 13:29:03,484][finetune_logger][INFO] - Val time: 17.35s
2026-06-16 13:29:03 - finetune_logger - INFO - Val memory reserved: 54.00 MB
[2026-06-16 13:29:03,484][finetune_logger][INFO] - Val memory reserved: 54.00 MB
2026-06-16 13:29:03 - finetune_logger - INFO - Val memory allocated: 18.10 MB
[2026-06-16 13:29:03,485][finetune_logger][INFO] - Val memory allocated: 18.10 MB
2026-06-16 13:29:03 - finetune_logger - INFO - Logged epoch 18 info to /public/home/202411094934/python_project/Spatio-Temporal-Library/time-series/2026-06-16/itransformer/finetune20/electricity/time-series/seed_2/training_log.json
[2026-06-16 13:29:03,488][finetune_logger][INFO] - Logged epoch 18 info to /public/home/202411094934/python_project/Spatio-Temporal-Library/time-series/2026-06-16/itransformer/finetune20/electricity/time-series/seed_2/training_log.json
2026-06-16 13:29:03 - finetune_logger - INFO - New best model! Val loss: 170.230820
[2026-06-16 13:29:03,488][finetune_logger][INFO] - New best model! Val loss: 170.230820
2026-06-16 13:29:39 - finetune_logger - INFO - Test metrics: {'MAE': 226.84633301707635, 'RMSE': 2005.3164954073973}
[2026-06-16 13:29:39,261][finetune_logger][INFO] - Test metrics: {'MAE': 226.84633301707635, 'RMSE': 2005.3164954073973}
2026-06-16 13:29:39 - finetune_logger - INFO - Test time: 35.73s
[2026-06-16 13:29:39,261][finetune_logger][INFO] - Test time: 35.73s
2026-06-16 13:29:39 - finetune_logger - INFO - Test memory reserved: 54.00 MB
[2026-06-16 13:29:39,262][finetune_logger][INFO] - Test memory reserved: 54.00 MB
2026-06-16 13:29:39 - finetune_logger - INFO - Test memory allocated: 18.10 MB
[2026-06-16 13:29:39,262][finetune_logger][INFO] - Test memory allocated: 18.10 MB
2026-06-16 13:29:39 - finetune_logger - INFO - Epoch 19/20
[2026-06-16 13:29:39,262][finetune_logger][INFO] - Epoch 19/20
2026-06-16 13:34:54 - finetune_logger - INFO - Train loss: 211.91857228943653
[2026-06-16 13:34:54,502][finetune_logger][INFO] - Train loss: 211.91857228943653
2026-06-16 13:34:54 - finetune_logger - INFO - Train time: 315.2392747402191s
[2026-06-16 13:34:54,502][finetune_logger][INFO] - Train time: 315.2392747402191s
2026-06-16 13:34:54 - finetune_logger - INFO - Train memory reserved: 54.00 MB
[2026-06-16 13:34:54,502][finetune_logger][INFO] - Train memory reserved: 54.00 MB
2026-06-16 13:34:54 - finetune_logger - INFO - Train memory allocated: 18.10 MB
[2026-06-16 13:34:54,502][finetune_logger][INFO] - Train memory allocated: 18.10 MB
2026-06-16 13:34:54 - finetune_logger - INFO - Current learning rate: 0.00025
[2026-06-16 13:34:54,502][finetune_logger][INFO] - Current learning rate: 0.00025
2026-06-16 13:35:11 - finetune_logger - INFO - Validation metrics: {'MAE': 171.56906567382765, 'RMSE': 1207.7821726202767}
[2026-06-16 13:35:11,867][finetune_logger][INFO] - Validation metrics: {'MAE': 171.56906567382765, 'RMSE': 1207.7821726202767}
2026-06-16 13:35:11 - finetune_logger - INFO - Val time: 17.36s
[2026-06-16 13:35:11,867][finetune_logger][INFO] - Val time: 17.36s
2026-06-16 13:35:11 - finetune_logger - INFO - Val memory reserved: 54.00 MB
[2026-06-16 13:35:11,867][finetune_logger][INFO] - Val memory reserved: 54.00 MB
2026-06-16 13:35:11 - finetune_logger - INFO - Val memory allocated: 18.10 MB
[2026-06-16 13:35:11,867][finetune_logger][INFO] - Val memory allocated: 18.10 MB
2026-06-16 13:35:11 - finetune_logger - INFO - Logged epoch 19 info to /public/home/202411094934/python_project/Spatio-Temporal-Library/time-series/2026-06-16/itransformer/finetune20/electricity/time-series/seed_2/training_log.json
[2026-06-16 13:35:11,871][finetune_logger][INFO] - Logged epoch 19 info to /public/home/202411094934/python_project/Spatio-Temporal-Library/time-series/2026-06-16/itransformer/finetune20/electricity/time-series/seed_2/training_log.json
2026-06-16 13:35:47 - finetune_logger - INFO - Test metrics: {'MAE': 229.90026407030325, 'RMSE': 2021.802296084796}
[2026-06-16 13:35:47,616][finetune_logger][INFO] - Test metrics: {'MAE': 229.90026407030325, 'RMSE': 2021.802296084796}
2026-06-16 13:35:47 - finetune_logger - INFO - Test time: 35.74s
[2026-06-16 13:35:47,617][finetune_logger][INFO] - Test time: 35.74s
2026-06-16 13:35:47 - finetune_logger - INFO - Test memory reserved: 54.00 MB
[2026-06-16 13:35:47,617][finetune_logger][INFO] - Test memory reserved: 54.00 MB
2026-06-16 13:35:47 - finetune_logger - INFO - Test memory allocated: 18.10 MB
[2026-06-16 13:35:47,617][finetune_logger][INFO] - Test memory allocated: 18.10 MB
2026-06-16 13:35:47 - finetune_logger - INFO - Epoch 20/20
[2026-06-16 13:35:47,617][finetune_logger][INFO] - Epoch 20/20
2026-06-16 13:41:03 - finetune_logger - INFO - Train loss: 211.18074850729352
[2026-06-16 13:41:03,453][finetune_logger][INFO] - Train loss: 211.18074850729352
2026-06-16 13:41:03 - finetune_logger - INFO - Train time: 315.83575534820557s
[2026-06-16 13:41:03,454][finetune_logger][INFO] - Train time: 315.83575534820557s
2026-06-16 13:41:03 - finetune_logger - INFO - Train memory reserved: 54.00 MB
[2026-06-16 13:41:03,454][finetune_logger][INFO] - Train memory reserved: 54.00 MB
2026-06-16 13:41:03 - finetune_logger - INFO - Train memory allocated: 18.10 MB
[2026-06-16 13:41:03,454][finetune_logger][INFO] - Train memory allocated: 18.10 MB
2026-06-16 13:41:03 - finetune_logger - INFO - Current learning rate: 0.00025
[2026-06-16 13:41:03,454][finetune_logger][INFO] - Current learning rate: 0.00025
2026-06-16 13:41:20 - finetune_logger - INFO - Validation metrics: {'MAE': 172.234947744269, 'RMSE': 1234.503138170743}
[2026-06-16 13:41:20,879][finetune_logger][INFO] - Validation metrics: {'MAE': 172.234947744269, 'RMSE': 1234.503138170743}
2026-06-16 13:41:20 - finetune_logger - INFO - Val time: 17.42s
[2026-06-16 13:41:20,879][finetune_logger][INFO] - Val time: 17.42s
2026-06-16 13:41:20 - finetune_logger - INFO - Val memory reserved: 54.00 MB
[2026-06-16 13:41:20,880][finetune_logger][INFO] - Val memory reserved: 54.00 MB
2026-06-16 13:41:20 - finetune_logger - INFO - Val memory allocated: 18.10 MB
[2026-06-16 13:41:20,880][finetune_logger][INFO] - Val memory allocated: 18.10 MB
2026-06-16 13:41:20 - finetune_logger - INFO - Logged epoch 20 info to /public/home/202411094934/python_project/Spatio-Temporal-Library/time-series/2026-06-16/itransformer/finetune20/electricity/time-series/seed_2/training_log.json
[2026-06-16 13:41:20,883][finetune_logger][INFO] - Logged epoch 20 info to /public/home/202411094934/python_project/Spatio-Temporal-Library/time-series/2026-06-16/itransformer/finetune20/electricity/time-series/seed_2/training_log.json
2026-06-16 13:41:56 - finetune_logger - INFO - Test metrics: {'MAE': 232.32020189739572, 'RMSE': 2076.540592937945}
[2026-06-16 13:41:56,744][finetune_logger][INFO] - Test metrics: {'MAE': 232.32020189739572, 'RMSE': 2076.540592937945}
2026-06-16 13:41:56 - finetune_logger - INFO - Test time: 35.84s
[2026-06-16 13:41:56,744][finetune_logger][INFO] - Test time: 35.84s
2026-06-16 13:41:56 - finetune_logger - INFO - Test memory reserved: 54.00 MB
[2026-06-16 13:41:56,744][finetune_logger][INFO] - Test memory reserved: 54.00 MB
2026-06-16 13:41:56 - finetune_logger - INFO - Test memory allocated: 18.10 MB
[2026-06-16 13:41:56,744][finetune_logger][INFO] - Test memory allocated: 18.10 MB
2026-06-16 13:41:56 - finetune_logger - INFO - Training completed. Best epoch: 18, Best val loss: 170.230820
[2026-06-16 13:41:56,744][finetune_logger][INFO] - Training completed. Best epoch: 18, Best val loss: 170.230820
2026-06-16 13:41:56 - finetune_logger - INFO - Loaded checkpoint from epoch 18
[2026-06-16 13:41:56,775][finetune_logger][INFO] - Loaded checkpoint from epoch 18
2026-06-16 13:41:56 - finetune_logger - INFO - Evaluating best model on test sets...
[2026-06-16 13:41:56,776][finetune_logger][INFO] - Evaluating best model on test sets...
2026-06-16 13:42:32 - finetune_logger - INFO - Test metrics: {'MAE': 226.84633301707635, 'RMSE': 2005.3164954073973}
[2026-06-16 13:42:32,607][finetune_logger][INFO] - Test metrics: {'MAE': 226.84633301707635, 'RMSE': 2005.3164954073973}
2026-06-16 13:42:32 - finetune_logger - INFO - Test time: 35.83s
[2026-06-16 13:42:32,608][finetune_logger][INFO] - Test time: 35.83s
2026-06-16 13:42:32 - finetune_logger - INFO - Test memory reserved: 54.00 MB
[2026-06-16 13:42:32,608][finetune_logger][INFO] - Test memory reserved: 54.00 MB
2026-06-16 13:42:32 - finetune_logger - INFO - Test memory allocated: 18.14 MB
[2026-06-16 13:42:32,608][finetune_logger][INFO] - Test memory allocated: 18.14 MB
2026-06-16 13:42:32 - finetune_logger - INFO - Logged epoch test info to /public/home/202411094934/python_project/Spatio-Temporal-Library/time-series/2026-06-16/itransformer/finetune20/electricity/time-series/seed_2/training_log.json
[2026-06-16 13:42:32,612][finetune_logger][INFO] - Logged epoch test info to /public/home/202411094934/python_project/Spatio-Temporal-Library/time-series/2026-06-16/itransformer/finetune20/electricity/time-series/seed_2/training_log.json
