2026-06-16 00:42:59 - finetune_logger - INFO - No pretrained checkpoint is provided. Finetuning from scratch.
[2026-06-16 00:42:59,112][finetune_logger][INFO] - No pretrained checkpoint is provided. Finetuning from scratch.
2026-06-16 00:42:59 - finetune_logger - INFO - Model parameters: 158,912
[2026-06-16 00:42:59,114][finetune_logger][INFO] - Model parameters: 158,912
2026-06-16 00:43:00 - finetune_logger - INFO - Created new log file at /public/home/202411094934/python_project/Spatio-Temporal-Library/time-series/2026-06-16/itransformer/finetune20/pulse/time-series/seed_0/training_log.json
[2026-06-16 00:43:00,250][finetune_logger][INFO] - Created new log file at /public/home/202411094934/python_project/Spatio-Temporal-Library/time-series/2026-06-16/itransformer/finetune20/pulse/time-series/seed_0/training_log.json
2026-06-16 00:43:00 - finetune_logger - INFO - Starting training...
[2026-06-16 00:43:00,250][finetune_logger][INFO] - Starting training...
2026-06-16 00:43:00 - finetune_logger - INFO - Epoch 1/20
[2026-06-16 00:43:00,250][finetune_logger][INFO] - Epoch 1/20
2026-06-16 00:46:19 - finetune_logger - INFO - Train loss: 0.034795532366088094
[2026-06-16 00:46:19,560][finetune_logger][INFO] - Train loss: 0.034795532366088094
2026-06-16 00:46:19 - finetune_logger - INFO - Train time: 199.30999088287354s
[2026-06-16 00:46:19,561][finetune_logger][INFO] - Train time: 199.30999088287354s
2026-06-16 00:46:19 - finetune_logger - INFO - Train memory reserved: 24.00 MB
[2026-06-16 00:46:19,561][finetune_logger][INFO] - Train memory reserved: 24.00 MB
2026-06-16 00:46:19 - finetune_logger - INFO - Train memory allocated: 18.10 MB
[2026-06-16 00:46:19,561][finetune_logger][INFO] - Train memory allocated: 18.10 MB
2026-06-16 00:46:19 - finetune_logger - INFO - Current learning rate: 0.0005
[2026-06-16 00:46:19,561][finetune_logger][INFO] - Current learning rate: 0.0005
2026-06-16 00:46:30 - finetune_logger - INFO - Validation metrics: {'MAE': 0.03307210142726899, 'RMSE': 0.17950072307299714}
[2026-06-16 00:46:30,902][finetune_logger][INFO] - Validation metrics: {'MAE': 0.03307210142726899, 'RMSE': 0.17950072307299714}
2026-06-16 00:46:30 - finetune_logger - INFO - Val time: 11.34s
[2026-06-16 00:46:30,902][finetune_logger][INFO] - Val time: 11.34s
2026-06-16 00:46:30 - finetune_logger - INFO - Val memory reserved: 24.00 MB
[2026-06-16 00:46:30,902][finetune_logger][INFO] - Val memory reserved: 24.00 MB
2026-06-16 00:46:30 - finetune_logger - INFO - Val memory allocated: 18.10 MB
[2026-06-16 00:46:30,902][finetune_logger][INFO] - Val memory allocated: 18.10 MB
2026-06-16 00:46:30 - finetune_logger - INFO - Logged epoch 1 info to /public/home/202411094934/python_project/Spatio-Temporal-Library/time-series/2026-06-16/itransformer/finetune20/pulse/time-series/seed_0/training_log.json
[2026-06-16 00:46:30,906][finetune_logger][INFO] - Logged epoch 1 info to /public/home/202411094934/python_project/Spatio-Temporal-Library/time-series/2026-06-16/itransformer/finetune20/pulse/time-series/seed_0/training_log.json
2026-06-16 00:46:30 - finetune_logger - INFO - New best model! Val loss: 0.033072
[2026-06-16 00:46:30,906][finetune_logger][INFO] - New best model! Val loss: 0.033072
2026-06-16 00:46:54 - finetune_logger - INFO - Test metrics: {'MAE': 0.03306099466969549, 'RMSE': 0.17947100887947945}
[2026-06-16 00:46:54,293][finetune_logger][INFO] - Test metrics: {'MAE': 0.03306099466969549, 'RMSE': 0.17947100887947945}
2026-06-16 00:46:54 - finetune_logger - INFO - Test time: 23.34s
[2026-06-16 00:46:54,293][finetune_logger][INFO] - Test time: 23.34s
2026-06-16 00:46:54 - finetune_logger - INFO - Test memory reserved: 24.00 MB
[2026-06-16 00:46:54,293][finetune_logger][INFO] - Test memory reserved: 24.00 MB
2026-06-16 00:46:54 - finetune_logger - INFO - Test memory allocated: 18.10 MB
[2026-06-16 00:46:54,294][finetune_logger][INFO] - Test memory allocated: 18.10 MB
2026-06-16 00:46:54 - finetune_logger - INFO - Epoch 2/20
[2026-06-16 00:46:54,294][finetune_logger][INFO] - Epoch 2/20
2026-06-16 00:50:13 - finetune_logger - INFO - Train loss: 0.0327481222154334
[2026-06-16 00:50:13,112][finetune_logger][INFO] - Train loss: 0.0327481222154334
2026-06-16 00:50:13 - finetune_logger - INFO - Train time: 198.81805181503296s
[2026-06-16 00:50:13,113][finetune_logger][INFO] - Train time: 198.81805181503296s
2026-06-16 00:50:13 - finetune_logger - INFO - Train memory reserved: 24.00 MB
[2026-06-16 00:50:13,113][finetune_logger][INFO] - Train memory reserved: 24.00 MB
2026-06-16 00:50:13 - finetune_logger - INFO - Train memory allocated: 18.10 MB
[2026-06-16 00:50:13,113][finetune_logger][INFO] - Train memory allocated: 18.10 MB
2026-06-16 00:50:13 - finetune_logger - INFO - Current learning rate: 0.0005
[2026-06-16 00:50:13,113][finetune_logger][INFO] - Current learning rate: 0.0005
2026-06-16 00:50:24 - finetune_logger - INFO - Validation metrics: {'MAE': 0.032885557641528694, 'RMSE': 0.17949017156502564}
[2026-06-16 00:50:24,439][finetune_logger][INFO] - Validation metrics: {'MAE': 0.032885557641528694, 'RMSE': 0.17949017156502564}
2026-06-16 00:50:24 - finetune_logger - INFO - Val time: 11.33s
[2026-06-16 00:50:24,439][finetune_logger][INFO] - Val time: 11.33s
2026-06-16 00:50:24 - finetune_logger - INFO - Val memory reserved: 24.00 MB
[2026-06-16 00:50:24,439][finetune_logger][INFO] - Val memory reserved: 24.00 MB
2026-06-16 00:50:24 - finetune_logger - INFO - Val memory allocated: 18.10 MB
[2026-06-16 00:50:24,439][finetune_logger][INFO] - Val memory allocated: 18.10 MB
2026-06-16 00:50:24 - finetune_logger - INFO - Logged epoch 2 info to /public/home/202411094934/python_project/Spatio-Temporal-Library/time-series/2026-06-16/itransformer/finetune20/pulse/time-series/seed_0/training_log.json
[2026-06-16 00:50:24,442][finetune_logger][INFO] - Logged epoch 2 info to /public/home/202411094934/python_project/Spatio-Temporal-Library/time-series/2026-06-16/itransformer/finetune20/pulse/time-series/seed_0/training_log.json
2026-06-16 00:50:24 - finetune_logger - INFO - New best model! Val loss: 0.032886
[2026-06-16 00:50:24,442][finetune_logger][INFO] - New best model! Val loss: 0.032886
2026-06-16 00:50:47 - finetune_logger - INFO - Test metrics: {'MAE': 0.03287446997035175, 'RMSE': 0.1794605454671209}
[2026-06-16 00:50:47,901][finetune_logger][INFO] - Test metrics: {'MAE': 0.03287446997035175, 'RMSE': 0.1794605454671209}
2026-06-16 00:50:47 - finetune_logger - INFO - Test time: 23.42s
[2026-06-16 00:50:47,902][finetune_logger][INFO] - Test time: 23.42s
2026-06-16 00:50:47 - finetune_logger - INFO - Test memory reserved: 24.00 MB
[2026-06-16 00:50:47,902][finetune_logger][INFO] - Test memory reserved: 24.00 MB
2026-06-16 00:50:47 - finetune_logger - INFO - Test memory allocated: 18.10 MB
[2026-06-16 00:50:47,902][finetune_logger][INFO] - Test memory allocated: 18.10 MB
2026-06-16 00:50:47 - finetune_logger - INFO - Epoch 3/20
[2026-06-16 00:50:47,902][finetune_logger][INFO] - Epoch 3/20
2026-06-16 00:54:07 - finetune_logger - INFO - Train loss: 0.03269201281689502
[2026-06-16 00:54:07,330][finetune_logger][INFO] - Train loss: 0.03269201281689502
2026-06-16 00:54:07 - finetune_logger - INFO - Train time: 199.42793250083923s
[2026-06-16 00:54:07,331][finetune_logger][INFO] - Train time: 199.42793250083923s
2026-06-16 00:54:07 - finetune_logger - INFO - Train memory reserved: 24.00 MB
[2026-06-16 00:54:07,331][finetune_logger][INFO] - Train memory reserved: 24.00 MB
2026-06-16 00:54:07 - finetune_logger - INFO - Train memory allocated: 18.10 MB
[2026-06-16 00:54:07,331][finetune_logger][INFO] - Train memory allocated: 18.10 MB
2026-06-16 00:54:07 - finetune_logger - INFO - Current learning rate: 0.0005
[2026-06-16 00:54:07,331][finetune_logger][INFO] - Current learning rate: 0.0005
2026-06-16 00:54:18 - finetune_logger - INFO - Validation metrics: {'MAE': 0.03290906082038219, 'RMSE': 0.17948059162130342}
[2026-06-16 00:54:18,610][finetune_logger][INFO] - Validation metrics: {'MAE': 0.03290906082038219, 'RMSE': 0.17948059162130342}
2026-06-16 00:54:18 - finetune_logger - INFO - Val time: 11.28s
[2026-06-16 00:54:18,610][finetune_logger][INFO] - Val time: 11.28s
2026-06-16 00:54:18 - finetune_logger - INFO - Val memory reserved: 24.00 MB
[2026-06-16 00:54:18,610][finetune_logger][INFO] - Val memory reserved: 24.00 MB
2026-06-16 00:54:18 - finetune_logger - INFO - Val memory allocated: 18.10 MB
[2026-06-16 00:54:18,610][finetune_logger][INFO] - Val memory allocated: 18.10 MB
2026-06-16 00:54:18 - finetune_logger - INFO - Logged epoch 3 info to /public/home/202411094934/python_project/Spatio-Temporal-Library/time-series/2026-06-16/itransformer/finetune20/pulse/time-series/seed_0/training_log.json
[2026-06-16 00:54:18,613][finetune_logger][INFO] - Logged epoch 3 info to /public/home/202411094934/python_project/Spatio-Temporal-Library/time-series/2026-06-16/itransformer/finetune20/pulse/time-series/seed_0/training_log.json
2026-06-16 00:54:42 - finetune_logger - INFO - Test metrics: {'MAE': 0.032897942998659155, 'RMSE': 0.17945091029671364}
[2026-06-16 00:54:42,026][finetune_logger][INFO] - Test metrics: {'MAE': 0.032897942998659155, 'RMSE': 0.17945091029671364}
2026-06-16 00:54:42 - finetune_logger - INFO - Test time: 23.41s
[2026-06-16 00:54:42,027][finetune_logger][INFO] - Test time: 23.41s
2026-06-16 00:54:42 - finetune_logger - INFO - Test memory reserved: 24.00 MB
[2026-06-16 00:54:42,027][finetune_logger][INFO] - Test memory reserved: 24.00 MB
2026-06-16 00:54:42 - finetune_logger - INFO - Test memory allocated: 18.10 MB
[2026-06-16 00:54:42,027][finetune_logger][INFO] - Test memory allocated: 18.10 MB
2026-06-16 00:54:42 - finetune_logger - INFO - Epoch 4/20
[2026-06-16 00:54:42,027][finetune_logger][INFO] - Epoch 4/20
2026-06-16 00:58:01 - finetune_logger - INFO - Train loss: 0.03267063730795731
[2026-06-16 00:58:01,178][finetune_logger][INFO] - Train loss: 0.03267063730795731
2026-06-16 00:58:01 - finetune_logger - INFO - Train time: 199.1503131389618s
[2026-06-16 00:58:01,178][finetune_logger][INFO] - Train time: 199.1503131389618s
2026-06-16 00:58:01 - finetune_logger - INFO - Train memory reserved: 24.00 MB
[2026-06-16 00:58:01,178][finetune_logger][INFO] - Train memory reserved: 24.00 MB
2026-06-16 00:58:01 - finetune_logger - INFO - Train memory allocated: 18.10 MB
[2026-06-16 00:58:01,178][finetune_logger][INFO] - Train memory allocated: 18.10 MB
2026-06-16 00:58:01 - finetune_logger - INFO - Current learning rate: 0.0005
[2026-06-16 00:58:01,178][finetune_logger][INFO] - Current learning rate: 0.0005
2026-06-16 00:58:12 - finetune_logger - INFO - Validation metrics: {'MAE': 0.03286167006608744, 'RMSE': 0.17949877002177742}
[2026-06-16 00:58:12,439][finetune_logger][INFO] - Validation metrics: {'MAE': 0.03286167006608744, 'RMSE': 0.17949877002177742}
2026-06-16 00:58:12 - finetune_logger - INFO - Val time: 11.26s
[2026-06-16 00:58:12,439][finetune_logger][INFO] - Val time: 11.26s
2026-06-16 00:58:12 - finetune_logger - INFO - Val memory reserved: 24.00 MB
[2026-06-16 00:58:12,439][finetune_logger][INFO] - Val memory reserved: 24.00 MB
2026-06-16 00:58:12 - finetune_logger - INFO - Val memory allocated: 18.10 MB
[2026-06-16 00:58:12,440][finetune_logger][INFO] - Val memory allocated: 18.10 MB
2026-06-16 00:58:12 - finetune_logger - INFO - Logged epoch 4 info to /public/home/202411094934/python_project/Spatio-Temporal-Library/time-series/2026-06-16/itransformer/finetune20/pulse/time-series/seed_0/training_log.json
[2026-06-16 00:58:12,442][finetune_logger][INFO] - Logged epoch 4 info to /public/home/202411094934/python_project/Spatio-Temporal-Library/time-series/2026-06-16/itransformer/finetune20/pulse/time-series/seed_0/training_log.json
2026-06-16 00:58:12 - finetune_logger - INFO - New best model! Val loss: 0.032862
[2026-06-16 00:58:12,443][finetune_logger][INFO] - New best model! Val loss: 0.032862
2026-06-16 00:58:35 - finetune_logger - INFO - Test metrics: {'MAE': 0.03285058585302697, 'RMSE': 0.1794690868047591}
[2026-06-16 00:58:35,910][finetune_logger][INFO] - Test metrics: {'MAE': 0.03285058585302697, 'RMSE': 0.1794690868047591}
2026-06-16 00:58:35 - finetune_logger - INFO - Test time: 23.42s
[2026-06-16 00:58:35,910][finetune_logger][INFO] - Test time: 23.42s
2026-06-16 00:58:35 - finetune_logger - INFO - Test memory reserved: 24.00 MB
[2026-06-16 00:58:35,910][finetune_logger][INFO] - Test memory reserved: 24.00 MB
2026-06-16 00:58:35 - finetune_logger - INFO - Test memory allocated: 18.10 MB
[2026-06-16 00:58:35,910][finetune_logger][INFO] - Test memory allocated: 18.10 MB
2026-06-16 00:58:35 - finetune_logger - INFO - Epoch 5/20
[2026-06-16 00:58:35,910][finetune_logger][INFO] - Epoch 5/20
2026-06-16 01:01:54 - finetune_logger - INFO - Train loss: 0.032643146390652675
[2026-06-16 01:01:54,816][finetune_logger][INFO] - Train loss: 0.032643146390652675
2026-06-16 01:01:54 - finetune_logger - INFO - Train time: 198.9054958820343s
[2026-06-16 01:01:54,817][finetune_logger][INFO] - Train time: 198.9054958820343s
2026-06-16 01:01:54 - finetune_logger - INFO - Train memory reserved: 24.00 MB
[2026-06-16 01:01:54,817][finetune_logger][INFO] - Train memory reserved: 24.00 MB
2026-06-16 01:01:54 - finetune_logger - INFO - Train memory allocated: 18.10 MB
[2026-06-16 01:01:54,817][finetune_logger][INFO] - Train memory allocated: 18.10 MB
2026-06-16 01:01:54 - finetune_logger - INFO - Current learning rate: 0.0005
[2026-06-16 01:01:54,817][finetune_logger][INFO] - Current learning rate: 0.0005
2026-06-16 01:02:06 - finetune_logger - INFO - Validation metrics: {'MAE': 0.03274461059139926, 'RMSE': 0.1794551091925119}
[2026-06-16 01:02:06,172][finetune_logger][INFO] - Validation metrics: {'MAE': 0.03274461059139926, 'RMSE': 0.1794551091925119}
2026-06-16 01:02:06 - finetune_logger - INFO - Val time: 11.35s
[2026-06-16 01:02:06,172][finetune_logger][INFO] - Val time: 11.35s
2026-06-16 01:02:06 - finetune_logger - INFO - Val memory reserved: 24.00 MB
[2026-06-16 01:02:06,173][finetune_logger][INFO] - Val memory reserved: 24.00 MB
2026-06-16 01:02:06 - finetune_logger - INFO - Val memory allocated: 18.10 MB
[2026-06-16 01:02:06,173][finetune_logger][INFO] - Val memory allocated: 18.10 MB
2026-06-16 01:02:06 - finetune_logger - INFO - Logged epoch 5 info to /public/home/202411094934/python_project/Spatio-Temporal-Library/time-series/2026-06-16/itransformer/finetune20/pulse/time-series/seed_0/training_log.json
[2026-06-16 01:02:06,175][finetune_logger][INFO] - Logged epoch 5 info to /public/home/202411094934/python_project/Spatio-Temporal-Library/time-series/2026-06-16/itransformer/finetune20/pulse/time-series/seed_0/training_log.json
2026-06-16 01:02:06 - finetune_logger - INFO - New best model! Val loss: 0.032745
[2026-06-16 01:02:06,176][finetune_logger][INFO] - New best model! Val loss: 0.032745
2026-06-16 01:02:29 - finetune_logger - INFO - Test metrics: {'MAE': 0.032733538861228664, 'RMSE': 0.17942553220269547}
[2026-06-16 01:02:29,584][finetune_logger][INFO] - Test metrics: {'MAE': 0.032733538861228664, 'RMSE': 0.17942553220269547}
2026-06-16 01:02:29 - finetune_logger - INFO - Test time: 23.37s
[2026-06-16 01:02:29,584][finetune_logger][INFO] - Test time: 23.37s
2026-06-16 01:02:29 - finetune_logger - INFO - Test memory reserved: 24.00 MB
[2026-06-16 01:02:29,584][finetune_logger][INFO] - Test memory reserved: 24.00 MB
2026-06-16 01:02:29 - finetune_logger - INFO - Test memory allocated: 18.10 MB
[2026-06-16 01:02:29,584][finetune_logger][INFO] - Test memory allocated: 18.10 MB
2026-06-16 01:02:29 - finetune_logger - INFO - Epoch 6/20
[2026-06-16 01:02:29,584][finetune_logger][INFO] - Epoch 6/20
2026-06-16 01:05:48 - finetune_logger - INFO - Train loss: 0.03262322840472913
[2026-06-16 01:05:48,835][finetune_logger][INFO] - Train loss: 0.03262322840472913
2026-06-16 01:05:48 - finetune_logger - INFO - Train time: 199.2496829032898s
[2026-06-16 01:05:48,835][finetune_logger][INFO] - Train time: 199.2496829032898s
2026-06-16 01:05:48 - finetune_logger - INFO - Train memory reserved: 24.00 MB
[2026-06-16 01:05:48,835][finetune_logger][INFO] - Train memory reserved: 24.00 MB
2026-06-16 01:05:48 - finetune_logger - INFO - Train memory allocated: 18.10 MB
[2026-06-16 01:05:48,835][finetune_logger][INFO] - Train memory allocated: 18.10 MB
2026-06-16 01:05:48 - finetune_logger - INFO - Current learning rate: 0.0005
[2026-06-16 01:05:48,835][finetune_logger][INFO] - Current learning rate: 0.0005
2026-06-16 01:06:00 - finetune_logger - INFO - Validation metrics: {'MAE': 0.0327889099525003, 'RMSE': 0.17953455078396846}
[2026-06-16 01:06:00,222][finetune_logger][INFO] - Validation metrics: {'MAE': 0.0327889099525003, 'RMSE': 0.17953455078396846}
2026-06-16 01:06:00 - finetune_logger - INFO - Val time: 11.39s
[2026-06-16 01:06:00,222][finetune_logger][INFO] - Val time: 11.39s
2026-06-16 01:06:00 - finetune_logger - INFO - Val memory reserved: 24.00 MB
[2026-06-16 01:06:00,222][finetune_logger][INFO] - Val memory reserved: 24.00 MB
2026-06-16 01:06:00 - finetune_logger - INFO - Val memory allocated: 18.10 MB
[2026-06-16 01:06:00,222][finetune_logger][INFO] - Val memory allocated: 18.10 MB
2026-06-16 01:06:00 - finetune_logger - INFO - Logged epoch 6 info to /public/home/202411094934/python_project/Spatio-Temporal-Library/time-series/2026-06-16/itransformer/finetune20/pulse/time-series/seed_0/training_log.json
[2026-06-16 01:06:00,225][finetune_logger][INFO] - Logged epoch 6 info to /public/home/202411094934/python_project/Spatio-Temporal-Library/time-series/2026-06-16/itransformer/finetune20/pulse/time-series/seed_0/training_log.json
2026-06-16 01:06:23 - finetune_logger - INFO - Test metrics: {'MAE': 0.03277785128880254, 'RMSE': 0.17950506220672344}
[2026-06-16 01:06:23,669][finetune_logger][INFO] - Test metrics: {'MAE': 0.03277785128880254, 'RMSE': 0.17950506220672344}
2026-06-16 01:06:23 - finetune_logger - INFO - Test time: 23.44s
[2026-06-16 01:06:23,669][finetune_logger][INFO] - Test time: 23.44s
2026-06-16 01:06:23 - finetune_logger - INFO - Test memory reserved: 24.00 MB
[2026-06-16 01:06:23,670][finetune_logger][INFO] - Test memory reserved: 24.00 MB
2026-06-16 01:06:23 - finetune_logger - INFO - Test memory allocated: 18.10 MB
[2026-06-16 01:06:23,670][finetune_logger][INFO] - Test memory allocated: 18.10 MB
2026-06-16 01:06:23 - finetune_logger - INFO - Epoch 7/20
[2026-06-16 01:06:23,670][finetune_logger][INFO] - Epoch 7/20
2026-06-16 01:09:42 - finetune_logger - INFO - Train loss: 0.03261015066486057
[2026-06-16 01:09:42,539][finetune_logger][INFO] - Train loss: 0.03261015066486057
2026-06-16 01:09:42 - finetune_logger - INFO - Train time: 198.8691897392273s
[2026-06-16 01:09:42,540][finetune_logger][INFO] - Train time: 198.8691897392273s
2026-06-16 01:09:42 - finetune_logger - INFO - Train memory reserved: 24.00 MB
[2026-06-16 01:09:42,540][finetune_logger][INFO] - Train memory reserved: 24.00 MB
2026-06-16 01:09:42 - finetune_logger - INFO - Train memory allocated: 18.10 MB
[2026-06-16 01:09:42,540][finetune_logger][INFO] - Train memory allocated: 18.10 MB
2026-06-16 01:09:42 - finetune_logger - INFO - Current learning rate: 0.0005
[2026-06-16 01:09:42,540][finetune_logger][INFO] - Current learning rate: 0.0005
2026-06-16 01:09:53 - finetune_logger - INFO - Validation metrics: {'MAE': 0.032856930075026505, 'RMSE': 0.17947078949230064}
[2026-06-16 01:09:53,854][finetune_logger][INFO] - Validation metrics: {'MAE': 0.032856930075026505, 'RMSE': 0.17947078949230064}
2026-06-16 01:09:53 - finetune_logger - INFO - Val time: 11.31s
[2026-06-16 01:09:53,854][finetune_logger][INFO] - Val time: 11.31s
2026-06-16 01:09:53 - finetune_logger - INFO - Val memory reserved: 24.00 MB
[2026-06-16 01:09:53,854][finetune_logger][INFO] - Val memory reserved: 24.00 MB
2026-06-16 01:09:53 - finetune_logger - INFO - Val memory allocated: 18.10 MB
[2026-06-16 01:09:53,854][finetune_logger][INFO] - Val memory allocated: 18.10 MB
2026-06-16 01:09:53 - finetune_logger - INFO - Logged epoch 7 info to /public/home/202411094934/python_project/Spatio-Temporal-Library/time-series/2026-06-16/itransformer/finetune20/pulse/time-series/seed_0/training_log.json
[2026-06-16 01:09:53,857][finetune_logger][INFO] - Logged epoch 7 info to /public/home/202411094934/python_project/Spatio-Temporal-Library/time-series/2026-06-16/itransformer/finetune20/pulse/time-series/seed_0/training_log.json
2026-06-16 01:10:17 - finetune_logger - INFO - Test metrics: {'MAE': 0.03284578388320574, 'RMSE': 0.17944096645541713}
[2026-06-16 01:10:17,280][finetune_logger][INFO] - Test metrics: {'MAE': 0.03284578388320574, 'RMSE': 0.17944096645541713}
2026-06-16 01:10:17 - finetune_logger - INFO - Test time: 23.42s
[2026-06-16 01:10:17,280][finetune_logger][INFO] - Test time: 23.42s
2026-06-16 01:10:17 - finetune_logger - INFO - Test memory reserved: 24.00 MB
[2026-06-16 01:10:17,281][finetune_logger][INFO] - Test memory reserved: 24.00 MB
2026-06-16 01:10:17 - finetune_logger - INFO - Test memory allocated: 18.10 MB
[2026-06-16 01:10:17,281][finetune_logger][INFO] - Test memory allocated: 18.10 MB
2026-06-16 01:10:17 - finetune_logger - INFO - Epoch 8/20
[2026-06-16 01:10:17,281][finetune_logger][INFO] - Epoch 8/20
2026-06-16 01:13:36 - finetune_logger - INFO - Train loss: 0.032586104644780005
[2026-06-16 01:13:36,274][finetune_logger][INFO] - Train loss: 0.032586104644780005
2026-06-16 01:13:36 - finetune_logger - INFO - Train time: 198.992360830307s
[2026-06-16 01:13:36,274][finetune_logger][INFO] - Train time: 198.992360830307s
2026-06-16 01:13:36 - finetune_logger - INFO - Train memory reserved: 24.00 MB
[2026-06-16 01:13:36,274][finetune_logger][INFO] - Train memory reserved: 24.00 MB
2026-06-16 01:13:36 - finetune_logger - INFO - Train memory allocated: 18.10 MB
[2026-06-16 01:13:36,274][finetune_logger][INFO] - Train memory allocated: 18.10 MB
2026-06-16 01:13:36 - finetune_logger - INFO - Current learning rate: 0.0005
[2026-06-16 01:13:36,274][finetune_logger][INFO] - Current learning rate: 0.0005
2026-06-16 01:13:47 - finetune_logger - INFO - Validation metrics: {'MAE': 0.03272385913398328, 'RMSE': 0.17953248382639378}
[2026-06-16 01:13:47,670][finetune_logger][INFO] - Validation metrics: {'MAE': 0.03272385913398328, 'RMSE': 0.17953248382639378}
2026-06-16 01:13:47 - finetune_logger - INFO - Val time: 11.40s
[2026-06-16 01:13:47,671][finetune_logger][INFO] - Val time: 11.40s
2026-06-16 01:13:47 - finetune_logger - INFO - Val memory reserved: 24.00 MB
[2026-06-16 01:13:47,671][finetune_logger][INFO] - Val memory reserved: 24.00 MB
2026-06-16 01:13:47 - finetune_logger - INFO - Val memory allocated: 18.10 MB
[2026-06-16 01:13:47,671][finetune_logger][INFO] - Val memory allocated: 18.10 MB
2026-06-16 01:13:47 - finetune_logger - INFO - Logged epoch 8 info to /public/home/202411094934/python_project/Spatio-Temporal-Library/time-series/2026-06-16/itransformer/finetune20/pulse/time-series/seed_0/training_log.json
[2026-06-16 01:13:47,674][finetune_logger][INFO] - Logged epoch 8 info to /public/home/202411094934/python_project/Spatio-Temporal-Library/time-series/2026-06-16/itransformer/finetune20/pulse/time-series/seed_0/training_log.json
2026-06-16 01:13:47 - finetune_logger - INFO - New best model! Val loss: 0.032724
[2026-06-16 01:13:47,674][finetune_logger][INFO] - New best model! Val loss: 0.032724
2026-06-16 01:14:11 - finetune_logger - INFO - Test metrics: {'MAE': 0.032712783319291054, 'RMSE': 0.17950288532811545}
[2026-06-16 01:14:11,124][finetune_logger][INFO] - Test metrics: {'MAE': 0.032712783319291054, 'RMSE': 0.17950288532811545}
2026-06-16 01:14:11 - finetune_logger - INFO - Test time: 23.41s
[2026-06-16 01:14:11,124][finetune_logger][INFO] - Test time: 23.41s
2026-06-16 01:14:11 - finetune_logger - INFO - Test memory reserved: 24.00 MB
[2026-06-16 01:14:11,124][finetune_logger][INFO] - Test memory reserved: 24.00 MB
2026-06-16 01:14:11 - finetune_logger - INFO - Test memory allocated: 18.10 MB
[2026-06-16 01:14:11,125][finetune_logger][INFO] - Test memory allocated: 18.10 MB
2026-06-16 01:14:11 - finetune_logger - INFO - Epoch 9/20
[2026-06-16 01:14:11,125][finetune_logger][INFO] - Epoch 9/20
2026-06-16 01:17:30 - finetune_logger - INFO - Train loss: 0.0325735407692058
[2026-06-16 01:17:30,314][finetune_logger][INFO] - Train loss: 0.0325735407692058
2026-06-16 01:17:30 - finetune_logger - INFO - Train time: 199.18880033493042s
[2026-06-16 01:17:30,314][finetune_logger][INFO] - Train time: 199.18880033493042s
2026-06-16 01:17:30 - finetune_logger - INFO - Train memory reserved: 24.00 MB
[2026-06-16 01:17:30,314][finetune_logger][INFO] - Train memory reserved: 24.00 MB
2026-06-16 01:17:30 - finetune_logger - INFO - Train memory allocated: 18.10 MB
[2026-06-16 01:17:30,315][finetune_logger][INFO] - Train memory allocated: 18.10 MB
2026-06-16 01:17:30 - finetune_logger - INFO - Current learning rate: 0.0005
[2026-06-16 01:17:30,315][finetune_logger][INFO] - Current learning rate: 0.0005
2026-06-16 01:17:41 - finetune_logger - INFO - Validation metrics: {'MAE': 0.032877172525427725, 'RMSE': 0.1794742416344944}
[2026-06-16 01:17:41,661][finetune_logger][INFO] - Validation metrics: {'MAE': 0.032877172525427725, 'RMSE': 0.1794742416344944}
2026-06-16 01:17:41 - finetune_logger - INFO - Val time: 11.35s
[2026-06-16 01:17:41,661][finetune_logger][INFO] - Val time: 11.35s
2026-06-16 01:17:41 - finetune_logger - INFO - Val memory reserved: 24.00 MB
[2026-06-16 01:17:41,661][finetune_logger][INFO] - Val memory reserved: 24.00 MB
2026-06-16 01:17:41 - finetune_logger - INFO - Val memory allocated: 18.10 MB
[2026-06-16 01:17:41,661][finetune_logger][INFO] - Val memory allocated: 18.10 MB
2026-06-16 01:17:41 - finetune_logger - INFO - Logged epoch 9 info to /public/home/202411094934/python_project/Spatio-Temporal-Library/time-series/2026-06-16/itransformer/finetune20/pulse/time-series/seed_0/training_log.json
[2026-06-16 01:17:41,664][finetune_logger][INFO] - Logged epoch 9 info to /public/home/202411094934/python_project/Spatio-Temporal-Library/time-series/2026-06-16/itransformer/finetune20/pulse/time-series/seed_0/training_log.json
2026-06-16 01:18:05 - finetune_logger - INFO - Test metrics: {'MAE': 0.03286604963054007, 'RMSE': 0.1794444351672172}
[2026-06-16 01:18:05,041][finetune_logger][INFO] - Test metrics: {'MAE': 0.03286604963054007, 'RMSE': 0.1794444351672172}
2026-06-16 01:18:05 - finetune_logger - INFO - Test time: 23.38s
[2026-06-16 01:18:05,041][finetune_logger][INFO] - Test time: 23.38s
2026-06-16 01:18:05 - finetune_logger - INFO - Test memory reserved: 24.00 MB
[2026-06-16 01:18:05,041][finetune_logger][INFO] - Test memory reserved: 24.00 MB
2026-06-16 01:18:05 - finetune_logger - INFO - Test memory allocated: 18.10 MB
[2026-06-16 01:18:05,041][finetune_logger][INFO] - Test memory allocated: 18.10 MB
2026-06-16 01:18:05 - finetune_logger - INFO - Epoch 10/20
[2026-06-16 01:18:05,041][finetune_logger][INFO] - Epoch 10/20
2026-06-16 01:21:24 - finetune_logger - INFO - Train loss: 0.032559901578626066
[2026-06-16 01:21:24,054][finetune_logger][INFO] - Train loss: 0.032559901578626066
2026-06-16 01:21:24 - finetune_logger - INFO - Train time: 199.01216077804565s
[2026-06-16 01:21:24,054][finetune_logger][INFO] - Train time: 199.01216077804565s
2026-06-16 01:21:24 - finetune_logger - INFO - Train memory reserved: 24.00 MB
[2026-06-16 01:21:24,054][finetune_logger][INFO] - Train memory reserved: 24.00 MB
2026-06-16 01:21:24 - finetune_logger - INFO - Train memory allocated: 18.10 MB
[2026-06-16 01:21:24,055][finetune_logger][INFO] - Train memory allocated: 18.10 MB
2026-06-16 01:21:24 - finetune_logger - INFO - Current learning rate: 0.0005
[2026-06-16 01:21:24,055][finetune_logger][INFO] - Current learning rate: 0.0005
2026-06-16 01:21:35 - finetune_logger - INFO - Validation metrics: {'MAE': 0.03269614160786727, 'RMSE': 0.17952906643934416}
[2026-06-16 01:21:35,417][finetune_logger][INFO] - Validation metrics: {'MAE': 0.03269614160786727, 'RMSE': 0.17952906643934416}
2026-06-16 01:21:35 - finetune_logger - INFO - Val time: 11.36s
[2026-06-16 01:21:35,417][finetune_logger][INFO] - Val time: 11.36s
2026-06-16 01:21:35 - finetune_logger - INFO - Val memory reserved: 24.00 MB
[2026-06-16 01:21:35,417][finetune_logger][INFO] - Val memory reserved: 24.00 MB
2026-06-16 01:21:35 - finetune_logger - INFO - Val memory allocated: 18.10 MB
[2026-06-16 01:21:35,417][finetune_logger][INFO] - Val memory allocated: 18.10 MB
2026-06-16 01:21:35 - finetune_logger - INFO - Logged epoch 10 info to /public/home/202411094934/python_project/Spatio-Temporal-Library/time-series/2026-06-16/itransformer/finetune20/pulse/time-series/seed_0/training_log.json
[2026-06-16 01:21:35,420][finetune_logger][INFO] - Logged epoch 10 info to /public/home/202411094934/python_project/Spatio-Temporal-Library/time-series/2026-06-16/itransformer/finetune20/pulse/time-series/seed_0/training_log.json
2026-06-16 01:21:35 - finetune_logger - INFO - New best model! Val loss: 0.032696
[2026-06-16 01:21:35,420][finetune_logger][INFO] - New best model! Val loss: 0.032696
2026-06-16 01:21:58 - finetune_logger - INFO - Test metrics: {'MAE': 0.032685068073633854, 'RMSE': 0.17949950367172474}
[2026-06-16 01:21:58,839][finetune_logger][INFO] - Test metrics: {'MAE': 0.032685068073633854, 'RMSE': 0.17949950367172474}
2026-06-16 01:21:58 - finetune_logger - INFO - Test time: 23.38s
[2026-06-16 01:21:58,839][finetune_logger][INFO] - Test time: 23.38s
2026-06-16 01:21:58 - finetune_logger - INFO - Test memory reserved: 24.00 MB
[2026-06-16 01:21:58,840][finetune_logger][INFO] - Test memory reserved: 24.00 MB
2026-06-16 01:21:58 - finetune_logger - INFO - Test memory allocated: 18.10 MB
[2026-06-16 01:21:58,840][finetune_logger][INFO] - Test memory allocated: 18.10 MB
2026-06-16 01:21:58 - finetune_logger - INFO - Epoch 11/20
[2026-06-16 01:21:58,840][finetune_logger][INFO] - Epoch 11/20
2026-06-16 01:25:18 - finetune_logger - INFO - Train loss: 0.03240308021932093
[2026-06-16 01:25:18,024][finetune_logger][INFO] - Train loss: 0.03240308021932093
2026-06-16 01:25:18 - finetune_logger - INFO - Train time: 199.18418049812317s
[2026-06-16 01:25:18,025][finetune_logger][INFO] - Train time: 199.18418049812317s
2026-06-16 01:25:18 - finetune_logger - INFO - Train memory reserved: 24.00 MB
[2026-06-16 01:25:18,025][finetune_logger][INFO] - Train memory reserved: 24.00 MB
2026-06-16 01:25:18 - finetune_logger - INFO - Train memory allocated: 18.10 MB
[2026-06-16 01:25:18,025][finetune_logger][INFO] - Train memory allocated: 18.10 MB
2026-06-16 01:25:18 - finetune_logger - INFO - Current learning rate: 0.00025
[2026-06-16 01:25:18,025][finetune_logger][INFO] - Current learning rate: 0.00025
2026-06-16 01:25:29 - finetune_logger - INFO - Validation metrics: {'MAE': 0.03250266266159474, 'RMSE': 0.17948405339588083}
[2026-06-16 01:25:29,389][finetune_logger][INFO] - Validation metrics: {'MAE': 0.03250266266159474, 'RMSE': 0.17948405339588083}
2026-06-16 01:25:29 - finetune_logger - INFO - Val time: 11.36s
[2026-06-16 01:25:29,389][finetune_logger][INFO] - Val time: 11.36s
2026-06-16 01:25:29 - finetune_logger - INFO - Val memory reserved: 24.00 MB
[2026-06-16 01:25:29,390][finetune_logger][INFO] - Val memory reserved: 24.00 MB
2026-06-16 01:25:29 - finetune_logger - INFO - Val memory allocated: 18.10 MB
[2026-06-16 01:25:29,390][finetune_logger][INFO] - Val memory allocated: 18.10 MB
2026-06-16 01:25:29 - finetune_logger - INFO - Logged epoch 11 info to /public/home/202411094934/python_project/Spatio-Temporal-Library/time-series/2026-06-16/itransformer/finetune20/pulse/time-series/seed_0/training_log.json
[2026-06-16 01:25:29,393][finetune_logger][INFO] - Logged epoch 11 info to /public/home/202411094934/python_project/Spatio-Temporal-Library/time-series/2026-06-16/itransformer/finetune20/pulse/time-series/seed_0/training_log.json
2026-06-16 01:25:29 - finetune_logger - INFO - New best model! Val loss: 0.032503
[2026-06-16 01:25:29,393][finetune_logger][INFO] - New best model! Val loss: 0.032503
2026-06-16 01:25:52 - finetune_logger - INFO - Test metrics: {'MAE': 0.032491570662393714, 'RMSE': 0.17945440550432953}
[2026-06-16 01:25:52,725][finetune_logger][INFO] - Test metrics: {'MAE': 0.032491570662393714, 'RMSE': 0.17945440550432953}
2026-06-16 01:25:52 - finetune_logger - INFO - Test time: 23.29s
[2026-06-16 01:25:52,725][finetune_logger][INFO] - Test time: 23.29s
2026-06-16 01:25:52 - finetune_logger - INFO - Test memory reserved: 24.00 MB
[2026-06-16 01:25:52,725][finetune_logger][INFO] - Test memory reserved: 24.00 MB
2026-06-16 01:25:52 - finetune_logger - INFO - Test memory allocated: 18.10 MB
[2026-06-16 01:25:52,725][finetune_logger][INFO] - Test memory allocated: 18.10 MB
2026-06-16 01:25:52 - finetune_logger - INFO - Epoch 12/20
[2026-06-16 01:25:52,725][finetune_logger][INFO] - Epoch 12/20
2026-06-16 01:29:11 - finetune_logger - INFO - Train loss: 0.032400647650830595
[2026-06-16 01:29:11,957][finetune_logger][INFO] - Train loss: 0.032400647650830595
2026-06-16 01:29:11 - finetune_logger - INFO - Train time: 199.23096251487732s
[2026-06-16 01:29:11,957][finetune_logger][INFO] - Train time: 199.23096251487732s
2026-06-16 01:29:11 - finetune_logger - INFO - Train memory reserved: 24.00 MB
[2026-06-16 01:29:11,957][finetune_logger][INFO] - Train memory reserved: 24.00 MB
2026-06-16 01:29:11 - finetune_logger - INFO - Train memory allocated: 18.10 MB
[2026-06-16 01:29:11,957][finetune_logger][INFO] - Train memory allocated: 18.10 MB
2026-06-16 01:29:11 - finetune_logger - INFO - Current learning rate: 0.00025
[2026-06-16 01:29:11,957][finetune_logger][INFO] - Current learning rate: 0.00025
2026-06-16 01:29:23 - finetune_logger - INFO - Validation metrics: {'MAE': 0.03246842453250916, 'RMSE': 0.17951089995979913}
[2026-06-16 01:29:23,247][finetune_logger][INFO] - Validation metrics: {'MAE': 0.03246842453250916, 'RMSE': 0.17951089995979913}
2026-06-16 01:29:23 - finetune_logger - INFO - Val time: 11.29s
[2026-06-16 01:29:23,248][finetune_logger][INFO] - Val time: 11.29s
2026-06-16 01:29:23 - finetune_logger - INFO - Val memory reserved: 24.00 MB
[2026-06-16 01:29:23,248][finetune_logger][INFO] - Val memory reserved: 24.00 MB
2026-06-16 01:29:23 - finetune_logger - INFO - Val memory allocated: 18.10 MB
[2026-06-16 01:29:23,248][finetune_logger][INFO] - Val memory allocated: 18.10 MB
2026-06-16 01:29:23 - finetune_logger - INFO - Logged epoch 12 info to /public/home/202411094934/python_project/Spatio-Temporal-Library/time-series/2026-06-16/itransformer/finetune20/pulse/time-series/seed_0/training_log.json
[2026-06-16 01:29:23,251][finetune_logger][INFO] - Logged epoch 12 info to /public/home/202411094934/python_project/Spatio-Temporal-Library/time-series/2026-06-16/itransformer/finetune20/pulse/time-series/seed_0/training_log.json
2026-06-16 01:29:23 - finetune_logger - INFO - New best model! Val loss: 0.032468
[2026-06-16 01:29:23,251][finetune_logger][INFO] - New best model! Val loss: 0.032468
2026-06-16 01:29:46 - finetune_logger - INFO - Test metrics: {'MAE': 0.03245733500183501, 'RMSE': 0.17948128938754493}
[2026-06-16 01:29:46,613][finetune_logger][INFO] - Test metrics: {'MAE': 0.03245733500183501, 'RMSE': 0.17948128938754493}
2026-06-16 01:29:46 - finetune_logger - INFO - Test time: 23.32s
[2026-06-16 01:29:46,613][finetune_logger][INFO] - Test time: 23.32s
2026-06-16 01:29:46 - finetune_logger - INFO - Test memory reserved: 24.00 MB
[2026-06-16 01:29:46,613][finetune_logger][INFO] - Test memory reserved: 24.00 MB
2026-06-16 01:29:46 - finetune_logger - INFO - Test memory allocated: 18.10 MB
[2026-06-16 01:29:46,613][finetune_logger][INFO] - Test memory allocated: 18.10 MB
2026-06-16 01:29:46 - finetune_logger - INFO - Epoch 13/20
[2026-06-16 01:29:46,613][finetune_logger][INFO] - Epoch 13/20
2026-06-16 01:33:05 - finetune_logger - INFO - Train loss: 0.03239654394557134
[2026-06-16 01:33:05,669][finetune_logger][INFO] - Train loss: 0.03239654394557134
2026-06-16 01:33:05 - finetune_logger - INFO - Train time: 199.05566000938416s
[2026-06-16 01:33:05,670][finetune_logger][INFO] - Train time: 199.05566000938416s
2026-06-16 01:33:05 - finetune_logger - INFO - Train memory reserved: 24.00 MB
[2026-06-16 01:33:05,670][finetune_logger][INFO] - Train memory reserved: 24.00 MB
2026-06-16 01:33:05 - finetune_logger - INFO - Train memory allocated: 18.10 MB
[2026-06-16 01:33:05,670][finetune_logger][INFO] - Train memory allocated: 18.10 MB
2026-06-16 01:33:05 - finetune_logger - INFO - Current learning rate: 0.00025
[2026-06-16 01:33:05,670][finetune_logger][INFO] - Current learning rate: 0.00025
2026-06-16 01:33:16 - finetune_logger - INFO - Validation metrics: {'MAE': 0.03247985765337942, 'RMSE': 0.17950044274330115}
[2026-06-16 01:33:16,935][finetune_logger][INFO] - Validation metrics: {'MAE': 0.03247985765337942, 'RMSE': 0.17950044274330115}
2026-06-16 01:33:16 - finetune_logger - INFO - Val time: 11.26s
[2026-06-16 01:33:16,935][finetune_logger][INFO] - Val time: 11.26s
2026-06-16 01:33:16 - finetune_logger - INFO - Val memory reserved: 24.00 MB
[2026-06-16 01:33:16,935][finetune_logger][INFO] - Val memory reserved: 24.00 MB
2026-06-16 01:33:16 - finetune_logger - INFO - Val memory allocated: 18.10 MB
[2026-06-16 01:33:16,936][finetune_logger][INFO] - Val memory allocated: 18.10 MB
2026-06-16 01:33:16 - finetune_logger - INFO - Logged epoch 13 info to /public/home/202411094934/python_project/Spatio-Temporal-Library/time-series/2026-06-16/itransformer/finetune20/pulse/time-series/seed_0/training_log.json
[2026-06-16 01:33:16,939][finetune_logger][INFO] - Logged epoch 13 info to /public/home/202411094934/python_project/Spatio-Temporal-Library/time-series/2026-06-16/itransformer/finetune20/pulse/time-series/seed_0/training_log.json
2026-06-16 01:33:40 - finetune_logger - INFO - Test metrics: {'MAE': 0.03246878105823777, 'RMSE': 0.17947086638140541}
[2026-06-16 01:33:40,347][finetune_logger][INFO] - Test metrics: {'MAE': 0.03246878105823777, 'RMSE': 0.17947086638140541}
2026-06-16 01:33:40 - finetune_logger - INFO - Test time: 23.41s
[2026-06-16 01:33:40,347][finetune_logger][INFO] - Test time: 23.41s
2026-06-16 01:33:40 - finetune_logger - INFO - Test memory reserved: 24.00 MB
[2026-06-16 01:33:40,347][finetune_logger][INFO] - Test memory reserved: 24.00 MB
2026-06-16 01:33:40 - finetune_logger - INFO - Test memory allocated: 18.10 MB
[2026-06-16 01:33:40,347][finetune_logger][INFO] - Test memory allocated: 18.10 MB
2026-06-16 01:33:40 - finetune_logger - INFO - Epoch 14/20
[2026-06-16 01:33:40,347][finetune_logger][INFO] - Epoch 14/20
2026-06-16 01:36:59 - finetune_logger - INFO - Train loss: 0.03239526083498439
[2026-06-16 01:36:59,368][finetune_logger][INFO] - Train loss: 0.03239526083498439
2026-06-16 01:36:59 - finetune_logger - INFO - Train time: 199.0199179649353s
[2026-06-16 01:36:59,368][finetune_logger][INFO] - Train time: 199.0199179649353s
2026-06-16 01:36:59 - finetune_logger - INFO - Train memory reserved: 24.00 MB
[2026-06-16 01:36:59,368][finetune_logger][INFO] - Train memory reserved: 24.00 MB
2026-06-16 01:36:59 - finetune_logger - INFO - Train memory allocated: 18.10 MB
[2026-06-16 01:36:59,368][finetune_logger][INFO] - Train memory allocated: 18.10 MB
2026-06-16 01:36:59 - finetune_logger - INFO - Current learning rate: 0.00025
[2026-06-16 01:36:59,368][finetune_logger][INFO] - Current learning rate: 0.00025
2026-06-16 01:37:10 - finetune_logger - INFO - Validation metrics: {'MAE': 0.03248081116117853, 'RMSE': 0.17948459703635353}
[2026-06-16 01:37:10,719][finetune_logger][INFO] - Validation metrics: {'MAE': 0.03248081116117853, 'RMSE': 0.17948459703635353}
2026-06-16 01:37:10 - finetune_logger - INFO - Val time: 11.35s
[2026-06-16 01:37:10,720][finetune_logger][INFO] - Val time: 11.35s
2026-06-16 01:37:10 - finetune_logger - INFO - Val memory reserved: 24.00 MB
[2026-06-16 01:37:10,720][finetune_logger][INFO] - Val memory reserved: 24.00 MB
2026-06-16 01:37:10 - finetune_logger - INFO - Val memory allocated: 18.10 MB
[2026-06-16 01:37:10,720][finetune_logger][INFO] - Val memory allocated: 18.10 MB
2026-06-16 01:37:10 - finetune_logger - INFO - Logged epoch 14 info to /public/home/202411094934/python_project/Spatio-Temporal-Library/time-series/2026-06-16/itransformer/finetune20/pulse/time-series/seed_0/training_log.json
[2026-06-16 01:37:10,723][finetune_logger][INFO] - Logged epoch 14 info to /public/home/202411094934/python_project/Spatio-Temporal-Library/time-series/2026-06-16/itransformer/finetune20/pulse/time-series/seed_0/training_log.json
2026-06-16 01:37:34 - finetune_logger - INFO - Test metrics: {'MAE': 0.032469712963728144, 'RMSE': 0.17945492057918003}
[2026-06-16 01:37:34,179][finetune_logger][INFO] - Test metrics: {'MAE': 0.032469712963728144, 'RMSE': 0.17945492057918003}
2026-06-16 01:37:34 - finetune_logger - INFO - Test time: 23.46s
[2026-06-16 01:37:34,180][finetune_logger][INFO] - Test time: 23.46s
2026-06-16 01:37:34 - finetune_logger - INFO - Test memory reserved: 24.00 MB
[2026-06-16 01:37:34,180][finetune_logger][INFO] - Test memory reserved: 24.00 MB
2026-06-16 01:37:34 - finetune_logger - INFO - Test memory allocated: 18.10 MB
[2026-06-16 01:37:34,180][finetune_logger][INFO] - Test memory allocated: 18.10 MB
2026-06-16 01:37:34 - finetune_logger - INFO - Epoch 15/20
[2026-06-16 01:37:34,180][finetune_logger][INFO] - Epoch 15/20
2026-06-16 01:40:53 - finetune_logger - INFO - Train loss: 0.0323949736607707
[2026-06-16 01:40:53,058][finetune_logger][INFO] - Train loss: 0.0323949736607707
2026-06-16 01:40:53 - finetune_logger - INFO - Train time: 198.87762832641602s
[2026-06-16 01:40:53,058][finetune_logger][INFO] - Train time: 198.87762832641602s
2026-06-16 01:40:53 - finetune_logger - INFO - Train memory reserved: 24.00 MB
[2026-06-16 01:40:53,058][finetune_logger][INFO] - Train memory reserved: 24.00 MB
2026-06-16 01:40:53 - finetune_logger - INFO - Train memory allocated: 18.10 MB
[2026-06-16 01:40:53,058][finetune_logger][INFO] - Train memory allocated: 18.10 MB
2026-06-16 01:40:53 - finetune_logger - INFO - Current learning rate: 0.00025
[2026-06-16 01:40:53,059][finetune_logger][INFO] - Current learning rate: 0.00025
2026-06-16 01:41:04 - finetune_logger - INFO - Validation metrics: {'MAE': 0.03246429183208156, 'RMSE': 0.17948596828475685}
[2026-06-16 01:41:04,388][finetune_logger][INFO] - Validation metrics: {'MAE': 0.03246429183208156, 'RMSE': 0.17948596828475685}
2026-06-16 01:41:04 - finetune_logger - INFO - Val time: 11.33s
[2026-06-16 01:41:04,389][finetune_logger][INFO] - Val time: 11.33s
2026-06-16 01:41:04 - finetune_logger - INFO - Val memory reserved: 24.00 MB
[2026-06-16 01:41:04,389][finetune_logger][INFO] - Val memory reserved: 24.00 MB
2026-06-16 01:41:04 - finetune_logger - INFO - Val memory allocated: 18.10 MB
[2026-06-16 01:41:04,389][finetune_logger][INFO] - Val memory allocated: 18.10 MB
2026-06-16 01:41:04 - finetune_logger - INFO - Logged epoch 15 info to /public/home/202411094934/python_project/Spatio-Temporal-Library/time-series/2026-06-16/itransformer/finetune20/pulse/time-series/seed_0/training_log.json
[2026-06-16 01:41:04,392][finetune_logger][INFO] - Logged epoch 15 info to /public/home/202411094934/python_project/Spatio-Temporal-Library/time-series/2026-06-16/itransformer/finetune20/pulse/time-series/seed_0/training_log.json
2026-06-16 01:41:04 - finetune_logger - INFO - New best model! Val loss: 0.032464
[2026-06-16 01:41:04,392][finetune_logger][INFO] - New best model! Val loss: 0.032464
2026-06-16 01:41:27 - finetune_logger - INFO - Test metrics: {'MAE': 0.032453196535560766, 'RMSE': 0.17945632448342855}
[2026-06-16 01:41:27,875][finetune_logger][INFO] - Test metrics: {'MAE': 0.032453196535560766, 'RMSE': 0.17945632448342855}
2026-06-16 01:41:27 - finetune_logger - INFO - Test time: 23.44s
[2026-06-16 01:41:27,875][finetune_logger][INFO] - Test time: 23.44s
2026-06-16 01:41:27 - finetune_logger - INFO - Test memory reserved: 24.00 MB
[2026-06-16 01:41:27,875][finetune_logger][INFO] - Test memory reserved: 24.00 MB
2026-06-16 01:41:27 - finetune_logger - INFO - Test memory allocated: 18.10 MB
[2026-06-16 01:41:27,875][finetune_logger][INFO] - Test memory allocated: 18.10 MB
2026-06-16 01:41:27 - finetune_logger - INFO - Epoch 16/20
[2026-06-16 01:41:27,875][finetune_logger][INFO] - Epoch 16/20
2026-06-16 01:44:46 - finetune_logger - INFO - Train loss: 0.032391610200099875
[2026-06-16 01:44:46,700][finetune_logger][INFO] - Train loss: 0.032391610200099875
2026-06-16 01:44:46 - finetune_logger - INFO - Train time: 198.82382702827454s
[2026-06-16 01:44:46,700][finetune_logger][INFO] - Train time: 198.82382702827454s
2026-06-16 01:44:46 - finetune_logger - INFO - Train memory reserved: 24.00 MB
[2026-06-16 01:44:46,700][finetune_logger][INFO] - Train memory reserved: 24.00 MB
2026-06-16 01:44:46 - finetune_logger - INFO - Train memory allocated: 18.10 MB
[2026-06-16 01:44:46,700][finetune_logger][INFO] - Train memory allocated: 18.10 MB
2026-06-16 01:44:46 - finetune_logger - INFO - Current learning rate: 0.00025
[2026-06-16 01:44:46,700][finetune_logger][INFO] - Current learning rate: 0.00025
2026-06-16 01:44:58 - finetune_logger - INFO - Validation metrics: {'MAE': 0.032510263263581515, 'RMSE': 0.17948067767230655}
[2026-06-16 01:44:58,030][finetune_logger][INFO] - Validation metrics: {'MAE': 0.032510263263581515, 'RMSE': 0.17948067767230655}
2026-06-16 01:44:58 - finetune_logger - INFO - Val time: 11.33s
[2026-06-16 01:44:58,030][finetune_logger][INFO] - Val time: 11.33s
2026-06-16 01:44:58 - finetune_logger - INFO - Val memory reserved: 24.00 MB
[2026-06-16 01:44:58,030][finetune_logger][INFO] - Val memory reserved: 24.00 MB
2026-06-16 01:44:58 - finetune_logger - INFO - Val memory allocated: 18.10 MB
[2026-06-16 01:44:58,030][finetune_logger][INFO] - Val memory allocated: 18.10 MB
2026-06-16 01:44:58 - finetune_logger - INFO - Logged epoch 16 info to /public/home/202411094934/python_project/Spatio-Temporal-Library/time-series/2026-06-16/itransformer/finetune20/pulse/time-series/seed_0/training_log.json
[2026-06-16 01:44:58,034][finetune_logger][INFO] - Logged epoch 16 info to /public/home/202411094934/python_project/Spatio-Temporal-Library/time-series/2026-06-16/itransformer/finetune20/pulse/time-series/seed_0/training_log.json
2026-06-16 01:45:21 - finetune_logger - INFO - Test metrics: {'MAE': 0.032499174022666756, 'RMSE': 0.17945101106755748}
[2026-06-16 01:45:21,462][finetune_logger][INFO] - Test metrics: {'MAE': 0.032499174022666756, 'RMSE': 0.17945101106755748}
2026-06-16 01:45:21 - finetune_logger - INFO - Test time: 23.43s
[2026-06-16 01:45:21,463][finetune_logger][INFO] - Test time: 23.43s
2026-06-16 01:45:21 - finetune_logger - INFO - Test memory reserved: 24.00 MB
[2026-06-16 01:45:21,463][finetune_logger][INFO] - Test memory reserved: 24.00 MB
2026-06-16 01:45:21 - finetune_logger - INFO - Test memory allocated: 18.10 MB
[2026-06-16 01:45:21,463][finetune_logger][INFO] - Test memory allocated: 18.10 MB
2026-06-16 01:45:21 - finetune_logger - INFO - Epoch 17/20
[2026-06-16 01:45:21,463][finetune_logger][INFO] - Epoch 17/20
2026-06-16 01:48:40 - finetune_logger - INFO - Train loss: 0.032388474950522536
[2026-06-16 01:48:40,491][finetune_logger][INFO] - Train loss: 0.032388474950522536
2026-06-16 01:48:40 - finetune_logger - INFO - Train time: 199.02782320976257s
[2026-06-16 01:48:40,492][finetune_logger][INFO] - Train time: 199.02782320976257s
2026-06-16 01:48:40 - finetune_logger - INFO - Train memory reserved: 24.00 MB
[2026-06-16 01:48:40,492][finetune_logger][INFO] - Train memory reserved: 24.00 MB
2026-06-16 01:48:40 - finetune_logger - INFO - Train memory allocated: 18.10 MB
[2026-06-16 01:48:40,492][finetune_logger][INFO] - Train memory allocated: 18.10 MB
2026-06-16 01:48:40 - finetune_logger - INFO - Current learning rate: 0.00025
[2026-06-16 01:48:40,492][finetune_logger][INFO] - Current learning rate: 0.00025
2026-06-16 01:48:51 - finetune_logger - INFO - Validation metrics: {'MAE': 0.03242141486153553, 'RMSE': 0.17949239697019082}
[2026-06-16 01:48:51,823][finetune_logger][INFO] - Validation metrics: {'MAE': 0.03242141486153553, 'RMSE': 0.17949239697019082}
2026-06-16 01:48:51 - finetune_logger - INFO - Val time: 11.33s
[2026-06-16 01:48:51,823][finetune_logger][INFO] - Val time: 11.33s
2026-06-16 01:48:51 - finetune_logger - INFO - Val memory reserved: 24.00 MB
[2026-06-16 01:48:51,823][finetune_logger][INFO] - Val memory reserved: 24.00 MB
2026-06-16 01:48:51 - finetune_logger - INFO - Val memory allocated: 18.10 MB
[2026-06-16 01:48:51,823][finetune_logger][INFO] - Val memory allocated: 18.10 MB
2026-06-16 01:48:51 - finetune_logger - INFO - Logged epoch 17 info to /public/home/202411094934/python_project/Spatio-Temporal-Library/time-series/2026-06-16/itransformer/finetune20/pulse/time-series/seed_0/training_log.json
[2026-06-16 01:48:51,827][finetune_logger][INFO] - Logged epoch 17 info to /public/home/202411094934/python_project/Spatio-Temporal-Library/time-series/2026-06-16/itransformer/finetune20/pulse/time-series/seed_0/training_log.json
2026-06-16 01:48:51 - finetune_logger - INFO - New best model! Val loss: 0.032421
[2026-06-16 01:48:51,827][finetune_logger][INFO] - New best model! Val loss: 0.032421
2026-06-16 01:49:15 - finetune_logger - INFO - Test metrics: {'MAE': 0.032410327953912, 'RMSE': 0.17946276834237018}
[2026-06-16 01:49:15,189][finetune_logger][INFO] - Test metrics: {'MAE': 0.032410327953912, 'RMSE': 0.17946276834237018}
2026-06-16 01:49:15 - finetune_logger - INFO - Test time: 23.32s
[2026-06-16 01:49:15,190][finetune_logger][INFO] - Test time: 23.32s
2026-06-16 01:49:15 - finetune_logger - INFO - Test memory reserved: 24.00 MB
[2026-06-16 01:49:15,190][finetune_logger][INFO] - Test memory reserved: 24.00 MB
2026-06-16 01:49:15 - finetune_logger - INFO - Test memory allocated: 18.10 MB
[2026-06-16 01:49:15,190][finetune_logger][INFO] - Test memory allocated: 18.10 MB
2026-06-16 01:49:15 - finetune_logger - INFO - Epoch 18/20
[2026-06-16 01:49:15,190][finetune_logger][INFO] - Epoch 18/20
2026-06-16 01:52:34 - finetune_logger - INFO - Train loss: 0.032385597527623544
[2026-06-16 01:52:34,246][finetune_logger][INFO] - Train loss: 0.032385597527623544
2026-06-16 01:52:34 - finetune_logger - INFO - Train time: 199.05567574501038s
[2026-06-16 01:52:34,246][finetune_logger][INFO] - Train time: 199.05567574501038s
2026-06-16 01:52:34 - finetune_logger - INFO - Train memory reserved: 24.00 MB
[2026-06-16 01:52:34,246][finetune_logger][INFO] - Train memory reserved: 24.00 MB
2026-06-16 01:52:34 - finetune_logger - INFO - Train memory allocated: 18.10 MB
[2026-06-16 01:52:34,247][finetune_logger][INFO] - Train memory allocated: 18.10 MB
2026-06-16 01:52:34 - finetune_logger - INFO - Current learning rate: 0.00025
[2026-06-16 01:52:34,247][finetune_logger][INFO] - Current learning rate: 0.00025
2026-06-16 01:52:45 - finetune_logger - INFO - Validation metrics: {'MAE': 0.032437351179498634, 'RMSE': 0.1795073909284727}
[2026-06-16 01:52:45,591][finetune_logger][INFO] - Validation metrics: {'MAE': 0.032437351179498634, 'RMSE': 0.1795073909284727}
2026-06-16 01:52:45 - finetune_logger - INFO - Val time: 11.34s
[2026-06-16 01:52:45,591][finetune_logger][INFO] - Val time: 11.34s
2026-06-16 01:52:45 - finetune_logger - INFO - Val memory reserved: 24.00 MB
[2026-06-16 01:52:45,591][finetune_logger][INFO] - Val memory reserved: 24.00 MB
2026-06-16 01:52:45 - finetune_logger - INFO - Val memory allocated: 18.10 MB
[2026-06-16 01:52:45,591][finetune_logger][INFO] - Val memory allocated: 18.10 MB
2026-06-16 01:52:45 - finetune_logger - INFO - Logged epoch 18 info to /public/home/202411094934/python_project/Spatio-Temporal-Library/time-series/2026-06-16/itransformer/finetune20/pulse/time-series/seed_0/training_log.json
[2026-06-16 01:52:45,595][finetune_logger][INFO] - Logged epoch 18 info to /public/home/202411094934/python_project/Spatio-Temporal-Library/time-series/2026-06-16/itransformer/finetune20/pulse/time-series/seed_0/training_log.json
2026-06-16 01:53:09 - finetune_logger - INFO - Test metrics: {'MAE': 0.03242625433290127, 'RMSE': 0.1794776924939276}
[2026-06-16 01:53:09,066][finetune_logger][INFO] - Test metrics: {'MAE': 0.03242625433290127, 'RMSE': 0.1794776924939276}
2026-06-16 01:53:09 - finetune_logger - INFO - Test time: 23.47s
[2026-06-16 01:53:09,067][finetune_logger][INFO] - Test time: 23.47s
2026-06-16 01:53:09 - finetune_logger - INFO - Test memory reserved: 24.00 MB
[2026-06-16 01:53:09,067][finetune_logger][INFO] - Test memory reserved: 24.00 MB
2026-06-16 01:53:09 - finetune_logger - INFO - Test memory allocated: 18.10 MB
[2026-06-16 01:53:09,067][finetune_logger][INFO] - Test memory allocated: 18.10 MB
2026-06-16 01:53:09 - finetune_logger - INFO - Epoch 19/20
[2026-06-16 01:53:09,067][finetune_logger][INFO] - Epoch 19/20
2026-06-16 01:56:28 - finetune_logger - INFO - Train loss: 0.032383973315417695
[2026-06-16 01:56:28,444][finetune_logger][INFO] - Train loss: 0.032383973315417695
2026-06-16 01:56:28 - finetune_logger - INFO - Train time: 199.3765721321106s
[2026-06-16 01:56:28,444][finetune_logger][INFO] - Train time: 199.3765721321106s
2026-06-16 01:56:28 - finetune_logger - INFO - Train memory reserved: 24.00 MB
[2026-06-16 01:56:28,445][finetune_logger][INFO] - Train memory reserved: 24.00 MB
2026-06-16 01:56:28 - finetune_logger - INFO - Train memory allocated: 18.10 MB
[2026-06-16 01:56:28,445][finetune_logger][INFO] - Train memory allocated: 18.10 MB
2026-06-16 01:56:28 - finetune_logger - INFO - Current learning rate: 0.00025
[2026-06-16 01:56:28,445][finetune_logger][INFO] - Current learning rate: 0.00025
2026-06-16 01:56:39 - finetune_logger - INFO - Validation metrics: {'MAE': 0.03240851199729394, 'RMSE': 0.17949905209350003}
[2026-06-16 01:56:39,778][finetune_logger][INFO] - Validation metrics: {'MAE': 0.03240851199729394, 'RMSE': 0.17949905209350003}
2026-06-16 01:56:39 - finetune_logger - INFO - Val time: 11.33s
[2026-06-16 01:56:39,779][finetune_logger][INFO] - Val time: 11.33s
2026-06-16 01:56:39 - finetune_logger - INFO - Val memory reserved: 24.00 MB
[2026-06-16 01:56:39,779][finetune_logger][INFO] - Val memory reserved: 24.00 MB
2026-06-16 01:56:39 - finetune_logger - INFO - Val memory allocated: 18.10 MB
[2026-06-16 01:56:39,779][finetune_logger][INFO] - Val memory allocated: 18.10 MB
2026-06-16 01:56:39 - finetune_logger - INFO - Logged epoch 19 info to /public/home/202411094934/python_project/Spatio-Temporal-Library/time-series/2026-06-16/itransformer/finetune20/pulse/time-series/seed_0/training_log.json
[2026-06-16 01:56:39,782][finetune_logger][INFO] - Logged epoch 19 info to /public/home/202411094934/python_project/Spatio-Temporal-Library/time-series/2026-06-16/itransformer/finetune20/pulse/time-series/seed_0/training_log.json
2026-06-16 01:56:39 - finetune_logger - INFO - New best model! Val loss: 0.032409
[2026-06-16 01:56:39,782][finetune_logger][INFO] - New best model! Val loss: 0.032409
2026-06-16 01:57:03 - finetune_logger - INFO - Test metrics: {'MAE': 0.03239743090340383, 'RMSE': 0.1794694668540008}
[2026-06-16 01:57:03,233][finetune_logger][INFO] - Test metrics: {'MAE': 0.03239743090340383, 'RMSE': 0.1794694668540008}
2026-06-16 01:57:03 - finetune_logger - INFO - Test time: 23.41s
[2026-06-16 01:57:03,233][finetune_logger][INFO] - Test time: 23.41s
2026-06-16 01:57:03 - finetune_logger - INFO - Test memory reserved: 24.00 MB
[2026-06-16 01:57:03,233][finetune_logger][INFO] - Test memory reserved: 24.00 MB
2026-06-16 01:57:03 - finetune_logger - INFO - Test memory allocated: 18.10 MB
[2026-06-16 01:57:03,233][finetune_logger][INFO] - Test memory allocated: 18.10 MB
2026-06-16 01:57:03 - finetune_logger - INFO - Epoch 20/20
[2026-06-16 01:57:03,233][finetune_logger][INFO] - Epoch 20/20
2026-06-16 02:00:22 - finetune_logger - INFO - Train loss: 0.03238170620591998
[2026-06-16 02:00:22,286][finetune_logger][INFO] - Train loss: 0.03238170620591998
2026-06-16 02:00:22 - finetune_logger - INFO - Train time: 199.05173110961914s
[2026-06-16 02:00:22,286][finetune_logger][INFO] - Train time: 199.05173110961914s
2026-06-16 02:00:22 - finetune_logger - INFO - Train memory reserved: 24.00 MB
[2026-06-16 02:00:22,286][finetune_logger][INFO] - Train memory reserved: 24.00 MB
2026-06-16 02:00:22 - finetune_logger - INFO - Train memory allocated: 18.10 MB
[2026-06-16 02:00:22,286][finetune_logger][INFO] - Train memory allocated: 18.10 MB
2026-06-16 02:00:22 - finetune_logger - INFO - Current learning rate: 0.00025
[2026-06-16 02:00:22,286][finetune_logger][INFO] - Current learning rate: 0.00025
2026-06-16 02:00:33 - finetune_logger - INFO - Validation metrics: {'MAE': 0.03241817704201771, 'RMSE': 0.1795099940375135}
[2026-06-16 02:00:33,552][finetune_logger][INFO] - Validation metrics: {'MAE': 0.03241817704201771, 'RMSE': 0.1795099940375135}
2026-06-16 02:00:33 - finetune_logger - INFO - Val time: 11.26s
[2026-06-16 02:00:33,552][finetune_logger][INFO] - Val time: 11.26s
2026-06-16 02:00:33 - finetune_logger - INFO - Val memory reserved: 24.00 MB
[2026-06-16 02:00:33,552][finetune_logger][INFO] - Val memory reserved: 24.00 MB
2026-06-16 02:00:33 - finetune_logger - INFO - Val memory allocated: 18.10 MB
[2026-06-16 02:00:33,552][finetune_logger][INFO] - Val memory allocated: 18.10 MB
2026-06-16 02:00:33 - finetune_logger - INFO - Logged epoch 20 info to /public/home/202411094934/python_project/Spatio-Temporal-Library/time-series/2026-06-16/itransformer/finetune20/pulse/time-series/seed_0/training_log.json
[2026-06-16 02:00:33,556][finetune_logger][INFO] - Logged epoch 20 info to /public/home/202411094934/python_project/Spatio-Temporal-Library/time-series/2026-06-16/itransformer/finetune20/pulse/time-series/seed_0/training_log.json
2026-06-16 02:00:56 - finetune_logger - INFO - Test metrics: {'MAE': 0.03240708052336132, 'RMSE': 0.17948035413178048}
[2026-06-16 02:00:56,908][finetune_logger][INFO] - Test metrics: {'MAE': 0.03240708052336132, 'RMSE': 0.17948035413178048}
2026-06-16 02:00:56 - finetune_logger - INFO - Test time: 23.33s
[2026-06-16 02:00:56,908][finetune_logger][INFO] - Test time: 23.33s
2026-06-16 02:00:56 - finetune_logger - INFO - Test memory reserved: 24.00 MB
[2026-06-16 02:00:56,908][finetune_logger][INFO] - Test memory reserved: 24.00 MB
2026-06-16 02:00:56 - finetune_logger - INFO - Test memory allocated: 18.10 MB
[2026-06-16 02:00:56,908][finetune_logger][INFO] - Test memory allocated: 18.10 MB
2026-06-16 02:00:56 - finetune_logger - INFO - Training completed. Best epoch: 19, Best val loss: 0.032409
[2026-06-16 02:00:56,909][finetune_logger][INFO] - Training completed. Best epoch: 19, Best val loss: 0.032409
2026-06-16 02:00:56 - finetune_logger - INFO - Loaded checkpoint from epoch 19
[2026-06-16 02:00:56,942][finetune_logger][INFO] - Loaded checkpoint from epoch 19
2026-06-16 02:00:56 - finetune_logger - INFO - Evaluating best model on test sets...
[2026-06-16 02:00:56,942][finetune_logger][INFO] - Evaluating best model on test sets...
2026-06-16 02:01:20 - finetune_logger - INFO - Test metrics: {'MAE': 0.03239743090340383, 'RMSE': 0.1794694668540008}
[2026-06-16 02:01:20,301][finetune_logger][INFO] - Test metrics: {'MAE': 0.03239743090340383, 'RMSE': 0.1794694668540008}
2026-06-16 02:01:20 - finetune_logger - INFO - Test time: 23.36s
[2026-06-16 02:01:20,302][finetune_logger][INFO] - Test time: 23.36s
2026-06-16 02:01:20 - finetune_logger - INFO - Test memory reserved: 26.00 MB
[2026-06-16 02:01:20,302][finetune_logger][INFO] - Test memory reserved: 26.00 MB
2026-06-16 02:01:20 - finetune_logger - INFO - Test memory allocated: 18.14 MB
[2026-06-16 02:01:20,302][finetune_logger][INFO] - Test memory allocated: 18.14 MB
2026-06-16 02:01:20 - finetune_logger - INFO - Logged epoch test info to /public/home/202411094934/python_project/Spatio-Temporal-Library/time-series/2026-06-16/itransformer/finetune20/pulse/time-series/seed_0/training_log.json
[2026-06-16 02:01:20,305][finetune_logger][INFO] - Logged epoch test info to /public/home/202411094934/python_project/Spatio-Temporal-Library/time-series/2026-06-16/itransformer/finetune20/pulse/time-series/seed_0/training_log.json
2026-06-16 09:06:20 - finetune_logger - INFO - No pretrained checkpoint is provided. Finetuning from scratch.
[2026-06-16 09:06:20,146][finetune_logger][INFO] - No pretrained checkpoint is provided. Finetuning from scratch.
2026-06-16 09:06:20 - finetune_logger - INFO - Model parameters: 158,912
[2026-06-16 09:06:20,149][finetune_logger][INFO] - Model parameters: 158,912
2026-06-16 09:06:21 - finetune_logger - INFO - Log file already exists at /public/home/202411094934/python_project/Spatio-Temporal-Library/time-series/2026-06-16/itransformer/finetune20/pulse/time-series/seed_0/training_log.json, appending to it.
[2026-06-16 09:06:21,187][finetune_logger][INFO] - Log file already exists at /public/home/202411094934/python_project/Spatio-Temporal-Library/time-series/2026-06-16/itransformer/finetune20/pulse/time-series/seed_0/training_log.json, appending to it.
2026-06-16 09:06:21 - finetune_logger - INFO - Starting training...
[2026-06-16 09:06:21,187][finetune_logger][INFO] - Starting training...
2026-06-16 09:06:21 - finetune_logger - INFO - Epoch 1/20
[2026-06-16 09:06:21,188][finetune_logger][INFO] - Epoch 1/20
2026-06-16 09:09:41 - finetune_logger - INFO - Train loss: 0.034795532366088094
[2026-06-16 09:09:41,777][finetune_logger][INFO] - Train loss: 0.034795532366088094
2026-06-16 09:09:41 - finetune_logger - INFO - Train time: 200.5885112285614s
[2026-06-16 09:09:41,777][finetune_logger][INFO] - Train time: 200.5885112285614s
2026-06-16 09:09:41 - finetune_logger - INFO - Train memory reserved: 24.00 MB
[2026-06-16 09:09:41,777][finetune_logger][INFO] - Train memory reserved: 24.00 MB
2026-06-16 09:09:41 - finetune_logger - INFO - Train memory allocated: 18.10 MB
[2026-06-16 09:09:41,777][finetune_logger][INFO] - Train memory allocated: 18.10 MB
2026-06-16 09:09:41 - finetune_logger - INFO - Current learning rate: 0.0005
[2026-06-16 09:09:41,777][finetune_logger][INFO] - Current learning rate: 0.0005
2026-06-16 09:09:53 - finetune_logger - INFO - Validation metrics: {'MAE': 0.03307210142726899, 'RMSE': 0.17950072307299714}
[2026-06-16 09:09:53,105][finetune_logger][INFO] - Validation metrics: {'MAE': 0.03307210142726899, 'RMSE': 0.17950072307299714}
2026-06-16 09:09:53 - finetune_logger - INFO - Val time: 11.33s
[2026-06-16 09:09:53,106][finetune_logger][INFO] - Val time: 11.33s
2026-06-16 09:09:53 - finetune_logger - INFO - Val memory reserved: 24.00 MB
[2026-06-16 09:09:53,106][finetune_logger][INFO] - Val memory reserved: 24.00 MB
2026-06-16 09:09:53 - finetune_logger - INFO - Val memory allocated: 18.10 MB
[2026-06-16 09:09:53,106][finetune_logger][INFO] - Val memory allocated: 18.10 MB
2026-06-16 09:09:53 - finetune_logger - INFO - Logged epoch 1 info to /public/home/202411094934/python_project/Spatio-Temporal-Library/time-series/2026-06-16/itransformer/finetune20/pulse/time-series/seed_0/training_log.json
[2026-06-16 09:09:53,109][finetune_logger][INFO] - Logged epoch 1 info to /public/home/202411094934/python_project/Spatio-Temporal-Library/time-series/2026-06-16/itransformer/finetune20/pulse/time-series/seed_0/training_log.json
2026-06-16 09:09:53 - finetune_logger - INFO - New best model! Val loss: 0.033072
[2026-06-16 09:09:53,110][finetune_logger][INFO] - New best model! Val loss: 0.033072
2026-06-16 09:10:16 - finetune_logger - INFO - Test metrics: {'MAE': 0.03306099466969549, 'RMSE': 0.17947100887947945}
[2026-06-16 09:10:16,687][finetune_logger][INFO] - Test metrics: {'MAE': 0.03306099466969549, 'RMSE': 0.17947100887947945}
2026-06-16 09:10:16 - finetune_logger - INFO - Test time: 23.54s
[2026-06-16 09:10:16,688][finetune_logger][INFO] - Test time: 23.54s
2026-06-16 09:10:16 - finetune_logger - INFO - Test memory reserved: 24.00 MB
[2026-06-16 09:10:16,688][finetune_logger][INFO] - Test memory reserved: 24.00 MB
2026-06-16 09:10:16 - finetune_logger - INFO - Test memory allocated: 18.10 MB
[2026-06-16 09:10:16,688][finetune_logger][INFO] - Test memory allocated: 18.10 MB
2026-06-16 09:10:16 - finetune_logger - INFO - Epoch 2/20
[2026-06-16 09:10:16,688][finetune_logger][INFO] - Epoch 2/20
2026-06-16 09:13:36 - finetune_logger - INFO - Train loss: 0.0327481222154334
[2026-06-16 09:13:36,456][finetune_logger][INFO] - Train loss: 0.0327481222154334
2026-06-16 09:13:36 - finetune_logger - INFO - Train time: 199.76740169525146s
[2026-06-16 09:13:36,456][finetune_logger][INFO] - Train time: 199.76740169525146s
2026-06-16 09:13:36 - finetune_logger - INFO - Train memory reserved: 24.00 MB
[2026-06-16 09:13:36,456][finetune_logger][INFO] - Train memory reserved: 24.00 MB
2026-06-16 09:13:36 - finetune_logger - INFO - Train memory allocated: 18.10 MB
[2026-06-16 09:13:36,456][finetune_logger][INFO] - Train memory allocated: 18.10 MB
2026-06-16 09:13:36 - finetune_logger - INFO - Current learning rate: 0.0005
[2026-06-16 09:13:36,457][finetune_logger][INFO] - Current learning rate: 0.0005
2026-06-16 09:13:47 - finetune_logger - INFO - Validation metrics: {'MAE': 0.032885557641528694, 'RMSE': 0.17949017156502564}
[2026-06-16 09:13:47,870][finetune_logger][INFO] - Validation metrics: {'MAE': 0.032885557641528694, 'RMSE': 0.17949017156502564}
2026-06-16 09:13:47 - finetune_logger - INFO - Val time: 11.41s
[2026-06-16 09:13:47,870][finetune_logger][INFO] - Val time: 11.41s
2026-06-16 09:13:47 - finetune_logger - INFO - Val memory reserved: 24.00 MB
[2026-06-16 09:13:47,870][finetune_logger][INFO] - Val memory reserved: 24.00 MB
2026-06-16 09:13:47 - finetune_logger - INFO - Val memory allocated: 18.10 MB
[2026-06-16 09:13:47,870][finetune_logger][INFO] - Val memory allocated: 18.10 MB
2026-06-16 09:13:47 - finetune_logger - INFO - Logged epoch 2 info to /public/home/202411094934/python_project/Spatio-Temporal-Library/time-series/2026-06-16/itransformer/finetune20/pulse/time-series/seed_0/training_log.json
[2026-06-16 09:13:47,874][finetune_logger][INFO] - Logged epoch 2 info to /public/home/202411094934/python_project/Spatio-Temporal-Library/time-series/2026-06-16/itransformer/finetune20/pulse/time-series/seed_0/training_log.json
2026-06-16 09:13:47 - finetune_logger - INFO - New best model! Val loss: 0.032886
[2026-06-16 09:13:47,874][finetune_logger][INFO] - New best model! Val loss: 0.032886
2026-06-16 09:14:11 - finetune_logger - INFO - Test metrics: {'MAE': 0.03287446997035175, 'RMSE': 0.1794605454671209}
[2026-06-16 09:14:11,383][finetune_logger][INFO] - Test metrics: {'MAE': 0.03287446997035175, 'RMSE': 0.1794605454671209}
2026-06-16 09:14:11 - finetune_logger - INFO - Test time: 23.46s
[2026-06-16 09:14:11,383][finetune_logger][INFO] - Test time: 23.46s
2026-06-16 09:14:11 - finetune_logger - INFO - Test memory reserved: 24.00 MB
[2026-06-16 09:14:11,384][finetune_logger][INFO] - Test memory reserved: 24.00 MB
2026-06-16 09:14:11 - finetune_logger - INFO - Test memory allocated: 18.10 MB
[2026-06-16 09:14:11,384][finetune_logger][INFO] - Test memory allocated: 18.10 MB
2026-06-16 09:14:11 - finetune_logger - INFO - Epoch 3/20
[2026-06-16 09:14:11,384][finetune_logger][INFO] - Epoch 3/20
2026-06-16 09:17:31 - finetune_logger - INFO - Train loss: 0.03269201281689502
[2026-06-16 09:17:31,019][finetune_logger][INFO] - Train loss: 0.03269201281689502
2026-06-16 09:17:31 - finetune_logger - INFO - Train time: 199.6346402168274s
[2026-06-16 09:17:31,019][finetune_logger][INFO] - Train time: 199.6346402168274s
2026-06-16 09:17:31 - finetune_logger - INFO - Train memory reserved: 24.00 MB
[2026-06-16 09:17:31,019][finetune_logger][INFO] - Train memory reserved: 24.00 MB
2026-06-16 09:17:31 - finetune_logger - INFO - Train memory allocated: 18.10 MB
[2026-06-16 09:17:31,019][finetune_logger][INFO] - Train memory allocated: 18.10 MB
2026-06-16 09:17:31 - finetune_logger - INFO - Current learning rate: 0.0005
[2026-06-16 09:17:31,020][finetune_logger][INFO] - Current learning rate: 0.0005
2026-06-16 09:17:43 - finetune_logger - INFO - Validation metrics: {'MAE': 0.03290906082038219, 'RMSE': 0.17948059162130342}
[2026-06-16 09:17:43,518][finetune_logger][INFO] - Validation metrics: {'MAE': 0.03290906082038219, 'RMSE': 0.17948059162130342}
2026-06-16 09:17:43 - finetune_logger - INFO - Val time: 12.50s
[2026-06-16 09:17:43,518][finetune_logger][INFO] - Val time: 12.50s
2026-06-16 09:17:43 - finetune_logger - INFO - Val memory reserved: 24.00 MB
[2026-06-16 09:17:43,518][finetune_logger][INFO] - Val memory reserved: 24.00 MB
2026-06-16 09:17:43 - finetune_logger - INFO - Val memory allocated: 18.10 MB
[2026-06-16 09:17:43,518][finetune_logger][INFO] - Val memory allocated: 18.10 MB
2026-06-16 09:17:43 - finetune_logger - INFO - Logged epoch 3 info to /public/home/202411094934/python_project/Spatio-Temporal-Library/time-series/2026-06-16/itransformer/finetune20/pulse/time-series/seed_0/training_log.json
[2026-06-16 09:17:43,522][finetune_logger][INFO] - Logged epoch 3 info to /public/home/202411094934/python_project/Spatio-Temporal-Library/time-series/2026-06-16/itransformer/finetune20/pulse/time-series/seed_0/training_log.json
2026-06-16 09:18:07 - finetune_logger - INFO - Test metrics: {'MAE': 0.032897942998659155, 'RMSE': 0.17945091029671364}
[2026-06-16 09:18:07,078][finetune_logger][INFO] - Test metrics: {'MAE': 0.032897942998659155, 'RMSE': 0.17945091029671364}
2026-06-16 09:18:07 - finetune_logger - INFO - Test time: 23.56s
[2026-06-16 09:18:07,079][finetune_logger][INFO] - Test time: 23.56s
2026-06-16 09:18:07 - finetune_logger - INFO - Test memory reserved: 24.00 MB
[2026-06-16 09:18:07,079][finetune_logger][INFO] - Test memory reserved: 24.00 MB
2026-06-16 09:18:07 - finetune_logger - INFO - Test memory allocated: 18.10 MB
[2026-06-16 09:18:07,079][finetune_logger][INFO] - Test memory allocated: 18.10 MB
2026-06-16 09:18:07 - finetune_logger - INFO - Epoch 4/20
[2026-06-16 09:18:07,079][finetune_logger][INFO] - Epoch 4/20
2026-06-16 09:21:26 - finetune_logger - INFO - Train loss: 0.03267063730795731
[2026-06-16 09:21:26,390][finetune_logger][INFO] - Train loss: 0.03267063730795731
2026-06-16 09:21:26 - finetune_logger - INFO - Train time: 199.3106551170349s
[2026-06-16 09:21:26,390][finetune_logger][INFO] - Train time: 199.3106551170349s
2026-06-16 09:21:26 - finetune_logger - INFO - Train memory reserved: 24.00 MB
[2026-06-16 09:21:26,391][finetune_logger][INFO] - Train memory reserved: 24.00 MB
2026-06-16 09:21:26 - finetune_logger - INFO - Train memory allocated: 18.10 MB
[2026-06-16 09:21:26,391][finetune_logger][INFO] - Train memory allocated: 18.10 MB
2026-06-16 09:21:26 - finetune_logger - INFO - Current learning rate: 0.0005
[2026-06-16 09:21:26,391][finetune_logger][INFO] - Current learning rate: 0.0005
2026-06-16 09:21:37 - finetune_logger - INFO - Validation metrics: {'MAE': 0.03286167006608744, 'RMSE': 0.17949877002177742}
[2026-06-16 09:21:37,738][finetune_logger][INFO] - Validation metrics: {'MAE': 0.03286167006608744, 'RMSE': 0.17949877002177742}
2026-06-16 09:21:37 - finetune_logger - INFO - Val time: 11.35s
[2026-06-16 09:21:37,739][finetune_logger][INFO] - Val time: 11.35s
2026-06-16 09:21:37 - finetune_logger - INFO - Val memory reserved: 24.00 MB
[2026-06-16 09:21:37,739][finetune_logger][INFO] - Val memory reserved: 24.00 MB
2026-06-16 09:21:37 - finetune_logger - INFO - Val memory allocated: 18.10 MB
[2026-06-16 09:21:37,739][finetune_logger][INFO] - Val memory allocated: 18.10 MB
2026-06-16 09:21:37 - finetune_logger - INFO - Logged epoch 4 info to /public/home/202411094934/python_project/Spatio-Temporal-Library/time-series/2026-06-16/itransformer/finetune20/pulse/time-series/seed_0/training_log.json
[2026-06-16 09:21:37,742][finetune_logger][INFO] - Logged epoch 4 info to /public/home/202411094934/python_project/Spatio-Temporal-Library/time-series/2026-06-16/itransformer/finetune20/pulse/time-series/seed_0/training_log.json
2026-06-16 09:21:37 - finetune_logger - INFO - New best model! Val loss: 0.032862
[2026-06-16 09:21:37,743][finetune_logger][INFO] - New best model! Val loss: 0.032862
2026-06-16 09:22:01 - finetune_logger - INFO - Test metrics: {'MAE': 0.03285058585302697, 'RMSE': 0.1794690868047591}
[2026-06-16 09:22:01,305][finetune_logger][INFO] - Test metrics: {'MAE': 0.03285058585302697, 'RMSE': 0.1794690868047591}
2026-06-16 09:22:01 - finetune_logger - INFO - Test time: 23.52s
[2026-06-16 09:22:01,305][finetune_logger][INFO] - Test time: 23.52s
2026-06-16 09:22:01 - finetune_logger - INFO - Test memory reserved: 24.00 MB
[2026-06-16 09:22:01,305][finetune_logger][INFO] - Test memory reserved: 24.00 MB
2026-06-16 09:22:01 - finetune_logger - INFO - Test memory allocated: 18.10 MB
[2026-06-16 09:22:01,305][finetune_logger][INFO] - Test memory allocated: 18.10 MB
2026-06-16 09:22:01 - finetune_logger - INFO - Epoch 5/20
[2026-06-16 09:22:01,305][finetune_logger][INFO] - Epoch 5/20
2026-06-16 09:25:20 - finetune_logger - INFO - Train loss: 0.032643146390652675
[2026-06-16 09:25:20,795][finetune_logger][INFO] - Train loss: 0.032643146390652675
2026-06-16 09:25:20 - finetune_logger - INFO - Train time: 199.4896581172943s
[2026-06-16 09:25:20,796][finetune_logger][INFO] - Train time: 199.4896581172943s
2026-06-16 09:25:20 - finetune_logger - INFO - Train memory reserved: 24.00 MB
[2026-06-16 09:25:20,796][finetune_logger][INFO] - Train memory reserved: 24.00 MB
2026-06-16 09:25:20 - finetune_logger - INFO - Train memory allocated: 18.10 MB
[2026-06-16 09:25:20,796][finetune_logger][INFO] - Train memory allocated: 18.10 MB
2026-06-16 09:25:20 - finetune_logger - INFO - Current learning rate: 0.0005
[2026-06-16 09:25:20,796][finetune_logger][INFO] - Current learning rate: 0.0005
2026-06-16 09:25:32 - finetune_logger - INFO - Validation metrics: {'MAE': 0.03274461059139926, 'RMSE': 0.1794551091925119}
[2026-06-16 09:25:32,220][finetune_logger][INFO] - Validation metrics: {'MAE': 0.03274461059139926, 'RMSE': 0.1794551091925119}
2026-06-16 09:25:32 - finetune_logger - INFO - Val time: 11.42s
[2026-06-16 09:25:32,220][finetune_logger][INFO] - Val time: 11.42s
2026-06-16 09:25:32 - finetune_logger - INFO - Val memory reserved: 24.00 MB
[2026-06-16 09:25:32,220][finetune_logger][INFO] - Val memory reserved: 24.00 MB
2026-06-16 09:25:32 - finetune_logger - INFO - Val memory allocated: 18.10 MB
[2026-06-16 09:25:32,220][finetune_logger][INFO] - Val memory allocated: 18.10 MB
2026-06-16 09:25:32 - finetune_logger - INFO - Logged epoch 5 info to /public/home/202411094934/python_project/Spatio-Temporal-Library/time-series/2026-06-16/itransformer/finetune20/pulse/time-series/seed_0/training_log.json
[2026-06-16 09:25:32,224][finetune_logger][INFO] - Logged epoch 5 info to /public/home/202411094934/python_project/Spatio-Temporal-Library/time-series/2026-06-16/itransformer/finetune20/pulse/time-series/seed_0/training_log.json
2026-06-16 09:25:32 - finetune_logger - INFO - New best model! Val loss: 0.032745
[2026-06-16 09:25:32,224][finetune_logger][INFO] - New best model! Val loss: 0.032745
2026-06-16 09:25:55 - finetune_logger - INFO - Test metrics: {'MAE': 0.032733538861228664, 'RMSE': 0.17942553220269547}
[2026-06-16 09:25:55,732][finetune_logger][INFO] - Test metrics: {'MAE': 0.032733538861228664, 'RMSE': 0.17942553220269547}
2026-06-16 09:25:55 - finetune_logger - INFO - Test time: 23.46s
[2026-06-16 09:25:55,732][finetune_logger][INFO] - Test time: 23.46s
2026-06-16 09:25:55 - finetune_logger - INFO - Test memory reserved: 24.00 MB
[2026-06-16 09:25:55,732][finetune_logger][INFO] - Test memory reserved: 24.00 MB
2026-06-16 09:25:55 - finetune_logger - INFO - Test memory allocated: 18.10 MB
[2026-06-16 09:25:55,732][finetune_logger][INFO] - Test memory allocated: 18.10 MB
2026-06-16 09:25:55 - finetune_logger - INFO - Epoch 6/20
[2026-06-16 09:25:55,732][finetune_logger][INFO] - Epoch 6/20
2026-06-16 09:29:15 - finetune_logger - INFO - Train loss: 0.03262322840472913
[2026-06-16 09:29:15,329][finetune_logger][INFO] - Train loss: 0.03262322840472913
2026-06-16 09:29:15 - finetune_logger - INFO - Train time: 199.59655928611755s
[2026-06-16 09:29:15,330][finetune_logger][INFO] - Train time: 199.59655928611755s
2026-06-16 09:29:15 - finetune_logger - INFO - Train memory reserved: 24.00 MB
[2026-06-16 09:29:15,330][finetune_logger][INFO] - Train memory reserved: 24.00 MB
2026-06-16 09:29:15 - finetune_logger - INFO - Train memory allocated: 18.10 MB
[2026-06-16 09:29:15,330][finetune_logger][INFO] - Train memory allocated: 18.10 MB
2026-06-16 09:29:15 - finetune_logger - INFO - Current learning rate: 0.0005
[2026-06-16 09:29:15,330][finetune_logger][INFO] - Current learning rate: 0.0005
2026-06-16 09:29:26 - finetune_logger - INFO - Validation metrics: {'MAE': 0.0327889099525003, 'RMSE': 0.17953455078396846}
[2026-06-16 09:29:26,691][finetune_logger][INFO] - Validation metrics: {'MAE': 0.0327889099525003, 'RMSE': 0.17953455078396846}
2026-06-16 09:29:26 - finetune_logger - INFO - Val time: 11.36s
[2026-06-16 09:29:26,691][finetune_logger][INFO] - Val time: 11.36s
2026-06-16 09:29:26 - finetune_logger - INFO - Val memory reserved: 24.00 MB
[2026-06-16 09:29:26,691][finetune_logger][INFO] - Val memory reserved: 24.00 MB
2026-06-16 09:29:26 - finetune_logger - INFO - Val memory allocated: 18.10 MB
[2026-06-16 09:29:26,691][finetune_logger][INFO] - Val memory allocated: 18.10 MB
2026-06-16 09:29:26 - finetune_logger - INFO - Logged epoch 6 info to /public/home/202411094934/python_project/Spatio-Temporal-Library/time-series/2026-06-16/itransformer/finetune20/pulse/time-series/seed_0/training_log.json
[2026-06-16 09:29:26,695][finetune_logger][INFO] - Logged epoch 6 info to /public/home/202411094934/python_project/Spatio-Temporal-Library/time-series/2026-06-16/itransformer/finetune20/pulse/time-series/seed_0/training_log.json
2026-06-16 09:29:50 - finetune_logger - INFO - Test metrics: {'MAE': 0.03277785128880254, 'RMSE': 0.17950506220672344}
[2026-06-16 09:29:50,162][finetune_logger][INFO] - Test metrics: {'MAE': 0.03277785128880254, 'RMSE': 0.17950506220672344}
2026-06-16 09:29:50 - finetune_logger - INFO - Test time: 23.47s
[2026-06-16 09:29:50,162][finetune_logger][INFO] - Test time: 23.47s
2026-06-16 09:29:50 - finetune_logger - INFO - Test memory reserved: 24.00 MB
[2026-06-16 09:29:50,163][finetune_logger][INFO] - Test memory reserved: 24.00 MB
2026-06-16 09:29:50 - finetune_logger - INFO - Test memory allocated: 18.10 MB
[2026-06-16 09:29:50,163][finetune_logger][INFO] - Test memory allocated: 18.10 MB
2026-06-16 09:29:50 - finetune_logger - INFO - Epoch 7/20
[2026-06-16 09:29:50,163][finetune_logger][INFO] - Epoch 7/20
2026-06-16 09:33:09 - finetune_logger - INFO - Train loss: 0.03261015066486057
[2026-06-16 09:33:09,999][finetune_logger][INFO] - Train loss: 0.03261015066486057
2026-06-16 09:33:09 - finetune_logger - INFO - Train time: 199.83553051948547s
[2026-06-16 09:33:09,999][finetune_logger][INFO] - Train time: 199.83553051948547s
2026-06-16 09:33:09 - finetune_logger - INFO - Train memory reserved: 24.00 MB
[2026-06-16 09:33:09,999][finetune_logger][INFO] - Train memory reserved: 24.00 MB
2026-06-16 09:33:09 - finetune_logger - INFO - Train memory allocated: 18.10 MB
[2026-06-16 09:33:09,999][finetune_logger][INFO] - Train memory allocated: 18.10 MB
2026-06-16 09:33:09 - finetune_logger - INFO - Current learning rate: 0.0005
[2026-06-16 09:33:09,999][finetune_logger][INFO] - Current learning rate: 0.0005
2026-06-16 09:33:21 - finetune_logger - INFO - Validation metrics: {'MAE': 0.032856930075026505, 'RMSE': 0.17947078949230064}
[2026-06-16 09:33:21,409][finetune_logger][INFO] - Validation metrics: {'MAE': 0.032856930075026505, 'RMSE': 0.17947078949230064}
2026-06-16 09:33:21 - finetune_logger - INFO - Val time: 11.41s
[2026-06-16 09:33:21,409][finetune_logger][INFO] - Val time: 11.41s
2026-06-16 09:33:21 - finetune_logger - INFO - Val memory reserved: 24.00 MB
[2026-06-16 09:33:21,409][finetune_logger][INFO] - Val memory reserved: 24.00 MB
2026-06-16 09:33:21 - finetune_logger - INFO - Val memory allocated: 18.10 MB
[2026-06-16 09:33:21,409][finetune_logger][INFO] - Val memory allocated: 18.10 MB
2026-06-16 09:33:21 - finetune_logger - INFO - Logged epoch 7 info to /public/home/202411094934/python_project/Spatio-Temporal-Library/time-series/2026-06-16/itransformer/finetune20/pulse/time-series/seed_0/training_log.json
[2026-06-16 09:33:21,413][finetune_logger][INFO] - Logged epoch 7 info to /public/home/202411094934/python_project/Spatio-Temporal-Library/time-series/2026-06-16/itransformer/finetune20/pulse/time-series/seed_0/training_log.json
2026-06-16 09:33:44 - finetune_logger - INFO - Test metrics: {'MAE': 0.03284578388320574, 'RMSE': 0.17944096645541713}
[2026-06-16 09:33:44,941][finetune_logger][INFO] - Test metrics: {'MAE': 0.03284578388320574, 'RMSE': 0.17944096645541713}
2026-06-16 09:33:44 - finetune_logger - INFO - Test time: 23.53s
[2026-06-16 09:33:44,941][finetune_logger][INFO] - Test time: 23.53s
2026-06-16 09:33:44 - finetune_logger - INFO - Test memory reserved: 24.00 MB
[2026-06-16 09:33:44,941][finetune_logger][INFO] - Test memory reserved: 24.00 MB
2026-06-16 09:33:44 - finetune_logger - INFO - Test memory allocated: 18.10 MB
[2026-06-16 09:33:44,942][finetune_logger][INFO] - Test memory allocated: 18.10 MB
2026-06-16 09:33:44 - finetune_logger - INFO - Epoch 8/20
[2026-06-16 09:33:44,942][finetune_logger][INFO] - Epoch 8/20
2026-06-16 09:37:05 - finetune_logger - INFO - Train loss: 0.032586104644780005
[2026-06-16 09:37:05,122][finetune_logger][INFO] - Train loss: 0.032586104644780005
2026-06-16 09:37:05 - finetune_logger - INFO - Train time: 200.17999815940857s
[2026-06-16 09:37:05,122][finetune_logger][INFO] - Train time: 200.17999815940857s
2026-06-16 09:37:05 - finetune_logger - INFO - Train memory reserved: 24.00 MB
[2026-06-16 09:37:05,123][finetune_logger][INFO] - Train memory reserved: 24.00 MB
2026-06-16 09:37:05 - finetune_logger - INFO - Train memory allocated: 18.10 MB
[2026-06-16 09:37:05,123][finetune_logger][INFO] - Train memory allocated: 18.10 MB
2026-06-16 09:37:05 - finetune_logger - INFO - Current learning rate: 0.0005
[2026-06-16 09:37:05,123][finetune_logger][INFO] - Current learning rate: 0.0005
2026-06-16 09:37:16 - finetune_logger - INFO - Validation metrics: {'MAE': 0.03272385913398328, 'RMSE': 0.17953248382639378}
[2026-06-16 09:37:16,525][finetune_logger][INFO] - Validation metrics: {'MAE': 0.03272385913398328, 'RMSE': 0.17953248382639378}
2026-06-16 09:37:16 - finetune_logger - INFO - Val time: 11.40s
[2026-06-16 09:37:16,526][finetune_logger][INFO] - Val time: 11.40s
2026-06-16 09:37:16 - finetune_logger - INFO - Val memory reserved: 24.00 MB
[2026-06-16 09:37:16,526][finetune_logger][INFO] - Val memory reserved: 24.00 MB
2026-06-16 09:37:16 - finetune_logger - INFO - Val memory allocated: 18.10 MB
[2026-06-16 09:37:16,526][finetune_logger][INFO] - Val memory allocated: 18.10 MB
2026-06-16 09:37:16 - finetune_logger - INFO - Logged epoch 8 info to /public/home/202411094934/python_project/Spatio-Temporal-Library/time-series/2026-06-16/itransformer/finetune20/pulse/time-series/seed_0/training_log.json
[2026-06-16 09:37:16,529][finetune_logger][INFO] - Logged epoch 8 info to /public/home/202411094934/python_project/Spatio-Temporal-Library/time-series/2026-06-16/itransformer/finetune20/pulse/time-series/seed_0/training_log.json
2026-06-16 09:37:16 - finetune_logger - INFO - New best model! Val loss: 0.032724
[2026-06-16 09:37:16,530][finetune_logger][INFO] - New best model! Val loss: 0.032724
2026-06-16 09:37:40 - finetune_logger - INFO - Test metrics: {'MAE': 0.032712783319291054, 'RMSE': 0.17950288532811545}
[2026-06-16 09:37:40,043][finetune_logger][INFO] - Test metrics: {'MAE': 0.032712783319291054, 'RMSE': 0.17950288532811545}
2026-06-16 09:37:40 - finetune_logger - INFO - Test time: 23.47s
[2026-06-16 09:37:40,043][finetune_logger][INFO] - Test time: 23.47s
2026-06-16 09:37:40 - finetune_logger - INFO - Test memory reserved: 24.00 MB
[2026-06-16 09:37:40,043][finetune_logger][INFO] - Test memory reserved: 24.00 MB
2026-06-16 09:37:40 - finetune_logger - INFO - Test memory allocated: 18.10 MB
[2026-06-16 09:37:40,043][finetune_logger][INFO] - Test memory allocated: 18.10 MB
2026-06-16 09:37:40 - finetune_logger - INFO - Epoch 9/20
[2026-06-16 09:37:40,044][finetune_logger][INFO] - Epoch 9/20
2026-06-16 09:40:59 - finetune_logger - INFO - Train loss: 0.0325735407692058
[2026-06-16 09:40:59,996][finetune_logger][INFO] - Train loss: 0.0325735407692058
2026-06-16 09:40:59 - finetune_logger - INFO - Train time: 199.9515609741211s
[2026-06-16 09:40:59,996][finetune_logger][INFO] - Train time: 199.9515609741211s
2026-06-16 09:40:59 - finetune_logger - INFO - Train memory reserved: 24.00 MB
[2026-06-16 09:40:59,996][finetune_logger][INFO] - Train memory reserved: 24.00 MB
2026-06-16 09:40:59 - finetune_logger - INFO - Train memory allocated: 18.10 MB
[2026-06-16 09:40:59,996][finetune_logger][INFO] - Train memory allocated: 18.10 MB
2026-06-16 09:40:59 - finetune_logger - INFO - Current learning rate: 0.0005
[2026-06-16 09:40:59,996][finetune_logger][INFO] - Current learning rate: 0.0005
2026-06-16 09:41:11 - finetune_logger - INFO - Validation metrics: {'MAE': 0.032877172525427725, 'RMSE': 0.1794742416344944}
[2026-06-16 09:41:11,383][finetune_logger][INFO] - Validation metrics: {'MAE': 0.032877172525427725, 'RMSE': 0.1794742416344944}
2026-06-16 09:41:11 - finetune_logger - INFO - Val time: 11.39s
[2026-06-16 09:41:11,384][finetune_logger][INFO] - Val time: 11.39s
2026-06-16 09:41:11 - finetune_logger - INFO - Val memory reserved: 24.00 MB
[2026-06-16 09:41:11,384][finetune_logger][INFO] - Val memory reserved: 24.00 MB
2026-06-16 09:41:11 - finetune_logger - INFO - Val memory allocated: 18.10 MB
[2026-06-16 09:41:11,384][finetune_logger][INFO] - Val memory allocated: 18.10 MB
2026-06-16 09:41:11 - finetune_logger - INFO - Logged epoch 9 info to /public/home/202411094934/python_project/Spatio-Temporal-Library/time-series/2026-06-16/itransformer/finetune20/pulse/time-series/seed_0/training_log.json
[2026-06-16 09:41:11,388][finetune_logger][INFO] - Logged epoch 9 info to /public/home/202411094934/python_project/Spatio-Temporal-Library/time-series/2026-06-16/itransformer/finetune20/pulse/time-series/seed_0/training_log.json
2026-06-16 09:41:35 - finetune_logger - INFO - Test metrics: {'MAE': 0.03286604963054007, 'RMSE': 0.1794444351672172}
[2026-06-16 09:41:35,900][finetune_logger][INFO] - Test metrics: {'MAE': 0.03286604963054007, 'RMSE': 0.1794444351672172}
2026-06-16 09:41:35 - finetune_logger - INFO - Test time: 24.51s
[2026-06-16 09:41:35,900][finetune_logger][INFO] - Test time: 24.51s
2026-06-16 09:41:35 - finetune_logger - INFO - Test memory reserved: 24.00 MB
[2026-06-16 09:41:35,900][finetune_logger][INFO] - Test memory reserved: 24.00 MB
2026-06-16 09:41:35 - finetune_logger - INFO - Test memory allocated: 18.10 MB
[2026-06-16 09:41:35,901][finetune_logger][INFO] - Test memory allocated: 18.10 MB
2026-06-16 09:41:35 - finetune_logger - INFO - Epoch 10/20
[2026-06-16 09:41:35,901][finetune_logger][INFO] - Epoch 10/20
2026-06-16 09:44:55 - finetune_logger - INFO - Train loss: 0.032559901578626066
[2026-06-16 09:44:55,698][finetune_logger][INFO] - Train loss: 0.032559901578626066
2026-06-16 09:44:55 - finetune_logger - INFO - Train time: 199.79659914970398s
[2026-06-16 09:44:55,698][finetune_logger][INFO] - Train time: 199.79659914970398s
2026-06-16 09:44:55 - finetune_logger - INFO - Train memory reserved: 24.00 MB
[2026-06-16 09:44:55,698][finetune_logger][INFO] - Train memory reserved: 24.00 MB
2026-06-16 09:44:55 - finetune_logger - INFO - Train memory allocated: 18.10 MB
[2026-06-16 09:44:55,698][finetune_logger][INFO] - Train memory allocated: 18.10 MB
2026-06-16 09:44:55 - finetune_logger - INFO - Current learning rate: 0.0005
[2026-06-16 09:44:55,698][finetune_logger][INFO] - Current learning rate: 0.0005
2026-06-16 09:45:07 - finetune_logger - INFO - Validation metrics: {'MAE': 0.03269614160786727, 'RMSE': 0.17952906643934416}
[2026-06-16 09:45:07,147][finetune_logger][INFO] - Validation metrics: {'MAE': 0.03269614160786727, 'RMSE': 0.17952906643934416}
2026-06-16 09:45:07 - finetune_logger - INFO - Val time: 11.45s
[2026-06-16 09:45:07,147][finetune_logger][INFO] - Val time: 11.45s
2026-06-16 09:45:07 - finetune_logger - INFO - Val memory reserved: 24.00 MB
[2026-06-16 09:45:07,148][finetune_logger][INFO] - Val memory reserved: 24.00 MB
2026-06-16 09:45:07 - finetune_logger - INFO - Val memory allocated: 18.10 MB
[2026-06-16 09:45:07,148][finetune_logger][INFO] - Val memory allocated: 18.10 MB
2026-06-16 09:45:07 - finetune_logger - INFO - Logged epoch 10 info to /public/home/202411094934/python_project/Spatio-Temporal-Library/time-series/2026-06-16/itransformer/finetune20/pulse/time-series/seed_0/training_log.json
[2026-06-16 09:45:07,151][finetune_logger][INFO] - Logged epoch 10 info to /public/home/202411094934/python_project/Spatio-Temporal-Library/time-series/2026-06-16/itransformer/finetune20/pulse/time-series/seed_0/training_log.json
2026-06-16 09:45:07 - finetune_logger - INFO - New best model! Val loss: 0.032696
[2026-06-16 09:45:07,151][finetune_logger][INFO] - New best model! Val loss: 0.032696
2026-06-16 09:45:30 - finetune_logger - INFO - Test metrics: {'MAE': 0.032685068073633854, 'RMSE': 0.17949950367172474}
[2026-06-16 09:45:30,760][finetune_logger][INFO] - Test metrics: {'MAE': 0.032685068073633854, 'RMSE': 0.17949950367172474}
2026-06-16 09:45:30 - finetune_logger - INFO - Test time: 23.56s
[2026-06-16 09:45:30,761][finetune_logger][INFO] - Test time: 23.56s
2026-06-16 09:45:30 - finetune_logger - INFO - Test memory reserved: 24.00 MB
[2026-06-16 09:45:30,761][finetune_logger][INFO] - Test memory reserved: 24.00 MB
2026-06-16 09:45:30 - finetune_logger - INFO - Test memory allocated: 18.10 MB
[2026-06-16 09:45:30,761][finetune_logger][INFO] - Test memory allocated: 18.10 MB
2026-06-16 09:45:30 - finetune_logger - INFO - Epoch 11/20
[2026-06-16 09:45:30,761][finetune_logger][INFO] - Epoch 11/20
2026-06-16 09:48:50 - finetune_logger - INFO - Train loss: 0.03240308021932093
[2026-06-16 09:48:50,803][finetune_logger][INFO] - Train loss: 0.03240308021932093
2026-06-16 09:48:50 - finetune_logger - INFO - Train time: 200.0418038368225s
[2026-06-16 09:48:50,804][finetune_logger][INFO] - Train time: 200.0418038368225s
2026-06-16 09:48:50 - finetune_logger - INFO - Train memory reserved: 24.00 MB
[2026-06-16 09:48:50,804][finetune_logger][INFO] - Train memory reserved: 24.00 MB
2026-06-16 09:48:50 - finetune_logger - INFO - Train memory allocated: 18.10 MB
[2026-06-16 09:48:50,804][finetune_logger][INFO] - Train memory allocated: 18.10 MB
2026-06-16 09:48:50 - finetune_logger - INFO - Current learning rate: 0.00025
[2026-06-16 09:48:50,804][finetune_logger][INFO] - Current learning rate: 0.00025
2026-06-16 09:49:02 - finetune_logger - INFO - Validation metrics: {'MAE': 0.03250266266159474, 'RMSE': 0.17948405339588083}
[2026-06-16 09:49:02,279][finetune_logger][INFO] - Validation metrics: {'MAE': 0.03250266266159474, 'RMSE': 0.17948405339588083}
2026-06-16 09:49:02 - finetune_logger - INFO - Val time: 11.47s
[2026-06-16 09:49:02,279][finetune_logger][INFO] - Val time: 11.47s
2026-06-16 09:49:02 - finetune_logger - INFO - Val memory reserved: 24.00 MB
[2026-06-16 09:49:02,279][finetune_logger][INFO] - Val memory reserved: 24.00 MB
2026-06-16 09:49:02 - finetune_logger - INFO - Val memory allocated: 18.10 MB
[2026-06-16 09:49:02,279][finetune_logger][INFO] - Val memory allocated: 18.10 MB
2026-06-16 09:49:02 - finetune_logger - INFO - Logged epoch 11 info to /public/home/202411094934/python_project/Spatio-Temporal-Library/time-series/2026-06-16/itransformer/finetune20/pulse/time-series/seed_0/training_log.json
[2026-06-16 09:49:02,283][finetune_logger][INFO] - Logged epoch 11 info to /public/home/202411094934/python_project/Spatio-Temporal-Library/time-series/2026-06-16/itransformer/finetune20/pulse/time-series/seed_0/training_log.json
2026-06-16 09:49:02 - finetune_logger - INFO - New best model! Val loss: 0.032503
[2026-06-16 09:49:02,283][finetune_logger][INFO] - New best model! Val loss: 0.032503
2026-06-16 09:49:25 - finetune_logger - INFO - Test metrics: {'MAE': 0.032491570662393714, 'RMSE': 0.17945440550432953}
[2026-06-16 09:49:25,867][finetune_logger][INFO] - Test metrics: {'MAE': 0.032491570662393714, 'RMSE': 0.17945440550432953}
2026-06-16 09:49:25 - finetune_logger - INFO - Test time: 23.54s
[2026-06-16 09:49:25,868][finetune_logger][INFO] - Test time: 23.54s
2026-06-16 09:49:25 - finetune_logger - INFO - Test memory reserved: 24.00 MB
[2026-06-16 09:49:25,868][finetune_logger][INFO] - Test memory reserved: 24.00 MB
2026-06-16 09:49:25 - finetune_logger - INFO - Test memory allocated: 18.10 MB
[2026-06-16 09:49:25,868][finetune_logger][INFO] - Test memory allocated: 18.10 MB
2026-06-16 09:49:25 - finetune_logger - INFO - Epoch 12/20
[2026-06-16 09:49:25,868][finetune_logger][INFO] - Epoch 12/20
2026-06-16 09:52:45 - finetune_logger - INFO - Train loss: 0.032400647650830595
[2026-06-16 09:52:45,916][finetune_logger][INFO] - Train loss: 0.032400647650830595
2026-06-16 09:52:45 - finetune_logger - INFO - Train time: 200.0479884147644s
[2026-06-16 09:52:45,917][finetune_logger][INFO] - Train time: 200.0479884147644s
2026-06-16 09:52:45 - finetune_logger - INFO - Train memory reserved: 24.00 MB
[2026-06-16 09:52:45,917][finetune_logger][INFO] - Train memory reserved: 24.00 MB
2026-06-16 09:52:45 - finetune_logger - INFO - Train memory allocated: 18.10 MB
[2026-06-16 09:52:45,917][finetune_logger][INFO] - Train memory allocated: 18.10 MB
2026-06-16 09:52:45 - finetune_logger - INFO - Current learning rate: 0.00025
[2026-06-16 09:52:45,917][finetune_logger][INFO] - Current learning rate: 0.00025
2026-06-16 09:52:57 - finetune_logger - INFO - Validation metrics: {'MAE': 0.03246842453250916, 'RMSE': 0.17951089995979913}
[2026-06-16 09:52:57,303][finetune_logger][INFO] - Validation metrics: {'MAE': 0.03246842453250916, 'RMSE': 0.17951089995979913}
2026-06-16 09:52:57 - finetune_logger - INFO - Val time: 11.39s
[2026-06-16 09:52:57,303][finetune_logger][INFO] - Val time: 11.39s
2026-06-16 09:52:57 - finetune_logger - INFO - Val memory reserved: 24.00 MB
[2026-06-16 09:52:57,303][finetune_logger][INFO] - Val memory reserved: 24.00 MB
2026-06-16 09:52:57 - finetune_logger - INFO - Val memory allocated: 18.10 MB
[2026-06-16 09:52:57,304][finetune_logger][INFO] - Val memory allocated: 18.10 MB
2026-06-16 09:52:57 - finetune_logger - INFO - Logged epoch 12 info to /public/home/202411094934/python_project/Spatio-Temporal-Library/time-series/2026-06-16/itransformer/finetune20/pulse/time-series/seed_0/training_log.json
[2026-06-16 09:52:57,307][finetune_logger][INFO] - Logged epoch 12 info to /public/home/202411094934/python_project/Spatio-Temporal-Library/time-series/2026-06-16/itransformer/finetune20/pulse/time-series/seed_0/training_log.json
2026-06-16 09:52:57 - finetune_logger - INFO - New best model! Val loss: 0.032468
[2026-06-16 09:52:57,307][finetune_logger][INFO] - New best model! Val loss: 0.032468
2026-06-16 09:53:20 - finetune_logger - INFO - Test metrics: {'MAE': 0.03245733500183501, 'RMSE': 0.17948128938754493}
[2026-06-16 09:53:20,946][finetune_logger][INFO] - Test metrics: {'MAE': 0.03245733500183501, 'RMSE': 0.17948128938754493}
2026-06-16 09:53:20 - finetune_logger - INFO - Test time: 23.59s
[2026-06-16 09:53:20,946][finetune_logger][INFO] - Test time: 23.59s
2026-06-16 09:53:20 - finetune_logger - INFO - Test memory reserved: 24.00 MB
[2026-06-16 09:53:20,946][finetune_logger][INFO] - Test memory reserved: 24.00 MB
2026-06-16 09:53:20 - finetune_logger - INFO - Test memory allocated: 18.10 MB
[2026-06-16 09:53:20,946][finetune_logger][INFO] - Test memory allocated: 18.10 MB
2026-06-16 09:53:20 - finetune_logger - INFO - Epoch 13/20
[2026-06-16 09:53:20,946][finetune_logger][INFO] - Epoch 13/20
2026-06-16 09:56:41 - finetune_logger - INFO - Train loss: 0.03239654394557134
[2026-06-16 09:56:41,073][finetune_logger][INFO] - Train loss: 0.03239654394557134
2026-06-16 09:56:41 - finetune_logger - INFO - Train time: 200.12649607658386s
[2026-06-16 09:56:41,074][finetune_logger][INFO] - Train time: 200.12649607658386s
2026-06-16 09:56:41 - finetune_logger - INFO - Train memory reserved: 24.00 MB
[2026-06-16 09:56:41,074][finetune_logger][INFO] - Train memory reserved: 24.00 MB
2026-06-16 09:56:41 - finetune_logger - INFO - Train memory allocated: 18.10 MB
[2026-06-16 09:56:41,074][finetune_logger][INFO] - Train memory allocated: 18.10 MB
2026-06-16 09:56:41 - finetune_logger - INFO - Current learning rate: 0.00025
[2026-06-16 09:56:41,074][finetune_logger][INFO] - Current learning rate: 0.00025
2026-06-16 09:56:52 - finetune_logger - INFO - Validation metrics: {'MAE': 0.03247985765337942, 'RMSE': 0.17950044274330115}
[2026-06-16 09:56:52,464][finetune_logger][INFO] - Validation metrics: {'MAE': 0.03247985765337942, 'RMSE': 0.17950044274330115}
2026-06-16 09:56:52 - finetune_logger - INFO - Val time: 11.39s
[2026-06-16 09:56:52,464][finetune_logger][INFO] - Val time: 11.39s
2026-06-16 09:56:52 - finetune_logger - INFO - Val memory reserved: 24.00 MB
[2026-06-16 09:56:52,464][finetune_logger][INFO] - Val memory reserved: 24.00 MB
2026-06-16 09:56:52 - finetune_logger - INFO - Val memory allocated: 18.10 MB
[2026-06-16 09:56:52,464][finetune_logger][INFO] - Val memory allocated: 18.10 MB
2026-06-16 09:56:52 - finetune_logger - INFO - Logged epoch 13 info to /public/home/202411094934/python_project/Spatio-Temporal-Library/time-series/2026-06-16/itransformer/finetune20/pulse/time-series/seed_0/training_log.json
[2026-06-16 09:56:52,468][finetune_logger][INFO] - Logged epoch 13 info to /public/home/202411094934/python_project/Spatio-Temporal-Library/time-series/2026-06-16/itransformer/finetune20/pulse/time-series/seed_0/training_log.json
2026-06-16 09:57:16 - finetune_logger - INFO - Test metrics: {'MAE': 0.03246878105823777, 'RMSE': 0.17947086638140541}
[2026-06-16 09:57:16,079][finetune_logger][INFO] - Test metrics: {'MAE': 0.03246878105823777, 'RMSE': 0.17947086638140541}
2026-06-16 09:57:16 - finetune_logger - INFO - Test time: 23.61s
[2026-06-16 09:57:16,079][finetune_logger][INFO] - Test time: 23.61s
2026-06-16 09:57:16 - finetune_logger - INFO - Test memory reserved: 24.00 MB
[2026-06-16 09:57:16,079][finetune_logger][INFO] - Test memory reserved: 24.00 MB
2026-06-16 09:57:16 - finetune_logger - INFO - Test memory allocated: 18.10 MB
[2026-06-16 09:57:16,079][finetune_logger][INFO] - Test memory allocated: 18.10 MB
2026-06-16 09:57:16 - finetune_logger - INFO - Epoch 14/20
[2026-06-16 09:57:16,079][finetune_logger][INFO] - Epoch 14/20
2026-06-16 10:00:36 - finetune_logger - INFO - Train loss: 0.03239526083498439
[2026-06-16 10:00:36,270][finetune_logger][INFO] - Train loss: 0.03239526083498439
2026-06-16 10:00:36 - finetune_logger - INFO - Train time: 200.1903157234192s
[2026-06-16 10:00:36,270][finetune_logger][INFO] - Train time: 200.1903157234192s
2026-06-16 10:00:36 - finetune_logger - INFO - Train memory reserved: 24.00 MB
[2026-06-16 10:00:36,270][finetune_logger][INFO] - Train memory reserved: 24.00 MB
2026-06-16 10:00:36 - finetune_logger - INFO - Train memory allocated: 18.10 MB
[2026-06-16 10:00:36,271][finetune_logger][INFO] - Train memory allocated: 18.10 MB
2026-06-16 10:00:36 - finetune_logger - INFO - Current learning rate: 0.00025
[2026-06-16 10:00:36,271][finetune_logger][INFO] - Current learning rate: 0.00025
2026-06-16 10:00:47 - finetune_logger - INFO - Validation metrics: {'MAE': 0.03248081116117853, 'RMSE': 0.17948459703635353}
[2026-06-16 10:00:47,694][finetune_logger][INFO] - Validation metrics: {'MAE': 0.03248081116117853, 'RMSE': 0.17948459703635353}
2026-06-16 10:00:47 - finetune_logger - INFO - Val time: 11.42s
[2026-06-16 10:00:47,694][finetune_logger][INFO] - Val time: 11.42s
2026-06-16 10:00:47 - finetune_logger - INFO - Val memory reserved: 24.00 MB
[2026-06-16 10:00:47,694][finetune_logger][INFO] - Val memory reserved: 24.00 MB
2026-06-16 10:00:47 - finetune_logger - INFO - Val memory allocated: 18.10 MB
[2026-06-16 10:00:47,695][finetune_logger][INFO] - Val memory allocated: 18.10 MB
2026-06-16 10:00:47 - finetune_logger - INFO - Logged epoch 14 info to /public/home/202411094934/python_project/Spatio-Temporal-Library/time-series/2026-06-16/itransformer/finetune20/pulse/time-series/seed_0/training_log.json
[2026-06-16 10:00:47,698][finetune_logger][INFO] - Logged epoch 14 info to /public/home/202411094934/python_project/Spatio-Temporal-Library/time-series/2026-06-16/itransformer/finetune20/pulse/time-series/seed_0/training_log.json
2026-06-16 10:01:11 - finetune_logger - INFO - Test metrics: {'MAE': 0.032469712963728144, 'RMSE': 0.17945492057918003}
[2026-06-16 10:01:11,256][finetune_logger][INFO] - Test metrics: {'MAE': 0.032469712963728144, 'RMSE': 0.17945492057918003}
2026-06-16 10:01:11 - finetune_logger - INFO - Test time: 23.56s
[2026-06-16 10:01:11,256][finetune_logger][INFO] - Test time: 23.56s
2026-06-16 10:01:11 - finetune_logger - INFO - Test memory reserved: 24.00 MB
[2026-06-16 10:01:11,256][finetune_logger][INFO] - Test memory reserved: 24.00 MB
2026-06-16 10:01:11 - finetune_logger - INFO - Test memory allocated: 18.10 MB
[2026-06-16 10:01:11,256][finetune_logger][INFO] - Test memory allocated: 18.10 MB
2026-06-16 10:01:11 - finetune_logger - INFO - Epoch 15/20
[2026-06-16 10:01:11,257][finetune_logger][INFO] - Epoch 15/20
2026-06-16 10:04:31 - finetune_logger - INFO - Train loss: 0.0323949736607707
[2026-06-16 10:04:31,318][finetune_logger][INFO] - Train loss: 0.0323949736607707
2026-06-16 10:04:31 - finetune_logger - INFO - Train time: 200.06118321418762s
[2026-06-16 10:04:31,319][finetune_logger][INFO] - Train time: 200.06118321418762s
2026-06-16 10:04:31 - finetune_logger - INFO - Train memory reserved: 24.00 MB
[2026-06-16 10:04:31,319][finetune_logger][INFO] - Train memory reserved: 24.00 MB
2026-06-16 10:04:31 - finetune_logger - INFO - Train memory allocated: 18.10 MB
[2026-06-16 10:04:31,319][finetune_logger][INFO] - Train memory allocated: 18.10 MB
2026-06-16 10:04:31 - finetune_logger - INFO - Current learning rate: 0.00025
[2026-06-16 10:04:31,319][finetune_logger][INFO] - Current learning rate: 0.00025
2026-06-16 10:04:42 - finetune_logger - INFO - Validation metrics: {'MAE': 0.03246429183208156, 'RMSE': 0.17948596828475685}
[2026-06-16 10:04:42,621][finetune_logger][INFO] - Validation metrics: {'MAE': 0.03246429183208156, 'RMSE': 0.17948596828475685}
2026-06-16 10:04:42 - finetune_logger - INFO - Val time: 11.30s
[2026-06-16 10:04:42,621][finetune_logger][INFO] - Val time: 11.30s
2026-06-16 10:04:42 - finetune_logger - INFO - Val memory reserved: 24.00 MB
[2026-06-16 10:04:42,621][finetune_logger][INFO] - Val memory reserved: 24.00 MB
2026-06-16 10:04:42 - finetune_logger - INFO - Val memory allocated: 18.10 MB
[2026-06-16 10:04:42,621][finetune_logger][INFO] - Val memory allocated: 18.10 MB
2026-06-16 10:04:42 - finetune_logger - INFO - Logged epoch 15 info to /public/home/202411094934/python_project/Spatio-Temporal-Library/time-series/2026-06-16/itransformer/finetune20/pulse/time-series/seed_0/training_log.json
[2026-06-16 10:04:42,625][finetune_logger][INFO] - Logged epoch 15 info to /public/home/202411094934/python_project/Spatio-Temporal-Library/time-series/2026-06-16/itransformer/finetune20/pulse/time-series/seed_0/training_log.json
2026-06-16 10:04:42 - finetune_logger - INFO - New best model! Val loss: 0.032464
[2026-06-16 10:04:42,625][finetune_logger][INFO] - New best model! Val loss: 0.032464
2026-06-16 10:05:06 - finetune_logger - INFO - Test metrics: {'MAE': 0.032453196535560766, 'RMSE': 0.17945632448342855}
[2026-06-16 10:05:06,173][finetune_logger][INFO] - Test metrics: {'MAE': 0.032453196535560766, 'RMSE': 0.17945632448342855}
2026-06-16 10:05:06 - finetune_logger - INFO - Test time: 23.50s
[2026-06-16 10:05:06,173][finetune_logger][INFO] - Test time: 23.50s
2026-06-16 10:05:06 - finetune_logger - INFO - Test memory reserved: 24.00 MB
[2026-06-16 10:05:06,173][finetune_logger][INFO] - Test memory reserved: 24.00 MB
2026-06-16 10:05:06 - finetune_logger - INFO - Test memory allocated: 18.10 MB
[2026-06-16 10:05:06,173][finetune_logger][INFO] - Test memory allocated: 18.10 MB
2026-06-16 10:05:06 - finetune_logger - INFO - Epoch 16/20
[2026-06-16 10:05:06,173][finetune_logger][INFO] - Epoch 16/20
2026-06-16 10:08:26 - finetune_logger - INFO - Train loss: 0.032391610200099875
[2026-06-16 10:08:26,510][finetune_logger][INFO] - Train loss: 0.032391610200099875
2026-06-16 10:08:26 - finetune_logger - INFO - Train time: 200.33604550361633s
[2026-06-16 10:08:26,510][finetune_logger][INFO] - Train time: 200.33604550361633s
2026-06-16 10:08:26 - finetune_logger - INFO - Train memory reserved: 24.00 MB
[2026-06-16 10:08:26,510][finetune_logger][INFO] - Train memory reserved: 24.00 MB
2026-06-16 10:08:26 - finetune_logger - INFO - Train memory allocated: 18.10 MB
[2026-06-16 10:08:26,511][finetune_logger][INFO] - Train memory allocated: 18.10 MB
2026-06-16 10:08:26 - finetune_logger - INFO - Current learning rate: 0.00025
[2026-06-16 10:08:26,511][finetune_logger][INFO] - Current learning rate: 0.00025
2026-06-16 10:08:37 - finetune_logger - INFO - Validation metrics: {'MAE': 0.032510263263581515, 'RMSE': 0.17948067767230655}
[2026-06-16 10:08:37,967][finetune_logger][INFO] - Validation metrics: {'MAE': 0.032510263263581515, 'RMSE': 0.17948067767230655}
2026-06-16 10:08:37 - finetune_logger - INFO - Val time: 11.46s
[2026-06-16 10:08:37,968][finetune_logger][INFO] - Val time: 11.46s
2026-06-16 10:08:37 - finetune_logger - INFO - Val memory reserved: 24.00 MB
[2026-06-16 10:08:37,968][finetune_logger][INFO] - Val memory reserved: 24.00 MB
2026-06-16 10:08:37 - finetune_logger - INFO - Val memory allocated: 18.10 MB
[2026-06-16 10:08:37,968][finetune_logger][INFO] - Val memory allocated: 18.10 MB
2026-06-16 10:08:37 - finetune_logger - INFO - Logged epoch 16 info to /public/home/202411094934/python_project/Spatio-Temporal-Library/time-series/2026-06-16/itransformer/finetune20/pulse/time-series/seed_0/training_log.json
[2026-06-16 10:08:37,971][finetune_logger][INFO] - Logged epoch 16 info to /public/home/202411094934/python_project/Spatio-Temporal-Library/time-series/2026-06-16/itransformer/finetune20/pulse/time-series/seed_0/training_log.json
2026-06-16 10:09:01 - finetune_logger - INFO - Test metrics: {'MAE': 0.032499174022666756, 'RMSE': 0.17945101106755748}
[2026-06-16 10:09:01,493][finetune_logger][INFO] - Test metrics: {'MAE': 0.032499174022666756, 'RMSE': 0.17945101106755748}
2026-06-16 10:09:01 - finetune_logger - INFO - Test time: 23.52s
[2026-06-16 10:09:01,494][finetune_logger][INFO] - Test time: 23.52s
2026-06-16 10:09:01 - finetune_logger - INFO - Test memory reserved: 24.00 MB
[2026-06-16 10:09:01,494][finetune_logger][INFO] - Test memory reserved: 24.00 MB
2026-06-16 10:09:01 - finetune_logger - INFO - Test memory allocated: 18.10 MB
[2026-06-16 10:09:01,494][finetune_logger][INFO] - Test memory allocated: 18.10 MB
2026-06-16 10:09:01 - finetune_logger - INFO - Epoch 17/20
[2026-06-16 10:09:01,494][finetune_logger][INFO] - Epoch 17/20
2026-06-16 10:12:21 - finetune_logger - INFO - Train loss: 0.032388474950522536
[2026-06-16 10:12:21,699][finetune_logger][INFO] - Train loss: 0.032388474950522536
2026-06-16 10:12:21 - finetune_logger - INFO - Train time: 200.20410585403442s
[2026-06-16 10:12:21,699][finetune_logger][INFO] - Train time: 200.20410585403442s
2026-06-16 10:12:21 - finetune_logger - INFO - Train memory reserved: 24.00 MB
[2026-06-16 10:12:21,699][finetune_logger][INFO] - Train memory reserved: 24.00 MB
2026-06-16 10:12:21 - finetune_logger - INFO - Train memory allocated: 18.10 MB
[2026-06-16 10:12:21,699][finetune_logger][INFO] - Train memory allocated: 18.10 MB
2026-06-16 10:12:21 - finetune_logger - INFO - Current learning rate: 0.00025
[2026-06-16 10:12:21,699][finetune_logger][INFO] - Current learning rate: 0.00025
2026-06-16 10:12:33 - finetune_logger - INFO - Validation metrics: {'MAE': 0.03242141486153553, 'RMSE': 0.17949239697019082}
[2026-06-16 10:12:33,083][finetune_logger][INFO] - Validation metrics: {'MAE': 0.03242141486153553, 'RMSE': 0.17949239697019082}
2026-06-16 10:12:33 - finetune_logger - INFO - Val time: 11.38s
[2026-06-16 10:12:33,083][finetune_logger][INFO] - Val time: 11.38s
2026-06-16 10:12:33 - finetune_logger - INFO - Val memory reserved: 24.00 MB
[2026-06-16 10:12:33,083][finetune_logger][INFO] - Val memory reserved: 24.00 MB
2026-06-16 10:12:33 - finetune_logger - INFO - Val memory allocated: 18.10 MB
[2026-06-16 10:12:33,083][finetune_logger][INFO] - Val memory allocated: 18.10 MB
2026-06-16 10:12:33 - finetune_logger - INFO - Logged epoch 17 info to /public/home/202411094934/python_project/Spatio-Temporal-Library/time-series/2026-06-16/itransformer/finetune20/pulse/time-series/seed_0/training_log.json
[2026-06-16 10:12:33,086][finetune_logger][INFO] - Logged epoch 17 info to /public/home/202411094934/python_project/Spatio-Temporal-Library/time-series/2026-06-16/itransformer/finetune20/pulse/time-series/seed_0/training_log.json
2026-06-16 10:12:33 - finetune_logger - INFO - New best model! Val loss: 0.032421
[2026-06-16 10:12:33,087][finetune_logger][INFO] - New best model! Val loss: 0.032421
2026-06-16 10:12:56 - finetune_logger - INFO - Test metrics: {'MAE': 0.032410327953912, 'RMSE': 0.17946276834237018}
[2026-06-16 10:12:56,653][finetune_logger][INFO] - Test metrics: {'MAE': 0.032410327953912, 'RMSE': 0.17946276834237018}
2026-06-16 10:12:56 - finetune_logger - INFO - Test time: 23.52s
[2026-06-16 10:12:56,653][finetune_logger][INFO] - Test time: 23.52s
2026-06-16 10:12:56 - finetune_logger - INFO - Test memory reserved: 24.00 MB
[2026-06-16 10:12:56,653][finetune_logger][INFO] - Test memory reserved: 24.00 MB
2026-06-16 10:12:56 - finetune_logger - INFO - Test memory allocated: 18.10 MB
[2026-06-16 10:12:56,653][finetune_logger][INFO] - Test memory allocated: 18.10 MB
2026-06-16 10:12:56 - finetune_logger - INFO - Epoch 18/20
[2026-06-16 10:12:56,653][finetune_logger][INFO] - Epoch 18/20
2026-06-16 10:16:16 - finetune_logger - INFO - Train loss: 0.032385597527623544
[2026-06-16 10:16:16,669][finetune_logger][INFO] - Train loss: 0.032385597527623544
2026-06-16 10:16:16 - finetune_logger - INFO - Train time: 200.01528573036194s
[2026-06-16 10:16:16,669][finetune_logger][INFO] - Train time: 200.01528573036194s
2026-06-16 10:16:16 - finetune_logger - INFO - Train memory reserved: 24.00 MB
[2026-06-16 10:16:16,670][finetune_logger][INFO] - Train memory reserved: 24.00 MB
2026-06-16 10:16:16 - finetune_logger - INFO - Train memory allocated: 18.10 MB
[2026-06-16 10:16:16,670][finetune_logger][INFO] - Train memory allocated: 18.10 MB
2026-06-16 10:16:16 - finetune_logger - INFO - Current learning rate: 0.00025
[2026-06-16 10:16:16,670][finetune_logger][INFO] - Current learning rate: 0.00025
2026-06-16 10:16:28 - finetune_logger - INFO - Validation metrics: {'MAE': 0.032437351179498634, 'RMSE': 0.1795073909284727}
[2026-06-16 10:16:28,126][finetune_logger][INFO] - Validation metrics: {'MAE': 0.032437351179498634, 'RMSE': 0.1795073909284727}
2026-06-16 10:16:28 - finetune_logger - INFO - Val time: 11.46s
[2026-06-16 10:16:28,126][finetune_logger][INFO] - Val time: 11.46s
2026-06-16 10:16:28 - finetune_logger - INFO - Val memory reserved: 24.00 MB
[2026-06-16 10:16:28,126][finetune_logger][INFO] - Val memory reserved: 24.00 MB
2026-06-16 10:16:28 - finetune_logger - INFO - Val memory allocated: 18.10 MB
[2026-06-16 10:16:28,126][finetune_logger][INFO] - Val memory allocated: 18.10 MB
2026-06-16 10:16:28 - finetune_logger - INFO - Logged epoch 18 info to /public/home/202411094934/python_project/Spatio-Temporal-Library/time-series/2026-06-16/itransformer/finetune20/pulse/time-series/seed_0/training_log.json
[2026-06-16 10:16:28,129][finetune_logger][INFO] - Logged epoch 18 info to /public/home/202411094934/python_project/Spatio-Temporal-Library/time-series/2026-06-16/itransformer/finetune20/pulse/time-series/seed_0/training_log.json
2026-06-16 10:16:51 - finetune_logger - INFO - Test metrics: {'MAE': 0.03242625433290127, 'RMSE': 0.1794776924939276}
[2026-06-16 10:16:51,756][finetune_logger][INFO] - Test metrics: {'MAE': 0.03242625433290127, 'RMSE': 0.1794776924939276}
2026-06-16 10:16:51 - finetune_logger - INFO - Test time: 23.63s
[2026-06-16 10:16:51,757][finetune_logger][INFO] - Test time: 23.63s
2026-06-16 10:16:51 - finetune_logger - INFO - Test memory reserved: 24.00 MB
[2026-06-16 10:16:51,757][finetune_logger][INFO] - Test memory reserved: 24.00 MB
2026-06-16 10:16:51 - finetune_logger - INFO - Test memory allocated: 18.10 MB
[2026-06-16 10:16:51,757][finetune_logger][INFO] - Test memory allocated: 18.10 MB
2026-06-16 10:16:51 - finetune_logger - INFO - Epoch 19/20
[2026-06-16 10:16:51,757][finetune_logger][INFO] - Epoch 19/20
2026-06-16 10:20:11 - finetune_logger - INFO - Train loss: 0.032383973315417695
[2026-06-16 10:20:11,756][finetune_logger][INFO] - Train loss: 0.032383973315417695
2026-06-16 10:20:11 - finetune_logger - INFO - Train time: 199.99898958206177s
[2026-06-16 10:20:11,757][finetune_logger][INFO] - Train time: 199.99898958206177s
2026-06-16 10:20:11 - finetune_logger - INFO - Train memory reserved: 24.00 MB
[2026-06-16 10:20:11,757][finetune_logger][INFO] - Train memory reserved: 24.00 MB
2026-06-16 10:20:11 - finetune_logger - INFO - Train memory allocated: 18.10 MB
[2026-06-16 10:20:11,757][finetune_logger][INFO] - Train memory allocated: 18.10 MB
2026-06-16 10:20:11 - finetune_logger - INFO - Current learning rate: 0.00025
[2026-06-16 10:20:11,757][finetune_logger][INFO] - Current learning rate: 0.00025
2026-06-16 10:20:23 - finetune_logger - INFO - Validation metrics: {'MAE': 0.03240851199729394, 'RMSE': 0.17949905209350003}
[2026-06-16 10:20:23,052][finetune_logger][INFO] - Validation metrics: {'MAE': 0.03240851199729394, 'RMSE': 0.17949905209350003}
2026-06-16 10:20:23 - finetune_logger - INFO - Val time: 11.29s
[2026-06-16 10:20:23,053][finetune_logger][INFO] - Val time: 11.29s
2026-06-16 10:20:23 - finetune_logger - INFO - Val memory reserved: 24.00 MB
[2026-06-16 10:20:23,053][finetune_logger][INFO] - Val memory reserved: 24.00 MB
2026-06-16 10:20:23 - finetune_logger - INFO - Val memory allocated: 18.10 MB
[2026-06-16 10:20:23,053][finetune_logger][INFO] - Val memory allocated: 18.10 MB
2026-06-16 10:20:23 - finetune_logger - INFO - Logged epoch 19 info to /public/home/202411094934/python_project/Spatio-Temporal-Library/time-series/2026-06-16/itransformer/finetune20/pulse/time-series/seed_0/training_log.json
[2026-06-16 10:20:23,056][finetune_logger][INFO] - Logged epoch 19 info to /public/home/202411094934/python_project/Spatio-Temporal-Library/time-series/2026-06-16/itransformer/finetune20/pulse/time-series/seed_0/training_log.json
2026-06-16 10:20:23 - finetune_logger - INFO - New best model! Val loss: 0.032409
[2026-06-16 10:20:23,057][finetune_logger][INFO] - New best model! Val loss: 0.032409
2026-06-16 10:20:46 - finetune_logger - INFO - Test metrics: {'MAE': 0.03239743090340383, 'RMSE': 0.1794694668540008}
[2026-06-16 10:20:46,608][finetune_logger][INFO] - Test metrics: {'MAE': 0.03239743090340383, 'RMSE': 0.1794694668540008}
2026-06-16 10:20:46 - finetune_logger - INFO - Test time: 23.51s
[2026-06-16 10:20:46,608][finetune_logger][INFO] - Test time: 23.51s
2026-06-16 10:20:46 - finetune_logger - INFO - Test memory reserved: 24.00 MB
[2026-06-16 10:20:46,608][finetune_logger][INFO] - Test memory reserved: 24.00 MB
2026-06-16 10:20:46 - finetune_logger - INFO - Test memory allocated: 18.10 MB
[2026-06-16 10:20:46,608][finetune_logger][INFO] - Test memory allocated: 18.10 MB
2026-06-16 10:20:46 - finetune_logger - INFO - Epoch 20/20
[2026-06-16 10:20:46,609][finetune_logger][INFO] - Epoch 20/20
2026-06-16 10:24:06 - finetune_logger - INFO - Train loss: 0.03238170620591998
[2026-06-16 10:24:06,459][finetune_logger][INFO] - Train loss: 0.03238170620591998
2026-06-16 10:24:06 - finetune_logger - INFO - Train time: 199.8495762348175s
[2026-06-16 10:24:06,459][finetune_logger][INFO] - Train time: 199.8495762348175s
2026-06-16 10:24:06 - finetune_logger - INFO - Train memory reserved: 24.00 MB
[2026-06-16 10:24:06,459][finetune_logger][INFO] - Train memory reserved: 24.00 MB
2026-06-16 10:24:06 - finetune_logger - INFO - Train memory allocated: 18.10 MB
[2026-06-16 10:24:06,459][finetune_logger][INFO] - Train memory allocated: 18.10 MB
2026-06-16 10:24:06 - finetune_logger - INFO - Current learning rate: 0.00025
[2026-06-16 10:24:06,459][finetune_logger][INFO] - Current learning rate: 0.00025
2026-06-16 10:24:17 - finetune_logger - INFO - Validation metrics: {'MAE': 0.03241817704201771, 'RMSE': 0.1795099940375135}
[2026-06-16 10:24:17,907][finetune_logger][INFO] - Validation metrics: {'MAE': 0.03241817704201771, 'RMSE': 0.1795099940375135}
2026-06-16 10:24:17 - finetune_logger - INFO - Val time: 11.45s
[2026-06-16 10:24:17,907][finetune_logger][INFO] - Val time: 11.45s
2026-06-16 10:24:17 - finetune_logger - INFO - Val memory reserved: 24.00 MB
[2026-06-16 10:24:17,907][finetune_logger][INFO] - Val memory reserved: 24.00 MB
2026-06-16 10:24:17 - finetune_logger - INFO - Val memory allocated: 18.10 MB
[2026-06-16 10:24:17,907][finetune_logger][INFO] - Val memory allocated: 18.10 MB
2026-06-16 10:24:17 - finetune_logger - INFO - Logged epoch 20 info to /public/home/202411094934/python_project/Spatio-Temporal-Library/time-series/2026-06-16/itransformer/finetune20/pulse/time-series/seed_0/training_log.json
[2026-06-16 10:24:17,911][finetune_logger][INFO] - Logged epoch 20 info to /public/home/202411094934/python_project/Spatio-Temporal-Library/time-series/2026-06-16/itransformer/finetune20/pulse/time-series/seed_0/training_log.json
2026-06-16 10:24:41 - finetune_logger - INFO - Test metrics: {'MAE': 0.03240708052336132, 'RMSE': 0.17948035413178048}
[2026-06-16 10:24:41,453][finetune_logger][INFO] - Test metrics: {'MAE': 0.03240708052336132, 'RMSE': 0.17948035413178048}
2026-06-16 10:24:41 - finetune_logger - INFO - Test time: 23.52s
[2026-06-16 10:24:41,454][finetune_logger][INFO] - Test time: 23.52s
2026-06-16 10:24:41 - finetune_logger - INFO - Test memory reserved: 24.00 MB
[2026-06-16 10:24:41,454][finetune_logger][INFO] - Test memory reserved: 24.00 MB
2026-06-16 10:24:41 - finetune_logger - INFO - Test memory allocated: 18.10 MB
[2026-06-16 10:24:41,454][finetune_logger][INFO] - Test memory allocated: 18.10 MB
2026-06-16 10:24:41 - finetune_logger - INFO - Training completed. Best epoch: 19, Best val loss: 0.032409
[2026-06-16 10:24:41,454][finetune_logger][INFO] - Training completed. Best epoch: 19, Best val loss: 0.032409
2026-06-16 10:24:41 - finetune_logger - INFO - Loaded checkpoint from epoch 19
[2026-06-16 10:24:41,487][finetune_logger][INFO] - Loaded checkpoint from epoch 19
2026-06-16 10:24:41 - finetune_logger - INFO - Evaluating best model on test sets...
[2026-06-16 10:24:41,488][finetune_logger][INFO] - Evaluating best model on test sets...
2026-06-16 10:25:04 - finetune_logger - INFO - Test metrics: {'MAE': 0.03239743090340383, 'RMSE': 0.1794694668540008}
[2026-06-16 10:25:04,996][finetune_logger][INFO] - Test metrics: {'MAE': 0.03239743090340383, 'RMSE': 0.1794694668540008}
2026-06-16 10:25:04 - finetune_logger - INFO - Test time: 23.51s
[2026-06-16 10:25:04,997][finetune_logger][INFO] - Test time: 23.51s
2026-06-16 10:25:04 - finetune_logger - INFO - Test memory reserved: 26.00 MB
[2026-06-16 10:25:04,997][finetune_logger][INFO] - Test memory reserved: 26.00 MB
2026-06-16 10:25:04 - finetune_logger - INFO - Test memory allocated: 18.14 MB
[2026-06-16 10:25:04,997][finetune_logger][INFO] - Test memory allocated: 18.14 MB
2026-06-16 10:25:05 - finetune_logger - INFO - Logged epoch test info to /public/home/202411094934/python_project/Spatio-Temporal-Library/time-series/2026-06-16/itransformer/finetune20/pulse/time-series/seed_0/training_log.json
[2026-06-16 10:25:05,000][finetune_logger][INFO] - Logged epoch test info to /public/home/202411094934/python_project/Spatio-Temporal-Library/time-series/2026-06-16/itransformer/finetune20/pulse/time-series/seed_0/training_log.json
