2026-06-16 00:43:00 - finetune_logger - INFO - No pretrained checkpoint is provided. Finetuning from scratch.
[2026-06-16 00:43:00,930][finetune_logger][INFO] - No pretrained checkpoint is provided. Finetuning from scratch.
2026-06-16 00:43:00 - finetune_logger - INFO - Model parameters: 158,912
[2026-06-16 00:43:00,932][finetune_logger][INFO] - Model parameters: 158,912
2026-06-16 00:43:00 - finetune_logger - INFO - Created new log file at /public/home/202411094934/python_project/Spatio-Temporal-Library/time-series/2026-06-16/itransformer/finetune20/ettm2/time-series/seed_0/training_log.json
[2026-06-16 00:43:00,935][finetune_logger][INFO] - Created new log file at /public/home/202411094934/python_project/Spatio-Temporal-Library/time-series/2026-06-16/itransformer/finetune20/ettm2/time-series/seed_0/training_log.json
2026-06-16 00:43:00 - finetune_logger - INFO - Starting training...
[2026-06-16 00:43:00,936][finetune_logger][INFO] - Starting training...
2026-06-16 00:43:00 - finetune_logger - INFO - Epoch 1/20
[2026-06-16 00:43:00,936][finetune_logger][INFO] - Epoch 1/20
2026-06-16 00:51:30 - finetune_logger - INFO - Train loss: 2.079233129633308
[2026-06-16 00:51:30,151][finetune_logger][INFO] - Train loss: 2.079233129633308
2026-06-16 00:51:30 - finetune_logger - INFO - Train time: 509.2152359485626s
[2026-06-16 00:51:30,152][finetune_logger][INFO] - Train time: 509.2152359485626s
2026-06-16 00:51:30 - finetune_logger - INFO - Train memory reserved: 24.00 MB
[2026-06-16 00:51:30,152][finetune_logger][INFO] - Train memory reserved: 24.00 MB
2026-06-16 00:51:30 - finetune_logger - INFO - Train memory allocated: 18.10 MB
[2026-06-16 00:51:30,152][finetune_logger][INFO] - Train memory allocated: 18.10 MB
2026-06-16 00:51:30 - finetune_logger - INFO - Current learning rate: 0.0005
[2026-06-16 00:51:30,152][finetune_logger][INFO] - Current learning rate: 0.0005
2026-06-16 00:52:40 - finetune_logger - INFO - Validation metrics: {'MAE': 1.9802849650382963, 'RMSE': 2.873910182674776}
[2026-06-16 00:52:40,895][finetune_logger][INFO] - Validation metrics: {'MAE': 1.9802849650382963, 'RMSE': 2.873910182674776}
2026-06-16 00:52:40 - finetune_logger - INFO - Val time: 70.74s
[2026-06-16 00:52:40,895][finetune_logger][INFO] - Val time: 70.74s
2026-06-16 00:52:40 - finetune_logger - INFO - Val memory reserved: 24.00 MB
[2026-06-16 00:52:40,895][finetune_logger][INFO] - Val memory reserved: 24.00 MB
2026-06-16 00:52:40 - finetune_logger - INFO - Val memory allocated: 18.10 MB
[2026-06-16 00:52:40,896][finetune_logger][INFO] - Val memory allocated: 18.10 MB
2026-06-16 00:52:40 - finetune_logger - INFO - Logged epoch 1 info to /public/home/202411094934/python_project/Spatio-Temporal-Library/time-series/2026-06-16/itransformer/finetune20/ettm2/time-series/seed_0/training_log.json
[2026-06-16 00:52:40,899][finetune_logger][INFO] - Logged epoch 1 info to /public/home/202411094934/python_project/Spatio-Temporal-Library/time-series/2026-06-16/itransformer/finetune20/ettm2/time-series/seed_0/training_log.json
2026-06-16 00:52:40 - finetune_logger - INFO - New best model! Val loss: 1.980285
[2026-06-16 00:52:40,899][finetune_logger][INFO] - New best model! Val loss: 1.980285
2026-06-16 00:53:51 - finetune_logger - INFO - Test metrics: {'MAE': 2.1201395491838295, 'RMSE': 3.2097675975460263}
[2026-06-16 00:53:51,715][finetune_logger][INFO] - Test metrics: {'MAE': 2.1201395491838295, 'RMSE': 3.2097675975460263}
2026-06-16 00:53:51 - finetune_logger - INFO - Test time: 70.77s
[2026-06-16 00:53:51,716][finetune_logger][INFO] - Test time: 70.77s
2026-06-16 00:53:51 - finetune_logger - INFO - Test memory reserved: 24.00 MB
[2026-06-16 00:53:51,716][finetune_logger][INFO] - Test memory reserved: 24.00 MB
2026-06-16 00:53:51 - finetune_logger - INFO - Test memory allocated: 18.10 MB
[2026-06-16 00:53:51,716][finetune_logger][INFO] - Test memory allocated: 18.10 MB
2026-06-16 00:53:51 - finetune_logger - INFO - Epoch 2/20
[2026-06-16 00:53:51,716][finetune_logger][INFO] - Epoch 2/20
2026-06-16 01:02:19 - finetune_logger - INFO - Train loss: 1.960111113153037
[2026-06-16 01:02:19,872][finetune_logger][INFO] - Train loss: 1.960111113153037
2026-06-16 01:02:19 - finetune_logger - INFO - Train time: 508.1552209854126s
[2026-06-16 01:02:19,872][finetune_logger][INFO] - Train time: 508.1552209854126s
2026-06-16 01:02:19 - finetune_logger - INFO - Train memory reserved: 24.00 MB
[2026-06-16 01:02:19,872][finetune_logger][INFO] - Train memory reserved: 24.00 MB
2026-06-16 01:02:19 - finetune_logger - INFO - Train memory allocated: 18.10 MB
[2026-06-16 01:02:19,872][finetune_logger][INFO] - Train memory allocated: 18.10 MB
2026-06-16 01:02:19 - finetune_logger - INFO - Current learning rate: 0.0005
[2026-06-16 01:02:19,872][finetune_logger][INFO] - Current learning rate: 0.0005
2026-06-16 01:03:30 - finetune_logger - INFO - Validation metrics: {'MAE': 1.9764619690812062, 'RMSE': 2.870301126481384}
[2026-06-16 01:03:30,731][finetune_logger][INFO] - Validation metrics: {'MAE': 1.9764619690812062, 'RMSE': 2.870301126481384}
2026-06-16 01:03:30 - finetune_logger - INFO - Val time: 70.86s
[2026-06-16 01:03:30,731][finetune_logger][INFO] - Val time: 70.86s
2026-06-16 01:03:30 - finetune_logger - INFO - Val memory reserved: 24.00 MB
[2026-06-16 01:03:30,732][finetune_logger][INFO] - Val memory reserved: 24.00 MB
2026-06-16 01:03:30 - finetune_logger - INFO - Val memory allocated: 18.10 MB
[2026-06-16 01:03:30,732][finetune_logger][INFO] - Val memory allocated: 18.10 MB
2026-06-16 01:03:30 - finetune_logger - INFO - Logged epoch 2 info to /public/home/202411094934/python_project/Spatio-Temporal-Library/time-series/2026-06-16/itransformer/finetune20/ettm2/time-series/seed_0/training_log.json
[2026-06-16 01:03:30,735][finetune_logger][INFO] - Logged epoch 2 info to /public/home/202411094934/python_project/Spatio-Temporal-Library/time-series/2026-06-16/itransformer/finetune20/ettm2/time-series/seed_0/training_log.json
2026-06-16 01:03:30 - finetune_logger - INFO - New best model! Val loss: 1.976462
[2026-06-16 01:03:30,735][finetune_logger][INFO] - New best model! Val loss: 1.976462
2026-06-16 01:04:41 - finetune_logger - INFO - Test metrics: {'MAE': 2.1092420450909795, 'RMSE': 3.1943418226716087}
[2026-06-16 01:04:41,554][finetune_logger][INFO] - Test metrics: {'MAE': 2.1092420450909795, 'RMSE': 3.1943418226716087}
2026-06-16 01:04:41 - finetune_logger - INFO - Test time: 70.78s
[2026-06-16 01:04:41,555][finetune_logger][INFO] - Test time: 70.78s
2026-06-16 01:04:41 - finetune_logger - INFO - Test memory reserved: 24.00 MB
[2026-06-16 01:04:41,555][finetune_logger][INFO] - Test memory reserved: 24.00 MB
2026-06-16 01:04:41 - finetune_logger - INFO - Test memory allocated: 18.10 MB
[2026-06-16 01:04:41,555][finetune_logger][INFO] - Test memory allocated: 18.10 MB
2026-06-16 01:04:41 - finetune_logger - INFO - Epoch 3/20
[2026-06-16 01:04:41,555][finetune_logger][INFO] - Epoch 3/20
2026-06-16 01:13:08 - finetune_logger - INFO - Train loss: 1.9036055827849663
[2026-06-16 01:13:08,749][finetune_logger][INFO] - Train loss: 1.9036055827849663
2026-06-16 01:13:08 - finetune_logger - INFO - Train time: 507.1938490867615s
[2026-06-16 01:13:08,750][finetune_logger][INFO] - Train time: 507.1938490867615s
2026-06-16 01:13:08 - finetune_logger - INFO - Train memory reserved: 24.00 MB
[2026-06-16 01:13:08,750][finetune_logger][INFO] - Train memory reserved: 24.00 MB
2026-06-16 01:13:08 - finetune_logger - INFO - Train memory allocated: 18.10 MB
[2026-06-16 01:13:08,750][finetune_logger][INFO] - Train memory allocated: 18.10 MB
2026-06-16 01:13:08 - finetune_logger - INFO - Current learning rate: 0.0005
[2026-06-16 01:13:08,750][finetune_logger][INFO] - Current learning rate: 0.0005
2026-06-16 01:14:19 - finetune_logger - INFO - Validation metrics: {'MAE': 1.9774014621642428, 'RMSE': 2.8789319381574163}
[2026-06-16 01:14:19,413][finetune_logger][INFO] - Validation metrics: {'MAE': 1.9774014621642428, 'RMSE': 2.8789319381574163}
2026-06-16 01:14:19 - finetune_logger - INFO - Val time: 70.66s
[2026-06-16 01:14:19,413][finetune_logger][INFO] - Val time: 70.66s
2026-06-16 01:14:19 - finetune_logger - INFO - Val memory reserved: 24.00 MB
[2026-06-16 01:14:19,414][finetune_logger][INFO] - Val memory reserved: 24.00 MB
2026-06-16 01:14:19 - finetune_logger - INFO - Val memory allocated: 18.10 MB
[2026-06-16 01:14:19,414][finetune_logger][INFO] - Val memory allocated: 18.10 MB
2026-06-16 01:14:19 - finetune_logger - INFO - Logged epoch 3 info to /public/home/202411094934/python_project/Spatio-Temporal-Library/time-series/2026-06-16/itransformer/finetune20/ettm2/time-series/seed_0/training_log.json
[2026-06-16 01:14:19,416][finetune_logger][INFO] - Logged epoch 3 info to /public/home/202411094934/python_project/Spatio-Temporal-Library/time-series/2026-06-16/itransformer/finetune20/ettm2/time-series/seed_0/training_log.json
2026-06-16 01:15:30 - finetune_logger - INFO - Test metrics: {'MAE': 2.099904902125283, 'RMSE': 3.1804911530499442}
[2026-06-16 01:15:30,714][finetune_logger][INFO] - Test metrics: {'MAE': 2.099904902125283, 'RMSE': 3.1804911530499442}
2026-06-16 01:15:30 - finetune_logger - INFO - Test time: 71.30s
[2026-06-16 01:15:30,715][finetune_logger][INFO] - Test time: 71.30s
2026-06-16 01:15:30 - finetune_logger - INFO - Test memory reserved: 24.00 MB
[2026-06-16 01:15:30,715][finetune_logger][INFO] - Test memory reserved: 24.00 MB
2026-06-16 01:15:30 - finetune_logger - INFO - Test memory allocated: 18.10 MB
[2026-06-16 01:15:30,715][finetune_logger][INFO] - Test memory allocated: 18.10 MB
2026-06-16 01:15:30 - finetune_logger - INFO - Epoch 4/20
[2026-06-16 01:15:30,715][finetune_logger][INFO] - Epoch 4/20
2026-06-16 01:23:58 - finetune_logger - INFO - Train loss: 1.8582752078515123
[2026-06-16 01:23:58,271][finetune_logger][INFO] - Train loss: 1.8582752078515123
2026-06-16 01:23:58 - finetune_logger - INFO - Train time: 507.5554814338684s
[2026-06-16 01:23:58,271][finetune_logger][INFO] - Train time: 507.5554814338684s
2026-06-16 01:23:58 - finetune_logger - INFO - Train memory reserved: 24.00 MB
[2026-06-16 01:23:58,271][finetune_logger][INFO] - Train memory reserved: 24.00 MB
2026-06-16 01:23:58 - finetune_logger - INFO - Train memory allocated: 18.10 MB
[2026-06-16 01:23:58,272][finetune_logger][INFO] - Train memory allocated: 18.10 MB
2026-06-16 01:23:58 - finetune_logger - INFO - Current learning rate: 0.0005
[2026-06-16 01:23:58,272][finetune_logger][INFO] - Current learning rate: 0.0005
2026-06-16 01:25:09 - finetune_logger - INFO - Validation metrics: {'MAE': 1.9627460138775588, 'RMSE': 2.86224629369991}
[2026-06-16 01:25:09,071][finetune_logger][INFO] - Validation metrics: {'MAE': 1.9627460138775588, 'RMSE': 2.86224629369991}
2026-06-16 01:25:09 - finetune_logger - INFO - Val time: 70.80s
[2026-06-16 01:25:09,071][finetune_logger][INFO] - Val time: 70.80s
2026-06-16 01:25:09 - finetune_logger - INFO - Val memory reserved: 24.00 MB
[2026-06-16 01:25:09,072][finetune_logger][INFO] - Val memory reserved: 24.00 MB
2026-06-16 01:25:09 - finetune_logger - INFO - Val memory allocated: 18.10 MB
[2026-06-16 01:25:09,072][finetune_logger][INFO] - Val memory allocated: 18.10 MB
2026-06-16 01:25:09 - finetune_logger - INFO - Logged epoch 4 info to /public/home/202411094934/python_project/Spatio-Temporal-Library/time-series/2026-06-16/itransformer/finetune20/ettm2/time-series/seed_0/training_log.json
[2026-06-16 01:25:09,075][finetune_logger][INFO] - Logged epoch 4 info to /public/home/202411094934/python_project/Spatio-Temporal-Library/time-series/2026-06-16/itransformer/finetune20/ettm2/time-series/seed_0/training_log.json
2026-06-16 01:25:09 - finetune_logger - INFO - New best model! Val loss: 1.962746
[2026-06-16 01:25:09,075][finetune_logger][INFO] - New best model! Val loss: 1.962746
2026-06-16 01:26:19 - finetune_logger - INFO - Test metrics: {'MAE': 2.086027811735502, 'RMSE': 3.1674443745475624}
[2026-06-16 01:26:19,747][finetune_logger][INFO] - Test metrics: {'MAE': 2.086027811735502, 'RMSE': 3.1674443745475624}
2026-06-16 01:26:19 - finetune_logger - INFO - Test time: 70.63s
[2026-06-16 01:26:19,747][finetune_logger][INFO] - Test time: 70.63s
2026-06-16 01:26:19 - finetune_logger - INFO - Test memory reserved: 24.00 MB
[2026-06-16 01:26:19,747][finetune_logger][INFO] - Test memory reserved: 24.00 MB
2026-06-16 01:26:19 - finetune_logger - INFO - Test memory allocated: 18.10 MB
[2026-06-16 01:26:19,747][finetune_logger][INFO] - Test memory allocated: 18.10 MB
2026-06-16 01:26:19 - finetune_logger - INFO - Epoch 5/20
[2026-06-16 01:26:19,747][finetune_logger][INFO] - Epoch 5/20
2026-06-16 01:34:47 - finetune_logger - INFO - Train loss: 1.8265827963857995
[2026-06-16 01:34:47,313][finetune_logger][INFO] - Train loss: 1.8265827963857995
2026-06-16 01:34:47 - finetune_logger - INFO - Train time: 507.56482887268066s
[2026-06-16 01:34:47,313][finetune_logger][INFO] - Train time: 507.56482887268066s
2026-06-16 01:34:47 - finetune_logger - INFO - Train memory reserved: 24.00 MB
[2026-06-16 01:34:47,313][finetune_logger][INFO] - Train memory reserved: 24.00 MB
2026-06-16 01:34:47 - finetune_logger - INFO - Train memory allocated: 18.10 MB
[2026-06-16 01:34:47,313][finetune_logger][INFO] - Train memory allocated: 18.10 MB
2026-06-16 01:34:47 - finetune_logger - INFO - Current learning rate: 0.0005
[2026-06-16 01:34:47,313][finetune_logger][INFO] - Current learning rate: 0.0005
2026-06-16 01:35:58 - finetune_logger - INFO - Validation metrics: {'MAE': 1.9628996228198174, 'RMSE': 2.870524236016209}
[2026-06-16 01:35:58,298][finetune_logger][INFO] - Validation metrics: {'MAE': 1.9628996228198174, 'RMSE': 2.870524236016209}
2026-06-16 01:35:58 - finetune_logger - INFO - Val time: 70.98s
[2026-06-16 01:35:58,298][finetune_logger][INFO] - Val time: 70.98s
2026-06-16 01:35:58 - finetune_logger - INFO - Val memory reserved: 24.00 MB
[2026-06-16 01:35:58,298][finetune_logger][INFO] - Val memory reserved: 24.00 MB
2026-06-16 01:35:58 - finetune_logger - INFO - Val memory allocated: 18.10 MB
[2026-06-16 01:35:58,298][finetune_logger][INFO] - Val memory allocated: 18.10 MB
2026-06-16 01:35:58 - finetune_logger - INFO - Logged epoch 5 info to /public/home/202411094934/python_project/Spatio-Temporal-Library/time-series/2026-06-16/itransformer/finetune20/ettm2/time-series/seed_0/training_log.json
[2026-06-16 01:35:58,301][finetune_logger][INFO] - Logged epoch 5 info to /public/home/202411094934/python_project/Spatio-Temporal-Library/time-series/2026-06-16/itransformer/finetune20/ettm2/time-series/seed_0/training_log.json
2026-06-16 01:37:09 - finetune_logger - INFO - Test metrics: {'MAE': 2.120163051297914, 'RMSE': 3.223432961972721}
[2026-06-16 01:37:09,166][finetune_logger][INFO] - Test metrics: {'MAE': 2.120163051297914, 'RMSE': 3.223432961972721}
2026-06-16 01:37:09 - finetune_logger - INFO - Test time: 70.86s
[2026-06-16 01:37:09,166][finetune_logger][INFO] - Test time: 70.86s
2026-06-16 01:37:09 - finetune_logger - INFO - Test memory reserved: 24.00 MB
[2026-06-16 01:37:09,167][finetune_logger][INFO] - Test memory reserved: 24.00 MB
2026-06-16 01:37:09 - finetune_logger - INFO - Test memory allocated: 18.10 MB
[2026-06-16 01:37:09,167][finetune_logger][INFO] - Test memory allocated: 18.10 MB
2026-06-16 01:37:09 - finetune_logger - INFO - Epoch 6/20
[2026-06-16 01:37:09,167][finetune_logger][INFO] - Epoch 6/20
2026-06-16 01:45:36 - finetune_logger - INFO - Train loss: 1.7955262483643144
[2026-06-16 01:45:36,720][finetune_logger][INFO] - Train loss: 1.7955262483643144
2026-06-16 01:45:36 - finetune_logger - INFO - Train time: 507.55275654792786s
[2026-06-16 01:45:36,720][finetune_logger][INFO] - Train time: 507.55275654792786s
2026-06-16 01:45:36 - finetune_logger - INFO - Train memory reserved: 24.00 MB
[2026-06-16 01:45:36,720][finetune_logger][INFO] - Train memory reserved: 24.00 MB
2026-06-16 01:45:36 - finetune_logger - INFO - Train memory allocated: 18.10 MB
[2026-06-16 01:45:36,721][finetune_logger][INFO] - Train memory allocated: 18.10 MB
2026-06-16 01:45:36 - finetune_logger - INFO - Current learning rate: 0.0005
[2026-06-16 01:45:36,721][finetune_logger][INFO] - Current learning rate: 0.0005
2026-06-16 01:46:47 - finetune_logger - INFO - Validation metrics: {'MAE': 1.9558771261574135, 'RMSE': 2.8586125236165105}
[2026-06-16 01:46:47,602][finetune_logger][INFO] - Validation metrics: {'MAE': 1.9558771261574135, 'RMSE': 2.8586125236165105}
2026-06-16 01:46:47 - finetune_logger - INFO - Val time: 70.88s
[2026-06-16 01:46:47,602][finetune_logger][INFO] - Val time: 70.88s
2026-06-16 01:46:47 - finetune_logger - INFO - Val memory reserved: 24.00 MB
[2026-06-16 01:46:47,602][finetune_logger][INFO] - Val memory reserved: 24.00 MB
2026-06-16 01:46:47 - finetune_logger - INFO - Val memory allocated: 18.10 MB
[2026-06-16 01:46:47,602][finetune_logger][INFO] - Val memory allocated: 18.10 MB
2026-06-16 01:46:47 - finetune_logger - INFO - Logged epoch 6 info to /public/home/202411094934/python_project/Spatio-Temporal-Library/time-series/2026-06-16/itransformer/finetune20/ettm2/time-series/seed_0/training_log.json
[2026-06-16 01:46:47,605][finetune_logger][INFO] - Logged epoch 6 info to /public/home/202411094934/python_project/Spatio-Temporal-Library/time-series/2026-06-16/itransformer/finetune20/ettm2/time-series/seed_0/training_log.json
2026-06-16 01:46:47 - finetune_logger - INFO - New best model! Val loss: 1.955877
[2026-06-16 01:46:47,606][finetune_logger][INFO] - New best model! Val loss: 1.955877
2026-06-16 01:47:58 - finetune_logger - INFO - Test metrics: {'MAE': 2.116653852959079, 'RMSE': 3.2169595922727487}
[2026-06-16 01:47:58,209][finetune_logger][INFO] - Test metrics: {'MAE': 2.116653852959079, 'RMSE': 3.2169595922727487}
2026-06-16 01:47:58 - finetune_logger - INFO - Test time: 70.56s
[2026-06-16 01:47:58,210][finetune_logger][INFO] - Test time: 70.56s
2026-06-16 01:47:58 - finetune_logger - INFO - Test memory reserved: 24.00 MB
[2026-06-16 01:47:58,210][finetune_logger][INFO] - Test memory reserved: 24.00 MB
2026-06-16 01:47:58 - finetune_logger - INFO - Test memory allocated: 18.10 MB
[2026-06-16 01:47:58,210][finetune_logger][INFO] - Test memory allocated: 18.10 MB
2026-06-16 01:47:58 - finetune_logger - INFO - Epoch 7/20
[2026-06-16 01:47:58,210][finetune_logger][INFO] - Epoch 7/20
2026-06-16 01:56:25 - finetune_logger - INFO - Train loss: 1.7696046379256738
[2026-06-16 01:56:25,694][finetune_logger][INFO] - Train loss: 1.7696046379256738
2026-06-16 01:56:25 - finetune_logger - INFO - Train time: 507.4831008911133s
[2026-06-16 01:56:25,694][finetune_logger][INFO] - Train time: 507.4831008911133s
2026-06-16 01:56:25 - finetune_logger - INFO - Train memory reserved: 24.00 MB
[2026-06-16 01:56:25,694][finetune_logger][INFO] - Train memory reserved: 24.00 MB
2026-06-16 01:56:25 - finetune_logger - INFO - Train memory allocated: 18.10 MB
[2026-06-16 01:56:25,694][finetune_logger][INFO] - Train memory allocated: 18.10 MB
2026-06-16 01:56:25 - finetune_logger - INFO - Current learning rate: 0.0005
[2026-06-16 01:56:25,694][finetune_logger][INFO] - Current learning rate: 0.0005
2026-06-16 01:57:36 - finetune_logger - INFO - Validation metrics: {'MAE': 1.9745891824807797, 'RMSE': 2.8793432615409484}
[2026-06-16 01:57:36,345][finetune_logger][INFO] - Validation metrics: {'MAE': 1.9745891824807797, 'RMSE': 2.8793432615409484}
2026-06-16 01:57:36 - finetune_logger - INFO - Val time: 70.65s
[2026-06-16 01:57:36,345][finetune_logger][INFO] - Val time: 70.65s
2026-06-16 01:57:36 - finetune_logger - INFO - Val memory reserved: 24.00 MB
[2026-06-16 01:57:36,345][finetune_logger][INFO] - Val memory reserved: 24.00 MB
2026-06-16 01:57:36 - finetune_logger - INFO - Val memory allocated: 18.10 MB
[2026-06-16 01:57:36,345][finetune_logger][INFO] - Val memory allocated: 18.10 MB
2026-06-16 01:57:36 - finetune_logger - INFO - Logged epoch 7 info to /public/home/202411094934/python_project/Spatio-Temporal-Library/time-series/2026-06-16/itransformer/finetune20/ettm2/time-series/seed_0/training_log.json
[2026-06-16 01:57:36,349][finetune_logger][INFO] - Logged epoch 7 info to /public/home/202411094934/python_project/Spatio-Temporal-Library/time-series/2026-06-16/itransformer/finetune20/ettm2/time-series/seed_0/training_log.json
2026-06-16 01:58:47 - finetune_logger - INFO - Test metrics: {'MAE': 2.1130608268647695, 'RMSE': 3.208532330326303}
[2026-06-16 01:58:47,102][finetune_logger][INFO] - Test metrics: {'MAE': 2.1130608268647695, 'RMSE': 3.208532330326303}
2026-06-16 01:58:47 - finetune_logger - INFO - Test time: 70.75s
[2026-06-16 01:58:47,103][finetune_logger][INFO] - Test time: 70.75s
2026-06-16 01:58:47 - finetune_logger - INFO - Test memory reserved: 24.00 MB
[2026-06-16 01:58:47,103][finetune_logger][INFO] - Test memory reserved: 24.00 MB
2026-06-16 01:58:47 - finetune_logger - INFO - Test memory allocated: 18.10 MB
[2026-06-16 01:58:47,103][finetune_logger][INFO] - Test memory allocated: 18.10 MB
2026-06-16 01:58:47 - finetune_logger - INFO - Epoch 8/20
[2026-06-16 01:58:47,103][finetune_logger][INFO] - Epoch 8/20
2026-06-16 02:07:14 - finetune_logger - INFO - Train loss: 1.7455141978497644
[2026-06-16 02:07:14,732][finetune_logger][INFO] - Train loss: 1.7455141978497644
2026-06-16 02:07:14 - finetune_logger - INFO - Train time: 507.628520488739s
[2026-06-16 02:07:14,732][finetune_logger][INFO] - Train time: 507.628520488739s
2026-06-16 02:07:14 - finetune_logger - INFO - Train memory reserved: 24.00 MB
[2026-06-16 02:07:14,732][finetune_logger][INFO] - Train memory reserved: 24.00 MB
2026-06-16 02:07:14 - finetune_logger - INFO - Train memory allocated: 18.10 MB
[2026-06-16 02:07:14,733][finetune_logger][INFO] - Train memory allocated: 18.10 MB
2026-06-16 02:07:14 - finetune_logger - INFO - Current learning rate: 0.0005
[2026-06-16 02:07:14,733][finetune_logger][INFO] - Current learning rate: 0.0005
2026-06-16 02:08:25 - finetune_logger - INFO - Validation metrics: {'MAE': 1.9941360160609276, 'RMSE': 2.9110290297814383}
[2026-06-16 02:08:25,533][finetune_logger][INFO] - Validation metrics: {'MAE': 1.9941360160609276, 'RMSE': 2.9110290297814383}
2026-06-16 02:08:25 - finetune_logger - INFO - Val time: 70.80s
[2026-06-16 02:08:25,534][finetune_logger][INFO] - Val time: 70.80s
2026-06-16 02:08:25 - finetune_logger - INFO - Val memory reserved: 24.00 MB
[2026-06-16 02:08:25,534][finetune_logger][INFO] - Val memory reserved: 24.00 MB
2026-06-16 02:08:25 - finetune_logger - INFO - Val memory allocated: 18.10 MB
[2026-06-16 02:08:25,534][finetune_logger][INFO] - Val memory allocated: 18.10 MB
2026-06-16 02:08:25 - finetune_logger - INFO - Logged epoch 8 info to /public/home/202411094934/python_project/Spatio-Temporal-Library/time-series/2026-06-16/itransformer/finetune20/ettm2/time-series/seed_0/training_log.json
[2026-06-16 02:08:25,537][finetune_logger][INFO] - Logged epoch 8 info to /public/home/202411094934/python_project/Spatio-Temporal-Library/time-series/2026-06-16/itransformer/finetune20/ettm2/time-series/seed_0/training_log.json
2026-06-16 02:09:36 - finetune_logger - INFO - Test metrics: {'MAE': 2.129700209874351, 'RMSE': 3.2347310799786113}
[2026-06-16 02:09:36,458][finetune_logger][INFO] - Test metrics: {'MAE': 2.129700209874351, 'RMSE': 3.2347310799786113}
2026-06-16 02:09:36 - finetune_logger - INFO - Test time: 70.92s
[2026-06-16 02:09:36,458][finetune_logger][INFO] - Test time: 70.92s
2026-06-16 02:09:36 - finetune_logger - INFO - Test memory reserved: 24.00 MB
[2026-06-16 02:09:36,458][finetune_logger][INFO] - Test memory reserved: 24.00 MB
2026-06-16 02:09:36 - finetune_logger - INFO - Test memory allocated: 18.10 MB
[2026-06-16 02:09:36,458][finetune_logger][INFO] - Test memory allocated: 18.10 MB
2026-06-16 02:09:36 - finetune_logger - INFO - Epoch 9/20
[2026-06-16 02:09:36,459][finetune_logger][INFO] - Epoch 9/20
2026-06-16 02:18:04 - finetune_logger - INFO - Train loss: 1.7244106021745322
[2026-06-16 02:18:04,373][finetune_logger][INFO] - Train loss: 1.7244106021745322
2026-06-16 02:18:04 - finetune_logger - INFO - Train time: 507.91427421569824s
[2026-06-16 02:18:04,374][finetune_logger][INFO] - Train time: 507.91427421569824s
2026-06-16 02:18:04 - finetune_logger - INFO - Train memory reserved: 24.00 MB
[2026-06-16 02:18:04,374][finetune_logger][INFO] - Train memory reserved: 24.00 MB
2026-06-16 02:18:04 - finetune_logger - INFO - Train memory allocated: 18.10 MB
[2026-06-16 02:18:04,374][finetune_logger][INFO] - Train memory allocated: 18.10 MB
2026-06-16 02:18:04 - finetune_logger - INFO - Current learning rate: 0.0005
[2026-06-16 02:18:04,374][finetune_logger][INFO] - Current learning rate: 0.0005
2026-06-16 02:19:15 - finetune_logger - INFO - Validation metrics: {'MAE': 2.005841197980227, 'RMSE': 2.926647203401431}
[2026-06-16 02:19:15,121][finetune_logger][INFO] - Validation metrics: {'MAE': 2.005841197980227, 'RMSE': 2.926647203401431}
2026-06-16 02:19:15 - finetune_logger - INFO - Val time: 70.75s
[2026-06-16 02:19:15,121][finetune_logger][INFO] - Val time: 70.75s
2026-06-16 02:19:15 - finetune_logger - INFO - Val memory reserved: 24.00 MB
[2026-06-16 02:19:15,121][finetune_logger][INFO] - Val memory reserved: 24.00 MB
2026-06-16 02:19:15 - finetune_logger - INFO - Val memory allocated: 18.10 MB
[2026-06-16 02:19:15,122][finetune_logger][INFO] - Val memory allocated: 18.10 MB
2026-06-16 02:19:15 - finetune_logger - INFO - Logged epoch 9 info to /public/home/202411094934/python_project/Spatio-Temporal-Library/time-series/2026-06-16/itransformer/finetune20/ettm2/time-series/seed_0/training_log.json
[2026-06-16 02:19:15,125][finetune_logger][INFO] - Logged epoch 9 info to /public/home/202411094934/python_project/Spatio-Temporal-Library/time-series/2026-06-16/itransformer/finetune20/ettm2/time-series/seed_0/training_log.json
2026-06-16 02:20:26 - finetune_logger - INFO - Test metrics: {'MAE': 2.1672759766161596, 'RMSE': 3.2860050978683932}
[2026-06-16 02:20:26,039][finetune_logger][INFO] - Test metrics: {'MAE': 2.1672759766161596, 'RMSE': 3.2860050978683932}
2026-06-16 02:20:26 - finetune_logger - INFO - Test time: 70.91s
[2026-06-16 02:20:26,040][finetune_logger][INFO] - Test time: 70.91s
2026-06-16 02:20:26 - finetune_logger - INFO - Test memory reserved: 24.00 MB
[2026-06-16 02:20:26,040][finetune_logger][INFO] - Test memory reserved: 24.00 MB
2026-06-16 02:20:26 - finetune_logger - INFO - Test memory allocated: 18.10 MB
[2026-06-16 02:20:26,040][finetune_logger][INFO] - Test memory allocated: 18.10 MB
2026-06-16 02:20:26 - finetune_logger - INFO - Epoch 10/20
[2026-06-16 02:20:26,040][finetune_logger][INFO] - Epoch 10/20
2026-06-16 02:28:53 - finetune_logger - INFO - Train loss: 1.7050398130160476
[2026-06-16 02:28:53,212][finetune_logger][INFO] - Train loss: 1.7050398130160476
2026-06-16 02:28:53 - finetune_logger - INFO - Train time: 507.17107605934143s
[2026-06-16 02:28:53,212][finetune_logger][INFO] - Train time: 507.17107605934143s
2026-06-16 02:28:53 - finetune_logger - INFO - Train memory reserved: 24.00 MB
[2026-06-16 02:28:53,212][finetune_logger][INFO] - Train memory reserved: 24.00 MB
2026-06-16 02:28:53 - finetune_logger - INFO - Train memory allocated: 18.10 MB
[2026-06-16 02:28:53,212][finetune_logger][INFO] - Train memory allocated: 18.10 MB
2026-06-16 02:28:53 - finetune_logger - INFO - Current learning rate: 0.0005
[2026-06-16 02:28:53,212][finetune_logger][INFO] - Current learning rate: 0.0005
2026-06-16 02:30:04 - finetune_logger - INFO - Validation metrics: {'MAE': 2.0064795334922185, 'RMSE': 2.9264625028139495}
[2026-06-16 02:30:04,108][finetune_logger][INFO] - Validation metrics: {'MAE': 2.0064795334922185, 'RMSE': 2.9264625028139495}
2026-06-16 02:30:04 - finetune_logger - INFO - Val time: 70.90s
[2026-06-16 02:30:04,109][finetune_logger][INFO] - Val time: 70.90s
2026-06-16 02:30:04 - finetune_logger - INFO - Val memory reserved: 24.00 MB
[2026-06-16 02:30:04,109][finetune_logger][INFO] - Val memory reserved: 24.00 MB
2026-06-16 02:30:04 - finetune_logger - INFO - Val memory allocated: 18.10 MB
[2026-06-16 02:30:04,109][finetune_logger][INFO] - Val memory allocated: 18.10 MB
2026-06-16 02:30:04 - finetune_logger - INFO - Logged epoch 10 info to /public/home/202411094934/python_project/Spatio-Temporal-Library/time-series/2026-06-16/itransformer/finetune20/ettm2/time-series/seed_0/training_log.json
[2026-06-16 02:30:04,113][finetune_logger][INFO] - Logged epoch 10 info to /public/home/202411094934/python_project/Spatio-Temporal-Library/time-series/2026-06-16/itransformer/finetune20/ettm2/time-series/seed_0/training_log.json
2026-06-16 02:31:14 - finetune_logger - INFO - Test metrics: {'MAE': 2.1226783872179777, 'RMSE': 3.2237010584372947}
[2026-06-16 02:31:14,953][finetune_logger][INFO] - Test metrics: {'MAE': 2.1226783872179777, 'RMSE': 3.2237010584372947}
2026-06-16 02:31:14 - finetune_logger - INFO - Test time: 70.82s
[2026-06-16 02:31:14,953][finetune_logger][INFO] - Test time: 70.82s
2026-06-16 02:31:14 - finetune_logger - INFO - Test memory reserved: 24.00 MB
[2026-06-16 02:31:14,953][finetune_logger][INFO] - Test memory reserved: 24.00 MB
2026-06-16 02:31:14 - finetune_logger - INFO - Test memory allocated: 18.10 MB
[2026-06-16 02:31:14,954][finetune_logger][INFO] - Test memory allocated: 18.10 MB
2026-06-16 02:31:14 - finetune_logger - INFO - Epoch 11/20
[2026-06-16 02:31:14,954][finetune_logger][INFO] - Epoch 11/20
2026-06-16 02:39:42 - finetune_logger - INFO - Train loss: 1.6403498589688383
[2026-06-16 02:39:42,618][finetune_logger][INFO] - Train loss: 1.6403498589688383
2026-06-16 02:39:42 - finetune_logger - INFO - Train time: 507.6635205745697s
[2026-06-16 02:39:42,618][finetune_logger][INFO] - Train time: 507.6635205745697s
2026-06-16 02:39:42 - finetune_logger - INFO - Train memory reserved: 24.00 MB
[2026-06-16 02:39:42,618][finetune_logger][INFO] - Train memory reserved: 24.00 MB
2026-06-16 02:39:42 - finetune_logger - INFO - Train memory allocated: 18.10 MB
[2026-06-16 02:39:42,618][finetune_logger][INFO] - Train memory allocated: 18.10 MB
2026-06-16 02:39:42 - finetune_logger - INFO - Current learning rate: 0.00025
[2026-06-16 02:39:42,618][finetune_logger][INFO] - Current learning rate: 0.00025
2026-06-16 02:40:53 - finetune_logger - INFO - Validation metrics: {'MAE': 2.0622818069303426, 'RMSE': 3.0251223535258362}
[2026-06-16 02:40:53,439][finetune_logger][INFO] - Validation metrics: {'MAE': 2.0622818069303426, 'RMSE': 3.0251223535258362}
2026-06-16 02:40:53 - finetune_logger - INFO - Val time: 70.82s
[2026-06-16 02:40:53,440][finetune_logger][INFO] - Val time: 70.82s
2026-06-16 02:40:53 - finetune_logger - INFO - Val memory reserved: 24.00 MB
[2026-06-16 02:40:53,440][finetune_logger][INFO] - Val memory reserved: 24.00 MB
2026-06-16 02:40:53 - finetune_logger - INFO - Val memory allocated: 18.10 MB
[2026-06-16 02:40:53,440][finetune_logger][INFO] - Val memory allocated: 18.10 MB
2026-06-16 02:40:53 - finetune_logger - INFO - Logged epoch 11 info to /public/home/202411094934/python_project/Spatio-Temporal-Library/time-series/2026-06-16/itransformer/finetune20/ettm2/time-series/seed_0/training_log.json
[2026-06-16 02:40:53,444][finetune_logger][INFO] - Logged epoch 11 info to /public/home/202411094934/python_project/Spatio-Temporal-Library/time-series/2026-06-16/itransformer/finetune20/ettm2/time-series/seed_0/training_log.json
2026-06-16 02:42:04 - finetune_logger - INFO - Test metrics: {'MAE': 2.1950447725551148, 'RMSE': 3.339064798077846}
[2026-06-16 02:42:04,358][finetune_logger][INFO] - Test metrics: {'MAE': 2.1950447725551148, 'RMSE': 3.339064798077846}
2026-06-16 02:42:04 - finetune_logger - INFO - Test time: 70.91s
[2026-06-16 02:42:04,358][finetune_logger][INFO] - Test time: 70.91s
2026-06-16 02:42:04 - finetune_logger - INFO - Test memory reserved: 24.00 MB
[2026-06-16 02:42:04,358][finetune_logger][INFO] - Test memory reserved: 24.00 MB
2026-06-16 02:42:04 - finetune_logger - INFO - Test memory allocated: 18.10 MB
[2026-06-16 02:42:04,358][finetune_logger][INFO] - Test memory allocated: 18.10 MB
2026-06-16 02:42:04 - finetune_logger - INFO - Epoch 12/20
[2026-06-16 02:42:04,358][finetune_logger][INFO] - Epoch 12/20
2026-06-16 02:50:31 - finetune_logger - INFO - Train loss: 1.6217266271246535
[2026-06-16 02:50:31,701][finetune_logger][INFO] - Train loss: 1.6217266271246535
2026-06-16 02:50:31 - finetune_logger - INFO - Train time: 507.34198570251465s
[2026-06-16 02:50:31,701][finetune_logger][INFO] - Train time: 507.34198570251465s
2026-06-16 02:50:31 - finetune_logger - INFO - Train memory reserved: 24.00 MB
[2026-06-16 02:50:31,701][finetune_logger][INFO] - Train memory reserved: 24.00 MB
2026-06-16 02:50:31 - finetune_logger - INFO - Train memory allocated: 18.10 MB
[2026-06-16 02:50:31,701][finetune_logger][INFO] - Train memory allocated: 18.10 MB
2026-06-16 02:50:31 - finetune_logger - INFO - Current learning rate: 0.00025
[2026-06-16 02:50:31,702][finetune_logger][INFO] - Current learning rate: 0.00025
2026-06-16 02:51:42 - finetune_logger - INFO - Validation metrics: {'MAE': 2.0034116048893207, 'RMSE': 2.9274846144903424}
[2026-06-16 02:51:42,482][finetune_logger][INFO] - Validation metrics: {'MAE': 2.0034116048893207, 'RMSE': 2.9274846144903424}
2026-06-16 02:51:42 - finetune_logger - INFO - Val time: 70.78s
[2026-06-16 02:51:42,482][finetune_logger][INFO] - Val time: 70.78s
2026-06-16 02:51:42 - finetune_logger - INFO - Val memory reserved: 24.00 MB
[2026-06-16 02:51:42,483][finetune_logger][INFO] - Val memory reserved: 24.00 MB
2026-06-16 02:51:42 - finetune_logger - INFO - Val memory allocated: 18.10 MB
[2026-06-16 02:51:42,483][finetune_logger][INFO] - Val memory allocated: 18.10 MB
2026-06-16 02:51:42 - finetune_logger - INFO - Logged epoch 12 info to /public/home/202411094934/python_project/Spatio-Temporal-Library/time-series/2026-06-16/itransformer/finetune20/ettm2/time-series/seed_0/training_log.json
[2026-06-16 02:51:42,486][finetune_logger][INFO] - Logged epoch 12 info to /public/home/202411094934/python_project/Spatio-Temporal-Library/time-series/2026-06-16/itransformer/finetune20/ettm2/time-series/seed_0/training_log.json
2026-06-16 02:52:53 - finetune_logger - INFO - Test metrics: {'MAE': 2.132407971069752, 'RMSE': 3.2372785987824675}
[2026-06-16 02:52:53,445][finetune_logger][INFO] - Test metrics: {'MAE': 2.132407971069752, 'RMSE': 3.2372785987824675}
2026-06-16 02:52:53 - finetune_logger - INFO - Test time: 70.96s
[2026-06-16 02:52:53,446][finetune_logger][INFO] - Test time: 70.96s
2026-06-16 02:52:53 - finetune_logger - INFO - Test memory reserved: 24.00 MB
[2026-06-16 02:52:53,446][finetune_logger][INFO] - Test memory reserved: 24.00 MB
2026-06-16 02:52:53 - finetune_logger - INFO - Test memory allocated: 18.10 MB
[2026-06-16 02:52:53,446][finetune_logger][INFO] - Test memory allocated: 18.10 MB
2026-06-16 02:52:53 - finetune_logger - INFO - Epoch 13/20
[2026-06-16 02:52:53,446][finetune_logger][INFO] - Epoch 13/20
2026-06-16 03:01:20 - finetune_logger - INFO - Train loss: 1.6057694983428443
[2026-06-16 03:01:20,740][finetune_logger][INFO] - Train loss: 1.6057694983428443
2026-06-16 03:01:20 - finetune_logger - INFO - Train time: 507.2935965061188s
[2026-06-16 03:01:20,740][finetune_logger][INFO] - Train time: 507.2935965061188s
2026-06-16 03:01:20 - finetune_logger - INFO - Train memory reserved: 24.00 MB
[2026-06-16 03:01:20,740][finetune_logger][INFO] - Train memory reserved: 24.00 MB
2026-06-16 03:01:20 - finetune_logger - INFO - Train memory allocated: 18.10 MB
[2026-06-16 03:01:20,741][finetune_logger][INFO] - Train memory allocated: 18.10 MB
2026-06-16 03:01:20 - finetune_logger - INFO - Current learning rate: 0.00025
[2026-06-16 03:01:20,741][finetune_logger][INFO] - Current learning rate: 0.00025
2026-06-16 03:02:31 - finetune_logger - INFO - Validation metrics: {'MAE': 2.03003532276967, 'RMSE': 2.972885281617403}
[2026-06-16 03:02:31,440][finetune_logger][INFO] - Validation metrics: {'MAE': 2.03003532276967, 'RMSE': 2.972885281617403}
2026-06-16 03:02:31 - finetune_logger - INFO - Val time: 70.70s
[2026-06-16 03:02:31,440][finetune_logger][INFO] - Val time: 70.70s
2026-06-16 03:02:31 - finetune_logger - INFO - Val memory reserved: 24.00 MB
[2026-06-16 03:02:31,441][finetune_logger][INFO] - Val memory reserved: 24.00 MB
2026-06-16 03:02:31 - finetune_logger - INFO - Val memory allocated: 18.10 MB
[2026-06-16 03:02:31,441][finetune_logger][INFO] - Val memory allocated: 18.10 MB
2026-06-16 03:02:31 - finetune_logger - INFO - Logged epoch 13 info to /public/home/202411094934/python_project/Spatio-Temporal-Library/time-series/2026-06-16/itransformer/finetune20/ettm2/time-series/seed_0/training_log.json
[2026-06-16 03:02:31,444][finetune_logger][INFO] - Logged epoch 13 info to /public/home/202411094934/python_project/Spatio-Temporal-Library/time-series/2026-06-16/itransformer/finetune20/ettm2/time-series/seed_0/training_log.json
2026-06-16 03:03:42 - finetune_logger - INFO - Test metrics: {'MAE': 2.1676325418660167, 'RMSE': 3.2916215669722804}
[2026-06-16 03:03:42,466][finetune_logger][INFO] - Test metrics: {'MAE': 2.1676325418660167, 'RMSE': 3.2916215669722804}
2026-06-16 03:03:42 - finetune_logger - INFO - Test time: 71.02s
[2026-06-16 03:03:42,467][finetune_logger][INFO] - Test time: 71.02s
2026-06-16 03:03:42 - finetune_logger - INFO - Test memory reserved: 24.00 MB
[2026-06-16 03:03:42,467][finetune_logger][INFO] - Test memory reserved: 24.00 MB
2026-06-16 03:03:42 - finetune_logger - INFO - Test memory allocated: 18.10 MB
[2026-06-16 03:03:42,467][finetune_logger][INFO] - Test memory allocated: 18.10 MB
2026-06-16 03:03:42 - finetune_logger - INFO - Epoch 14/20
[2026-06-16 03:03:42,467][finetune_logger][INFO] - Epoch 14/20
2026-06-16 03:12:09 - finetune_logger - INFO - Train loss: 1.5928387561382518
[2026-06-16 03:12:09,786][finetune_logger][INFO] - Train loss: 1.5928387561382518
2026-06-16 03:12:09 - finetune_logger - INFO - Train time: 507.318510055542s
[2026-06-16 03:12:09,786][finetune_logger][INFO] - Train time: 507.318510055542s
2026-06-16 03:12:09 - finetune_logger - INFO - Train memory reserved: 24.00 MB
[2026-06-16 03:12:09,787][finetune_logger][INFO] - Train memory reserved: 24.00 MB
2026-06-16 03:12:09 - finetune_logger - INFO - Train memory allocated: 18.10 MB
[2026-06-16 03:12:09,787][finetune_logger][INFO] - Train memory allocated: 18.10 MB
2026-06-16 03:12:09 - finetune_logger - INFO - Current learning rate: 0.00025
[2026-06-16 03:12:09,787][finetune_logger][INFO] - Current learning rate: 0.00025
2026-06-16 03:13:20 - finetune_logger - INFO - Validation metrics: {'MAE': 2.030493339601235, 'RMSE': 2.9730349122922193}
[2026-06-16 03:13:20,520][finetune_logger][INFO] - Validation metrics: {'MAE': 2.030493339601235, 'RMSE': 2.9730349122922193}
2026-06-16 03:13:20 - finetune_logger - INFO - Val time: 70.73s
[2026-06-16 03:13:20,520][finetune_logger][INFO] - Val time: 70.73s
2026-06-16 03:13:20 - finetune_logger - INFO - Val memory reserved: 24.00 MB
[2026-06-16 03:13:20,520][finetune_logger][INFO] - Val memory reserved: 24.00 MB
2026-06-16 03:13:20 - finetune_logger - INFO - Val memory allocated: 18.10 MB
[2026-06-16 03:13:20,520][finetune_logger][INFO] - Val memory allocated: 18.10 MB
2026-06-16 03:13:20 - finetune_logger - INFO - Logged epoch 14 info to /public/home/202411094934/python_project/Spatio-Temporal-Library/time-series/2026-06-16/itransformer/finetune20/ettm2/time-series/seed_0/training_log.json
[2026-06-16 03:13:20,524][finetune_logger][INFO] - Logged epoch 14 info to /public/home/202411094934/python_project/Spatio-Temporal-Library/time-series/2026-06-16/itransformer/finetune20/ettm2/time-series/seed_0/training_log.json
2026-06-16 03:14:31 - finetune_logger - INFO - Test metrics: {'MAE': 2.1658708516090064, 'RMSE': 3.286021463404337}
[2026-06-16 03:14:31,374][finetune_logger][INFO] - Test metrics: {'MAE': 2.1658708516090064, 'RMSE': 3.286021463404337}
2026-06-16 03:14:31 - finetune_logger - INFO - Test time: 70.85s
[2026-06-16 03:14:31,374][finetune_logger][INFO] - Test time: 70.85s
2026-06-16 03:14:31 - finetune_logger - INFO - Test memory reserved: 24.00 MB
[2026-06-16 03:14:31,375][finetune_logger][INFO] - Test memory reserved: 24.00 MB
2026-06-16 03:14:31 - finetune_logger - INFO - Test memory allocated: 18.10 MB
[2026-06-16 03:14:31,375][finetune_logger][INFO] - Test memory allocated: 18.10 MB
2026-06-16 03:14:31 - finetune_logger - INFO - Epoch 15/20
[2026-06-16 03:14:31,375][finetune_logger][INFO] - Epoch 15/20
2026-06-16 03:22:58 - finetune_logger - INFO - Train loss: 1.5796023340331862
[2026-06-16 03:22:58,933][finetune_logger][INFO] - Train loss: 1.5796023340331862
2026-06-16 03:22:58 - finetune_logger - INFO - Train time: 507.5582513809204s
[2026-06-16 03:22:58,934][finetune_logger][INFO] - Train time: 507.5582513809204s
2026-06-16 03:22:58 - finetune_logger - INFO - Train memory reserved: 24.00 MB
[2026-06-16 03:22:58,934][finetune_logger][INFO] - Train memory reserved: 24.00 MB
2026-06-16 03:22:58 - finetune_logger - INFO - Train memory allocated: 18.10 MB
[2026-06-16 03:22:58,934][finetune_logger][INFO] - Train memory allocated: 18.10 MB
2026-06-16 03:22:58 - finetune_logger - INFO - Current learning rate: 0.00025
[2026-06-16 03:22:58,934][finetune_logger][INFO] - Current learning rate: 0.00025
2026-06-16 03:24:10 - finetune_logger - INFO - Validation metrics: {'MAE': 2.019484973572861, 'RMSE': 2.950969407434628}
[2026-06-16 03:24:10,079][finetune_logger][INFO] - Validation metrics: {'MAE': 2.019484973572861, 'RMSE': 2.950969407434628}
2026-06-16 03:24:10 - finetune_logger - INFO - Val time: 71.14s
[2026-06-16 03:24:10,080][finetune_logger][INFO] - Val time: 71.14s
2026-06-16 03:24:10 - finetune_logger - INFO - Val memory reserved: 24.00 MB
[2026-06-16 03:24:10,080][finetune_logger][INFO] - Val memory reserved: 24.00 MB
2026-06-16 03:24:10 - finetune_logger - INFO - Val memory allocated: 18.10 MB
[2026-06-16 03:24:10,080][finetune_logger][INFO] - Val memory allocated: 18.10 MB
2026-06-16 03:24:10 - finetune_logger - INFO - Logged epoch 15 info to /public/home/202411094934/python_project/Spatio-Temporal-Library/time-series/2026-06-16/itransformer/finetune20/ettm2/time-series/seed_0/training_log.json
[2026-06-16 03:24:10,083][finetune_logger][INFO] - Logged epoch 15 info to /public/home/202411094934/python_project/Spatio-Temporal-Library/time-series/2026-06-16/itransformer/finetune20/ettm2/time-series/seed_0/training_log.json
2026-06-16 03:25:21 - finetune_logger - INFO - Test metrics: {'MAE': 2.1416043119117325, 'RMSE': 3.250642748562656}
[2026-06-16 03:25:21,053][finetune_logger][INFO] - Test metrics: {'MAE': 2.1416043119117325, 'RMSE': 3.250642748562656}
2026-06-16 03:25:21 - finetune_logger - INFO - Test time: 70.97s
[2026-06-16 03:25:21,053][finetune_logger][INFO] - Test time: 70.97s
2026-06-16 03:25:21 - finetune_logger - INFO - Test memory reserved: 24.00 MB
[2026-06-16 03:25:21,053][finetune_logger][INFO] - Test memory reserved: 24.00 MB
2026-06-16 03:25:21 - finetune_logger - INFO - Test memory allocated: 18.10 MB
[2026-06-16 03:25:21,053][finetune_logger][INFO] - Test memory allocated: 18.10 MB
2026-06-16 03:25:21 - finetune_logger - INFO - Epoch 16/20
[2026-06-16 03:25:21,053][finetune_logger][INFO] - Epoch 16/20
2026-06-16 03:33:48 - finetune_logger - INFO - Train loss: 1.568909649946397
[2026-06-16 03:33:48,118][finetune_logger][INFO] - Train loss: 1.568909649946397
2026-06-16 03:33:48 - finetune_logger - INFO - Train time: 507.06423330307007s
[2026-06-16 03:33:48,118][finetune_logger][INFO] - Train time: 507.06423330307007s
2026-06-16 03:33:48 - finetune_logger - INFO - Train memory reserved: 24.00 MB
[2026-06-16 03:33:48,119][finetune_logger][INFO] - Train memory reserved: 24.00 MB
2026-06-16 03:33:48 - finetune_logger - INFO - Train memory allocated: 18.10 MB
[2026-06-16 03:33:48,119][finetune_logger][INFO] - Train memory allocated: 18.10 MB
2026-06-16 03:33:48 - finetune_logger - INFO - Current learning rate: 0.00025
[2026-06-16 03:33:48,119][finetune_logger][INFO] - Current learning rate: 0.00025
2026-06-16 03:34:59 - finetune_logger - INFO - Validation metrics: {'MAE': 2.0462100949120337, 'RMSE': 3.0064168149716948}
[2026-06-16 03:34:59,128][finetune_logger][INFO] - Validation metrics: {'MAE': 2.0462100949120337, 'RMSE': 3.0064168149716948}
2026-06-16 03:34:59 - finetune_logger - INFO - Val time: 71.01s
[2026-06-16 03:34:59,128][finetune_logger][INFO] - Val time: 71.01s
2026-06-16 03:34:59 - finetune_logger - INFO - Val memory reserved: 24.00 MB
[2026-06-16 03:34:59,128][finetune_logger][INFO] - Val memory reserved: 24.00 MB
2026-06-16 03:34:59 - finetune_logger - INFO - Val memory allocated: 18.10 MB
[2026-06-16 03:34:59,128][finetune_logger][INFO] - Val memory allocated: 18.10 MB
2026-06-16 03:34:59 - finetune_logger - INFO - Logged epoch 16 info to /public/home/202411094934/python_project/Spatio-Temporal-Library/time-series/2026-06-16/itransformer/finetune20/ettm2/time-series/seed_0/training_log.json
[2026-06-16 03:34:59,132][finetune_logger][INFO] - Logged epoch 16 info to /public/home/202411094934/python_project/Spatio-Temporal-Library/time-series/2026-06-16/itransformer/finetune20/ettm2/time-series/seed_0/training_log.json
2026-06-16 03:36:09 - finetune_logger - INFO - Test metrics: {'MAE': 2.164840698829522, 'RMSE': 3.294338695314056}
[2026-06-16 03:36:09,994][finetune_logger][INFO] - Test metrics: {'MAE': 2.164840698829522, 'RMSE': 3.294338695314056}
2026-06-16 03:36:09 - finetune_logger - INFO - Test time: 70.86s
[2026-06-16 03:36:09,994][finetune_logger][INFO] - Test time: 70.86s
2026-06-16 03:36:09 - finetune_logger - INFO - Test memory reserved: 24.00 MB
[2026-06-16 03:36:09,994][finetune_logger][INFO] - Test memory reserved: 24.00 MB
2026-06-16 03:36:09 - finetune_logger - INFO - Test memory allocated: 18.10 MB
[2026-06-16 03:36:09,994][finetune_logger][INFO] - Test memory allocated: 18.10 MB
2026-06-16 03:36:09 - finetune_logger - INFO - Epoch 17/20
[2026-06-16 03:36:09,994][finetune_logger][INFO] - Epoch 17/20
2026-06-16 03:44:37 - finetune_logger - INFO - Train loss: 1.5600392408350632
[2026-06-16 03:44:37,694][finetune_logger][INFO] - Train loss: 1.5600392408350632
2026-06-16 03:44:37 - finetune_logger - INFO - Train time: 507.69899010658264s
[2026-06-16 03:44:37,694][finetune_logger][INFO] - Train time: 507.69899010658264s
2026-06-16 03:44:37 - finetune_logger - INFO - Train memory reserved: 24.00 MB
[2026-06-16 03:44:37,694][finetune_logger][INFO] - Train memory reserved: 24.00 MB
2026-06-16 03:44:37 - finetune_logger - INFO - Train memory allocated: 18.10 MB
[2026-06-16 03:44:37,694][finetune_logger][INFO] - Train memory allocated: 18.10 MB
2026-06-16 03:44:37 - finetune_logger - INFO - Current learning rate: 0.00025
[2026-06-16 03:44:37,694][finetune_logger][INFO] - Current learning rate: 0.00025
2026-06-16 03:45:48 - finetune_logger - INFO - Validation metrics: {'MAE': 2.0625878799189272, 'RMSE': 3.0251308948899553}
[2026-06-16 03:45:48,687][finetune_logger][INFO] - Validation metrics: {'MAE': 2.0625878799189272, 'RMSE': 3.0251308948899553}
2026-06-16 03:45:48 - finetune_logger - INFO - Val time: 70.99s
[2026-06-16 03:45:48,687][finetune_logger][INFO] - Val time: 70.99s
2026-06-16 03:45:48 - finetune_logger - INFO - Val memory reserved: 24.00 MB
[2026-06-16 03:45:48,687][finetune_logger][INFO] - Val memory reserved: 24.00 MB
2026-06-16 03:45:48 - finetune_logger - INFO - Val memory allocated: 18.10 MB
[2026-06-16 03:45:48,687][finetune_logger][INFO] - Val memory allocated: 18.10 MB
2026-06-16 03:45:48 - finetune_logger - INFO - Logged epoch 17 info to /public/home/202411094934/python_project/Spatio-Temporal-Library/time-series/2026-06-16/itransformer/finetune20/ettm2/time-series/seed_0/training_log.json
[2026-06-16 03:45:48,691][finetune_logger][INFO] - Logged epoch 17 info to /public/home/202411094934/python_project/Spatio-Temporal-Library/time-series/2026-06-16/itransformer/finetune20/ettm2/time-series/seed_0/training_log.json
2026-06-16 03:46:59 - finetune_logger - INFO - Test metrics: {'MAE': 2.1690195076633683, 'RMSE': 3.294094251284754}
[2026-06-16 03:46:59,582][finetune_logger][INFO] - Test metrics: {'MAE': 2.1690195076633683, 'RMSE': 3.294094251284754}
2026-06-16 03:46:59 - finetune_logger - INFO - Test time: 70.89s
[2026-06-16 03:46:59,583][finetune_logger][INFO] - Test time: 70.89s
2026-06-16 03:46:59 - finetune_logger - INFO - Test memory reserved: 24.00 MB
[2026-06-16 03:46:59,583][finetune_logger][INFO] - Test memory reserved: 24.00 MB
2026-06-16 03:46:59 - finetune_logger - INFO - Test memory allocated: 18.10 MB
[2026-06-16 03:46:59,583][finetune_logger][INFO] - Test memory allocated: 18.10 MB
2026-06-16 03:46:59 - finetune_logger - INFO - Epoch 18/20
[2026-06-16 03:46:59,583][finetune_logger][INFO] - Epoch 18/20
2026-06-16 03:55:26 - finetune_logger - INFO - Train loss: 1.5495916584058793
[2026-06-16 03:55:26,497][finetune_logger][INFO] - Train loss: 1.5495916584058793
2026-06-16 03:55:26 - finetune_logger - INFO - Train time: 506.91343903541565s
[2026-06-16 03:55:26,497][finetune_logger][INFO] - Train time: 506.91343903541565s
2026-06-16 03:55:26 - finetune_logger - INFO - Train memory reserved: 24.00 MB
[2026-06-16 03:55:26,497][finetune_logger][INFO] - Train memory reserved: 24.00 MB
2026-06-16 03:55:26 - finetune_logger - INFO - Train memory allocated: 18.10 MB
[2026-06-16 03:55:26,498][finetune_logger][INFO] - Train memory allocated: 18.10 MB
2026-06-16 03:55:26 - finetune_logger - INFO - Current learning rate: 0.00025
[2026-06-16 03:55:26,498][finetune_logger][INFO] - Current learning rate: 0.00025
2026-06-16 03:56:37 - finetune_logger - INFO - Validation metrics: {'MAE': 2.0545838491471295, 'RMSE': 3.0104260190031638}
[2026-06-16 03:56:37,271][finetune_logger][INFO] - Validation metrics: {'MAE': 2.0545838491471295, 'RMSE': 3.0104260190031638}
2026-06-16 03:56:37 - finetune_logger - INFO - Val time: 70.77s
[2026-06-16 03:56:37,272][finetune_logger][INFO] - Val time: 70.77s
2026-06-16 03:56:37 - finetune_logger - INFO - Val memory reserved: 24.00 MB
[2026-06-16 03:56:37,272][finetune_logger][INFO] - Val memory reserved: 24.00 MB
2026-06-16 03:56:37 - finetune_logger - INFO - Val memory allocated: 18.10 MB
[2026-06-16 03:56:37,272][finetune_logger][INFO] - Val memory allocated: 18.10 MB
2026-06-16 03:56:37 - finetune_logger - INFO - Logged epoch 18 info to /public/home/202411094934/python_project/Spatio-Temporal-Library/time-series/2026-06-16/itransformer/finetune20/ettm2/time-series/seed_0/training_log.json
[2026-06-16 03:56:37,276][finetune_logger][INFO] - Logged epoch 18 info to /public/home/202411094934/python_project/Spatio-Temporal-Library/time-series/2026-06-16/itransformer/finetune20/ettm2/time-series/seed_0/training_log.json
2026-06-16 03:57:48 - finetune_logger - INFO - Test metrics: {'MAE': 2.168302286835283, 'RMSE': 3.2916501987366815}
[2026-06-16 03:57:48,236][finetune_logger][INFO] - Test metrics: {'MAE': 2.168302286835283, 'RMSE': 3.2916501987366815}
2026-06-16 03:57:48 - finetune_logger - INFO - Test time: 70.96s
[2026-06-16 03:57:48,236][finetune_logger][INFO] - Test time: 70.96s
2026-06-16 03:57:48 - finetune_logger - INFO - Test memory reserved: 24.00 MB
[2026-06-16 03:57:48,236][finetune_logger][INFO] - Test memory reserved: 24.00 MB
2026-06-16 03:57:48 - finetune_logger - INFO - Test memory allocated: 18.10 MB
[2026-06-16 03:57:48,237][finetune_logger][INFO] - Test memory allocated: 18.10 MB
2026-06-16 03:57:48 - finetune_logger - INFO - Epoch 19/20
[2026-06-16 03:57:48,237][finetune_logger][INFO] - Epoch 19/20
2026-06-16 04:06:15 - finetune_logger - INFO - Train loss: 1.539909204106991
[2026-06-16 04:06:15,446][finetune_logger][INFO] - Train loss: 1.539909204106991
2026-06-16 04:06:15 - finetune_logger - INFO - Train time: 507.2087881565094s
[2026-06-16 04:06:15,446][finetune_logger][INFO] - Train time: 507.2087881565094s
2026-06-16 04:06:15 - finetune_logger - INFO - Train memory reserved: 24.00 MB
[2026-06-16 04:06:15,446][finetune_logger][INFO] - Train memory reserved: 24.00 MB
2026-06-16 04:06:15 - finetune_logger - INFO - Train memory allocated: 18.10 MB
[2026-06-16 04:06:15,446][finetune_logger][INFO] - Train memory allocated: 18.10 MB
2026-06-16 04:06:15 - finetune_logger - INFO - Current learning rate: 0.00025
[2026-06-16 04:06:15,447][finetune_logger][INFO] - Current learning rate: 0.00025
2026-06-16 04:07:26 - finetune_logger - INFO - Validation metrics: {'MAE': 2.0376169117196485, 'RMSE': 2.978478132329197}
[2026-06-16 04:07:26,166][finetune_logger][INFO] - Validation metrics: {'MAE': 2.0376169117196485, 'RMSE': 2.978478132329197}
2026-06-16 04:07:26 - finetune_logger - INFO - Val time: 70.72s
[2026-06-16 04:07:26,166][finetune_logger][INFO] - Val time: 70.72s
2026-06-16 04:07:26 - finetune_logger - INFO - Val memory reserved: 24.00 MB
[2026-06-16 04:07:26,166][finetune_logger][INFO] - Val memory reserved: 24.00 MB
2026-06-16 04:07:26 - finetune_logger - INFO - Val memory allocated: 18.10 MB
[2026-06-16 04:07:26,166][finetune_logger][INFO] - Val memory allocated: 18.10 MB
2026-06-16 04:07:26 - finetune_logger - INFO - Logged epoch 19 info to /public/home/202411094934/python_project/Spatio-Temporal-Library/time-series/2026-06-16/itransformer/finetune20/ettm2/time-series/seed_0/training_log.json
[2026-06-16 04:07:26,170][finetune_logger][INFO] - Logged epoch 19 info to /public/home/202411094934/python_project/Spatio-Temporal-Library/time-series/2026-06-16/itransformer/finetune20/ettm2/time-series/seed_0/training_log.json
2026-06-16 04:08:37 - finetune_logger - INFO - Test metrics: {'MAE': 2.1357092285335937, 'RMSE': 3.23882084251562}
[2026-06-16 04:08:37,048][finetune_logger][INFO] - Test metrics: {'MAE': 2.1357092285335937, 'RMSE': 3.23882084251562}
2026-06-16 04:08:37 - finetune_logger - INFO - Test time: 70.88s
[2026-06-16 04:08:37,049][finetune_logger][INFO] - Test time: 70.88s
2026-06-16 04:08:37 - finetune_logger - INFO - Test memory reserved: 24.00 MB
[2026-06-16 04:08:37,049][finetune_logger][INFO] - Test memory reserved: 24.00 MB
2026-06-16 04:08:37 - finetune_logger - INFO - Test memory allocated: 18.10 MB
[2026-06-16 04:08:37,049][finetune_logger][INFO] - Test memory allocated: 18.10 MB
2026-06-16 04:08:37 - finetune_logger - INFO - Epoch 20/20
[2026-06-16 04:08:37,049][finetune_logger][INFO] - Epoch 20/20
2026-06-16 04:17:04 - finetune_logger - INFO - Train loss: 1.5339774274396856
[2026-06-16 04:17:04,149][finetune_logger][INFO] - Train loss: 1.5339774274396856
2026-06-16 04:17:04 - finetune_logger - INFO - Train time: 507.09978771209717s
[2026-06-16 04:17:04,150][finetune_logger][INFO] - Train time: 507.09978771209717s
2026-06-16 04:17:04 - finetune_logger - INFO - Train memory reserved: 24.00 MB
[2026-06-16 04:17:04,150][finetune_logger][INFO] - Train memory reserved: 24.00 MB
2026-06-16 04:17:04 - finetune_logger - INFO - Train memory allocated: 18.10 MB
[2026-06-16 04:17:04,150][finetune_logger][INFO] - Train memory allocated: 18.10 MB
2026-06-16 04:17:04 - finetune_logger - INFO - Current learning rate: 0.00025
[2026-06-16 04:17:04,150][finetune_logger][INFO] - Current learning rate: 0.00025
2026-06-16 04:18:15 - finetune_logger - INFO - Validation metrics: {'MAE': 2.067723309549282, 'RMSE': 3.0296957929029493}
[2026-06-16 04:18:15,203][finetune_logger][INFO] - Validation metrics: {'MAE': 2.067723309549282, 'RMSE': 3.0296957929029493}
2026-06-16 04:18:15 - finetune_logger - INFO - Val time: 71.05s
[2026-06-16 04:18:15,203][finetune_logger][INFO] - Val time: 71.05s
2026-06-16 04:18:15 - finetune_logger - INFO - Val memory reserved: 24.00 MB
[2026-06-16 04:18:15,203][finetune_logger][INFO] - Val memory reserved: 24.00 MB
2026-06-16 04:18:15 - finetune_logger - INFO - Val memory allocated: 18.10 MB
[2026-06-16 04:18:15,203][finetune_logger][INFO] - Val memory allocated: 18.10 MB
2026-06-16 04:18:15 - finetune_logger - INFO - Logged epoch 20 info to /public/home/202411094934/python_project/Spatio-Temporal-Library/time-series/2026-06-16/itransformer/finetune20/ettm2/time-series/seed_0/training_log.json
[2026-06-16 04:18:15,207][finetune_logger][INFO] - Logged epoch 20 info to /public/home/202411094934/python_project/Spatio-Temporal-Library/time-series/2026-06-16/itransformer/finetune20/ettm2/time-series/seed_0/training_log.json
2026-06-16 04:19:26 - finetune_logger - INFO - Test metrics: {'MAE': 2.149237259773997, 'RMSE': 3.2621379556943726}
[2026-06-16 04:19:26,144][finetune_logger][INFO] - Test metrics: {'MAE': 2.149237259773997, 'RMSE': 3.2621379556943726}
2026-06-16 04:19:26 - finetune_logger - INFO - Test time: 70.91s
[2026-06-16 04:19:26,145][finetune_logger][INFO] - Test time: 70.91s
2026-06-16 04:19:26 - finetune_logger - INFO - Test memory reserved: 24.00 MB
[2026-06-16 04:19:26,145][finetune_logger][INFO] - Test memory reserved: 24.00 MB
2026-06-16 04:19:26 - finetune_logger - INFO - Test memory allocated: 18.10 MB
[2026-06-16 04:19:26,145][finetune_logger][INFO] - Test memory allocated: 18.10 MB
2026-06-16 04:19:26 - finetune_logger - INFO - Training completed. Best epoch: 6, Best val loss: 1.955877
[2026-06-16 04:19:26,145][finetune_logger][INFO] - Training completed. Best epoch: 6, Best val loss: 1.955877
2026-06-16 04:19:26 - finetune_logger - INFO - Loaded checkpoint from epoch 6
[2026-06-16 04:19:26,178][finetune_logger][INFO] - Loaded checkpoint from epoch 6
2026-06-16 04:19:26 - finetune_logger - INFO - Evaluating best model on test sets...
[2026-06-16 04:19:26,178][finetune_logger][INFO] - Evaluating best model on test sets...
2026-06-16 04:20:36 - finetune_logger - INFO - Test metrics: {'MAE': 2.116653852959079, 'RMSE': 3.2169595922727487}
[2026-06-16 04:20:36,983][finetune_logger][INFO] - Test metrics: {'MAE': 2.116653852959079, 'RMSE': 3.2169595922727487}
2026-06-16 04:20:36 - finetune_logger - INFO - Test time: 70.80s
[2026-06-16 04:20:36,983][finetune_logger][INFO] - Test time: 70.80s
2026-06-16 04:20:36 - finetune_logger - INFO - Test memory reserved: 26.00 MB
[2026-06-16 04:20:36,983][finetune_logger][INFO] - Test memory reserved: 26.00 MB
2026-06-16 04:20:36 - finetune_logger - INFO - Test memory allocated: 18.14 MB
[2026-06-16 04:20:36,983][finetune_logger][INFO] - Test memory allocated: 18.14 MB
2026-06-16 04:20:36 - finetune_logger - INFO - Logged epoch test info to /public/home/202411094934/python_project/Spatio-Temporal-Library/time-series/2026-06-16/itransformer/finetune20/ettm2/time-series/seed_0/training_log.json
[2026-06-16 04:20:36,987][finetune_logger][INFO] - Logged epoch test info to /public/home/202411094934/python_project/Spatio-Temporal-Library/time-series/2026-06-16/itransformer/finetune20/ettm2/time-series/seed_0/training_log.json
2026-06-16 09:05:56 - finetune_logger - INFO - No pretrained checkpoint is provided. Finetuning from scratch.
[2026-06-16 09:05:56,864][finetune_logger][INFO] - No pretrained checkpoint is provided. Finetuning from scratch.
2026-06-16 09:05:56 - finetune_logger - INFO - Model parameters: 158,912
[2026-06-16 09:05:56,867][finetune_logger][INFO] - Model parameters: 158,912
2026-06-16 09:05:56 - finetune_logger - INFO - Log file already exists at /public/home/202411094934/python_project/Spatio-Temporal-Library/time-series/2026-06-16/itransformer/finetune20/ettm2/time-series/seed_0/training_log.json, appending to it.
[2026-06-16 09:05:56,869][finetune_logger][INFO] - Log file already exists at /public/home/202411094934/python_project/Spatio-Temporal-Library/time-series/2026-06-16/itransformer/finetune20/ettm2/time-series/seed_0/training_log.json, appending to it.
2026-06-16 09:05:56 - finetune_logger - INFO - Starting training...
[2026-06-16 09:05:56,869][finetune_logger][INFO] - Starting training...
2026-06-16 09:05:56 - finetune_logger - INFO - Epoch 1/20
[2026-06-16 09:05:56,869][finetune_logger][INFO] - Epoch 1/20
2026-06-16 09:14:31 - finetune_logger - INFO - Train loss: 2.079233129633308
[2026-06-16 09:14:31,883][finetune_logger][INFO] - Train loss: 2.079233129633308
2026-06-16 09:14:31 - finetune_logger - INFO - Train time: 515.0132884979248s
[2026-06-16 09:14:31,883][finetune_logger][INFO] - Train time: 515.0132884979248s
2026-06-16 09:14:31 - finetune_logger - INFO - Train memory reserved: 24.00 MB
[2026-06-16 09:14:31,883][finetune_logger][INFO] - Train memory reserved: 24.00 MB
2026-06-16 09:14:31 - finetune_logger - INFO - Train memory allocated: 18.10 MB
[2026-06-16 09:14:31,884][finetune_logger][INFO] - Train memory allocated: 18.10 MB
2026-06-16 09:14:31 - finetune_logger - INFO - Current learning rate: 0.0005
[2026-06-16 09:14:31,884][finetune_logger][INFO] - Current learning rate: 0.0005
2026-06-16 09:15:43 - finetune_logger - INFO - Validation metrics: {'MAE': 1.9802849650382963, 'RMSE': 2.873910182674776}
[2026-06-16 09:15:43,409][finetune_logger][INFO] - Validation metrics: {'MAE': 1.9802849650382963, 'RMSE': 2.873910182674776}
2026-06-16 09:15:43 - finetune_logger - INFO - Val time: 71.53s
[2026-06-16 09:15:43,410][finetune_logger][INFO] - Val time: 71.53s
2026-06-16 09:15:43 - finetune_logger - INFO - Val memory reserved: 24.00 MB
[2026-06-16 09:15:43,410][finetune_logger][INFO] - Val memory reserved: 24.00 MB
2026-06-16 09:15:43 - finetune_logger - INFO - Val memory allocated: 18.10 MB
[2026-06-16 09:15:43,410][finetune_logger][INFO] - Val memory allocated: 18.10 MB
2026-06-16 09:15:43 - finetune_logger - INFO - Logged epoch 1 info to /public/home/202411094934/python_project/Spatio-Temporal-Library/time-series/2026-06-16/itransformer/finetune20/ettm2/time-series/seed_0/training_log.json
[2026-06-16 09:15:43,414][finetune_logger][INFO] - Logged epoch 1 info to /public/home/202411094934/python_project/Spatio-Temporal-Library/time-series/2026-06-16/itransformer/finetune20/ettm2/time-series/seed_0/training_log.json
2026-06-16 09:15:43 - finetune_logger - INFO - New best model! Val loss: 1.980285
[2026-06-16 09:15:43,414][finetune_logger][INFO] - New best model! Val loss: 1.980285
2026-06-16 09:16:54 - finetune_logger - INFO - Test metrics: {'MAE': 2.1201395491838295, 'RMSE': 3.2097675975460263}
[2026-06-16 09:16:54,896][finetune_logger][INFO] - Test metrics: {'MAE': 2.1201395491838295, 'RMSE': 3.2097675975460263}
2026-06-16 09:16:54 - finetune_logger - INFO - Test time: 71.44s
[2026-06-16 09:16:54,896][finetune_logger][INFO] - Test time: 71.44s
2026-06-16 09:16:54 - finetune_logger - INFO - Test memory reserved: 24.00 MB
[2026-06-16 09:16:54,897][finetune_logger][INFO] - Test memory reserved: 24.00 MB
2026-06-16 09:16:54 - finetune_logger - INFO - Test memory allocated: 18.10 MB
[2026-06-16 09:16:54,897][finetune_logger][INFO] - Test memory allocated: 18.10 MB
2026-06-16 09:16:54 - finetune_logger - INFO - Epoch 2/20
[2026-06-16 09:16:54,897][finetune_logger][INFO] - Epoch 2/20
2026-06-16 09:25:28 - finetune_logger - INFO - Train loss: 1.960111113153037
[2026-06-16 09:25:28,405][finetune_logger][INFO] - Train loss: 1.960111113153037
2026-06-16 09:25:28 - finetune_logger - INFO - Train time: 513.5078196525574s
[2026-06-16 09:25:28,405][finetune_logger][INFO] - Train time: 513.5078196525574s
2026-06-16 09:25:28 - finetune_logger - INFO - Train memory reserved: 24.00 MB
[2026-06-16 09:25:28,406][finetune_logger][INFO] - Train memory reserved: 24.00 MB
2026-06-16 09:25:28 - finetune_logger - INFO - Train memory allocated: 18.10 MB
[2026-06-16 09:25:28,406][finetune_logger][INFO] - Train memory allocated: 18.10 MB
2026-06-16 09:25:28 - finetune_logger - INFO - Current learning rate: 0.0005
[2026-06-16 09:25:28,406][finetune_logger][INFO] - Current learning rate: 0.0005
2026-06-16 09:26:39 - finetune_logger - INFO - Validation metrics: {'MAE': 1.9764619690812062, 'RMSE': 2.870301126481384}
[2026-06-16 09:26:39,873][finetune_logger][INFO] - Validation metrics: {'MAE': 1.9764619690812062, 'RMSE': 2.870301126481384}
2026-06-16 09:26:39 - finetune_logger - INFO - Val time: 71.47s
[2026-06-16 09:26:39,874][finetune_logger][INFO] - Val time: 71.47s
2026-06-16 09:26:39 - finetune_logger - INFO - Val memory reserved: 24.00 MB
[2026-06-16 09:26:39,874][finetune_logger][INFO] - Val memory reserved: 24.00 MB
2026-06-16 09:26:39 - finetune_logger - INFO - Val memory allocated: 18.10 MB
[2026-06-16 09:26:39,874][finetune_logger][INFO] - Val memory allocated: 18.10 MB
2026-06-16 09:26:39 - finetune_logger - INFO - Logged epoch 2 info to /public/home/202411094934/python_project/Spatio-Temporal-Library/time-series/2026-06-16/itransformer/finetune20/ettm2/time-series/seed_0/training_log.json
[2026-06-16 09:26:39,878][finetune_logger][INFO] - Logged epoch 2 info to /public/home/202411094934/python_project/Spatio-Temporal-Library/time-series/2026-06-16/itransformer/finetune20/ettm2/time-series/seed_0/training_log.json
2026-06-16 09:26:39 - finetune_logger - INFO - New best model! Val loss: 1.976462
[2026-06-16 09:26:39,878][finetune_logger][INFO] - New best model! Val loss: 1.976462
2026-06-16 09:27:51 - finetune_logger - INFO - Test metrics: {'MAE': 2.1092420450909795, 'RMSE': 3.1943418226716087}
[2026-06-16 09:27:51,356][finetune_logger][INFO] - Test metrics: {'MAE': 2.1092420450909795, 'RMSE': 3.1943418226716087}
2026-06-16 09:27:51 - finetune_logger - INFO - Test time: 71.43s
[2026-06-16 09:27:51,356][finetune_logger][INFO] - Test time: 71.43s
2026-06-16 09:27:51 - finetune_logger - INFO - Test memory reserved: 24.00 MB
[2026-06-16 09:27:51,356][finetune_logger][INFO] - Test memory reserved: 24.00 MB
2026-06-16 09:27:51 - finetune_logger - INFO - Test memory allocated: 18.10 MB
[2026-06-16 09:27:51,356][finetune_logger][INFO] - Test memory allocated: 18.10 MB
2026-06-16 09:27:51 - finetune_logger - INFO - Epoch 3/20
[2026-06-16 09:27:51,356][finetune_logger][INFO] - Epoch 3/20
2026-06-16 09:36:25 - finetune_logger - INFO - Train loss: 1.9036055827849663
[2026-06-16 09:36:25,010][finetune_logger][INFO] - Train loss: 1.9036055827849663
2026-06-16 09:36:25 - finetune_logger - INFO - Train time: 513.6530330181122s
[2026-06-16 09:36:25,010][finetune_logger][INFO] - Train time: 513.6530330181122s
2026-06-16 09:36:25 - finetune_logger - INFO - Train memory reserved: 24.00 MB
[2026-06-16 09:36:25,010][finetune_logger][INFO] - Train memory reserved: 24.00 MB
2026-06-16 09:36:25 - finetune_logger - INFO - Train memory allocated: 18.10 MB
[2026-06-16 09:36:25,010][finetune_logger][INFO] - Train memory allocated: 18.10 MB
2026-06-16 09:36:25 - finetune_logger - INFO - Current learning rate: 0.0005
[2026-06-16 09:36:25,011][finetune_logger][INFO] - Current learning rate: 0.0005
2026-06-16 09:37:36 - finetune_logger - INFO - Validation metrics: {'MAE': 1.9774014621642428, 'RMSE': 2.8789319381574163}
[2026-06-16 09:37:36,476][finetune_logger][INFO] - Validation metrics: {'MAE': 1.9774014621642428, 'RMSE': 2.8789319381574163}
2026-06-16 09:37:36 - finetune_logger - INFO - Val time: 71.46s
[2026-06-16 09:37:36,476][finetune_logger][INFO] - Val time: 71.46s
2026-06-16 09:37:36 - finetune_logger - INFO - Val memory reserved: 24.00 MB
[2026-06-16 09:37:36,476][finetune_logger][INFO] - Val memory reserved: 24.00 MB
2026-06-16 09:37:36 - finetune_logger - INFO - Val memory allocated: 18.10 MB
[2026-06-16 09:37:36,476][finetune_logger][INFO] - Val memory allocated: 18.10 MB
2026-06-16 09:37:36 - finetune_logger - INFO - Logged epoch 3 info to /public/home/202411094934/python_project/Spatio-Temporal-Library/time-series/2026-06-16/itransformer/finetune20/ettm2/time-series/seed_0/training_log.json
[2026-06-16 09:37:36,480][finetune_logger][INFO] - Logged epoch 3 info to /public/home/202411094934/python_project/Spatio-Temporal-Library/time-series/2026-06-16/itransformer/finetune20/ettm2/time-series/seed_0/training_log.json
2026-06-16 09:38:47 - finetune_logger - INFO - Test metrics: {'MAE': 2.099904902125283, 'RMSE': 3.1804911530499442}
[2026-06-16 09:38:47,979][finetune_logger][INFO] - Test metrics: {'MAE': 2.099904902125283, 'RMSE': 3.1804911530499442}
2026-06-16 09:38:47 - finetune_logger - INFO - Test time: 71.50s
[2026-06-16 09:38:47,979][finetune_logger][INFO] - Test time: 71.50s
2026-06-16 09:38:47 - finetune_logger - INFO - Test memory reserved: 24.00 MB
[2026-06-16 09:38:47,979][finetune_logger][INFO] - Test memory reserved: 24.00 MB
2026-06-16 09:38:47 - finetune_logger - INFO - Test memory allocated: 18.10 MB
[2026-06-16 09:38:47,980][finetune_logger][INFO] - Test memory allocated: 18.10 MB
2026-06-16 09:38:47 - finetune_logger - INFO - Epoch 4/20
[2026-06-16 09:38:47,980][finetune_logger][INFO] - Epoch 4/20
2026-06-16 09:47:22 - finetune_logger - INFO - Train loss: 1.8582752078515123
[2026-06-16 09:47:22,119][finetune_logger][INFO] - Train loss: 1.8582752078515123
2026-06-16 09:47:22 - finetune_logger - INFO - Train time: 514.139265537262s
[2026-06-16 09:47:22,120][finetune_logger][INFO] - Train time: 514.139265537262s
2026-06-16 09:47:22 - finetune_logger - INFO - Train memory reserved: 24.00 MB
[2026-06-16 09:47:22,120][finetune_logger][INFO] - Train memory reserved: 24.00 MB
2026-06-16 09:47:22 - finetune_logger - INFO - Train memory allocated: 18.10 MB
[2026-06-16 09:47:22,120][finetune_logger][INFO] - Train memory allocated: 18.10 MB
2026-06-16 09:47:22 - finetune_logger - INFO - Current learning rate: 0.0005
[2026-06-16 09:47:22,120][finetune_logger][INFO] - Current learning rate: 0.0005
2026-06-16 09:48:33 - finetune_logger - INFO - Validation metrics: {'MAE': 1.9627460138775588, 'RMSE': 2.86224629369991}
[2026-06-16 09:48:33,567][finetune_logger][INFO] - Validation metrics: {'MAE': 1.9627460138775588, 'RMSE': 2.86224629369991}
2026-06-16 09:48:33 - finetune_logger - INFO - Val time: 71.45s
[2026-06-16 09:48:33,567][finetune_logger][INFO] - Val time: 71.45s
2026-06-16 09:48:33 - finetune_logger - INFO - Val memory reserved: 24.00 MB
[2026-06-16 09:48:33,567][finetune_logger][INFO] - Val memory reserved: 24.00 MB
2026-06-16 09:48:33 - finetune_logger - INFO - Val memory allocated: 18.10 MB
[2026-06-16 09:48:33,567][finetune_logger][INFO] - Val memory allocated: 18.10 MB
2026-06-16 09:48:33 - finetune_logger - INFO - Logged epoch 4 info to /public/home/202411094934/python_project/Spatio-Temporal-Library/time-series/2026-06-16/itransformer/finetune20/ettm2/time-series/seed_0/training_log.json
[2026-06-16 09:48:33,573][finetune_logger][INFO] - Logged epoch 4 info to /public/home/202411094934/python_project/Spatio-Temporal-Library/time-series/2026-06-16/itransformer/finetune20/ettm2/time-series/seed_0/training_log.json
2026-06-16 09:48:33 - finetune_logger - INFO - New best model! Val loss: 1.962746
[2026-06-16 09:48:33,573][finetune_logger][INFO] - New best model! Val loss: 1.962746
2026-06-16 09:49:45 - finetune_logger - INFO - Test metrics: {'MAE': 2.086027811735502, 'RMSE': 3.1674443745475624}
[2026-06-16 09:49:45,402][finetune_logger][INFO] - Test metrics: {'MAE': 2.086027811735502, 'RMSE': 3.1674443745475624}
2026-06-16 09:49:45 - finetune_logger - INFO - Test time: 71.78s
[2026-06-16 09:49:45,403][finetune_logger][INFO] - Test time: 71.78s
2026-06-16 09:49:45 - finetune_logger - INFO - Test memory reserved: 24.00 MB
[2026-06-16 09:49:45,403][finetune_logger][INFO] - Test memory reserved: 24.00 MB
2026-06-16 09:49:45 - finetune_logger - INFO - Test memory allocated: 18.10 MB
[2026-06-16 09:49:45,403][finetune_logger][INFO] - Test memory allocated: 18.10 MB
2026-06-16 09:49:45 - finetune_logger - INFO - Epoch 5/20
[2026-06-16 09:49:45,403][finetune_logger][INFO] - Epoch 5/20
2026-06-16 09:58:19 - finetune_logger - INFO - Train loss: 1.8265827963857995
[2026-06-16 09:58:19,940][finetune_logger][INFO] - Train loss: 1.8265827963857995
2026-06-16 09:58:19 - finetune_logger - INFO - Train time: 514.5370268821716s
[2026-06-16 09:58:19,941][finetune_logger][INFO] - Train time: 514.5370268821716s
2026-06-16 09:58:19 - finetune_logger - INFO - Train memory reserved: 24.00 MB
[2026-06-16 09:58:19,941][finetune_logger][INFO] - Train memory reserved: 24.00 MB
2026-06-16 09:58:19 - finetune_logger - INFO - Train memory allocated: 18.10 MB
[2026-06-16 09:58:19,941][finetune_logger][INFO] - Train memory allocated: 18.10 MB
2026-06-16 09:58:19 - finetune_logger - INFO - Current learning rate: 0.0005
[2026-06-16 09:58:19,941][finetune_logger][INFO] - Current learning rate: 0.0005
2026-06-16 09:59:31 - finetune_logger - INFO - Validation metrics: {'MAE': 1.9628996228198174, 'RMSE': 2.870524236016209}
[2026-06-16 09:59:31,387][finetune_logger][INFO] - Validation metrics: {'MAE': 1.9628996228198174, 'RMSE': 2.870524236016209}
2026-06-16 09:59:31 - finetune_logger - INFO - Val time: 71.45s
[2026-06-16 09:59:31,388][finetune_logger][INFO] - Val time: 71.45s
2026-06-16 09:59:31 - finetune_logger - INFO - Val memory reserved: 24.00 MB
[2026-06-16 09:59:31,388][finetune_logger][INFO] - Val memory reserved: 24.00 MB
2026-06-16 09:59:31 - finetune_logger - INFO - Val memory allocated: 18.10 MB
[2026-06-16 09:59:31,388][finetune_logger][INFO] - Val memory allocated: 18.10 MB
2026-06-16 09:59:31 - finetune_logger - INFO - Logged epoch 5 info to /public/home/202411094934/python_project/Spatio-Temporal-Library/time-series/2026-06-16/itransformer/finetune20/ettm2/time-series/seed_0/training_log.json
[2026-06-16 09:59:31,392][finetune_logger][INFO] - Logged epoch 5 info to /public/home/202411094934/python_project/Spatio-Temporal-Library/time-series/2026-06-16/itransformer/finetune20/ettm2/time-series/seed_0/training_log.json
2026-06-16 10:00:43 - finetune_logger - INFO - Test metrics: {'MAE': 2.120163051297914, 'RMSE': 3.223432961972721}
[2026-06-16 10:00:43,070][finetune_logger][INFO] - Test metrics: {'MAE': 2.120163051297914, 'RMSE': 3.223432961972721}
2026-06-16 10:00:43 - finetune_logger - INFO - Test time: 71.68s
[2026-06-16 10:00:43,071][finetune_logger][INFO] - Test time: 71.68s
2026-06-16 10:00:43 - finetune_logger - INFO - Test memory reserved: 24.00 MB
[2026-06-16 10:00:43,071][finetune_logger][INFO] - Test memory reserved: 24.00 MB
2026-06-16 10:00:43 - finetune_logger - INFO - Test memory allocated: 18.10 MB
[2026-06-16 10:00:43,071][finetune_logger][INFO] - Test memory allocated: 18.10 MB
2026-06-16 10:00:43 - finetune_logger - INFO - Epoch 6/20
[2026-06-16 10:00:43,071][finetune_logger][INFO] - Epoch 6/20
2026-06-16 10:09:16 - finetune_logger - INFO - Train loss: 1.7955262483643144
[2026-06-16 10:09:16,004][finetune_logger][INFO] - Train loss: 1.7955262483643144
2026-06-16 10:09:16 - finetune_logger - INFO - Train time: 512.9321618080139s
[2026-06-16 10:09:16,004][finetune_logger][INFO] - Train time: 512.9321618080139s
2026-06-16 10:09:16 - finetune_logger - INFO - Train memory reserved: 24.00 MB
[2026-06-16 10:09:16,004][finetune_logger][INFO] - Train memory reserved: 24.00 MB
2026-06-16 10:09:16 - finetune_logger - INFO - Train memory allocated: 18.10 MB
[2026-06-16 10:09:16,004][finetune_logger][INFO] - Train memory allocated: 18.10 MB
2026-06-16 10:09:16 - finetune_logger - INFO - Current learning rate: 0.0005
[2026-06-16 10:09:16,004][finetune_logger][INFO] - Current learning rate: 0.0005
2026-06-16 10:10:27 - finetune_logger - INFO - Validation metrics: {'MAE': 1.9558771261574135, 'RMSE': 2.8586125236165105}
[2026-06-16 10:10:27,509][finetune_logger][INFO] - Validation metrics: {'MAE': 1.9558771261574135, 'RMSE': 2.8586125236165105}
2026-06-16 10:10:27 - finetune_logger - INFO - Val time: 71.50s
[2026-06-16 10:10:27,509][finetune_logger][INFO] - Val time: 71.50s
2026-06-16 10:10:27 - finetune_logger - INFO - Val memory reserved: 24.00 MB
[2026-06-16 10:10:27,509][finetune_logger][INFO] - Val memory reserved: 24.00 MB
2026-06-16 10:10:27 - finetune_logger - INFO - Val memory allocated: 18.10 MB
[2026-06-16 10:10:27,509][finetune_logger][INFO] - Val memory allocated: 18.10 MB
2026-06-16 10:10:27 - finetune_logger - INFO - Logged epoch 6 info to /public/home/202411094934/python_project/Spatio-Temporal-Library/time-series/2026-06-16/itransformer/finetune20/ettm2/time-series/seed_0/training_log.json
[2026-06-16 10:10:27,513][finetune_logger][INFO] - Logged epoch 6 info to /public/home/202411094934/python_project/Spatio-Temporal-Library/time-series/2026-06-16/itransformer/finetune20/ettm2/time-series/seed_0/training_log.json
2026-06-16 10:10:27 - finetune_logger - INFO - New best model! Val loss: 1.955877
[2026-06-16 10:10:27,513][finetune_logger][INFO] - New best model! Val loss: 1.955877
2026-06-16 10:11:39 - finetune_logger - INFO - Test metrics: {'MAE': 2.116653852959079, 'RMSE': 3.2169595922727487}
[2026-06-16 10:11:39,011][finetune_logger][INFO] - Test metrics: {'MAE': 2.116653852959079, 'RMSE': 3.2169595922727487}
2026-06-16 10:11:39 - finetune_logger - INFO - Test time: 71.45s
[2026-06-16 10:11:39,011][finetune_logger][INFO] - Test time: 71.45s
2026-06-16 10:11:39 - finetune_logger - INFO - Test memory reserved: 24.00 MB
[2026-06-16 10:11:39,012][finetune_logger][INFO] - Test memory reserved: 24.00 MB
2026-06-16 10:11:39 - finetune_logger - INFO - Test memory allocated: 18.10 MB
[2026-06-16 10:11:39,012][finetune_logger][INFO] - Test memory allocated: 18.10 MB
2026-06-16 10:11:39 - finetune_logger - INFO - Epoch 7/20
[2026-06-16 10:11:39,012][finetune_logger][INFO] - Epoch 7/20
2026-06-16 10:20:12 - finetune_logger - INFO - Train loss: 1.7696046379256738
[2026-06-16 10:20:12,484][finetune_logger][INFO] - Train loss: 1.7696046379256738
2026-06-16 10:20:12 - finetune_logger - INFO - Train time: 513.4714727401733s
[2026-06-16 10:20:12,484][finetune_logger][INFO] - Train time: 513.4714727401733s
2026-06-16 10:20:12 - finetune_logger - INFO - Train memory reserved: 24.00 MB
[2026-06-16 10:20:12,484][finetune_logger][INFO] - Train memory reserved: 24.00 MB
2026-06-16 10:20:12 - finetune_logger - INFO - Train memory allocated: 18.10 MB
[2026-06-16 10:20:12,484][finetune_logger][INFO] - Train memory allocated: 18.10 MB
2026-06-16 10:20:12 - finetune_logger - INFO - Current learning rate: 0.0005
[2026-06-16 10:20:12,484][finetune_logger][INFO] - Current learning rate: 0.0005
2026-06-16 10:21:23 - finetune_logger - INFO - Validation metrics: {'MAE': 1.9745891824807797, 'RMSE': 2.8793432615409484}
[2026-06-16 10:21:23,944][finetune_logger][INFO] - Validation metrics: {'MAE': 1.9745891824807797, 'RMSE': 2.8793432615409484}
2026-06-16 10:21:23 - finetune_logger - INFO - Val time: 71.46s
[2026-06-16 10:21:23,944][finetune_logger][INFO] - Val time: 71.46s
2026-06-16 10:21:23 - finetune_logger - INFO - Val memory reserved: 24.00 MB
[2026-06-16 10:21:23,944][finetune_logger][INFO] - Val memory reserved: 24.00 MB
2026-06-16 10:21:23 - finetune_logger - INFO - Val memory allocated: 18.10 MB
[2026-06-16 10:21:23,945][finetune_logger][INFO] - Val memory allocated: 18.10 MB
2026-06-16 10:21:23 - finetune_logger - INFO - Logged epoch 7 info to /public/home/202411094934/python_project/Spatio-Temporal-Library/time-series/2026-06-16/itransformer/finetune20/ettm2/time-series/seed_0/training_log.json
[2026-06-16 10:21:23,948][finetune_logger][INFO] - Logged epoch 7 info to /public/home/202411094934/python_project/Spatio-Temporal-Library/time-series/2026-06-16/itransformer/finetune20/ettm2/time-series/seed_0/training_log.json
2026-06-16 10:22:35 - finetune_logger - INFO - Test metrics: {'MAE': 2.1130608268647695, 'RMSE': 3.208532330326303}
[2026-06-16 10:22:35,453][finetune_logger][INFO] - Test metrics: {'MAE': 2.1130608268647695, 'RMSE': 3.208532330326303}
2026-06-16 10:22:35 - finetune_logger - INFO - Test time: 71.50s
[2026-06-16 10:22:35,453][finetune_logger][INFO] - Test time: 71.50s
2026-06-16 10:22:35 - finetune_logger - INFO - Test memory reserved: 24.00 MB
[2026-06-16 10:22:35,454][finetune_logger][INFO] - Test memory reserved: 24.00 MB
2026-06-16 10:22:35 - finetune_logger - INFO - Test memory allocated: 18.10 MB
[2026-06-16 10:22:35,454][finetune_logger][INFO] - Test memory allocated: 18.10 MB
2026-06-16 10:22:35 - finetune_logger - INFO - Epoch 8/20
[2026-06-16 10:22:35,454][finetune_logger][INFO] - Epoch 8/20
2026-06-16 10:31:09 - finetune_logger - INFO - Train loss: 1.7455141978497644
[2026-06-16 10:31:09,020][finetune_logger][INFO] - Train loss: 1.7455141978497644
2026-06-16 10:31:09 - finetune_logger - INFO - Train time: 513.5660824775696s
[2026-06-16 10:31:09,021][finetune_logger][INFO] - Train time: 513.5660824775696s
2026-06-16 10:31:09 - finetune_logger - INFO - Train memory reserved: 24.00 MB
[2026-06-16 10:31:09,021][finetune_logger][INFO] - Train memory reserved: 24.00 MB
2026-06-16 10:31:09 - finetune_logger - INFO - Train memory allocated: 18.10 MB
[2026-06-16 10:31:09,021][finetune_logger][INFO] - Train memory allocated: 18.10 MB
2026-06-16 10:31:09 - finetune_logger - INFO - Current learning rate: 0.0005
[2026-06-16 10:31:09,021][finetune_logger][INFO] - Current learning rate: 0.0005
2026-06-16 10:32:20 - finetune_logger - INFO - Validation metrics: {'MAE': 1.9941360160609276, 'RMSE': 2.9110290297814383}
[2026-06-16 10:32:20,473][finetune_logger][INFO] - Validation metrics: {'MAE': 1.9941360160609276, 'RMSE': 2.9110290297814383}
2026-06-16 10:32:20 - finetune_logger - INFO - Val time: 71.45s
[2026-06-16 10:32:20,473][finetune_logger][INFO] - Val time: 71.45s
2026-06-16 10:32:20 - finetune_logger - INFO - Val memory reserved: 24.00 MB
[2026-06-16 10:32:20,474][finetune_logger][INFO] - Val memory reserved: 24.00 MB
2026-06-16 10:32:20 - finetune_logger - INFO - Val memory allocated: 18.10 MB
[2026-06-16 10:32:20,474][finetune_logger][INFO] - Val memory allocated: 18.10 MB
2026-06-16 10:32:20 - finetune_logger - INFO - Logged epoch 8 info to /public/home/202411094934/python_project/Spatio-Temporal-Library/time-series/2026-06-16/itransformer/finetune20/ettm2/time-series/seed_0/training_log.json
[2026-06-16 10:32:20,478][finetune_logger][INFO] - Logged epoch 8 info to /public/home/202411094934/python_project/Spatio-Temporal-Library/time-series/2026-06-16/itransformer/finetune20/ettm2/time-series/seed_0/training_log.json
2026-06-16 10:33:32 - finetune_logger - INFO - Test metrics: {'MAE': 2.129700209874351, 'RMSE': 3.2347310799786113}
[2026-06-16 10:33:32,009][finetune_logger][INFO] - Test metrics: {'MAE': 2.129700209874351, 'RMSE': 3.2347310799786113}
2026-06-16 10:33:32 - finetune_logger - INFO - Test time: 71.53s
[2026-06-16 10:33:32,009][finetune_logger][INFO] - Test time: 71.53s
2026-06-16 10:33:32 - finetune_logger - INFO - Test memory reserved: 24.00 MB
[2026-06-16 10:33:32,009][finetune_logger][INFO] - Test memory reserved: 24.00 MB
2026-06-16 10:33:32 - finetune_logger - INFO - Test memory allocated: 18.10 MB
[2026-06-16 10:33:32,009][finetune_logger][INFO] - Test memory allocated: 18.10 MB
2026-06-16 10:33:32 - finetune_logger - INFO - Epoch 9/20
[2026-06-16 10:33:32,009][finetune_logger][INFO] - Epoch 9/20
2026-06-16 10:42:05 - finetune_logger - INFO - Train loss: 1.7244106021745322
[2026-06-16 10:42:05,389][finetune_logger][INFO] - Train loss: 1.7244106021745322
2026-06-16 10:42:05 - finetune_logger - INFO - Train time: 513.3789410591125s
[2026-06-16 10:42:05,389][finetune_logger][INFO] - Train time: 513.3789410591125s
2026-06-16 10:42:05 - finetune_logger - INFO - Train memory reserved: 24.00 MB
[2026-06-16 10:42:05,389][finetune_logger][INFO] - Train memory reserved: 24.00 MB
2026-06-16 10:42:05 - finetune_logger - INFO - Train memory allocated: 18.10 MB
[2026-06-16 10:42:05,389][finetune_logger][INFO] - Train memory allocated: 18.10 MB
2026-06-16 10:42:05 - finetune_logger - INFO - Current learning rate: 0.0005
[2026-06-16 10:42:05,389][finetune_logger][INFO] - Current learning rate: 0.0005
2026-06-16 10:43:16 - finetune_logger - INFO - Validation metrics: {'MAE': 2.005841197980227, 'RMSE': 2.926647203401431}
[2026-06-16 10:43:16,895][finetune_logger][INFO] - Validation metrics: {'MAE': 2.005841197980227, 'RMSE': 2.926647203401431}
2026-06-16 10:43:16 - finetune_logger - INFO - Val time: 71.50s
[2026-06-16 10:43:16,895][finetune_logger][INFO] - Val time: 71.50s
2026-06-16 10:43:16 - finetune_logger - INFO - Val memory reserved: 24.00 MB
[2026-06-16 10:43:16,895][finetune_logger][INFO] - Val memory reserved: 24.00 MB
2026-06-16 10:43:16 - finetune_logger - INFO - Val memory allocated: 18.10 MB
[2026-06-16 10:43:16,895][finetune_logger][INFO] - Val memory allocated: 18.10 MB
2026-06-16 10:43:16 - finetune_logger - INFO - Logged epoch 9 info to /public/home/202411094934/python_project/Spatio-Temporal-Library/time-series/2026-06-16/itransformer/finetune20/ettm2/time-series/seed_0/training_log.json
[2026-06-16 10:43:16,899][finetune_logger][INFO] - Logged epoch 9 info to /public/home/202411094934/python_project/Spatio-Temporal-Library/time-series/2026-06-16/itransformer/finetune20/ettm2/time-series/seed_0/training_log.json
2026-06-16 10:44:28 - finetune_logger - INFO - Test metrics: {'MAE': 2.1672759766161596, 'RMSE': 3.2860050978683932}
[2026-06-16 10:44:28,370][finetune_logger][INFO] - Test metrics: {'MAE': 2.1672759766161596, 'RMSE': 3.2860050978683932}
2026-06-16 10:44:28 - finetune_logger - INFO - Test time: 71.47s
[2026-06-16 10:44:28,370][finetune_logger][INFO] - Test time: 71.47s
2026-06-16 10:44:28 - finetune_logger - INFO - Test memory reserved: 24.00 MB
[2026-06-16 10:44:28,370][finetune_logger][INFO] - Test memory reserved: 24.00 MB
2026-06-16 10:44:28 - finetune_logger - INFO - Test memory allocated: 18.10 MB
[2026-06-16 10:44:28,370][finetune_logger][INFO] - Test memory allocated: 18.10 MB
2026-06-16 10:44:28 - finetune_logger - INFO - Epoch 10/20
[2026-06-16 10:44:28,370][finetune_logger][INFO] - Epoch 10/20
2026-06-16 10:53:02 - finetune_logger - INFO - Train loss: 1.7050398130160476
[2026-06-16 10:53:02,393][finetune_logger][INFO] - Train loss: 1.7050398130160476
2026-06-16 10:53:02 - finetune_logger - INFO - Train time: 514.0222823619843s
[2026-06-16 10:53:02,393][finetune_logger][INFO] - Train time: 514.0222823619843s
2026-06-16 10:53:02 - finetune_logger - INFO - Train memory reserved: 24.00 MB
[2026-06-16 10:53:02,394][finetune_logger][INFO] - Train memory reserved: 24.00 MB
2026-06-16 10:53:02 - finetune_logger - INFO - Train memory allocated: 18.10 MB
[2026-06-16 10:53:02,394][finetune_logger][INFO] - Train memory allocated: 18.10 MB
2026-06-16 10:53:02 - finetune_logger - INFO - Current learning rate: 0.0005
[2026-06-16 10:53:02,394][finetune_logger][INFO] - Current learning rate: 0.0005
2026-06-16 10:54:13 - finetune_logger - INFO - Validation metrics: {'MAE': 2.0064795334922185, 'RMSE': 2.9264625028139495}
[2026-06-16 10:54:13,946][finetune_logger][INFO] - Validation metrics: {'MAE': 2.0064795334922185, 'RMSE': 2.9264625028139495}
2026-06-16 10:54:13 - finetune_logger - INFO - Val time: 71.55s
[2026-06-16 10:54:13,946][finetune_logger][INFO] - Val time: 71.55s
2026-06-16 10:54:13 - finetune_logger - INFO - Val memory reserved: 24.00 MB
[2026-06-16 10:54:13,946][finetune_logger][INFO] - Val memory reserved: 24.00 MB
2026-06-16 10:54:13 - finetune_logger - INFO - Val memory allocated: 18.10 MB
[2026-06-16 10:54:13,946][finetune_logger][INFO] - Val memory allocated: 18.10 MB
2026-06-16 10:54:13 - finetune_logger - INFO - Logged epoch 10 info to /public/home/202411094934/python_project/Spatio-Temporal-Library/time-series/2026-06-16/itransformer/finetune20/ettm2/time-series/seed_0/training_log.json
[2026-06-16 10:54:13,950][finetune_logger][INFO] - Logged epoch 10 info to /public/home/202411094934/python_project/Spatio-Temporal-Library/time-series/2026-06-16/itransformer/finetune20/ettm2/time-series/seed_0/training_log.json
2026-06-16 10:55:25 - finetune_logger - INFO - Test metrics: {'MAE': 2.1226783872179777, 'RMSE': 3.2237010584372947}
[2026-06-16 10:55:25,412][finetune_logger][INFO] - Test metrics: {'MAE': 2.1226783872179777, 'RMSE': 3.2237010584372947}
2026-06-16 10:55:25 - finetune_logger - INFO - Test time: 71.44s
[2026-06-16 10:55:25,412][finetune_logger][INFO] - Test time: 71.44s
2026-06-16 10:55:25 - finetune_logger - INFO - Test memory reserved: 24.00 MB
[2026-06-16 10:55:25,413][finetune_logger][INFO] - Test memory reserved: 24.00 MB
2026-06-16 10:55:25 - finetune_logger - INFO - Test memory allocated: 18.10 MB
[2026-06-16 10:55:25,413][finetune_logger][INFO] - Test memory allocated: 18.10 MB
2026-06-16 10:55:25 - finetune_logger - INFO - Epoch 11/20
[2026-06-16 10:55:25,413][finetune_logger][INFO] - Epoch 11/20
2026-06-16 11:03:59 - finetune_logger - INFO - Train loss: 1.6403498589688383
[2026-06-16 11:03:59,023][finetune_logger][INFO] - Train loss: 1.6403498589688383
2026-06-16 11:03:59 - finetune_logger - INFO - Train time: 513.610184431076s
[2026-06-16 11:03:59,024][finetune_logger][INFO] - Train time: 513.610184431076s
2026-06-16 11:03:59 - finetune_logger - INFO - Train memory reserved: 24.00 MB
[2026-06-16 11:03:59,024][finetune_logger][INFO] - Train memory reserved: 24.00 MB
2026-06-16 11:03:59 - finetune_logger - INFO - Train memory allocated: 18.10 MB
[2026-06-16 11:03:59,024][finetune_logger][INFO] - Train memory allocated: 18.10 MB
2026-06-16 11:03:59 - finetune_logger - INFO - Current learning rate: 0.00025
[2026-06-16 11:03:59,024][finetune_logger][INFO] - Current learning rate: 0.00025
2026-06-16 11:05:10 - finetune_logger - INFO - Validation metrics: {'MAE': 2.0622818069303426, 'RMSE': 3.0251223535258362}
[2026-06-16 11:05:10,441][finetune_logger][INFO] - Validation metrics: {'MAE': 2.0622818069303426, 'RMSE': 3.0251223535258362}
2026-06-16 11:05:10 - finetune_logger - INFO - Val time: 71.42s
[2026-06-16 11:05:10,442][finetune_logger][INFO] - Val time: 71.42s
2026-06-16 11:05:10 - finetune_logger - INFO - Val memory reserved: 24.00 MB
[2026-06-16 11:05:10,442][finetune_logger][INFO] - Val memory reserved: 24.00 MB
2026-06-16 11:05:10 - finetune_logger - INFO - Val memory allocated: 18.10 MB
[2026-06-16 11:05:10,442][finetune_logger][INFO] - Val memory allocated: 18.10 MB
2026-06-16 11:05:10 - finetune_logger - INFO - Logged epoch 11 info to /public/home/202411094934/python_project/Spatio-Temporal-Library/time-series/2026-06-16/itransformer/finetune20/ettm2/time-series/seed_0/training_log.json
[2026-06-16 11:05:10,446][finetune_logger][INFO] - Logged epoch 11 info to /public/home/202411094934/python_project/Spatio-Temporal-Library/time-series/2026-06-16/itransformer/finetune20/ettm2/time-series/seed_0/training_log.json
2026-06-16 11:06:22 - finetune_logger - INFO - Test metrics: {'MAE': 2.1950447725551148, 'RMSE': 3.339064798077846}
[2026-06-16 11:06:22,102][finetune_logger][INFO] - Test metrics: {'MAE': 2.1950447725551148, 'RMSE': 3.339064798077846}
2026-06-16 11:06:22 - finetune_logger - INFO - Test time: 71.66s
[2026-06-16 11:06:22,103][finetune_logger][INFO] - Test time: 71.66s
2026-06-16 11:06:22 - finetune_logger - INFO - Test memory reserved: 24.00 MB
[2026-06-16 11:06:22,103][finetune_logger][INFO] - Test memory reserved: 24.00 MB
2026-06-16 11:06:22 - finetune_logger - INFO - Test memory allocated: 18.10 MB
[2026-06-16 11:06:22,103][finetune_logger][INFO] - Test memory allocated: 18.10 MB
2026-06-16 11:06:22 - finetune_logger - INFO - Epoch 12/20
[2026-06-16 11:06:22,103][finetune_logger][INFO] - Epoch 12/20
2026-06-16 11:14:56 - finetune_logger - INFO - Train loss: 1.6217266271246535
[2026-06-16 11:14:56,127][finetune_logger][INFO] - Train loss: 1.6217266271246535
2026-06-16 11:14:56 - finetune_logger - INFO - Train time: 514.0231683254242s
[2026-06-16 11:14:56,127][finetune_logger][INFO] - Train time: 514.0231683254242s
2026-06-16 11:14:56 - finetune_logger - INFO - Train memory reserved: 24.00 MB
[2026-06-16 11:14:56,127][finetune_logger][INFO] - Train memory reserved: 24.00 MB
2026-06-16 11:14:56 - finetune_logger - INFO - Train memory allocated: 18.10 MB
[2026-06-16 11:14:56,127][finetune_logger][INFO] - Train memory allocated: 18.10 MB
2026-06-16 11:14:56 - finetune_logger - INFO - Current learning rate: 0.00025
[2026-06-16 11:14:56,127][finetune_logger][INFO] - Current learning rate: 0.00025
2026-06-16 11:16:07 - finetune_logger - INFO - Validation metrics: {'MAE': 2.0034116048893207, 'RMSE': 2.9274846144903424}
[2026-06-16 11:16:07,475][finetune_logger][INFO] - Validation metrics: {'MAE': 2.0034116048893207, 'RMSE': 2.9274846144903424}
2026-06-16 11:16:07 - finetune_logger - INFO - Val time: 71.35s
[2026-06-16 11:16:07,475][finetune_logger][INFO] - Val time: 71.35s
2026-06-16 11:16:07 - finetune_logger - INFO - Val memory reserved: 24.00 MB
[2026-06-16 11:16:07,475][finetune_logger][INFO] - Val memory reserved: 24.00 MB
2026-06-16 11:16:07 - finetune_logger - INFO - Val memory allocated: 18.10 MB
[2026-06-16 11:16:07,475][finetune_logger][INFO] - Val memory allocated: 18.10 MB
2026-06-16 11:16:07 - finetune_logger - INFO - Logged epoch 12 info to /public/home/202411094934/python_project/Spatio-Temporal-Library/time-series/2026-06-16/itransformer/finetune20/ettm2/time-series/seed_0/training_log.json
[2026-06-16 11:16:07,479][finetune_logger][INFO] - Logged epoch 12 info to /public/home/202411094934/python_project/Spatio-Temporal-Library/time-series/2026-06-16/itransformer/finetune20/ettm2/time-series/seed_0/training_log.json
2026-06-16 11:17:19 - finetune_logger - INFO - Test metrics: {'MAE': 2.132407971069752, 'RMSE': 3.2372785987824675}
[2026-06-16 11:17:19,144][finetune_logger][INFO] - Test metrics: {'MAE': 2.132407971069752, 'RMSE': 3.2372785987824675}
2026-06-16 11:17:19 - finetune_logger - INFO - Test time: 71.66s
[2026-06-16 11:17:19,144][finetune_logger][INFO] - Test time: 71.66s
2026-06-16 11:17:19 - finetune_logger - INFO - Test memory reserved: 24.00 MB
[2026-06-16 11:17:19,144][finetune_logger][INFO] - Test memory reserved: 24.00 MB
2026-06-16 11:17:19 - finetune_logger - INFO - Test memory allocated: 18.10 MB
[2026-06-16 11:17:19,144][finetune_logger][INFO] - Test memory allocated: 18.10 MB
2026-06-16 11:17:19 - finetune_logger - INFO - Epoch 13/20
[2026-06-16 11:17:19,144][finetune_logger][INFO] - Epoch 13/20
2026-06-16 11:25:52 - finetune_logger - INFO - Train loss: 1.6057694983428443
[2026-06-16 11:25:52,587][finetune_logger][INFO] - Train loss: 1.6057694983428443
2026-06-16 11:25:52 - finetune_logger - INFO - Train time: 513.4423313140869s
[2026-06-16 11:25:52,587][finetune_logger][INFO] - Train time: 513.4423313140869s
2026-06-16 11:25:52 - finetune_logger - INFO - Train memory reserved: 24.00 MB
[2026-06-16 11:25:52,587][finetune_logger][INFO] - Train memory reserved: 24.00 MB
2026-06-16 11:25:52 - finetune_logger - INFO - Train memory allocated: 18.10 MB
[2026-06-16 11:25:52,588][finetune_logger][INFO] - Train memory allocated: 18.10 MB
2026-06-16 11:25:52 - finetune_logger - INFO - Current learning rate: 0.00025
[2026-06-16 11:25:52,588][finetune_logger][INFO] - Current learning rate: 0.00025
2026-06-16 11:27:04 - finetune_logger - INFO - Validation metrics: {'MAE': 2.03003532276967, 'RMSE': 2.972885281617403}
[2026-06-16 11:27:04,088][finetune_logger][INFO] - Validation metrics: {'MAE': 2.03003532276967, 'RMSE': 2.972885281617403}
2026-06-16 11:27:04 - finetune_logger - INFO - Val time: 71.50s
[2026-06-16 11:27:04,088][finetune_logger][INFO] - Val time: 71.50s
2026-06-16 11:27:04 - finetune_logger - INFO - Val memory reserved: 24.00 MB
[2026-06-16 11:27:04,088][finetune_logger][INFO] - Val memory reserved: 24.00 MB
2026-06-16 11:27:04 - finetune_logger - INFO - Val memory allocated: 18.10 MB
[2026-06-16 11:27:04,088][finetune_logger][INFO] - Val memory allocated: 18.10 MB
2026-06-16 11:27:04 - finetune_logger - INFO - Logged epoch 13 info to /public/home/202411094934/python_project/Spatio-Temporal-Library/time-series/2026-06-16/itransformer/finetune20/ettm2/time-series/seed_0/training_log.json
[2026-06-16 11:27:04,092][finetune_logger][INFO] - Logged epoch 13 info to /public/home/202411094934/python_project/Spatio-Temporal-Library/time-series/2026-06-16/itransformer/finetune20/ettm2/time-series/seed_0/training_log.json
2026-06-16 11:28:15 - finetune_logger - INFO - Test metrics: {'MAE': 2.1676325418660167, 'RMSE': 3.2916215669722804}
[2026-06-16 11:28:15,582][finetune_logger][INFO] - Test metrics: {'MAE': 2.1676325418660167, 'RMSE': 3.2916215669722804}
2026-06-16 11:28:15 - finetune_logger - INFO - Test time: 71.49s
[2026-06-16 11:28:15,582][finetune_logger][INFO] - Test time: 71.49s
2026-06-16 11:28:15 - finetune_logger - INFO - Test memory reserved: 24.00 MB
[2026-06-16 11:28:15,582][finetune_logger][INFO] - Test memory reserved: 24.00 MB
2026-06-16 11:28:15 - finetune_logger - INFO - Test memory allocated: 18.10 MB
[2026-06-16 11:28:15,582][finetune_logger][INFO] - Test memory allocated: 18.10 MB
2026-06-16 11:28:15 - finetune_logger - INFO - Epoch 14/20
[2026-06-16 11:28:15,583][finetune_logger][INFO] - Epoch 14/20
2026-06-16 11:36:48 - finetune_logger - INFO - Train loss: 1.5928387561382518
[2026-06-16 11:36:48,770][finetune_logger][INFO] - Train loss: 1.5928387561382518
2026-06-16 11:36:48 - finetune_logger - INFO - Train time: 513.1871402263641s
[2026-06-16 11:36:48,770][finetune_logger][INFO] - Train time: 513.1871402263641s
2026-06-16 11:36:48 - finetune_logger - INFO - Train memory reserved: 24.00 MB
[2026-06-16 11:36:48,771][finetune_logger][INFO] - Train memory reserved: 24.00 MB
2026-06-16 11:36:48 - finetune_logger - INFO - Train memory allocated: 18.10 MB
[2026-06-16 11:36:48,771][finetune_logger][INFO] - Train memory allocated: 18.10 MB
2026-06-16 11:36:48 - finetune_logger - INFO - Current learning rate: 0.00025
[2026-06-16 11:36:48,771][finetune_logger][INFO] - Current learning rate: 0.00025
2026-06-16 11:38:00 - finetune_logger - INFO - Validation metrics: {'MAE': 2.030493339601235, 'RMSE': 2.9730349122922193}
[2026-06-16 11:38:00,240][finetune_logger][INFO] - Validation metrics: {'MAE': 2.030493339601235, 'RMSE': 2.9730349122922193}
2026-06-16 11:38:00 - finetune_logger - INFO - Val time: 71.47s
[2026-06-16 11:38:00,240][finetune_logger][INFO] - Val time: 71.47s
2026-06-16 11:38:00 - finetune_logger - INFO - Val memory reserved: 24.00 MB
[2026-06-16 11:38:00,240][finetune_logger][INFO] - Val memory reserved: 24.00 MB
2026-06-16 11:38:00 - finetune_logger - INFO - Val memory allocated: 18.10 MB
[2026-06-16 11:38:00,240][finetune_logger][INFO] - Val memory allocated: 18.10 MB
2026-06-16 11:38:00 - finetune_logger - INFO - Logged epoch 14 info to /public/home/202411094934/python_project/Spatio-Temporal-Library/time-series/2026-06-16/itransformer/finetune20/ettm2/time-series/seed_0/training_log.json
[2026-06-16 11:38:00,243][finetune_logger][INFO] - Logged epoch 14 info to /public/home/202411094934/python_project/Spatio-Temporal-Library/time-series/2026-06-16/itransformer/finetune20/ettm2/time-series/seed_0/training_log.json
2026-06-16 11:39:11 - finetune_logger - INFO - Test metrics: {'MAE': 2.1658708516090064, 'RMSE': 3.286021463404337}
[2026-06-16 11:39:11,690][finetune_logger][INFO] - Test metrics: {'MAE': 2.1658708516090064, 'RMSE': 3.286021463404337}
2026-06-16 11:39:11 - finetune_logger - INFO - Test time: 71.45s
[2026-06-16 11:39:11,690][finetune_logger][INFO] - Test time: 71.45s
2026-06-16 11:39:11 - finetune_logger - INFO - Test memory reserved: 24.00 MB
[2026-06-16 11:39:11,691][finetune_logger][INFO] - Test memory reserved: 24.00 MB
2026-06-16 11:39:11 - finetune_logger - INFO - Test memory allocated: 18.10 MB
[2026-06-16 11:39:11,691][finetune_logger][INFO] - Test memory allocated: 18.10 MB
2026-06-16 11:39:11 - finetune_logger - INFO - Epoch 15/20
[2026-06-16 11:39:11,691][finetune_logger][INFO] - Epoch 15/20
2026-06-16 11:47:45 - finetune_logger - INFO - Train loss: 1.5796023340331862
[2026-06-16 11:47:45,257][finetune_logger][INFO] - Train loss: 1.5796023340331862
2026-06-16 11:47:45 - finetune_logger - INFO - Train time: 513.5658888816833s
[2026-06-16 11:47:45,258][finetune_logger][INFO] - Train time: 513.5658888816833s
2026-06-16 11:47:45 - finetune_logger - INFO - Train memory reserved: 24.00 MB
[2026-06-16 11:47:45,258][finetune_logger][INFO] - Train memory reserved: 24.00 MB
2026-06-16 11:47:45 - finetune_logger - INFO - Train memory allocated: 18.10 MB
[2026-06-16 11:47:45,258][finetune_logger][INFO] - Train memory allocated: 18.10 MB
2026-06-16 11:47:45 - finetune_logger - INFO - Current learning rate: 0.00025
[2026-06-16 11:47:45,258][finetune_logger][INFO] - Current learning rate: 0.00025
2026-06-16 11:48:56 - finetune_logger - INFO - Validation metrics: {'MAE': 2.019484973572861, 'RMSE': 2.950969407434628}
[2026-06-16 11:48:56,647][finetune_logger][INFO] - Validation metrics: {'MAE': 2.019484973572861, 'RMSE': 2.950969407434628}
2026-06-16 11:48:56 - finetune_logger - INFO - Val time: 71.39s
[2026-06-16 11:48:56,647][finetune_logger][INFO] - Val time: 71.39s
2026-06-16 11:48:56 - finetune_logger - INFO - Val memory reserved: 24.00 MB
[2026-06-16 11:48:56,648][finetune_logger][INFO] - Val memory reserved: 24.00 MB
2026-06-16 11:48:56 - finetune_logger - INFO - Val memory allocated: 18.10 MB
[2026-06-16 11:48:56,648][finetune_logger][INFO] - Val memory allocated: 18.10 MB
2026-06-16 11:48:56 - finetune_logger - INFO - Logged epoch 15 info to /public/home/202411094934/python_project/Spatio-Temporal-Library/time-series/2026-06-16/itransformer/finetune20/ettm2/time-series/seed_0/training_log.json
[2026-06-16 11:48:56,651][finetune_logger][INFO] - Logged epoch 15 info to /public/home/202411094934/python_project/Spatio-Temporal-Library/time-series/2026-06-16/itransformer/finetune20/ettm2/time-series/seed_0/training_log.json
2026-06-16 11:50:08 - finetune_logger - INFO - Test metrics: {'MAE': 2.1416043119117325, 'RMSE': 3.250642748562656}
[2026-06-16 11:50:08,078][finetune_logger][INFO] - Test metrics: {'MAE': 2.1416043119117325, 'RMSE': 3.250642748562656}
2026-06-16 11:50:08 - finetune_logger - INFO - Test time: 71.43s
[2026-06-16 11:50:08,078][finetune_logger][INFO] - Test time: 71.43s
2026-06-16 11:50:08 - finetune_logger - INFO - Test memory reserved: 24.00 MB
[2026-06-16 11:50:08,078][finetune_logger][INFO] - Test memory reserved: 24.00 MB
2026-06-16 11:50:08 - finetune_logger - INFO - Test memory allocated: 18.10 MB
[2026-06-16 11:50:08,078][finetune_logger][INFO] - Test memory allocated: 18.10 MB
2026-06-16 11:50:08 - finetune_logger - INFO - Epoch 16/20
[2026-06-16 11:50:08,078][finetune_logger][INFO] - Epoch 16/20
2026-06-16 11:58:41 - finetune_logger - INFO - Train loss: 1.568909649946397
[2026-06-16 11:58:41,823][finetune_logger][INFO] - Train loss: 1.568909649946397
2026-06-16 11:58:41 - finetune_logger - INFO - Train time: 513.7439420223236s
[2026-06-16 11:58:41,824][finetune_logger][INFO] - Train time: 513.7439420223236s
2026-06-16 11:58:41 - finetune_logger - INFO - Train memory reserved: 24.00 MB
[2026-06-16 11:58:41,824][finetune_logger][INFO] - Train memory reserved: 24.00 MB
2026-06-16 11:58:41 - finetune_logger - INFO - Train memory allocated: 18.10 MB
[2026-06-16 11:58:41,824][finetune_logger][INFO] - Train memory allocated: 18.10 MB
2026-06-16 11:58:41 - finetune_logger - INFO - Current learning rate: 0.00025
[2026-06-16 11:58:41,824][finetune_logger][INFO] - Current learning rate: 0.00025
2026-06-16 11:59:53 - finetune_logger - INFO - Validation metrics: {'MAE': 2.0462100949120337, 'RMSE': 3.0064168149716948}
[2026-06-16 11:59:53,350][finetune_logger][INFO] - Validation metrics: {'MAE': 2.0462100949120337, 'RMSE': 3.0064168149716948}
2026-06-16 11:59:53 - finetune_logger - INFO - Val time: 71.53s
[2026-06-16 11:59:53,350][finetune_logger][INFO] - Val time: 71.53s
2026-06-16 11:59:53 - finetune_logger - INFO - Val memory reserved: 24.00 MB
[2026-06-16 11:59:53,350][finetune_logger][INFO] - Val memory reserved: 24.00 MB
2026-06-16 11:59:53 - finetune_logger - INFO - Val memory allocated: 18.10 MB
[2026-06-16 11:59:53,350][finetune_logger][INFO] - Val memory allocated: 18.10 MB
2026-06-16 11:59:53 - finetune_logger - INFO - Logged epoch 16 info to /public/home/202411094934/python_project/Spatio-Temporal-Library/time-series/2026-06-16/itransformer/finetune20/ettm2/time-series/seed_0/training_log.json
[2026-06-16 11:59:53,354][finetune_logger][INFO] - Logged epoch 16 info to /public/home/202411094934/python_project/Spatio-Temporal-Library/time-series/2026-06-16/itransformer/finetune20/ettm2/time-series/seed_0/training_log.json
2026-06-16 12:01:04 - finetune_logger - INFO - Test metrics: {'MAE': 2.164840698829522, 'RMSE': 3.294338695314056}
[2026-06-16 12:01:04,857][finetune_logger][INFO] - Test metrics: {'MAE': 2.164840698829522, 'RMSE': 3.294338695314056}
2026-06-16 12:01:04 - finetune_logger - INFO - Test time: 71.50s
[2026-06-16 12:01:04,857][finetune_logger][INFO] - Test time: 71.50s
2026-06-16 12:01:04 - finetune_logger - INFO - Test memory reserved: 24.00 MB
[2026-06-16 12:01:04,857][finetune_logger][INFO] - Test memory reserved: 24.00 MB
2026-06-16 12:01:04 - finetune_logger - INFO - Test memory allocated: 18.10 MB
[2026-06-16 12:01:04,857][finetune_logger][INFO] - Test memory allocated: 18.10 MB
2026-06-16 12:01:04 - finetune_logger - INFO - Epoch 17/20
[2026-06-16 12:01:04,857][finetune_logger][INFO] - Epoch 17/20
2026-06-16 12:09:38 - finetune_logger - INFO - Train loss: 1.5600392408350632
[2026-06-16 12:09:38,584][finetune_logger][INFO] - Train loss: 1.5600392408350632
2026-06-16 12:09:38 - finetune_logger - INFO - Train time: 513.7266354560852s
[2026-06-16 12:09:38,585][finetune_logger][INFO] - Train time: 513.7266354560852s
2026-06-16 12:09:38 - finetune_logger - INFO - Train memory reserved: 24.00 MB
[2026-06-16 12:09:38,585][finetune_logger][INFO] - Train memory reserved: 24.00 MB
2026-06-16 12:09:38 - finetune_logger - INFO - Train memory allocated: 18.10 MB
[2026-06-16 12:09:38,585][finetune_logger][INFO] - Train memory allocated: 18.10 MB
2026-06-16 12:09:38 - finetune_logger - INFO - Current learning rate: 0.00025
[2026-06-16 12:09:38,585][finetune_logger][INFO] - Current learning rate: 0.00025
2026-06-16 12:10:50 - finetune_logger - INFO - Validation metrics: {'MAE': 2.0625878799189272, 'RMSE': 3.0251308948899553}
[2026-06-16 12:10:50,010][finetune_logger][INFO] - Validation metrics: {'MAE': 2.0625878799189272, 'RMSE': 3.0251308948899553}
2026-06-16 12:10:50 - finetune_logger - INFO - Val time: 71.42s
[2026-06-16 12:10:50,011][finetune_logger][INFO] - Val time: 71.42s
2026-06-16 12:10:50 - finetune_logger - INFO - Val memory reserved: 24.00 MB
[2026-06-16 12:10:50,011][finetune_logger][INFO] - Val memory reserved: 24.00 MB
2026-06-16 12:10:50 - finetune_logger - INFO - Val memory allocated: 18.10 MB
[2026-06-16 12:10:50,011][finetune_logger][INFO] - Val memory allocated: 18.10 MB
2026-06-16 12:10:50 - finetune_logger - INFO - Logged epoch 17 info to /public/home/202411094934/python_project/Spatio-Temporal-Library/time-series/2026-06-16/itransformer/finetune20/ettm2/time-series/seed_0/training_log.json
[2026-06-16 12:10:50,015][finetune_logger][INFO] - Logged epoch 17 info to /public/home/202411094934/python_project/Spatio-Temporal-Library/time-series/2026-06-16/itransformer/finetune20/ettm2/time-series/seed_0/training_log.json
2026-06-16 12:12:01 - finetune_logger - INFO - Test metrics: {'MAE': 2.1690195076633683, 'RMSE': 3.294094251284754}
[2026-06-16 12:12:01,461][finetune_logger][INFO] - Test metrics: {'MAE': 2.1690195076633683, 'RMSE': 3.294094251284754}
2026-06-16 12:12:01 - finetune_logger - INFO - Test time: 71.45s
[2026-06-16 12:12:01,461][finetune_logger][INFO] - Test time: 71.45s
2026-06-16 12:12:01 - finetune_logger - INFO - Test memory reserved: 24.00 MB
[2026-06-16 12:12:01,462][finetune_logger][INFO] - Test memory reserved: 24.00 MB
2026-06-16 12:12:01 - finetune_logger - INFO - Test memory allocated: 18.10 MB
[2026-06-16 12:12:01,462][finetune_logger][INFO] - Test memory allocated: 18.10 MB
2026-06-16 12:12:01 - finetune_logger - INFO - Epoch 18/20
[2026-06-16 12:12:01,462][finetune_logger][INFO] - Epoch 18/20
2026-06-16 12:20:35 - finetune_logger - INFO - Train loss: 1.5495916584058793
[2026-06-16 12:20:35,162][finetune_logger][INFO] - Train loss: 1.5495916584058793
2026-06-16 12:20:35 - finetune_logger - INFO - Train time: 513.6993217468262s
[2026-06-16 12:20:35,162][finetune_logger][INFO] - Train time: 513.6993217468262s
2026-06-16 12:20:35 - finetune_logger - INFO - Train memory reserved: 24.00 MB
[2026-06-16 12:20:35,162][finetune_logger][INFO] - Train memory reserved: 24.00 MB
2026-06-16 12:20:35 - finetune_logger - INFO - Train memory allocated: 18.10 MB
[2026-06-16 12:20:35,162][finetune_logger][INFO] - Train memory allocated: 18.10 MB
2026-06-16 12:20:35 - finetune_logger - INFO - Current learning rate: 0.00025
[2026-06-16 12:20:35,162][finetune_logger][INFO] - Current learning rate: 0.00025
2026-06-16 12:21:46 - finetune_logger - INFO - Validation metrics: {'MAE': 2.0545838491471295, 'RMSE': 3.0104260190031638}
[2026-06-16 12:21:46,666][finetune_logger][INFO] - Validation metrics: {'MAE': 2.0545838491471295, 'RMSE': 3.0104260190031638}
2026-06-16 12:21:46 - finetune_logger - INFO - Val time: 71.50s
[2026-06-16 12:21:46,666][finetune_logger][INFO] - Val time: 71.50s
2026-06-16 12:21:46 - finetune_logger - INFO - Val memory reserved: 24.00 MB
[2026-06-16 12:21:46,667][finetune_logger][INFO] - Val memory reserved: 24.00 MB
2026-06-16 12:21:46 - finetune_logger - INFO - Val memory allocated: 18.10 MB
[2026-06-16 12:21:46,667][finetune_logger][INFO] - Val memory allocated: 18.10 MB
2026-06-16 12:21:46 - finetune_logger - INFO - Logged epoch 18 info to /public/home/202411094934/python_project/Spatio-Temporal-Library/time-series/2026-06-16/itransformer/finetune20/ettm2/time-series/seed_0/training_log.json
[2026-06-16 12:21:46,670][finetune_logger][INFO] - Logged epoch 18 info to /public/home/202411094934/python_project/Spatio-Temporal-Library/time-series/2026-06-16/itransformer/finetune20/ettm2/time-series/seed_0/training_log.json
2026-06-16 12:22:57 - finetune_logger - INFO - Test metrics: {'MAE': 2.168302286835283, 'RMSE': 3.2916501987366815}
[2026-06-16 12:22:57,946][finetune_logger][INFO] - Test metrics: {'MAE': 2.168302286835283, 'RMSE': 3.2916501987366815}
2026-06-16 12:22:57 - finetune_logger - INFO - Test time: 71.28s
[2026-06-16 12:22:57,947][finetune_logger][INFO] - Test time: 71.28s
2026-06-16 12:22:57 - finetune_logger - INFO - Test memory reserved: 24.00 MB
[2026-06-16 12:22:57,947][finetune_logger][INFO] - Test memory reserved: 24.00 MB
2026-06-16 12:22:57 - finetune_logger - INFO - Test memory allocated: 18.10 MB
[2026-06-16 12:22:57,947][finetune_logger][INFO] - Test memory allocated: 18.10 MB
2026-06-16 12:22:57 - finetune_logger - INFO - Epoch 19/20
[2026-06-16 12:22:57,947][finetune_logger][INFO] - Epoch 19/20
2026-06-16 12:31:31 - finetune_logger - INFO - Train loss: 1.539909204106991
[2026-06-16 12:31:31,747][finetune_logger][INFO] - Train loss: 1.539909204106991
2026-06-16 12:31:31 - finetune_logger - INFO - Train time: 513.7999606132507s
[2026-06-16 12:31:31,748][finetune_logger][INFO] - Train time: 513.7999606132507s
2026-06-16 12:31:31 - finetune_logger - INFO - Train memory reserved: 24.00 MB
[2026-06-16 12:31:31,748][finetune_logger][INFO] - Train memory reserved: 24.00 MB
2026-06-16 12:31:31 - finetune_logger - INFO - Train memory allocated: 18.10 MB
[2026-06-16 12:31:31,748][finetune_logger][INFO] - Train memory allocated: 18.10 MB
2026-06-16 12:31:31 - finetune_logger - INFO - Current learning rate: 0.00025
[2026-06-16 12:31:31,748][finetune_logger][INFO] - Current learning rate: 0.00025
2026-06-16 12:32:43 - finetune_logger - INFO - Validation metrics: {'MAE': 2.0376169117196485, 'RMSE': 2.978478132329197}
[2026-06-16 12:32:43,180][finetune_logger][INFO] - Validation metrics: {'MAE': 2.0376169117196485, 'RMSE': 2.978478132329197}
2026-06-16 12:32:43 - finetune_logger - INFO - Val time: 71.43s
[2026-06-16 12:32:43,180][finetune_logger][INFO] - Val time: 71.43s
2026-06-16 12:32:43 - finetune_logger - INFO - Val memory reserved: 24.00 MB
[2026-06-16 12:32:43,180][finetune_logger][INFO] - Val memory reserved: 24.00 MB
2026-06-16 12:32:43 - finetune_logger - INFO - Val memory allocated: 18.10 MB
[2026-06-16 12:32:43,180][finetune_logger][INFO] - Val memory allocated: 18.10 MB
2026-06-16 12:32:43 - finetune_logger - INFO - Logged epoch 19 info to /public/home/202411094934/python_project/Spatio-Temporal-Library/time-series/2026-06-16/itransformer/finetune20/ettm2/time-series/seed_0/training_log.json
[2026-06-16 12:32:43,184][finetune_logger][INFO] - Logged epoch 19 info to /public/home/202411094934/python_project/Spatio-Temporal-Library/time-series/2026-06-16/itransformer/finetune20/ettm2/time-series/seed_0/training_log.json
2026-06-16 12:33:54 - finetune_logger - INFO - Test metrics: {'MAE': 2.1357092285335937, 'RMSE': 3.23882084251562}
[2026-06-16 12:33:54,529][finetune_logger][INFO] - Test metrics: {'MAE': 2.1357092285335937, 'RMSE': 3.23882084251562}
2026-06-16 12:33:54 - finetune_logger - INFO - Test time: 71.34s
[2026-06-16 12:33:54,530][finetune_logger][INFO] - Test time: 71.34s
2026-06-16 12:33:54 - finetune_logger - INFO - Test memory reserved: 24.00 MB
[2026-06-16 12:33:54,530][finetune_logger][INFO] - Test memory reserved: 24.00 MB
2026-06-16 12:33:54 - finetune_logger - INFO - Test memory allocated: 18.10 MB
[2026-06-16 12:33:54,530][finetune_logger][INFO] - Test memory allocated: 18.10 MB
2026-06-16 12:33:54 - finetune_logger - INFO - Epoch 20/20
[2026-06-16 12:33:54,530][finetune_logger][INFO] - Epoch 20/20
2026-06-16 12:42:27 - finetune_logger - INFO - Train loss: 1.5339774274396856
[2026-06-16 12:42:27,971][finetune_logger][INFO] - Train loss: 1.5339774274396856
2026-06-16 12:42:27 - finetune_logger - INFO - Train time: 513.4401330947876s
[2026-06-16 12:42:27,971][finetune_logger][INFO] - Train time: 513.4401330947876s
2026-06-16 12:42:27 - finetune_logger - INFO - Train memory reserved: 24.00 MB
[2026-06-16 12:42:27,971][finetune_logger][INFO] - Train memory reserved: 24.00 MB
2026-06-16 12:42:27 - finetune_logger - INFO - Train memory allocated: 18.10 MB
[2026-06-16 12:42:27,971][finetune_logger][INFO] - Train memory allocated: 18.10 MB
2026-06-16 12:42:27 - finetune_logger - INFO - Current learning rate: 0.00025
[2026-06-16 12:42:27,971][finetune_logger][INFO] - Current learning rate: 0.00025
2026-06-16 12:43:39 - finetune_logger - INFO - Validation metrics: {'MAE': 2.067723309549282, 'RMSE': 3.0296957929029493}
[2026-06-16 12:43:39,238][finetune_logger][INFO] - Validation metrics: {'MAE': 2.067723309549282, 'RMSE': 3.0296957929029493}
2026-06-16 12:43:39 - finetune_logger - INFO - Val time: 71.27s
[2026-06-16 12:43:39,239][finetune_logger][INFO] - Val time: 71.27s
2026-06-16 12:43:39 - finetune_logger - INFO - Val memory reserved: 24.00 MB
[2026-06-16 12:43:39,239][finetune_logger][INFO] - Val memory reserved: 24.00 MB
2026-06-16 12:43:39 - finetune_logger - INFO - Val memory allocated: 18.10 MB
[2026-06-16 12:43:39,239][finetune_logger][INFO] - Val memory allocated: 18.10 MB
2026-06-16 12:43:39 - finetune_logger - INFO - Logged epoch 20 info to /public/home/202411094934/python_project/Spatio-Temporal-Library/time-series/2026-06-16/itransformer/finetune20/ettm2/time-series/seed_0/training_log.json
[2026-06-16 12:43:39,243][finetune_logger][INFO] - Logged epoch 20 info to /public/home/202411094934/python_project/Spatio-Temporal-Library/time-series/2026-06-16/itransformer/finetune20/ettm2/time-series/seed_0/training_log.json
2026-06-16 12:44:50 - finetune_logger - INFO - Test metrics: {'MAE': 2.149237259773997, 'RMSE': 3.2621379556943726}
[2026-06-16 12:44:50,666][finetune_logger][INFO] - Test metrics: {'MAE': 2.149237259773997, 'RMSE': 3.2621379556943726}
2026-06-16 12:44:50 - finetune_logger - INFO - Test time: 71.40s
[2026-06-16 12:44:50,666][finetune_logger][INFO] - Test time: 71.40s
2026-06-16 12:44:50 - finetune_logger - INFO - Test memory reserved: 24.00 MB
[2026-06-16 12:44:50,666][finetune_logger][INFO] - Test memory reserved: 24.00 MB
2026-06-16 12:44:50 - finetune_logger - INFO - Test memory allocated: 18.10 MB
[2026-06-16 12:44:50,666][finetune_logger][INFO] - Test memory allocated: 18.10 MB
2026-06-16 12:44:50 - finetune_logger - INFO - Training completed. Best epoch: 6, Best val loss: 1.955877
[2026-06-16 12:44:50,667][finetune_logger][INFO] - Training completed. Best epoch: 6, Best val loss: 1.955877
2026-06-16 12:44:50 - finetune_logger - INFO - Loaded checkpoint from epoch 6
[2026-06-16 12:44:50,699][finetune_logger][INFO] - Loaded checkpoint from epoch 6
2026-06-16 12:44:50 - finetune_logger - INFO - Evaluating best model on test sets...
[2026-06-16 12:44:50,700][finetune_logger][INFO] - Evaluating best model on test sets...
2026-06-16 12:46:02 - finetune_logger - INFO - Test metrics: {'MAE': 2.116653852959079, 'RMSE': 3.2169595922727487}
[2026-06-16 12:46:02,387][finetune_logger][INFO] - Test metrics: {'MAE': 2.116653852959079, 'RMSE': 3.2169595922727487}
2026-06-16 12:46:02 - finetune_logger - INFO - Test time: 71.69s
[2026-06-16 12:46:02,387][finetune_logger][INFO] - Test time: 71.69s
2026-06-16 12:46:02 - finetune_logger - INFO - Test memory reserved: 26.00 MB
[2026-06-16 12:46:02,388][finetune_logger][INFO] - Test memory reserved: 26.00 MB
2026-06-16 12:46:02 - finetune_logger - INFO - Test memory allocated: 18.14 MB
[2026-06-16 12:46:02,388][finetune_logger][INFO] - Test memory allocated: 18.14 MB
2026-06-16 12:46:02 - finetune_logger - INFO - Logged epoch test info to /public/home/202411094934/python_project/Spatio-Temporal-Library/time-series/2026-06-16/itransformer/finetune20/ettm2/time-series/seed_0/training_log.json
[2026-06-16 12:46:02,392][finetune_logger][INFO] - Logged epoch test info to /public/home/202411094934/python_project/Spatio-Temporal-Library/time-series/2026-06-16/itransformer/finetune20/ettm2/time-series/seed_0/training_log.json
