2026-06-16 02:21:42 - finetune_logger - INFO - No pretrained checkpoint is provided. Finetuning from scratch.
[2026-06-16 02:21:42,773][finetune_logger][INFO] - No pretrained checkpoint is provided. Finetuning from scratch.
2026-06-16 02:21:42 - finetune_logger - INFO - Model parameters: 158,912
[2026-06-16 02:21:42,775][finetune_logger][INFO] - Model parameters: 158,912
2026-06-16 02:21:42 - finetune_logger - INFO - Created new log file at /public/home/202411094934/python_project/Spatio-Temporal-Library/time-series/2026-06-16/itransformer/finetune20/ettm2/time-series/seed_1/training_log.json
[2026-06-16 02:21:42,778][finetune_logger][INFO] - Created new log file at /public/home/202411094934/python_project/Spatio-Temporal-Library/time-series/2026-06-16/itransformer/finetune20/ettm2/time-series/seed_1/training_log.json
2026-06-16 02:21:42 - finetune_logger - INFO - Starting training...
[2026-06-16 02:21:42,778][finetune_logger][INFO] - Starting training...
2026-06-16 02:21:42 - finetune_logger - INFO - Epoch 1/20
[2026-06-16 02:21:42,778][finetune_logger][INFO] - Epoch 1/20
2026-06-16 02:30:09 - finetune_logger - INFO - Train loss: 2.07652512464035
[2026-06-16 02:30:09,192][finetune_logger][INFO] - Train loss: 2.07652512464035
2026-06-16 02:30:09 - finetune_logger - INFO - Train time: 506.41296005249023s
[2026-06-16 02:30:09,192][finetune_logger][INFO] - Train time: 506.41296005249023s
2026-06-16 02:30:09 - finetune_logger - INFO - Train memory reserved: 24.00 MB
[2026-06-16 02:30:09,192][finetune_logger][INFO] - Train memory reserved: 24.00 MB
2026-06-16 02:30:09 - finetune_logger - INFO - Train memory allocated: 18.10 MB
[2026-06-16 02:30:09,192][finetune_logger][INFO] - Train memory allocated: 18.10 MB
2026-06-16 02:30:09 - finetune_logger - INFO - Current learning rate: 0.0005
[2026-06-16 02:30:09,192][finetune_logger][INFO] - Current learning rate: 0.0005
2026-06-16 02:31:19 - finetune_logger - INFO - Validation metrics: {'MAE': 1.968718635109969, 'RMSE': 2.8666003084478966}
[2026-06-16 02:31:19,676][finetune_logger][INFO] - Validation metrics: {'MAE': 1.968718635109969, 'RMSE': 2.8666003084478966}
2026-06-16 02:31:19 - finetune_logger - INFO - Val time: 70.48s
[2026-06-16 02:31:19,677][finetune_logger][INFO] - Val time: 70.48s
2026-06-16 02:31:19 - finetune_logger - INFO - Val memory reserved: 24.00 MB
[2026-06-16 02:31:19,677][finetune_logger][INFO] - Val memory reserved: 24.00 MB
2026-06-16 02:31:19 - finetune_logger - INFO - Val memory allocated: 18.10 MB
[2026-06-16 02:31:19,677][finetune_logger][INFO] - Val memory allocated: 18.10 MB
2026-06-16 02:31:19 - finetune_logger - INFO - Logged epoch 1 info to /public/home/202411094934/python_project/Spatio-Temporal-Library/time-series/2026-06-16/itransformer/finetune20/ettm2/time-series/seed_1/training_log.json
[2026-06-16 02:31:19,680][finetune_logger][INFO] - Logged epoch 1 info to /public/home/202411094934/python_project/Spatio-Temporal-Library/time-series/2026-06-16/itransformer/finetune20/ettm2/time-series/seed_1/training_log.json
2026-06-16 02:31:19 - finetune_logger - INFO - New best model! Val loss: 1.968719
[2026-06-16 02:31:19,680][finetune_logger][INFO] - New best model! Val loss: 1.968719
2026-06-16 02:32:30 - finetune_logger - INFO - Test metrics: {'MAE': 2.0851695491957565, 'RMSE': 3.166256466210258}
[2026-06-16 02:32:30,184][finetune_logger][INFO] - Test metrics: {'MAE': 2.0851695491957565, 'RMSE': 3.166256466210258}
2026-06-16 02:32:30 - finetune_logger - INFO - Test time: 70.46s
[2026-06-16 02:32:30,184][finetune_logger][INFO] - Test time: 70.46s
2026-06-16 02:32:30 - finetune_logger - INFO - Test memory reserved: 24.00 MB
[2026-06-16 02:32:30,184][finetune_logger][INFO] - Test memory reserved: 24.00 MB
2026-06-16 02:32:30 - finetune_logger - INFO - Test memory allocated: 18.10 MB
[2026-06-16 02:32:30,184][finetune_logger][INFO] - Test memory allocated: 18.10 MB
2026-06-16 02:32:30 - finetune_logger - INFO - Epoch 2/20
[2026-06-16 02:32:30,184][finetune_logger][INFO] - Epoch 2/20
2026-06-16 02:40:56 - finetune_logger - INFO - Train loss: 1.9616833598094976
[2026-06-16 02:40:56,655][finetune_logger][INFO] - Train loss: 1.9616833598094976
2026-06-16 02:40:56 - finetune_logger - INFO - Train time: 506.46978306770325s
[2026-06-16 02:40:56,655][finetune_logger][INFO] - Train time: 506.46978306770325s
2026-06-16 02:40:56 - finetune_logger - INFO - Train memory reserved: 24.00 MB
[2026-06-16 02:40:56,655][finetune_logger][INFO] - Train memory reserved: 24.00 MB
2026-06-16 02:40:56 - finetune_logger - INFO - Train memory allocated: 18.10 MB
[2026-06-16 02:40:56,655][finetune_logger][INFO] - Train memory allocated: 18.10 MB
2026-06-16 02:40:56 - finetune_logger - INFO - Current learning rate: 0.0005
[2026-06-16 02:40:56,655][finetune_logger][INFO] - Current learning rate: 0.0005
2026-06-16 02:42:07 - finetune_logger - INFO - Validation metrics: {'MAE': 1.9454522547222357, 'RMSE': 2.835469981219804}
[2026-06-16 02:42:07,242][finetune_logger][INFO] - Validation metrics: {'MAE': 1.9454522547222357, 'RMSE': 2.835469981219804}
2026-06-16 02:42:07 - finetune_logger - INFO - Val time: 70.59s
[2026-06-16 02:42:07,242][finetune_logger][INFO] - Val time: 70.59s
2026-06-16 02:42:07 - finetune_logger - INFO - Val memory reserved: 24.00 MB
[2026-06-16 02:42:07,243][finetune_logger][INFO] - Val memory reserved: 24.00 MB
2026-06-16 02:42:07 - finetune_logger - INFO - Val memory allocated: 18.10 MB
[2026-06-16 02:42:07,243][finetune_logger][INFO] - Val memory allocated: 18.10 MB
2026-06-16 02:42:07 - finetune_logger - INFO - Logged epoch 2 info to /public/home/202411094934/python_project/Spatio-Temporal-Library/time-series/2026-06-16/itransformer/finetune20/ettm2/time-series/seed_1/training_log.json
[2026-06-16 02:42:07,245][finetune_logger][INFO] - Logged epoch 2 info to /public/home/202411094934/python_project/Spatio-Temporal-Library/time-series/2026-06-16/itransformer/finetune20/ettm2/time-series/seed_1/training_log.json
2026-06-16 02:42:07 - finetune_logger - INFO - New best model! Val loss: 1.945452
[2026-06-16 02:42:07,245][finetune_logger][INFO] - New best model! Val loss: 1.945452
2026-06-16 02:43:17 - finetune_logger - INFO - Test metrics: {'MAE': 2.1057071433298047, 'RMSE': 3.196253462976426}
[2026-06-16 02:43:17,881][finetune_logger][INFO] - Test metrics: {'MAE': 2.1057071433298047, 'RMSE': 3.196253462976426}
2026-06-16 02:43:17 - finetune_logger - INFO - Test time: 70.59s
[2026-06-16 02:43:17,881][finetune_logger][INFO] - Test time: 70.59s
2026-06-16 02:43:17 - finetune_logger - INFO - Test memory reserved: 24.00 MB
[2026-06-16 02:43:17,881][finetune_logger][INFO] - Test memory reserved: 24.00 MB
2026-06-16 02:43:17 - finetune_logger - INFO - Test memory allocated: 18.10 MB
[2026-06-16 02:43:17,881][finetune_logger][INFO] - Test memory allocated: 18.10 MB
2026-06-16 02:43:17 - finetune_logger - INFO - Epoch 3/20
[2026-06-16 02:43:17,881][finetune_logger][INFO] - Epoch 3/20
2026-06-16 02:51:43 - finetune_logger - INFO - Train loss: 1.9039516477095746
[2026-06-16 02:51:43,975][finetune_logger][INFO] - Train loss: 1.9039516477095746
2026-06-16 02:51:43 - finetune_logger - INFO - Train time: 506.0934977531433s
[2026-06-16 02:51:43,976][finetune_logger][INFO] - Train time: 506.0934977531433s
2026-06-16 02:51:43 - finetune_logger - INFO - Train memory reserved: 24.00 MB
[2026-06-16 02:51:43,976][finetune_logger][INFO] - Train memory reserved: 24.00 MB
2026-06-16 02:51:43 - finetune_logger - INFO - Train memory allocated: 18.10 MB
[2026-06-16 02:51:43,976][finetune_logger][INFO] - Train memory allocated: 18.10 MB
2026-06-16 02:51:43 - finetune_logger - INFO - Current learning rate: 0.0005
[2026-06-16 02:51:43,976][finetune_logger][INFO] - Current learning rate: 0.0005
2026-06-16 02:52:54 - finetune_logger - INFO - Validation metrics: {'MAE': 1.965735357404551, 'RMSE': 2.868006668554315}
[2026-06-16 02:52:54,529][finetune_logger][INFO] - Validation metrics: {'MAE': 1.965735357404551, 'RMSE': 2.868006668554315}
2026-06-16 02:52:54 - finetune_logger - INFO - Val time: 70.55s
[2026-06-16 02:52:54,529][finetune_logger][INFO] - Val time: 70.55s
2026-06-16 02:52:54 - finetune_logger - INFO - Val memory reserved: 24.00 MB
[2026-06-16 02:52:54,529][finetune_logger][INFO] - Val memory reserved: 24.00 MB
2026-06-16 02:52:54 - finetune_logger - INFO - Val memory allocated: 18.10 MB
[2026-06-16 02:52:54,530][finetune_logger][INFO] - Val memory allocated: 18.10 MB
2026-06-16 02:52:54 - finetune_logger - INFO - Logged epoch 3 info to /public/home/202411094934/python_project/Spatio-Temporal-Library/time-series/2026-06-16/itransformer/finetune20/ettm2/time-series/seed_1/training_log.json
[2026-06-16 02:52:54,532][finetune_logger][INFO] - Logged epoch 3 info to /public/home/202411094934/python_project/Spatio-Temporal-Library/time-series/2026-06-16/itransformer/finetune20/ettm2/time-series/seed_1/training_log.json
2026-06-16 02:54:06 - finetune_logger - INFO - Test metrics: {'MAE': 2.110682958541742, 'RMSE': 3.211051667588473}
[2026-06-16 02:54:06,322][finetune_logger][INFO] - Test metrics: {'MAE': 2.110682958541742, 'RMSE': 3.211051667588473}
2026-06-16 02:54:06 - finetune_logger - INFO - Test time: 71.79s
[2026-06-16 02:54:06,323][finetune_logger][INFO] - Test time: 71.79s
2026-06-16 02:54:06 - finetune_logger - INFO - Test memory reserved: 24.00 MB
[2026-06-16 02:54:06,323][finetune_logger][INFO] - Test memory reserved: 24.00 MB
2026-06-16 02:54:06 - finetune_logger - INFO - Test memory allocated: 18.10 MB
[2026-06-16 02:54:06,323][finetune_logger][INFO] - Test memory allocated: 18.10 MB
2026-06-16 02:54:06 - finetune_logger - INFO - Epoch 4/20
[2026-06-16 02:54:06,323][finetune_logger][INFO] - Epoch 4/20
2026-06-16 03:02:32 - finetune_logger - INFO - Train loss: 1.8642388792552893
[2026-06-16 03:02:32,927][finetune_logger][INFO] - Train loss: 1.8642388792552893
2026-06-16 03:02:32 - finetune_logger - INFO - Train time: 506.60351848602295s
[2026-06-16 03:02:32,927][finetune_logger][INFO] - Train time: 506.60351848602295s
2026-06-16 03:02:32 - finetune_logger - INFO - Train memory reserved: 24.00 MB
[2026-06-16 03:02:32,927][finetune_logger][INFO] - Train memory reserved: 24.00 MB
2026-06-16 03:02:32 - finetune_logger - INFO - Train memory allocated: 18.10 MB
[2026-06-16 03:02:32,927][finetune_logger][INFO] - Train memory allocated: 18.10 MB
2026-06-16 03:02:32 - finetune_logger - INFO - Current learning rate: 0.0005
[2026-06-16 03:02:32,928][finetune_logger][INFO] - Current learning rate: 0.0005
2026-06-16 03:03:43 - finetune_logger - INFO - Validation metrics: {'MAE': 1.9344134365406451, 'RMSE': 2.828840540908363}
[2026-06-16 03:03:43,802][finetune_logger][INFO] - Validation metrics: {'MAE': 1.9344134365406451, 'RMSE': 2.828840540908363}
2026-06-16 03:03:43 - finetune_logger - INFO - Val time: 70.87s
[2026-06-16 03:03:43,802][finetune_logger][INFO] - Val time: 70.87s
2026-06-16 03:03:43 - finetune_logger - INFO - Val memory reserved: 24.00 MB
[2026-06-16 03:03:43,803][finetune_logger][INFO] - Val memory reserved: 24.00 MB
2026-06-16 03:03:43 - finetune_logger - INFO - Val memory allocated: 18.10 MB
[2026-06-16 03:03:43,803][finetune_logger][INFO] - Val memory allocated: 18.10 MB
2026-06-16 03:03:43 - finetune_logger - INFO - Logged epoch 4 info to /public/home/202411094934/python_project/Spatio-Temporal-Library/time-series/2026-06-16/itransformer/finetune20/ettm2/time-series/seed_1/training_log.json
[2026-06-16 03:03:43,805][finetune_logger][INFO] - Logged epoch 4 info to /public/home/202411094934/python_project/Spatio-Temporal-Library/time-series/2026-06-16/itransformer/finetune20/ettm2/time-series/seed_1/training_log.json
2026-06-16 03:03:43 - finetune_logger - INFO - New best model! Val loss: 1.934413
[2026-06-16 03:03:43,805][finetune_logger][INFO] - New best model! Val loss: 1.934413
2026-06-16 03:04:54 - finetune_logger - INFO - Test metrics: {'MAE': 2.1079784225158256, 'RMSE': 3.214484461878758}
[2026-06-16 03:04:54,565][finetune_logger][INFO] - Test metrics: {'MAE': 2.1079784225158256, 'RMSE': 3.214484461878758}
2026-06-16 03:04:54 - finetune_logger - INFO - Test time: 70.72s
[2026-06-16 03:04:54,565][finetune_logger][INFO] - Test time: 70.72s
2026-06-16 03:04:54 - finetune_logger - INFO - Test memory reserved: 24.00 MB
[2026-06-16 03:04:54,565][finetune_logger][INFO] - Test memory reserved: 24.00 MB
2026-06-16 03:04:54 - finetune_logger - INFO - Test memory allocated: 18.10 MB
[2026-06-16 03:04:54,565][finetune_logger][INFO] - Test memory allocated: 18.10 MB
2026-06-16 03:04:54 - finetune_logger - INFO - Epoch 5/20
[2026-06-16 03:04:54,565][finetune_logger][INFO] - Epoch 5/20
2026-06-16 03:13:22 - finetune_logger - INFO - Train loss: 1.8319434308220222
[2026-06-16 03:13:22,510][finetune_logger][INFO] - Train loss: 1.8319434308220222
2026-06-16 03:13:22 - finetune_logger - INFO - Train time: 507.9440200328827s
[2026-06-16 03:13:22,510][finetune_logger][INFO] - Train time: 507.9440200328827s
2026-06-16 03:13:22 - finetune_logger - INFO - Train memory reserved: 24.00 MB
[2026-06-16 03:13:22,510][finetune_logger][INFO] - Train memory reserved: 24.00 MB
2026-06-16 03:13:22 - finetune_logger - INFO - Train memory allocated: 18.10 MB
[2026-06-16 03:13:22,510][finetune_logger][INFO] - Train memory allocated: 18.10 MB
2026-06-16 03:13:22 - finetune_logger - INFO - Current learning rate: 0.0005
[2026-06-16 03:13:22,510][finetune_logger][INFO] - Current learning rate: 0.0005
2026-06-16 03:14:33 - finetune_logger - INFO - Validation metrics: {'MAE': 1.958598048688037, 'RMSE': 2.8575289981713343}
[2026-06-16 03:14:33,233][finetune_logger][INFO] - Validation metrics: {'MAE': 1.958598048688037, 'RMSE': 2.8575289981713343}
2026-06-16 03:14:33 - finetune_logger - INFO - Val time: 70.72s
[2026-06-16 03:14:33,233][finetune_logger][INFO] - Val time: 70.72s
2026-06-16 03:14:33 - finetune_logger - INFO - Val memory reserved: 24.00 MB
[2026-06-16 03:14:33,233][finetune_logger][INFO] - Val memory reserved: 24.00 MB
2026-06-16 03:14:33 - finetune_logger - INFO - Val memory allocated: 18.10 MB
[2026-06-16 03:14:33,233][finetune_logger][INFO] - Val memory allocated: 18.10 MB
2026-06-16 03:14:33 - finetune_logger - INFO - Logged epoch 5 info to /public/home/202411094934/python_project/Spatio-Temporal-Library/time-series/2026-06-16/itransformer/finetune20/ettm2/time-series/seed_1/training_log.json
[2026-06-16 03:14:33,236][finetune_logger][INFO] - Logged epoch 5 info to /public/home/202411094934/python_project/Spatio-Temporal-Library/time-series/2026-06-16/itransformer/finetune20/ettm2/time-series/seed_1/training_log.json
2026-06-16 03:15:43 - finetune_logger - INFO - Test metrics: {'MAE': 2.086811143575216, 'RMSE': 3.1703883567811117}
[2026-06-16 03:15:43,927][finetune_logger][INFO] - Test metrics: {'MAE': 2.086811143575216, 'RMSE': 3.1703883567811117}
2026-06-16 03:15:43 - finetune_logger - INFO - Test time: 70.69s
[2026-06-16 03:15:43,927][finetune_logger][INFO] - Test time: 70.69s
2026-06-16 03:15:43 - finetune_logger - INFO - Test memory reserved: 24.00 MB
[2026-06-16 03:15:43,927][finetune_logger][INFO] - Test memory reserved: 24.00 MB
2026-06-16 03:15:43 - finetune_logger - INFO - Test memory allocated: 18.10 MB
[2026-06-16 03:15:43,927][finetune_logger][INFO] - Test memory allocated: 18.10 MB
2026-06-16 03:15:43 - finetune_logger - INFO - Epoch 6/20
[2026-06-16 03:15:43,927][finetune_logger][INFO] - Epoch 6/20
2026-06-16 03:24:11 - finetune_logger - INFO - Train loss: 1.8004580447232703
[2026-06-16 03:24:11,658][finetune_logger][INFO] - Train loss: 1.8004580447232703
2026-06-16 03:24:11 - finetune_logger - INFO - Train time: 507.72999572753906s
[2026-06-16 03:24:11,658][finetune_logger][INFO] - Train time: 507.72999572753906s
2026-06-16 03:24:11 - finetune_logger - INFO - Train memory reserved: 24.00 MB
[2026-06-16 03:24:11,658][finetune_logger][INFO] - Train memory reserved: 24.00 MB
2026-06-16 03:24:11 - finetune_logger - INFO - Train memory allocated: 18.10 MB
[2026-06-16 03:24:11,659][finetune_logger][INFO] - Train memory allocated: 18.10 MB
2026-06-16 03:24:11 - finetune_logger - INFO - Current learning rate: 0.0005
[2026-06-16 03:24:11,659][finetune_logger][INFO] - Current learning rate: 0.0005
2026-06-16 03:25:22 - finetune_logger - INFO - Validation metrics: {'MAE': 1.9665105995738241, 'RMSE': 2.8743575253065594}
[2026-06-16 03:25:22,534][finetune_logger][INFO] - Validation metrics: {'MAE': 1.9665105995738241, 'RMSE': 2.8743575253065594}
2026-06-16 03:25:22 - finetune_logger - INFO - Val time: 70.87s
[2026-06-16 03:25:22,534][finetune_logger][INFO] - Val time: 70.87s
2026-06-16 03:25:22 - finetune_logger - INFO - Val memory reserved: 24.00 MB
[2026-06-16 03:25:22,534][finetune_logger][INFO] - Val memory reserved: 24.00 MB
2026-06-16 03:25:22 - finetune_logger - INFO - Val memory allocated: 18.10 MB
[2026-06-16 03:25:22,534][finetune_logger][INFO] - Val memory allocated: 18.10 MB
2026-06-16 03:25:22 - finetune_logger - INFO - Logged epoch 6 info to /public/home/202411094934/python_project/Spatio-Temporal-Library/time-series/2026-06-16/itransformer/finetune20/ettm2/time-series/seed_1/training_log.json
[2026-06-16 03:25:22,537][finetune_logger][INFO] - Logged epoch 6 info to /public/home/202411094934/python_project/Spatio-Temporal-Library/time-series/2026-06-16/itransformer/finetune20/ettm2/time-series/seed_1/training_log.json
2026-06-16 03:26:33 - finetune_logger - INFO - Test metrics: {'MAE': 2.1142714035547936, 'RMSE': 3.2058573701463233}
[2026-06-16 03:26:33,065][finetune_logger][INFO] - Test metrics: {'MAE': 2.1142714035547936, 'RMSE': 3.2058573701463233}
2026-06-16 03:26:33 - finetune_logger - INFO - Test time: 70.53s
[2026-06-16 03:26:33,065][finetune_logger][INFO] - Test time: 70.53s
2026-06-16 03:26:33 - finetune_logger - INFO - Test memory reserved: 24.00 MB
[2026-06-16 03:26:33,065][finetune_logger][INFO] - Test memory reserved: 24.00 MB
2026-06-16 03:26:33 - finetune_logger - INFO - Test memory allocated: 18.10 MB
[2026-06-16 03:26:33,066][finetune_logger][INFO] - Test memory allocated: 18.10 MB
2026-06-16 03:26:33 - finetune_logger - INFO - Epoch 7/20
[2026-06-16 03:26:33,066][finetune_logger][INFO] - Epoch 7/20
2026-06-16 03:35:00 - finetune_logger - INFO - Train loss: 1.7735092968639032
[2026-06-16 03:35:00,599][finetune_logger][INFO] - Train loss: 1.7735092968639032
2026-06-16 03:35:00 - finetune_logger - INFO - Train time: 507.5331268310547s
[2026-06-16 03:35:00,600][finetune_logger][INFO] - Train time: 507.5331268310547s
2026-06-16 03:35:00 - finetune_logger - INFO - Train memory reserved: 24.00 MB
[2026-06-16 03:35:00,600][finetune_logger][INFO] - Train memory reserved: 24.00 MB
2026-06-16 03:35:00 - finetune_logger - INFO - Train memory allocated: 18.10 MB
[2026-06-16 03:35:00,600][finetune_logger][INFO] - Train memory allocated: 18.10 MB
2026-06-16 03:35:00 - finetune_logger - INFO - Current learning rate: 0.0005
[2026-06-16 03:35:00,600][finetune_logger][INFO] - Current learning rate: 0.0005
2026-06-16 03:36:11 - finetune_logger - INFO - Validation metrics: {'MAE': 1.9682552741624713, 'RMSE': 2.8690688494412733}
[2026-06-16 03:36:11,434][finetune_logger][INFO] - Validation metrics: {'MAE': 1.9682552741624713, 'RMSE': 2.8690688494412733}
2026-06-16 03:36:11 - finetune_logger - INFO - Val time: 70.83s
[2026-06-16 03:36:11,434][finetune_logger][INFO] - Val time: 70.83s
2026-06-16 03:36:11 - finetune_logger - INFO - Val memory reserved: 24.00 MB
[2026-06-16 03:36:11,434][finetune_logger][INFO] - Val memory reserved: 24.00 MB
2026-06-16 03:36:11 - finetune_logger - INFO - Val memory allocated: 18.10 MB
[2026-06-16 03:36:11,434][finetune_logger][INFO] - Val memory allocated: 18.10 MB
2026-06-16 03:36:11 - finetune_logger - INFO - Logged epoch 7 info to /public/home/202411094934/python_project/Spatio-Temporal-Library/time-series/2026-06-16/itransformer/finetune20/ettm2/time-series/seed_1/training_log.json
[2026-06-16 03:36:11,437][finetune_logger][INFO] - Logged epoch 7 info to /public/home/202411094934/python_project/Spatio-Temporal-Library/time-series/2026-06-16/itransformer/finetune20/ettm2/time-series/seed_1/training_log.json
2026-06-16 03:37:22 - finetune_logger - INFO - Test metrics: {'MAE': 2.144394406571798, 'RMSE': 3.2590069368686603}
[2026-06-16 03:37:22,138][finetune_logger][INFO] - Test metrics: {'MAE': 2.144394406571798, 'RMSE': 3.2590069368686603}
2026-06-16 03:37:22 - finetune_logger - INFO - Test time: 70.70s
[2026-06-16 03:37:22,138][finetune_logger][INFO] - Test time: 70.70s
2026-06-16 03:37:22 - finetune_logger - INFO - Test memory reserved: 24.00 MB
[2026-06-16 03:37:22,138][finetune_logger][INFO] - Test memory reserved: 24.00 MB
2026-06-16 03:37:22 - finetune_logger - INFO - Test memory allocated: 18.10 MB
[2026-06-16 03:37:22,138][finetune_logger][INFO] - Test memory allocated: 18.10 MB
2026-06-16 03:37:22 - finetune_logger - INFO - Epoch 8/20
[2026-06-16 03:37:22,139][finetune_logger][INFO] - Epoch 8/20
2026-06-16 03:45:49 - finetune_logger - INFO - Train loss: 1.7505121393343412
[2026-06-16 03:45:49,724][finetune_logger][INFO] - Train loss: 1.7505121393343412
2026-06-16 03:45:49 - finetune_logger - INFO - Train time: 507.5853943824768s
[2026-06-16 03:45:49,725][finetune_logger][INFO] - Train time: 507.5853943824768s
2026-06-16 03:45:49 - finetune_logger - INFO - Train memory reserved: 24.00 MB
[2026-06-16 03:45:49,725][finetune_logger][INFO] - Train memory reserved: 24.00 MB
2026-06-16 03:45:49 - finetune_logger - INFO - Train memory allocated: 18.10 MB
[2026-06-16 03:45:49,725][finetune_logger][INFO] - Train memory allocated: 18.10 MB
2026-06-16 03:45:49 - finetune_logger - INFO - Current learning rate: 0.0005
[2026-06-16 03:45:49,725][finetune_logger][INFO] - Current learning rate: 0.0005
2026-06-16 03:47:00 - finetune_logger - INFO - Validation metrics: {'MAE': 1.979174207418806, 'RMSE': 2.8918468732596887}
[2026-06-16 03:47:00,582][finetune_logger][INFO] - Validation metrics: {'MAE': 1.979174207418806, 'RMSE': 2.8918468732596887}
2026-06-16 03:47:00 - finetune_logger - INFO - Val time: 70.86s
[2026-06-16 03:47:00,582][finetune_logger][INFO] - Val time: 70.86s
2026-06-16 03:47:00 - finetune_logger - INFO - Val memory reserved: 24.00 MB
[2026-06-16 03:47:00,582][finetune_logger][INFO] - Val memory reserved: 24.00 MB
2026-06-16 03:47:00 - finetune_logger - INFO - Val memory allocated: 18.10 MB
[2026-06-16 03:47:00,582][finetune_logger][INFO] - Val memory allocated: 18.10 MB
2026-06-16 03:47:00 - finetune_logger - INFO - Logged epoch 8 info to /public/home/202411094934/python_project/Spatio-Temporal-Library/time-series/2026-06-16/itransformer/finetune20/ettm2/time-series/seed_1/training_log.json
[2026-06-16 03:47:00,585][finetune_logger][INFO] - Logged epoch 8 info to /public/home/202411094934/python_project/Spatio-Temporal-Library/time-series/2026-06-16/itransformer/finetune20/ettm2/time-series/seed_1/training_log.json
2026-06-16 03:48:11 - finetune_logger - INFO - Test metrics: {'MAE': 2.1530036101963526, 'RMSE': 3.2679921152535907}
[2026-06-16 03:48:11,309][finetune_logger][INFO] - Test metrics: {'MAE': 2.1530036101963526, 'RMSE': 3.2679921152535907}
2026-06-16 03:48:11 - finetune_logger - INFO - Test time: 70.72s
[2026-06-16 03:48:11,309][finetune_logger][INFO] - Test time: 70.72s
2026-06-16 03:48:11 - finetune_logger - INFO - Test memory reserved: 24.00 MB
[2026-06-16 03:48:11,310][finetune_logger][INFO] - Test memory reserved: 24.00 MB
2026-06-16 03:48:11 - finetune_logger - INFO - Test memory allocated: 18.10 MB
[2026-06-16 03:48:11,310][finetune_logger][INFO] - Test memory allocated: 18.10 MB
2026-06-16 03:48:11 - finetune_logger - INFO - Epoch 9/20
[2026-06-16 03:48:11,310][finetune_logger][INFO] - Epoch 9/20
2026-06-16 03:56:39 - finetune_logger - INFO - Train loss: 1.7258646335585657
[2026-06-16 03:56:39,084][finetune_logger][INFO] - Train loss: 1.7258646335585657
2026-06-16 03:56:39 - finetune_logger - INFO - Train time: 507.7738525867462s
[2026-06-16 03:56:39,084][finetune_logger][INFO] - Train time: 507.7738525867462s
2026-06-16 03:56:39 - finetune_logger - INFO - Train memory reserved: 24.00 MB
[2026-06-16 03:56:39,085][finetune_logger][INFO] - Train memory reserved: 24.00 MB
2026-06-16 03:56:39 - finetune_logger - INFO - Train memory allocated: 18.10 MB
[2026-06-16 03:56:39,085][finetune_logger][INFO] - Train memory allocated: 18.10 MB
2026-06-16 03:56:39 - finetune_logger - INFO - Current learning rate: 0.0005
[2026-06-16 03:56:39,085][finetune_logger][INFO] - Current learning rate: 0.0005
2026-06-16 03:57:49 - finetune_logger - INFO - Validation metrics: {'MAE': 1.9941452430027975, 'RMSE': 2.9060344537099163}
[2026-06-16 03:57:49,924][finetune_logger][INFO] - Validation metrics: {'MAE': 1.9941452430027975, 'RMSE': 2.9060344537099163}
2026-06-16 03:57:49 - finetune_logger - INFO - Val time: 70.84s
[2026-06-16 03:57:49,924][finetune_logger][INFO] - Val time: 70.84s
2026-06-16 03:57:49 - finetune_logger - INFO - Val memory reserved: 24.00 MB
[2026-06-16 03:57:49,924][finetune_logger][INFO] - Val memory reserved: 24.00 MB
2026-06-16 03:57:49 - finetune_logger - INFO - Val memory allocated: 18.10 MB
[2026-06-16 03:57:49,924][finetune_logger][INFO] - Val memory allocated: 18.10 MB
2026-06-16 03:57:49 - finetune_logger - INFO - Logged epoch 9 info to /public/home/202411094934/python_project/Spatio-Temporal-Library/time-series/2026-06-16/itransformer/finetune20/ettm2/time-series/seed_1/training_log.json
[2026-06-16 03:57:49,927][finetune_logger][INFO] - Logged epoch 9 info to /public/home/202411094934/python_project/Spatio-Temporal-Library/time-series/2026-06-16/itransformer/finetune20/ettm2/time-series/seed_1/training_log.json
2026-06-16 03:59:00 - finetune_logger - INFO - Test metrics: {'MAE': 2.1240248129307484, 'RMSE': 3.224674172545357}
[2026-06-16 03:59:00,765][finetune_logger][INFO] - Test metrics: {'MAE': 2.1240248129307484, 'RMSE': 3.224674172545357}
2026-06-16 03:59:00 - finetune_logger - INFO - Test time: 70.84s
[2026-06-16 03:59:00,765][finetune_logger][INFO] - Test time: 70.84s
2026-06-16 03:59:00 - finetune_logger - INFO - Test memory reserved: 24.00 MB
[2026-06-16 03:59:00,765][finetune_logger][INFO] - Test memory reserved: 24.00 MB
2026-06-16 03:59:00 - finetune_logger - INFO - Test memory allocated: 18.10 MB
[2026-06-16 03:59:00,766][finetune_logger][INFO] - Test memory allocated: 18.10 MB
2026-06-16 03:59:00 - finetune_logger - INFO - Epoch 10/20
[2026-06-16 03:59:00,766][finetune_logger][INFO] - Epoch 10/20
2026-06-16 04:07:28 - finetune_logger - INFO - Train loss: 1.7078851022224588
[2026-06-16 04:07:28,745][finetune_logger][INFO] - Train loss: 1.7078851022224588
2026-06-16 04:07:28 - finetune_logger - INFO - Train time: 507.97906517982483s
[2026-06-16 04:07:28,746][finetune_logger][INFO] - Train time: 507.97906517982483s
2026-06-16 04:07:28 - finetune_logger - INFO - Train memory reserved: 24.00 MB
[2026-06-16 04:07:28,746][finetune_logger][INFO] - Train memory reserved: 24.00 MB
2026-06-16 04:07:28 - finetune_logger - INFO - Train memory allocated: 18.10 MB
[2026-06-16 04:07:28,746][finetune_logger][INFO] - Train memory allocated: 18.10 MB
2026-06-16 04:07:28 - finetune_logger - INFO - Current learning rate: 0.0005
[2026-06-16 04:07:28,746][finetune_logger][INFO] - Current learning rate: 0.0005
2026-06-16 04:08:39 - finetune_logger - INFO - Validation metrics: {'MAE': 2.0038322251847376, 'RMSE': 2.924535367142823}
[2026-06-16 04:08:39,496][finetune_logger][INFO] - Validation metrics: {'MAE': 2.0038322251847376, 'RMSE': 2.924535367142823}
2026-06-16 04:08:39 - finetune_logger - INFO - Val time: 70.75s
[2026-06-16 04:08:39,496][finetune_logger][INFO] - Val time: 70.75s
2026-06-16 04:08:39 - finetune_logger - INFO - Val memory reserved: 24.00 MB
[2026-06-16 04:08:39,496][finetune_logger][INFO] - Val memory reserved: 24.00 MB
2026-06-16 04:08:39 - finetune_logger - INFO - Val memory allocated: 18.10 MB
[2026-06-16 04:08:39,497][finetune_logger][INFO] - Val memory allocated: 18.10 MB
2026-06-16 04:08:39 - finetune_logger - INFO - Logged epoch 10 info to /public/home/202411094934/python_project/Spatio-Temporal-Library/time-series/2026-06-16/itransformer/finetune20/ettm2/time-series/seed_1/training_log.json
[2026-06-16 04:08:39,499][finetune_logger][INFO] - Logged epoch 10 info to /public/home/202411094934/python_project/Spatio-Temporal-Library/time-series/2026-06-16/itransformer/finetune20/ettm2/time-series/seed_1/training_log.json
2026-06-16 04:09:50 - finetune_logger - INFO - Test metrics: {'MAE': 2.164181850091962, 'RMSE': 3.289731308803305}
[2026-06-16 04:09:50,375][finetune_logger][INFO] - Test metrics: {'MAE': 2.164181850091962, 'RMSE': 3.289731308803305}
2026-06-16 04:09:50 - finetune_logger - INFO - Test time: 70.85s
[2026-06-16 04:09:50,375][finetune_logger][INFO] - Test time: 70.85s
2026-06-16 04:09:50 - finetune_logger - INFO - Test memory reserved: 24.00 MB
[2026-06-16 04:09:50,375][finetune_logger][INFO] - Test memory reserved: 24.00 MB
2026-06-16 04:09:50 - finetune_logger - INFO - Test memory allocated: 18.10 MB
[2026-06-16 04:09:50,376][finetune_logger][INFO] - Test memory allocated: 18.10 MB
2026-06-16 04:09:50 - finetune_logger - INFO - Epoch 11/20
[2026-06-16 04:09:50,376][finetune_logger][INFO] - Epoch 11/20
2026-06-16 04:18:17 - finetune_logger - INFO - Train loss: 1.6430166874486372
[2026-06-16 04:18:17,812][finetune_logger][INFO] - Train loss: 1.6430166874486372
2026-06-16 04:18:17 - finetune_logger - INFO - Train time: 507.435631275177s
[2026-06-16 04:18:17,812][finetune_logger][INFO] - Train time: 507.435631275177s
2026-06-16 04:18:17 - finetune_logger - INFO - Train memory reserved: 24.00 MB
[2026-06-16 04:18:17,812][finetune_logger][INFO] - Train memory reserved: 24.00 MB
2026-06-16 04:18:17 - finetune_logger - INFO - Train memory allocated: 18.10 MB
[2026-06-16 04:18:17,812][finetune_logger][INFO] - Train memory allocated: 18.10 MB
2026-06-16 04:18:17 - finetune_logger - INFO - Current learning rate: 0.00025
[2026-06-16 04:18:17,812][finetune_logger][INFO] - Current learning rate: 0.00025
2026-06-16 04:19:28 - finetune_logger - INFO - Validation metrics: {'MAE': 2.0107717450756164, 'RMSE': 2.943011836491323}
[2026-06-16 04:19:28,671][finetune_logger][INFO] - Validation metrics: {'MAE': 2.0107717450756164, 'RMSE': 2.943011836491323}
2026-06-16 04:19:28 - finetune_logger - INFO - Val time: 70.86s
[2026-06-16 04:19:28,671][finetune_logger][INFO] - Val time: 70.86s
2026-06-16 04:19:28 - finetune_logger - INFO - Val memory reserved: 24.00 MB
[2026-06-16 04:19:28,672][finetune_logger][INFO] - Val memory reserved: 24.00 MB
2026-06-16 04:19:28 - finetune_logger - INFO - Val memory allocated: 18.10 MB
[2026-06-16 04:19:28,672][finetune_logger][INFO] - Val memory allocated: 18.10 MB
2026-06-16 04:19:28 - finetune_logger - INFO - Logged epoch 11 info to /public/home/202411094934/python_project/Spatio-Temporal-Library/time-series/2026-06-16/itransformer/finetune20/ettm2/time-series/seed_1/training_log.json
[2026-06-16 04:19:28,675][finetune_logger][INFO] - Logged epoch 11 info to /public/home/202411094934/python_project/Spatio-Temporal-Library/time-series/2026-06-16/itransformer/finetune20/ettm2/time-series/seed_1/training_log.json
2026-06-16 04:20:39 - finetune_logger - INFO - Test metrics: {'MAE': 2.165271537662677, 'RMSE': 3.295335216189932}
[2026-06-16 04:20:39,529][finetune_logger][INFO] - Test metrics: {'MAE': 2.165271537662677, 'RMSE': 3.295335216189932}
2026-06-16 04:20:39 - finetune_logger - INFO - Test time: 70.85s
[2026-06-16 04:20:39,530][finetune_logger][INFO] - Test time: 70.85s
2026-06-16 04:20:39 - finetune_logger - INFO - Test memory reserved: 24.00 MB
[2026-06-16 04:20:39,530][finetune_logger][INFO] - Test memory reserved: 24.00 MB
2026-06-16 04:20:39 - finetune_logger - INFO - Test memory allocated: 18.10 MB
[2026-06-16 04:20:39,530][finetune_logger][INFO] - Test memory allocated: 18.10 MB
2026-06-16 04:20:39 - finetune_logger - INFO - Epoch 12/20
[2026-06-16 04:20:39,530][finetune_logger][INFO] - Epoch 12/20
2026-06-16 04:29:07 - finetune_logger - INFO - Train loss: 1.6224841727336043
[2026-06-16 04:29:07,573][finetune_logger][INFO] - Train loss: 1.6224841727336043
2026-06-16 04:29:07 - finetune_logger - INFO - Train time: 508.04282999038696s
[2026-06-16 04:29:07,574][finetune_logger][INFO] - Train time: 508.04282999038696s
2026-06-16 04:29:07 - finetune_logger - INFO - Train memory reserved: 24.00 MB
[2026-06-16 04:29:07,574][finetune_logger][INFO] - Train memory reserved: 24.00 MB
2026-06-16 04:29:07 - finetune_logger - INFO - Train memory allocated: 18.10 MB
[2026-06-16 04:29:07,574][finetune_logger][INFO] - Train memory allocated: 18.10 MB
2026-06-16 04:29:07 - finetune_logger - INFO - Current learning rate: 0.00025
[2026-06-16 04:29:07,574][finetune_logger][INFO] - Current learning rate: 0.00025
2026-06-16 04:30:18 - finetune_logger - INFO - Validation metrics: {'MAE': 2.0259222106144152, 'RMSE': 2.9674708238242675}
[2026-06-16 04:30:18,353][finetune_logger][INFO] - Validation metrics: {'MAE': 2.0259222106144152, 'RMSE': 2.9674708238242675}
2026-06-16 04:30:18 - finetune_logger - INFO - Val time: 70.78s
[2026-06-16 04:30:18,353][finetune_logger][INFO] - Val time: 70.78s
2026-06-16 04:30:18 - finetune_logger - INFO - Val memory reserved: 24.00 MB
[2026-06-16 04:30:18,353][finetune_logger][INFO] - Val memory reserved: 24.00 MB
2026-06-16 04:30:18 - finetune_logger - INFO - Val memory allocated: 18.10 MB
[2026-06-16 04:30:18,354][finetune_logger][INFO] - Val memory allocated: 18.10 MB
2026-06-16 04:30:18 - finetune_logger - INFO - Logged epoch 12 info to /public/home/202411094934/python_project/Spatio-Temporal-Library/time-series/2026-06-16/itransformer/finetune20/ettm2/time-series/seed_1/training_log.json
[2026-06-16 04:30:18,357][finetune_logger][INFO] - Logged epoch 12 info to /public/home/202411094934/python_project/Spatio-Temporal-Library/time-series/2026-06-16/itransformer/finetune20/ettm2/time-series/seed_1/training_log.json
2026-06-16 04:31:29 - finetune_logger - INFO - Test metrics: {'MAE': 2.157372666024342, 'RMSE': 3.2840964799556063}
[2026-06-16 04:31:29,306][finetune_logger][INFO] - Test metrics: {'MAE': 2.157372666024342, 'RMSE': 3.2840964799556063}
2026-06-16 04:31:29 - finetune_logger - INFO - Test time: 70.95s
[2026-06-16 04:31:29,306][finetune_logger][INFO] - Test time: 70.95s
2026-06-16 04:31:29 - finetune_logger - INFO - Test memory reserved: 24.00 MB
[2026-06-16 04:31:29,306][finetune_logger][INFO] - Test memory reserved: 24.00 MB
2026-06-16 04:31:29 - finetune_logger - INFO - Test memory allocated: 18.10 MB
[2026-06-16 04:31:29,307][finetune_logger][INFO] - Test memory allocated: 18.10 MB
2026-06-16 04:31:29 - finetune_logger - INFO - Epoch 13/20
[2026-06-16 04:31:29,307][finetune_logger][INFO] - Epoch 13/20
2026-06-16 04:39:56 - finetune_logger - INFO - Train loss: 1.6093414600415743
[2026-06-16 04:39:56,989][finetune_logger][INFO] - Train loss: 1.6093414600415743
2026-06-16 04:39:56 - finetune_logger - INFO - Train time: 507.6823616027832s
[2026-06-16 04:39:56,990][finetune_logger][INFO] - Train time: 507.6823616027832s
2026-06-16 04:39:56 - finetune_logger - INFO - Train memory reserved: 24.00 MB
[2026-06-16 04:39:56,990][finetune_logger][INFO] - Train memory reserved: 24.00 MB
2026-06-16 04:39:56 - finetune_logger - INFO - Train memory allocated: 18.10 MB
[2026-06-16 04:39:56,990][finetune_logger][INFO] - Train memory allocated: 18.10 MB
2026-06-16 04:39:56 - finetune_logger - INFO - Current learning rate: 0.00025
[2026-06-16 04:39:56,990][finetune_logger][INFO] - Current learning rate: 0.00025
2026-06-16 04:41:07 - finetune_logger - INFO - Validation metrics: {'MAE': 2.004233790729724, 'RMSE': 2.9285557954193804}
[2026-06-16 04:41:07,451][finetune_logger][INFO] - Validation metrics: {'MAE': 2.004233790729724, 'RMSE': 2.9285557954193804}
2026-06-16 04:41:07 - finetune_logger - INFO - Val time: 70.46s
[2026-06-16 04:41:07,451][finetune_logger][INFO] - Val time: 70.46s
2026-06-16 04:41:07 - finetune_logger - INFO - Val memory reserved: 24.00 MB
[2026-06-16 04:41:07,451][finetune_logger][INFO] - Val memory reserved: 24.00 MB
2026-06-16 04:41:07 - finetune_logger - INFO - Val memory allocated: 18.10 MB
[2026-06-16 04:41:07,451][finetune_logger][INFO] - Val memory allocated: 18.10 MB
2026-06-16 04:41:07 - finetune_logger - INFO - Logged epoch 13 info to /public/home/202411094934/python_project/Spatio-Temporal-Library/time-series/2026-06-16/itransformer/finetune20/ettm2/time-series/seed_1/training_log.json
[2026-06-16 04:41:07,455][finetune_logger][INFO] - Logged epoch 13 info to /public/home/202411094934/python_project/Spatio-Temporal-Library/time-series/2026-06-16/itransformer/finetune20/ettm2/time-series/seed_1/training_log.json
2026-06-16 04:42:17 - finetune_logger - INFO - Test metrics: {'MAE': 2.148470969656226, 'RMSE': 3.266856183510498}
[2026-06-16 04:42:17,983][finetune_logger][INFO] - Test metrics: {'MAE': 2.148470969656226, 'RMSE': 3.266856183510498}
2026-06-16 04:42:17 - finetune_logger - INFO - Test time: 70.53s
[2026-06-16 04:42:17,983][finetune_logger][INFO] - Test time: 70.53s
2026-06-16 04:42:17 - finetune_logger - INFO - Test memory reserved: 24.00 MB
[2026-06-16 04:42:17,983][finetune_logger][INFO] - Test memory reserved: 24.00 MB
2026-06-16 04:42:17 - finetune_logger - INFO - Test memory allocated: 18.10 MB
[2026-06-16 04:42:17,984][finetune_logger][INFO] - Test memory allocated: 18.10 MB
2026-06-16 04:42:17 - finetune_logger - INFO - Epoch 14/20
[2026-06-16 04:42:17,984][finetune_logger][INFO] - Epoch 14/20
2026-06-16 04:50:44 - finetune_logger - INFO - Train loss: 1.5956401086082852
[2026-06-16 04:50:44,080][finetune_logger][INFO] - Train loss: 1.5956401086082852
2026-06-16 04:50:44 - finetune_logger - INFO - Train time: 506.0955617427826s
[2026-06-16 04:50:44,080][finetune_logger][INFO] - Train time: 506.0955617427826s
2026-06-16 04:50:44 - finetune_logger - INFO - Train memory reserved: 24.00 MB
[2026-06-16 04:50:44,080][finetune_logger][INFO] - Train memory reserved: 24.00 MB
2026-06-16 04:50:44 - finetune_logger - INFO - Train memory allocated: 18.10 MB
[2026-06-16 04:50:44,080][finetune_logger][INFO] - Train memory allocated: 18.10 MB
2026-06-16 04:50:44 - finetune_logger - INFO - Current learning rate: 0.00025
[2026-06-16 04:50:44,080][finetune_logger][INFO] - Current learning rate: 0.00025
2026-06-16 04:51:54 - finetune_logger - INFO - Validation metrics: {'MAE': 2.0303361820952404, 'RMSE': 2.9741532402042687}
[2026-06-16 04:51:54,847][finetune_logger][INFO] - Validation metrics: {'MAE': 2.0303361820952404, 'RMSE': 2.9741532402042687}
2026-06-16 04:51:54 - finetune_logger - INFO - Val time: 70.77s
[2026-06-16 04:51:54,848][finetune_logger][INFO] - Val time: 70.77s
2026-06-16 04:51:54 - finetune_logger - INFO - Val memory reserved: 24.00 MB
[2026-06-16 04:51:54,848][finetune_logger][INFO] - Val memory reserved: 24.00 MB
2026-06-16 04:51:54 - finetune_logger - INFO - Val memory allocated: 18.10 MB
[2026-06-16 04:51:54,848][finetune_logger][INFO] - Val memory allocated: 18.10 MB
2026-06-16 04:51:54 - finetune_logger - INFO - Logged epoch 14 info to /public/home/202411094934/python_project/Spatio-Temporal-Library/time-series/2026-06-16/itransformer/finetune20/ettm2/time-series/seed_1/training_log.json
[2026-06-16 04:51:54,851][finetune_logger][INFO] - Logged epoch 14 info to /public/home/202411094934/python_project/Spatio-Temporal-Library/time-series/2026-06-16/itransformer/finetune20/ettm2/time-series/seed_1/training_log.json
2026-06-16 04:53:05 - finetune_logger - INFO - Test metrics: {'MAE': 2.191766177438597, 'RMSE': 3.3354101747076084}
[2026-06-16 04:53:05,759][finetune_logger][INFO] - Test metrics: {'MAE': 2.191766177438597, 'RMSE': 3.3354101747076084}
2026-06-16 04:53:05 - finetune_logger - INFO - Test time: 70.91s
[2026-06-16 04:53:05,760][finetune_logger][INFO] - Test time: 70.91s
2026-06-16 04:53:05 - finetune_logger - INFO - Test memory reserved: 24.00 MB
[2026-06-16 04:53:05,760][finetune_logger][INFO] - Test memory reserved: 24.00 MB
2026-06-16 04:53:05 - finetune_logger - INFO - Test memory allocated: 18.10 MB
[2026-06-16 04:53:05,760][finetune_logger][INFO] - Test memory allocated: 18.10 MB
2026-06-16 04:53:05 - finetune_logger - INFO - Epoch 15/20
[2026-06-16 04:53:05,760][finetune_logger][INFO] - Epoch 15/20
2026-06-16 05:01:31 - finetune_logger - INFO - Train loss: 1.5843297205275781
[2026-06-16 05:01:31,970][finetune_logger][INFO] - Train loss: 1.5843297205275781
2026-06-16 05:01:31 - finetune_logger - INFO - Train time: 506.2092580795288s
[2026-06-16 05:01:31,970][finetune_logger][INFO] - Train time: 506.2092580795288s
2026-06-16 05:01:31 - finetune_logger - INFO - Train memory reserved: 24.00 MB
[2026-06-16 05:01:31,970][finetune_logger][INFO] - Train memory reserved: 24.00 MB
2026-06-16 05:01:31 - finetune_logger - INFO - Train memory allocated: 18.10 MB
[2026-06-16 05:01:31,970][finetune_logger][INFO] - Train memory allocated: 18.10 MB
2026-06-16 05:01:31 - finetune_logger - INFO - Current learning rate: 0.00025
[2026-06-16 05:01:31,971][finetune_logger][INFO] - Current learning rate: 0.00025
2026-06-16 05:02:42 - finetune_logger - INFO - Validation metrics: {'MAE': 1.9857615602847045, 'RMSE': 2.907373696838129}
[2026-06-16 05:02:42,575][finetune_logger][INFO] - Validation metrics: {'MAE': 1.9857615602847045, 'RMSE': 2.907373696838129}
2026-06-16 05:02:42 - finetune_logger - INFO - Val time: 70.60s
[2026-06-16 05:02:42,575][finetune_logger][INFO] - Val time: 70.60s
2026-06-16 05:02:42 - finetune_logger - INFO - Val memory reserved: 24.00 MB
[2026-06-16 05:02:42,575][finetune_logger][INFO] - Val memory reserved: 24.00 MB
2026-06-16 05:02:42 - finetune_logger - INFO - Val memory allocated: 18.10 MB
[2026-06-16 05:02:42,575][finetune_logger][INFO] - Val memory allocated: 18.10 MB
2026-06-16 05:02:42 - finetune_logger - INFO - Logged epoch 15 info to /public/home/202411094934/python_project/Spatio-Temporal-Library/time-series/2026-06-16/itransformer/finetune20/ettm2/time-series/seed_1/training_log.json
[2026-06-16 05:02:42,579][finetune_logger][INFO] - Logged epoch 15 info to /public/home/202411094934/python_project/Spatio-Temporal-Library/time-series/2026-06-16/itransformer/finetune20/ettm2/time-series/seed_1/training_log.json
2026-06-16 05:03:53 - finetune_logger - INFO - Test metrics: {'MAE': 2.1418247510473694, 'RMSE': 3.253890424403311}
[2026-06-16 05:03:53,120][finetune_logger][INFO] - Test metrics: {'MAE': 2.1418247510473694, 'RMSE': 3.253890424403311}
2026-06-16 05:03:53 - finetune_logger - INFO - Test time: 70.54s
[2026-06-16 05:03:53,120][finetune_logger][INFO] - Test time: 70.54s
2026-06-16 05:03:53 - finetune_logger - INFO - Test memory reserved: 24.00 MB
[2026-06-16 05:03:53,120][finetune_logger][INFO] - Test memory reserved: 24.00 MB
2026-06-16 05:03:53 - finetune_logger - INFO - Test memory allocated: 18.10 MB
[2026-06-16 05:03:53,120][finetune_logger][INFO] - Test memory allocated: 18.10 MB
2026-06-16 05:03:53 - finetune_logger - INFO - Epoch 16/20
[2026-06-16 05:03:53,121][finetune_logger][INFO] - Epoch 16/20
2026-06-16 05:12:19 - finetune_logger - INFO - Train loss: 1.576243888019134
[2026-06-16 05:12:19,297][finetune_logger][INFO] - Train loss: 1.576243888019134
2026-06-16 05:12:19 - finetune_logger - INFO - Train time: 506.17546224594116s
[2026-06-16 05:12:19,297][finetune_logger][INFO] - Train time: 506.17546224594116s
2026-06-16 05:12:19 - finetune_logger - INFO - Train memory reserved: 24.00 MB
[2026-06-16 05:12:19,297][finetune_logger][INFO] - Train memory reserved: 24.00 MB
2026-06-16 05:12:19 - finetune_logger - INFO - Train memory allocated: 18.10 MB
[2026-06-16 05:12:19,297][finetune_logger][INFO] - Train memory allocated: 18.10 MB
2026-06-16 05:12:19 - finetune_logger - INFO - Current learning rate: 0.00025
[2026-06-16 05:12:19,297][finetune_logger][INFO] - Current learning rate: 0.00025
2026-06-16 05:13:29 - finetune_logger - INFO - Validation metrics: {'MAE': 1.9967764831679216, 'RMSE': 2.920162609107119}
[2026-06-16 05:13:29,892][finetune_logger][INFO] - Validation metrics: {'MAE': 1.9967764831679216, 'RMSE': 2.920162609107119}
2026-06-16 05:13:29 - finetune_logger - INFO - Val time: 70.59s
[2026-06-16 05:13:29,892][finetune_logger][INFO] - Val time: 70.59s
2026-06-16 05:13:29 - finetune_logger - INFO - Val memory reserved: 24.00 MB
[2026-06-16 05:13:29,892][finetune_logger][INFO] - Val memory reserved: 24.00 MB
2026-06-16 05:13:29 - finetune_logger - INFO - Val memory allocated: 18.10 MB
[2026-06-16 05:13:29,892][finetune_logger][INFO] - Val memory allocated: 18.10 MB
2026-06-16 05:13:29 - finetune_logger - INFO - Logged epoch 16 info to /public/home/202411094934/python_project/Spatio-Temporal-Library/time-series/2026-06-16/itransformer/finetune20/ettm2/time-series/seed_1/training_log.json
[2026-06-16 05:13:29,896][finetune_logger][INFO] - Logged epoch 16 info to /public/home/202411094934/python_project/Spatio-Temporal-Library/time-series/2026-06-16/itransformer/finetune20/ettm2/time-series/seed_1/training_log.json
2026-06-16 05:14:40 - finetune_logger - INFO - Test metrics: {'MAE': 2.1411608046073813, 'RMSE': 3.2535144940726415}
[2026-06-16 05:14:40,431][finetune_logger][INFO] - Test metrics: {'MAE': 2.1411608046073813, 'RMSE': 3.2535144940726415}
2026-06-16 05:14:40 - finetune_logger - INFO - Test time: 70.54s
[2026-06-16 05:14:40,432][finetune_logger][INFO] - Test time: 70.54s
2026-06-16 05:14:40 - finetune_logger - INFO - Test memory reserved: 24.00 MB
[2026-06-16 05:14:40,432][finetune_logger][INFO] - Test memory reserved: 24.00 MB
2026-06-16 05:14:40 - finetune_logger - INFO - Test memory allocated: 18.10 MB
[2026-06-16 05:14:40,432][finetune_logger][INFO] - Test memory allocated: 18.10 MB
2026-06-16 05:14:40 - finetune_logger - INFO - Epoch 17/20
[2026-06-16 05:14:40,432][finetune_logger][INFO] - Epoch 17/20
2026-06-16 05:23:06 - finetune_logger - INFO - Train loss: 1.5648892122417701
[2026-06-16 05:23:06,455][finetune_logger][INFO] - Train loss: 1.5648892122417701
2026-06-16 05:23:06 - finetune_logger - INFO - Train time: 506.0223379135132s
[2026-06-16 05:23:06,455][finetune_logger][INFO] - Train time: 506.0223379135132s
2026-06-16 05:23:06 - finetune_logger - INFO - Train memory reserved: 24.00 MB
[2026-06-16 05:23:06,455][finetune_logger][INFO] - Train memory reserved: 24.00 MB
2026-06-16 05:23:06 - finetune_logger - INFO - Train memory allocated: 18.10 MB
[2026-06-16 05:23:06,455][finetune_logger][INFO] - Train memory allocated: 18.10 MB
2026-06-16 05:23:06 - finetune_logger - INFO - Current learning rate: 0.00025
[2026-06-16 05:23:06,456][finetune_logger][INFO] - Current learning rate: 0.00025
2026-06-16 05:24:16 - finetune_logger - INFO - Validation metrics: {'MAE': 2.0202731900356916, 'RMSE': 2.9661267474340183}
[2026-06-16 05:24:16,829][finetune_logger][INFO] - Validation metrics: {'MAE': 2.0202731900356916, 'RMSE': 2.9661267474340183}
2026-06-16 05:24:16 - finetune_logger - INFO - Val time: 70.37s
[2026-06-16 05:24:16,830][finetune_logger][INFO] - Val time: 70.37s
2026-06-16 05:24:16 - finetune_logger - INFO - Val memory reserved: 24.00 MB
[2026-06-16 05:24:16,830][finetune_logger][INFO] - Val memory reserved: 24.00 MB
2026-06-16 05:24:16 - finetune_logger - INFO - Val memory allocated: 18.10 MB
[2026-06-16 05:24:16,830][finetune_logger][INFO] - Val memory allocated: 18.10 MB
2026-06-16 05:24:16 - finetune_logger - INFO - Logged epoch 17 info to /public/home/202411094934/python_project/Spatio-Temporal-Library/time-series/2026-06-16/itransformer/finetune20/ettm2/time-series/seed_1/training_log.json
[2026-06-16 05:24:16,833][finetune_logger][INFO] - Logged epoch 17 info to /public/home/202411094934/python_project/Spatio-Temporal-Library/time-series/2026-06-16/itransformer/finetune20/ettm2/time-series/seed_1/training_log.json
2026-06-16 05:25:27 - finetune_logger - INFO - Test metrics: {'MAE': 2.1669454670883677, 'RMSE': 3.297207182235738}
[2026-06-16 05:25:27,331][finetune_logger][INFO] - Test metrics: {'MAE': 2.1669454670883677, 'RMSE': 3.297207182235738}
2026-06-16 05:25:27 - finetune_logger - INFO - Test time: 70.50s
[2026-06-16 05:25:27,331][finetune_logger][INFO] - Test time: 70.50s
2026-06-16 05:25:27 - finetune_logger - INFO - Test memory reserved: 24.00 MB
[2026-06-16 05:25:27,332][finetune_logger][INFO] - Test memory reserved: 24.00 MB
2026-06-16 05:25:27 - finetune_logger - INFO - Test memory allocated: 18.10 MB
[2026-06-16 05:25:27,332][finetune_logger][INFO] - Test memory allocated: 18.10 MB
2026-06-16 05:25:27 - finetune_logger - INFO - Epoch 18/20
[2026-06-16 05:25:27,332][finetune_logger][INFO] - Epoch 18/20
2026-06-16 05:33:53 - finetune_logger - INFO - Train loss: 1.5562618485103012
[2026-06-16 05:33:53,533][finetune_logger][INFO] - Train loss: 1.5562618485103012
2026-06-16 05:33:53 - finetune_logger - INFO - Train time: 506.2003118991852s
[2026-06-16 05:33:53,533][finetune_logger][INFO] - Train time: 506.2003118991852s
2026-06-16 05:33:53 - finetune_logger - INFO - Train memory reserved: 24.00 MB
[2026-06-16 05:33:53,533][finetune_logger][INFO] - Train memory reserved: 24.00 MB
2026-06-16 05:33:53 - finetune_logger - INFO - Train memory allocated: 18.10 MB
[2026-06-16 05:33:53,533][finetune_logger][INFO] - Train memory allocated: 18.10 MB
2026-06-16 05:33:53 - finetune_logger - INFO - Current learning rate: 0.00025
[2026-06-16 05:33:53,533][finetune_logger][INFO] - Current learning rate: 0.00025
2026-06-16 05:35:04 - finetune_logger - INFO - Validation metrics: {'MAE': 2.050684442760369, 'RMSE': 3.004017347861967}
[2026-06-16 05:35:04,080][finetune_logger][INFO] - Validation metrics: {'MAE': 2.050684442760369, 'RMSE': 3.004017347861967}
2026-06-16 05:35:04 - finetune_logger - INFO - Val time: 70.55s
[2026-06-16 05:35:04,080][finetune_logger][INFO] - Val time: 70.55s
2026-06-16 05:35:04 - finetune_logger - INFO - Val memory reserved: 24.00 MB
[2026-06-16 05:35:04,081][finetune_logger][INFO] - Val memory reserved: 24.00 MB
2026-06-16 05:35:04 - finetune_logger - INFO - Val memory allocated: 18.10 MB
[2026-06-16 05:35:04,081][finetune_logger][INFO] - Val memory allocated: 18.10 MB
2026-06-16 05:35:04 - finetune_logger - INFO - Logged epoch 18 info to /public/home/202411094934/python_project/Spatio-Temporal-Library/time-series/2026-06-16/itransformer/finetune20/ettm2/time-series/seed_1/training_log.json
[2026-06-16 05:35:04,084][finetune_logger][INFO] - Logged epoch 18 info to /public/home/202411094934/python_project/Spatio-Temporal-Library/time-series/2026-06-16/itransformer/finetune20/ettm2/time-series/seed_1/training_log.json
2026-06-16 05:36:14 - finetune_logger - INFO - Test metrics: {'MAE': 2.200123591651626, 'RMSE': 3.347417676432963}
[2026-06-16 05:36:14,781][finetune_logger][INFO] - Test metrics: {'MAE': 2.200123591651626, 'RMSE': 3.347417676432963}
2026-06-16 05:36:14 - finetune_logger - INFO - Test time: 70.70s
[2026-06-16 05:36:14,781][finetune_logger][INFO] - Test time: 70.70s
2026-06-16 05:36:14 - finetune_logger - INFO - Test memory reserved: 24.00 MB
[2026-06-16 05:36:14,781][finetune_logger][INFO] - Test memory reserved: 24.00 MB
2026-06-16 05:36:14 - finetune_logger - INFO - Test memory allocated: 18.10 MB
[2026-06-16 05:36:14,781][finetune_logger][INFO] - Test memory allocated: 18.10 MB
2026-06-16 05:36:14 - finetune_logger - INFO - Epoch 19/20
[2026-06-16 05:36:14,782][finetune_logger][INFO] - Epoch 19/20
2026-06-16 05:44:41 - finetune_logger - INFO - Train loss: 1.5484082627080757
[2026-06-16 05:44:41,493][finetune_logger][INFO] - Train loss: 1.5484082627080757
2026-06-16 05:44:41 - finetune_logger - INFO - Train time: 506.71137046813965s
[2026-06-16 05:44:41,494][finetune_logger][INFO] - Train time: 506.71137046813965s
2026-06-16 05:44:41 - finetune_logger - INFO - Train memory reserved: 24.00 MB
[2026-06-16 05:44:41,494][finetune_logger][INFO] - Train memory reserved: 24.00 MB
2026-06-16 05:44:41 - finetune_logger - INFO - Train memory allocated: 18.10 MB
[2026-06-16 05:44:41,494][finetune_logger][INFO] - Train memory allocated: 18.10 MB
2026-06-16 05:44:41 - finetune_logger - INFO - Current learning rate: 0.00025
[2026-06-16 05:44:41,494][finetune_logger][INFO] - Current learning rate: 0.00025
2026-06-16 05:45:52 - finetune_logger - INFO - Validation metrics: {'MAE': 2.043966907328947, 'RMSE': 3.002074583985252}
[2026-06-16 05:45:52,067][finetune_logger][INFO] - Validation metrics: {'MAE': 2.043966907328947, 'RMSE': 3.002074583985252}
2026-06-16 05:45:52 - finetune_logger - INFO - Val time: 70.57s
[2026-06-16 05:45:52,068][finetune_logger][INFO] - Val time: 70.57s
2026-06-16 05:45:52 - finetune_logger - INFO - Val memory reserved: 24.00 MB
[2026-06-16 05:45:52,068][finetune_logger][INFO] - Val memory reserved: 24.00 MB
2026-06-16 05:45:52 - finetune_logger - INFO - Val memory allocated: 18.10 MB
[2026-06-16 05:45:52,068][finetune_logger][INFO] - Val memory allocated: 18.10 MB
2026-06-16 05:45:52 - finetune_logger - INFO - Logged epoch 19 info to /public/home/202411094934/python_project/Spatio-Temporal-Library/time-series/2026-06-16/itransformer/finetune20/ettm2/time-series/seed_1/training_log.json
[2026-06-16 05:45:52,071][finetune_logger][INFO] - Logged epoch 19 info to /public/home/202411094934/python_project/Spatio-Temporal-Library/time-series/2026-06-16/itransformer/finetune20/ettm2/time-series/seed_1/training_log.json
2026-06-16 05:47:02 - finetune_logger - INFO - Test metrics: {'MAE': 2.1771566935237434, 'RMSE': 3.306666400789227}
[2026-06-16 05:47:02,624][finetune_logger][INFO] - Test metrics: {'MAE': 2.1771566935237434, 'RMSE': 3.306666400789227}
2026-06-16 05:47:02 - finetune_logger - INFO - Test time: 70.55s
[2026-06-16 05:47:02,624][finetune_logger][INFO] - Test time: 70.55s
2026-06-16 05:47:02 - finetune_logger - INFO - Test memory reserved: 24.00 MB
[2026-06-16 05:47:02,624][finetune_logger][INFO] - Test memory reserved: 24.00 MB
2026-06-16 05:47:02 - finetune_logger - INFO - Test memory allocated: 18.10 MB
[2026-06-16 05:47:02,624][finetune_logger][INFO] - Test memory allocated: 18.10 MB
2026-06-16 05:47:02 - finetune_logger - INFO - Epoch 20/20
[2026-06-16 05:47:02,624][finetune_logger][INFO] - Epoch 20/20
2026-06-16 05:55:28 - finetune_logger - INFO - Train loss: 1.5402382714345053
[2026-06-16 05:55:28,841][finetune_logger][INFO] - Train loss: 1.5402382714345053
2026-06-16 05:55:28 - finetune_logger - INFO - Train time: 506.21590518951416s
[2026-06-16 05:55:28,841][finetune_logger][INFO] - Train time: 506.21590518951416s
2026-06-16 05:55:28 - finetune_logger - INFO - Train memory reserved: 24.00 MB
[2026-06-16 05:55:28,841][finetune_logger][INFO] - Train memory reserved: 24.00 MB
2026-06-16 05:55:28 - finetune_logger - INFO - Train memory allocated: 18.10 MB
[2026-06-16 05:55:28,841][finetune_logger][INFO] - Train memory allocated: 18.10 MB
2026-06-16 05:55:28 - finetune_logger - INFO - Current learning rate: 0.00025
[2026-06-16 05:55:28,841][finetune_logger][INFO] - Current learning rate: 0.00025
2026-06-16 05:56:39 - finetune_logger - INFO - Validation metrics: {'MAE': 2.0604180168851696, 'RMSE': 3.0283619234205386}
[2026-06-16 05:56:39,439][finetune_logger][INFO] - Validation metrics: {'MAE': 2.0604180168851696, 'RMSE': 3.0283619234205386}
2026-06-16 05:56:39 - finetune_logger - INFO - Val time: 70.60s
[2026-06-16 05:56:39,439][finetune_logger][INFO] - Val time: 70.60s
2026-06-16 05:56:39 - finetune_logger - INFO - Val memory reserved: 24.00 MB
[2026-06-16 05:56:39,439][finetune_logger][INFO] - Val memory reserved: 24.00 MB
2026-06-16 05:56:39 - finetune_logger - INFO - Val memory allocated: 18.10 MB
[2026-06-16 05:56:39,439][finetune_logger][INFO] - Val memory allocated: 18.10 MB
2026-06-16 05:56:39 - finetune_logger - INFO - Logged epoch 20 info to /public/home/202411094934/python_project/Spatio-Temporal-Library/time-series/2026-06-16/itransformer/finetune20/ettm2/time-series/seed_1/training_log.json
[2026-06-16 05:56:39,443][finetune_logger][INFO] - Logged epoch 20 info to /public/home/202411094934/python_project/Spatio-Temporal-Library/time-series/2026-06-16/itransformer/finetune20/ettm2/time-series/seed_1/training_log.json
2026-06-16 05:57:49 - finetune_logger - INFO - Test metrics: {'MAE': 2.191343039086389, 'RMSE': 3.3336064995420083}
[2026-06-16 05:57:49,892][finetune_logger][INFO] - Test metrics: {'MAE': 2.191343039086389, 'RMSE': 3.3336064995420083}
2026-06-16 05:57:49 - finetune_logger - INFO - Test time: 70.43s
[2026-06-16 05:57:49,892][finetune_logger][INFO] - Test time: 70.43s
2026-06-16 05:57:49 - finetune_logger - INFO - Test memory reserved: 24.00 MB
[2026-06-16 05:57:49,892][finetune_logger][INFO] - Test memory reserved: 24.00 MB
2026-06-16 05:57:49 - finetune_logger - INFO - Test memory allocated: 18.10 MB
[2026-06-16 05:57:49,892][finetune_logger][INFO] - Test memory allocated: 18.10 MB
2026-06-16 05:57:49 - finetune_logger - INFO - Training completed. Best epoch: 4, Best val loss: 1.934413
[2026-06-16 05:57:49,892][finetune_logger][INFO] - Training completed. Best epoch: 4, Best val loss: 1.934413
2026-06-16 05:57:49 - finetune_logger - INFO - Loaded checkpoint from epoch 4
[2026-06-16 05:57:49,926][finetune_logger][INFO] - Loaded checkpoint from epoch 4
2026-06-16 05:57:49 - finetune_logger - INFO - Evaluating best model on test sets...
[2026-06-16 05:57:49,926][finetune_logger][INFO] - Evaluating best model on test sets...
2026-06-16 05:59:00 - finetune_logger - INFO - Test metrics: {'MAE': 2.1079784225158256, 'RMSE': 3.214484461878758}
[2026-06-16 05:59:00,585][finetune_logger][INFO] - Test metrics: {'MAE': 2.1079784225158256, 'RMSE': 3.214484461878758}
2026-06-16 05:59:00 - finetune_logger - INFO - Test time: 70.66s
[2026-06-16 05:59:00,586][finetune_logger][INFO] - Test time: 70.66s
2026-06-16 05:59:00 - finetune_logger - INFO - Test memory reserved: 26.00 MB
[2026-06-16 05:59:00,586][finetune_logger][INFO] - Test memory reserved: 26.00 MB
2026-06-16 05:59:00 - finetune_logger - INFO - Test memory allocated: 18.14 MB
[2026-06-16 05:59:00,586][finetune_logger][INFO] - Test memory allocated: 18.14 MB
2026-06-16 05:59:00 - finetune_logger - INFO - Logged epoch test info to /public/home/202411094934/python_project/Spatio-Temporal-Library/time-series/2026-06-16/itransformer/finetune20/ettm2/time-series/seed_1/training_log.json
[2026-06-16 05:59:00,589][finetune_logger][INFO] - Logged epoch test info to /public/home/202411094934/python_project/Spatio-Temporal-Library/time-series/2026-06-16/itransformer/finetune20/ettm2/time-series/seed_1/training_log.json
2026-06-16 10:44:43 - finetune_logger - INFO - No pretrained checkpoint is provided. Finetuning from scratch.
[2026-06-16 10:44:43,894][finetune_logger][INFO] - No pretrained checkpoint is provided. Finetuning from scratch.
2026-06-16 10:44:43 - finetune_logger - INFO - Model parameters: 158,912
[2026-06-16 10:44:43,896][finetune_logger][INFO] - Model parameters: 158,912
2026-06-16 10:44:43 - finetune_logger - INFO - Log file already exists at /public/home/202411094934/python_project/Spatio-Temporal-Library/time-series/2026-06-16/itransformer/finetune20/ettm2/time-series/seed_1/training_log.json, appending to it.
[2026-06-16 10:44:43,898][finetune_logger][INFO] - Log file already exists at /public/home/202411094934/python_project/Spatio-Temporal-Library/time-series/2026-06-16/itransformer/finetune20/ettm2/time-series/seed_1/training_log.json, appending to it.
2026-06-16 10:44:43 - finetune_logger - INFO - Starting training...
[2026-06-16 10:44:43,898][finetune_logger][INFO] - Starting training...
2026-06-16 10:44:43 - finetune_logger - INFO - Epoch 1/20
[2026-06-16 10:44:43,898][finetune_logger][INFO] - Epoch 1/20
2026-06-16 10:53:08 - finetune_logger - INFO - Train loss: 2.07652512464035
[2026-06-16 10:53:08,369][finetune_logger][INFO] - Train loss: 2.07652512464035
2026-06-16 10:53:08 - finetune_logger - INFO - Train time: 504.47006916999817s
[2026-06-16 10:53:08,369][finetune_logger][INFO] - Train time: 504.47006916999817s
2026-06-16 10:53:08 - finetune_logger - INFO - Train memory reserved: 24.00 MB
[2026-06-16 10:53:08,369][finetune_logger][INFO] - Train memory reserved: 24.00 MB
2026-06-16 10:53:08 - finetune_logger - INFO - Train memory allocated: 18.10 MB
[2026-06-16 10:53:08,369][finetune_logger][INFO] - Train memory allocated: 18.10 MB
2026-06-16 10:53:08 - finetune_logger - INFO - Current learning rate: 0.0005
[2026-06-16 10:53:08,370][finetune_logger][INFO] - Current learning rate: 0.0005
2026-06-16 10:54:18 - finetune_logger - INFO - Validation metrics: {'MAE': 1.968718635109969, 'RMSE': 2.8666003084478966}
[2026-06-16 10:54:18,971][finetune_logger][INFO] - Validation metrics: {'MAE': 1.968718635109969, 'RMSE': 2.8666003084478966}
2026-06-16 10:54:18 - finetune_logger - INFO - Val time: 70.60s
[2026-06-16 10:54:18,971][finetune_logger][INFO] - Val time: 70.60s
2026-06-16 10:54:18 - finetune_logger - INFO - Val memory reserved: 24.00 MB
[2026-06-16 10:54:18,971][finetune_logger][INFO] - Val memory reserved: 24.00 MB
2026-06-16 10:54:18 - finetune_logger - INFO - Val memory allocated: 18.10 MB
[2026-06-16 10:54:18,972][finetune_logger][INFO] - Val memory allocated: 18.10 MB
2026-06-16 10:54:18 - finetune_logger - INFO - Logged epoch 1 info to /public/home/202411094934/python_project/Spatio-Temporal-Library/time-series/2026-06-16/itransformer/finetune20/ettm2/time-series/seed_1/training_log.json
[2026-06-16 10:54:18,974][finetune_logger][INFO] - Logged epoch 1 info to /public/home/202411094934/python_project/Spatio-Temporal-Library/time-series/2026-06-16/itransformer/finetune20/ettm2/time-series/seed_1/training_log.json
2026-06-16 10:54:18 - finetune_logger - INFO - New best model! Val loss: 1.968719
[2026-06-16 10:54:18,974][finetune_logger][INFO] - New best model! Val loss: 1.968719
2026-06-16 10:55:29 - finetune_logger - INFO - Test metrics: {'MAE': 2.0851695491957565, 'RMSE': 3.166256466210258}
[2026-06-16 10:55:29,445][finetune_logger][INFO] - Test metrics: {'MAE': 2.0851695491957565, 'RMSE': 3.166256466210258}
2026-06-16 10:55:29 - finetune_logger - INFO - Test time: 70.43s
[2026-06-16 10:55:29,446][finetune_logger][INFO] - Test time: 70.43s
2026-06-16 10:55:29 - finetune_logger - INFO - Test memory reserved: 24.00 MB
[2026-06-16 10:55:29,446][finetune_logger][INFO] - Test memory reserved: 24.00 MB
2026-06-16 10:55:29 - finetune_logger - INFO - Test memory allocated: 18.10 MB
[2026-06-16 10:55:29,446][finetune_logger][INFO] - Test memory allocated: 18.10 MB
2026-06-16 10:55:29 - finetune_logger - INFO - Epoch 2/20
[2026-06-16 10:55:29,446][finetune_logger][INFO] - Epoch 2/20
2026-06-16 11:03:50 - finetune_logger - INFO - Train loss: 1.9616833598094976
[2026-06-16 11:03:50,700][finetune_logger][INFO] - Train loss: 1.9616833598094976
2026-06-16 11:03:50 - finetune_logger - INFO - Train time: 501.2540898323059s
[2026-06-16 11:03:50,701][finetune_logger][INFO] - Train time: 501.2540898323059s
2026-06-16 11:03:50 - finetune_logger - INFO - Train memory reserved: 24.00 MB
[2026-06-16 11:03:50,701][finetune_logger][INFO] - Train memory reserved: 24.00 MB
2026-06-16 11:03:50 - finetune_logger - INFO - Train memory allocated: 18.10 MB
[2026-06-16 11:03:50,701][finetune_logger][INFO] - Train memory allocated: 18.10 MB
2026-06-16 11:03:50 - finetune_logger - INFO - Current learning rate: 0.0005
[2026-06-16 11:03:50,701][finetune_logger][INFO] - Current learning rate: 0.0005
2026-06-16 11:05:01 - finetune_logger - INFO - Validation metrics: {'MAE': 1.9454522547222357, 'RMSE': 2.835469981219804}
[2026-06-16 11:05:01,151][finetune_logger][INFO] - Validation metrics: {'MAE': 1.9454522547222357, 'RMSE': 2.835469981219804}
2026-06-16 11:05:01 - finetune_logger - INFO - Val time: 70.45s
[2026-06-16 11:05:01,151][finetune_logger][INFO] - Val time: 70.45s
2026-06-16 11:05:01 - finetune_logger - INFO - Val memory reserved: 24.00 MB
[2026-06-16 11:05:01,151][finetune_logger][INFO] - Val memory reserved: 24.00 MB
2026-06-16 11:05:01 - finetune_logger - INFO - Val memory allocated: 18.10 MB
[2026-06-16 11:05:01,151][finetune_logger][INFO] - Val memory allocated: 18.10 MB
2026-06-16 11:05:01 - finetune_logger - INFO - Logged epoch 2 info to /public/home/202411094934/python_project/Spatio-Temporal-Library/time-series/2026-06-16/itransformer/finetune20/ettm2/time-series/seed_1/training_log.json
[2026-06-16 11:05:01,155][finetune_logger][INFO] - Logged epoch 2 info to /public/home/202411094934/python_project/Spatio-Temporal-Library/time-series/2026-06-16/itransformer/finetune20/ettm2/time-series/seed_1/training_log.json
2026-06-16 11:05:01 - finetune_logger - INFO - New best model! Val loss: 1.945452
[2026-06-16 11:05:01,155][finetune_logger][INFO] - New best model! Val loss: 1.945452
2026-06-16 11:06:11 - finetune_logger - INFO - Test metrics: {'MAE': 2.1057071433298047, 'RMSE': 3.196253462976426}
[2026-06-16 11:06:11,549][finetune_logger][INFO] - Test metrics: {'MAE': 2.1057071433298047, 'RMSE': 3.196253462976426}
2026-06-16 11:06:11 - finetune_logger - INFO - Test time: 70.35s
[2026-06-16 11:06:11,549][finetune_logger][INFO] - Test time: 70.35s
2026-06-16 11:06:11 - finetune_logger - INFO - Test memory reserved: 24.00 MB
[2026-06-16 11:06:11,549][finetune_logger][INFO] - Test memory reserved: 24.00 MB
2026-06-16 11:06:11 - finetune_logger - INFO - Test memory allocated: 18.10 MB
[2026-06-16 11:06:11,549][finetune_logger][INFO] - Test memory allocated: 18.10 MB
2026-06-16 11:06:11 - finetune_logger - INFO - Epoch 3/20
[2026-06-16 11:06:11,549][finetune_logger][INFO] - Epoch 3/20
2026-06-16 11:14:35 - finetune_logger - INFO - Train loss: 1.9039516477095746
[2026-06-16 11:14:35,557][finetune_logger][INFO] - Train loss: 1.9039516477095746
2026-06-16 11:14:35 - finetune_logger - INFO - Train time: 504.00767993927s
[2026-06-16 11:14:35,558][finetune_logger][INFO] - Train time: 504.00767993927s
2026-06-16 11:14:35 - finetune_logger - INFO - Train memory reserved: 24.00 MB
[2026-06-16 11:14:35,558][finetune_logger][INFO] - Train memory reserved: 24.00 MB
2026-06-16 11:14:35 - finetune_logger - INFO - Train memory allocated: 18.10 MB
[2026-06-16 11:14:35,558][finetune_logger][INFO] - Train memory allocated: 18.10 MB
2026-06-16 11:14:35 - finetune_logger - INFO - Current learning rate: 0.0005
[2026-06-16 11:14:35,558][finetune_logger][INFO] - Current learning rate: 0.0005
2026-06-16 11:15:46 - finetune_logger - INFO - Validation metrics: {'MAE': 1.965735357404551, 'RMSE': 2.868006668554315}
[2026-06-16 11:15:46,068][finetune_logger][INFO] - Validation metrics: {'MAE': 1.965735357404551, 'RMSE': 2.868006668554315}
2026-06-16 11:15:46 - finetune_logger - INFO - Val time: 70.51s
[2026-06-16 11:15:46,068][finetune_logger][INFO] - Val time: 70.51s
2026-06-16 11:15:46 - finetune_logger - INFO - Val memory reserved: 24.00 MB
[2026-06-16 11:15:46,068][finetune_logger][INFO] - Val memory reserved: 24.00 MB
2026-06-16 11:15:46 - finetune_logger - INFO - Val memory allocated: 18.10 MB
[2026-06-16 11:15:46,068][finetune_logger][INFO] - Val memory allocated: 18.10 MB
2026-06-16 11:15:46 - finetune_logger - INFO - Logged epoch 3 info to /public/home/202411094934/python_project/Spatio-Temporal-Library/time-series/2026-06-16/itransformer/finetune20/ettm2/time-series/seed_1/training_log.json
[2026-06-16 11:15:46,071][finetune_logger][INFO] - Logged epoch 3 info to /public/home/202411094934/python_project/Spatio-Temporal-Library/time-series/2026-06-16/itransformer/finetune20/ettm2/time-series/seed_1/training_log.json
2026-06-16 11:16:56 - finetune_logger - INFO - Test metrics: {'MAE': 2.110682958541742, 'RMSE': 3.211051667588473}
[2026-06-16 11:16:56,480][finetune_logger][INFO] - Test metrics: {'MAE': 2.110682958541742, 'RMSE': 3.211051667588473}
2026-06-16 11:16:56 - finetune_logger - INFO - Test time: 70.41s
[2026-06-16 11:16:56,480][finetune_logger][INFO] - Test time: 70.41s
2026-06-16 11:16:56 - finetune_logger - INFO - Test memory reserved: 24.00 MB
[2026-06-16 11:16:56,481][finetune_logger][INFO] - Test memory reserved: 24.00 MB
2026-06-16 11:16:56 - finetune_logger - INFO - Test memory allocated: 18.10 MB
[2026-06-16 11:16:56,481][finetune_logger][INFO] - Test memory allocated: 18.10 MB
2026-06-16 11:16:56 - finetune_logger - INFO - Epoch 4/20
[2026-06-16 11:16:56,481][finetune_logger][INFO] - Epoch 4/20
2026-06-16 11:25:20 - finetune_logger - INFO - Train loss: 1.8642388792552893
[2026-06-16 11:25:20,693][finetune_logger][INFO] - Train loss: 1.8642388792552893
2026-06-16 11:25:20 - finetune_logger - INFO - Train time: 504.211487531662s
[2026-06-16 11:25:20,693][finetune_logger][INFO] - Train time: 504.211487531662s
2026-06-16 11:25:20 - finetune_logger - INFO - Train memory reserved: 24.00 MB
[2026-06-16 11:25:20,693][finetune_logger][INFO] - Train memory reserved: 24.00 MB
2026-06-16 11:25:20 - finetune_logger - INFO - Train memory allocated: 18.10 MB
[2026-06-16 11:25:20,693][finetune_logger][INFO] - Train memory allocated: 18.10 MB
2026-06-16 11:25:20 - finetune_logger - INFO - Current learning rate: 0.0005
[2026-06-16 11:25:20,693][finetune_logger][INFO] - Current learning rate: 0.0005
2026-06-16 11:26:31 - finetune_logger - INFO - Validation metrics: {'MAE': 1.9344134365406451, 'RMSE': 2.828840540908363}
[2026-06-16 11:26:31,135][finetune_logger][INFO] - Validation metrics: {'MAE': 1.9344134365406451, 'RMSE': 2.828840540908363}
2026-06-16 11:26:31 - finetune_logger - INFO - Val time: 70.44s
[2026-06-16 11:26:31,135][finetune_logger][INFO] - Val time: 70.44s
2026-06-16 11:26:31 - finetune_logger - INFO - Val memory reserved: 24.00 MB
[2026-06-16 11:26:31,135][finetune_logger][INFO] - Val memory reserved: 24.00 MB
2026-06-16 11:26:31 - finetune_logger - INFO - Val memory allocated: 18.10 MB
[2026-06-16 11:26:31,135][finetune_logger][INFO] - Val memory allocated: 18.10 MB
2026-06-16 11:26:31 - finetune_logger - INFO - Logged epoch 4 info to /public/home/202411094934/python_project/Spatio-Temporal-Library/time-series/2026-06-16/itransformer/finetune20/ettm2/time-series/seed_1/training_log.json
[2026-06-16 11:26:31,138][finetune_logger][INFO] - Logged epoch 4 info to /public/home/202411094934/python_project/Spatio-Temporal-Library/time-series/2026-06-16/itransformer/finetune20/ettm2/time-series/seed_1/training_log.json
2026-06-16 11:26:31 - finetune_logger - INFO - New best model! Val loss: 1.934413
[2026-06-16 11:26:31,139][finetune_logger][INFO] - New best model! Val loss: 1.934413
2026-06-16 11:27:41 - finetune_logger - INFO - Test metrics: {'MAE': 2.1079784225158256, 'RMSE': 3.214484461878758}
[2026-06-16 11:27:41,578][finetune_logger][INFO] - Test metrics: {'MAE': 2.1079784225158256, 'RMSE': 3.214484461878758}
2026-06-16 11:27:41 - finetune_logger - INFO - Test time: 70.40s
[2026-06-16 11:27:41,578][finetune_logger][INFO] - Test time: 70.40s
2026-06-16 11:27:41 - finetune_logger - INFO - Test memory reserved: 24.00 MB
[2026-06-16 11:27:41,579][finetune_logger][INFO] - Test memory reserved: 24.00 MB
2026-06-16 11:27:41 - finetune_logger - INFO - Test memory allocated: 18.10 MB
[2026-06-16 11:27:41,579][finetune_logger][INFO] - Test memory allocated: 18.10 MB
2026-06-16 11:27:41 - finetune_logger - INFO - Epoch 5/20
[2026-06-16 11:27:41,579][finetune_logger][INFO] - Epoch 5/20
2026-06-16 11:36:05 - finetune_logger - INFO - Train loss: 1.8319434308220222
[2026-06-16 11:36:05,435][finetune_logger][INFO] - Train loss: 1.8319434308220222
2026-06-16 11:36:05 - finetune_logger - INFO - Train time: 503.85574984550476s
[2026-06-16 11:36:05,435][finetune_logger][INFO] - Train time: 503.85574984550476s
2026-06-16 11:36:05 - finetune_logger - INFO - Train memory reserved: 24.00 MB
[2026-06-16 11:36:05,435][finetune_logger][INFO] - Train memory reserved: 24.00 MB
2026-06-16 11:36:05 - finetune_logger - INFO - Train memory allocated: 18.10 MB
[2026-06-16 11:36:05,436][finetune_logger][INFO] - Train memory allocated: 18.10 MB
2026-06-16 11:36:05 - finetune_logger - INFO - Current learning rate: 0.0005
[2026-06-16 11:36:05,436][finetune_logger][INFO] - Current learning rate: 0.0005
2026-06-16 11:37:15 - finetune_logger - INFO - Validation metrics: {'MAE': 1.958598048688037, 'RMSE': 2.8575289981713343}
[2026-06-16 11:37:15,755][finetune_logger][INFO] - Validation metrics: {'MAE': 1.958598048688037, 'RMSE': 2.8575289981713343}
2026-06-16 11:37:15 - finetune_logger - INFO - Val time: 70.32s
[2026-06-16 11:37:15,755][finetune_logger][INFO] - Val time: 70.32s
2026-06-16 11:37:15 - finetune_logger - INFO - Val memory reserved: 24.00 MB
[2026-06-16 11:37:15,755][finetune_logger][INFO] - Val memory reserved: 24.00 MB
2026-06-16 11:37:15 - finetune_logger - INFO - Val memory allocated: 18.10 MB
[2026-06-16 11:37:15,755][finetune_logger][INFO] - Val memory allocated: 18.10 MB
2026-06-16 11:37:15 - finetune_logger - INFO - Logged epoch 5 info to /public/home/202411094934/python_project/Spatio-Temporal-Library/time-series/2026-06-16/itransformer/finetune20/ettm2/time-series/seed_1/training_log.json
[2026-06-16 11:37:15,759][finetune_logger][INFO] - Logged epoch 5 info to /public/home/202411094934/python_project/Spatio-Temporal-Library/time-series/2026-06-16/itransformer/finetune20/ettm2/time-series/seed_1/training_log.json
2026-06-16 11:38:26 - finetune_logger - INFO - Test metrics: {'MAE': 2.086811143575216, 'RMSE': 3.1703883567811117}
[2026-06-16 11:38:26,235][finetune_logger][INFO] - Test metrics: {'MAE': 2.086811143575216, 'RMSE': 3.1703883567811117}
2026-06-16 11:38:26 - finetune_logger - INFO - Test time: 70.48s
[2026-06-16 11:38:26,235][finetune_logger][INFO] - Test time: 70.48s
2026-06-16 11:38:26 - finetune_logger - INFO - Test memory reserved: 24.00 MB
[2026-06-16 11:38:26,236][finetune_logger][INFO] - Test memory reserved: 24.00 MB
2026-06-16 11:38:26 - finetune_logger - INFO - Test memory allocated: 18.10 MB
[2026-06-16 11:38:26,236][finetune_logger][INFO] - Test memory allocated: 18.10 MB
2026-06-16 11:38:26 - finetune_logger - INFO - Epoch 6/20
[2026-06-16 11:38:26,236][finetune_logger][INFO] - Epoch 6/20
2026-06-16 11:46:50 - finetune_logger - INFO - Train loss: 1.8004580447232703
[2026-06-16 11:46:50,993][finetune_logger][INFO] - Train loss: 1.8004580447232703
2026-06-16 11:46:50 - finetune_logger - INFO - Train time: 504.7567889690399s
[2026-06-16 11:46:50,993][finetune_logger][INFO] - Train time: 504.7567889690399s
2026-06-16 11:46:50 - finetune_logger - INFO - Train memory reserved: 24.00 MB
[2026-06-16 11:46:50,994][finetune_logger][INFO] - Train memory reserved: 24.00 MB
2026-06-16 11:46:50 - finetune_logger - INFO - Train memory allocated: 18.10 MB
[2026-06-16 11:46:50,994][finetune_logger][INFO] - Train memory allocated: 18.10 MB
2026-06-16 11:46:50 - finetune_logger - INFO - Current learning rate: 0.0005
[2026-06-16 11:46:50,994][finetune_logger][INFO] - Current learning rate: 0.0005
2026-06-16 11:48:01 - finetune_logger - INFO - Validation metrics: {'MAE': 1.9665105995738241, 'RMSE': 2.8743575253065594}
[2026-06-16 11:48:01,533][finetune_logger][INFO] - Validation metrics: {'MAE': 1.9665105995738241, 'RMSE': 2.8743575253065594}
2026-06-16 11:48:01 - finetune_logger - INFO - Val time: 70.54s
[2026-06-16 11:48:01,533][finetune_logger][INFO] - Val time: 70.54s
2026-06-16 11:48:01 - finetune_logger - INFO - Val memory reserved: 24.00 MB
[2026-06-16 11:48:01,533][finetune_logger][INFO] - Val memory reserved: 24.00 MB
2026-06-16 11:48:01 - finetune_logger - INFO - Val memory allocated: 18.10 MB
[2026-06-16 11:48:01,533][finetune_logger][INFO] - Val memory allocated: 18.10 MB
2026-06-16 11:48:01 - finetune_logger - INFO - Logged epoch 6 info to /public/home/202411094934/python_project/Spatio-Temporal-Library/time-series/2026-06-16/itransformer/finetune20/ettm2/time-series/seed_1/training_log.json
[2026-06-16 11:48:01,536][finetune_logger][INFO] - Logged epoch 6 info to /public/home/202411094934/python_project/Spatio-Temporal-Library/time-series/2026-06-16/itransformer/finetune20/ettm2/time-series/seed_1/training_log.json
2026-06-16 11:49:12 - finetune_logger - INFO - Test metrics: {'MAE': 2.1142714035547936, 'RMSE': 3.2058573701463233}
[2026-06-16 11:49:12,059][finetune_logger][INFO] - Test metrics: {'MAE': 2.1142714035547936, 'RMSE': 3.2058573701463233}
2026-06-16 11:49:12 - finetune_logger - INFO - Test time: 70.52s
[2026-06-16 11:49:12,059][finetune_logger][INFO] - Test time: 70.52s
2026-06-16 11:49:12 - finetune_logger - INFO - Test memory reserved: 24.00 MB
[2026-06-16 11:49:12,059][finetune_logger][INFO] - Test memory reserved: 24.00 MB
2026-06-16 11:49:12 - finetune_logger - INFO - Test memory allocated: 18.10 MB
[2026-06-16 11:49:12,059][finetune_logger][INFO] - Test memory allocated: 18.10 MB
2026-06-16 11:49:12 - finetune_logger - INFO - Epoch 7/20
[2026-06-16 11:49:12,059][finetune_logger][INFO] - Epoch 7/20
2026-06-16 11:57:36 - finetune_logger - INFO - Train loss: 1.7735092968639032
[2026-06-16 11:57:36,281][finetune_logger][INFO] - Train loss: 1.7735092968639032
2026-06-16 11:57:36 - finetune_logger - INFO - Train time: 504.2208366394043s
[2026-06-16 11:57:36,281][finetune_logger][INFO] - Train time: 504.2208366394043s
2026-06-16 11:57:36 - finetune_logger - INFO - Train memory reserved: 24.00 MB
[2026-06-16 11:57:36,281][finetune_logger][INFO] - Train memory reserved: 24.00 MB
2026-06-16 11:57:36 - finetune_logger - INFO - Train memory allocated: 18.10 MB
[2026-06-16 11:57:36,281][finetune_logger][INFO] - Train memory allocated: 18.10 MB
2026-06-16 11:57:36 - finetune_logger - INFO - Current learning rate: 0.0005
[2026-06-16 11:57:36,281][finetune_logger][INFO] - Current learning rate: 0.0005
2026-06-16 11:58:46 - finetune_logger - INFO - Validation metrics: {'MAE': 1.9682552741624713, 'RMSE': 2.8690688494412733}
[2026-06-16 11:58:46,648][finetune_logger][INFO] - Validation metrics: {'MAE': 1.9682552741624713, 'RMSE': 2.8690688494412733}
2026-06-16 11:58:46 - finetune_logger - INFO - Val time: 70.37s
[2026-06-16 11:58:46,649][finetune_logger][INFO] - Val time: 70.37s
2026-06-16 11:58:46 - finetune_logger - INFO - Val memory reserved: 24.00 MB
[2026-06-16 11:58:46,649][finetune_logger][INFO] - Val memory reserved: 24.00 MB
2026-06-16 11:58:46 - finetune_logger - INFO - Val memory allocated: 18.10 MB
[2026-06-16 11:58:46,649][finetune_logger][INFO] - Val memory allocated: 18.10 MB
2026-06-16 11:58:46 - finetune_logger - INFO - Logged epoch 7 info to /public/home/202411094934/python_project/Spatio-Temporal-Library/time-series/2026-06-16/itransformer/finetune20/ettm2/time-series/seed_1/training_log.json
[2026-06-16 11:58:46,652][finetune_logger][INFO] - Logged epoch 7 info to /public/home/202411094934/python_project/Spatio-Temporal-Library/time-series/2026-06-16/itransformer/finetune20/ettm2/time-series/seed_1/training_log.json
2026-06-16 11:59:56 - finetune_logger - INFO - Test metrics: {'MAE': 2.144394406571798, 'RMSE': 3.2590069368686603}
[2026-06-16 11:59:56,991][finetune_logger][INFO] - Test metrics: {'MAE': 2.144394406571798, 'RMSE': 3.2590069368686603}
2026-06-16 11:59:56 - finetune_logger - INFO - Test time: 70.34s
[2026-06-16 11:59:56,991][finetune_logger][INFO] - Test time: 70.34s
2026-06-16 11:59:56 - finetune_logger - INFO - Test memory reserved: 24.00 MB
[2026-06-16 11:59:56,991][finetune_logger][INFO] - Test memory reserved: 24.00 MB
2026-06-16 11:59:56 - finetune_logger - INFO - Test memory allocated: 18.10 MB
[2026-06-16 11:59:56,991][finetune_logger][INFO] - Test memory allocated: 18.10 MB
2026-06-16 11:59:56 - finetune_logger - INFO - Epoch 8/20
[2026-06-16 11:59:56,991][finetune_logger][INFO] - Epoch 8/20
2026-06-16 12:08:21 - finetune_logger - INFO - Train loss: 1.7505121393343412
[2026-06-16 12:08:21,051][finetune_logger][INFO] - Train loss: 1.7505121393343412
2026-06-16 12:08:21 - finetune_logger - INFO - Train time: 504.05885577201843s
[2026-06-16 12:08:21,051][finetune_logger][INFO] - Train time: 504.05885577201843s
2026-06-16 12:08:21 - finetune_logger - INFO - Train memory reserved: 24.00 MB
[2026-06-16 12:08:21,051][finetune_logger][INFO] - Train memory reserved: 24.00 MB
2026-06-16 12:08:21 - finetune_logger - INFO - Train memory allocated: 18.10 MB
[2026-06-16 12:08:21,051][finetune_logger][INFO] - Train memory allocated: 18.10 MB
2026-06-16 12:08:21 - finetune_logger - INFO - Current learning rate: 0.0005
[2026-06-16 12:08:21,051][finetune_logger][INFO] - Current learning rate: 0.0005
2026-06-16 12:09:31 - finetune_logger - INFO - Validation metrics: {'MAE': 1.979174207418806, 'RMSE': 2.8918468732596887}
[2026-06-16 12:09:31,356][finetune_logger][INFO] - Validation metrics: {'MAE': 1.979174207418806, 'RMSE': 2.8918468732596887}
2026-06-16 12:09:31 - finetune_logger - INFO - Val time: 70.30s
[2026-06-16 12:09:31,357][finetune_logger][INFO] - Val time: 70.30s
2026-06-16 12:09:31 - finetune_logger - INFO - Val memory reserved: 24.00 MB
[2026-06-16 12:09:31,357][finetune_logger][INFO] - Val memory reserved: 24.00 MB
2026-06-16 12:09:31 - finetune_logger - INFO - Val memory allocated: 18.10 MB
[2026-06-16 12:09:31,357][finetune_logger][INFO] - Val memory allocated: 18.10 MB
2026-06-16 12:09:31 - finetune_logger - INFO - Logged epoch 8 info to /public/home/202411094934/python_project/Spatio-Temporal-Library/time-series/2026-06-16/itransformer/finetune20/ettm2/time-series/seed_1/training_log.json
[2026-06-16 12:09:31,361][finetune_logger][INFO] - Logged epoch 8 info to /public/home/202411094934/python_project/Spatio-Temporal-Library/time-series/2026-06-16/itransformer/finetune20/ettm2/time-series/seed_1/training_log.json
2026-06-16 12:10:41 - finetune_logger - INFO - Test metrics: {'MAE': 2.1530036101963526, 'RMSE': 3.2679921152535907}
[2026-06-16 12:10:41,690][finetune_logger][INFO] - Test metrics: {'MAE': 2.1530036101963526, 'RMSE': 3.2679921152535907}
2026-06-16 12:10:41 - finetune_logger - INFO - Test time: 70.33s
[2026-06-16 12:10:41,691][finetune_logger][INFO] - Test time: 70.33s
2026-06-16 12:10:41 - finetune_logger - INFO - Test memory reserved: 24.00 MB
[2026-06-16 12:10:41,691][finetune_logger][INFO] - Test memory reserved: 24.00 MB
2026-06-16 12:10:41 - finetune_logger - INFO - Test memory allocated: 18.10 MB
[2026-06-16 12:10:41,691][finetune_logger][INFO] - Test memory allocated: 18.10 MB
2026-06-16 12:10:41 - finetune_logger - INFO - Epoch 9/20
[2026-06-16 12:10:41,691][finetune_logger][INFO] - Epoch 9/20
2026-06-16 12:19:05 - finetune_logger - INFO - Train loss: 1.7258646335585657
[2026-06-16 12:19:05,545][finetune_logger][INFO] - Train loss: 1.7258646335585657
2026-06-16 12:19:05 - finetune_logger - INFO - Train time: 503.8536546230316s
[2026-06-16 12:19:05,545][finetune_logger][INFO] - Train time: 503.8536546230316s
2026-06-16 12:19:05 - finetune_logger - INFO - Train memory reserved: 24.00 MB
[2026-06-16 12:19:05,546][finetune_logger][INFO] - Train memory reserved: 24.00 MB
2026-06-16 12:19:05 - finetune_logger - INFO - Train memory allocated: 18.10 MB
[2026-06-16 12:19:05,546][finetune_logger][INFO] - Train memory allocated: 18.10 MB
2026-06-16 12:19:05 - finetune_logger - INFO - Current learning rate: 0.0005
[2026-06-16 12:19:05,546][finetune_logger][INFO] - Current learning rate: 0.0005
2026-06-16 12:20:16 - finetune_logger - INFO - Validation metrics: {'MAE': 1.9941452430027975, 'RMSE': 2.9060344537099163}
[2026-06-16 12:20:16,008][finetune_logger][INFO] - Validation metrics: {'MAE': 1.9941452430027975, 'RMSE': 2.9060344537099163}
2026-06-16 12:20:16 - finetune_logger - INFO - Val time: 70.46s
[2026-06-16 12:20:16,008][finetune_logger][INFO] - Val time: 70.46s
2026-06-16 12:20:16 - finetune_logger - INFO - Val memory reserved: 24.00 MB
[2026-06-16 12:20:16,008][finetune_logger][INFO] - Val memory reserved: 24.00 MB
2026-06-16 12:20:16 - finetune_logger - INFO - Val memory allocated: 18.10 MB
[2026-06-16 12:20:16,008][finetune_logger][INFO] - Val memory allocated: 18.10 MB
2026-06-16 12:20:16 - finetune_logger - INFO - Logged epoch 9 info to /public/home/202411094934/python_project/Spatio-Temporal-Library/time-series/2026-06-16/itransformer/finetune20/ettm2/time-series/seed_1/training_log.json
[2026-06-16 12:20:16,012][finetune_logger][INFO] - Logged epoch 9 info to /public/home/202411094934/python_project/Spatio-Temporal-Library/time-series/2026-06-16/itransformer/finetune20/ettm2/time-series/seed_1/training_log.json
2026-06-16 12:21:26 - finetune_logger - INFO - Test metrics: {'MAE': 2.1240248129307484, 'RMSE': 3.224674172545357}
[2026-06-16 12:21:26,312][finetune_logger][INFO] - Test metrics: {'MAE': 2.1240248129307484, 'RMSE': 3.224674172545357}
2026-06-16 12:21:26 - finetune_logger - INFO - Test time: 70.30s
[2026-06-16 12:21:26,312][finetune_logger][INFO] - Test time: 70.30s
2026-06-16 12:21:26 - finetune_logger - INFO - Test memory reserved: 24.00 MB
[2026-06-16 12:21:26,312][finetune_logger][INFO] - Test memory reserved: 24.00 MB
2026-06-16 12:21:26 - finetune_logger - INFO - Test memory allocated: 18.10 MB
[2026-06-16 12:21:26,312][finetune_logger][INFO] - Test memory allocated: 18.10 MB
2026-06-16 12:21:26 - finetune_logger - INFO - Epoch 10/20
[2026-06-16 12:21:26,313][finetune_logger][INFO] - Epoch 10/20
2026-06-16 12:29:49 - finetune_logger - INFO - Train loss: 1.7078851022224588
[2026-06-16 12:29:49,975][finetune_logger][INFO] - Train loss: 1.7078851022224588
2026-06-16 12:29:49 - finetune_logger - INFO - Train time: 503.6620466709137s
[2026-06-16 12:29:49,975][finetune_logger][INFO] - Train time: 503.6620466709137s
2026-06-16 12:29:49 - finetune_logger - INFO - Train memory reserved: 24.00 MB
[2026-06-16 12:29:49,976][finetune_logger][INFO] - Train memory reserved: 24.00 MB
2026-06-16 12:29:49 - finetune_logger - INFO - Train memory allocated: 18.10 MB
[2026-06-16 12:29:49,976][finetune_logger][INFO] - Train memory allocated: 18.10 MB
2026-06-16 12:29:49 - finetune_logger - INFO - Current learning rate: 0.0005
[2026-06-16 12:29:49,976][finetune_logger][INFO] - Current learning rate: 0.0005
2026-06-16 12:31:00 - finetune_logger - INFO - Validation metrics: {'MAE': 2.0038322251847376, 'RMSE': 2.924535367142823}
[2026-06-16 12:31:00,356][finetune_logger][INFO] - Validation metrics: {'MAE': 2.0038322251847376, 'RMSE': 2.924535367142823}
2026-06-16 12:31:00 - finetune_logger - INFO - Val time: 70.38s
[2026-06-16 12:31:00,356][finetune_logger][INFO] - Val time: 70.38s
2026-06-16 12:31:00 - finetune_logger - INFO - Val memory reserved: 24.00 MB
[2026-06-16 12:31:00,356][finetune_logger][INFO] - Val memory reserved: 24.00 MB
2026-06-16 12:31:00 - finetune_logger - INFO - Val memory allocated: 18.10 MB
[2026-06-16 12:31:00,357][finetune_logger][INFO] - Val memory allocated: 18.10 MB
2026-06-16 12:31:00 - finetune_logger - INFO - Logged epoch 10 info to /public/home/202411094934/python_project/Spatio-Temporal-Library/time-series/2026-06-16/itransformer/finetune20/ettm2/time-series/seed_1/training_log.json
[2026-06-16 12:31:00,360][finetune_logger][INFO] - Logged epoch 10 info to /public/home/202411094934/python_project/Spatio-Temporal-Library/time-series/2026-06-16/itransformer/finetune20/ettm2/time-series/seed_1/training_log.json
2026-06-16 12:32:10 - finetune_logger - INFO - Test metrics: {'MAE': 2.164181850091962, 'RMSE': 3.289731308803305}
[2026-06-16 12:32:10,929][finetune_logger][INFO] - Test metrics: {'MAE': 2.164181850091962, 'RMSE': 3.289731308803305}
2026-06-16 12:32:10 - finetune_logger - INFO - Test time: 70.55s
[2026-06-16 12:32:10,929][finetune_logger][INFO] - Test time: 70.55s
2026-06-16 12:32:10 - finetune_logger - INFO - Test memory reserved: 24.00 MB
[2026-06-16 12:32:10,929][finetune_logger][INFO] - Test memory reserved: 24.00 MB
2026-06-16 12:32:10 - finetune_logger - INFO - Test memory allocated: 18.10 MB
[2026-06-16 12:32:10,929][finetune_logger][INFO] - Test memory allocated: 18.10 MB
2026-06-16 12:32:10 - finetune_logger - INFO - Epoch 11/20
[2026-06-16 12:32:10,929][finetune_logger][INFO] - Epoch 11/20
2026-06-16 12:40:34 - finetune_logger - INFO - Train loss: 1.6430166874486372
[2026-06-16 12:40:34,953][finetune_logger][INFO] - Train loss: 1.6430166874486372
2026-06-16 12:40:34 - finetune_logger - INFO - Train time: 504.0234754085541s
[2026-06-16 12:40:34,953][finetune_logger][INFO] - Train time: 504.0234754085541s
2026-06-16 12:40:34 - finetune_logger - INFO - Train memory reserved: 24.00 MB
[2026-06-16 12:40:34,954][finetune_logger][INFO] - Train memory reserved: 24.00 MB
2026-06-16 12:40:34 - finetune_logger - INFO - Train memory allocated: 18.10 MB
[2026-06-16 12:40:34,954][finetune_logger][INFO] - Train memory allocated: 18.10 MB
2026-06-16 12:40:34 - finetune_logger - INFO - Current learning rate: 0.00025
[2026-06-16 12:40:34,954][finetune_logger][INFO] - Current learning rate: 0.00025
2026-06-16 12:41:45 - finetune_logger - INFO - Validation metrics: {'MAE': 2.0107717450756164, 'RMSE': 2.943011836491323}
[2026-06-16 12:41:45,528][finetune_logger][INFO] - Validation metrics: {'MAE': 2.0107717450756164, 'RMSE': 2.943011836491323}
2026-06-16 12:41:45 - finetune_logger - INFO - Val time: 70.57s
[2026-06-16 12:41:45,528][finetune_logger][INFO] - Val time: 70.57s
2026-06-16 12:41:45 - finetune_logger - INFO - Val memory reserved: 24.00 MB
[2026-06-16 12:41:45,528][finetune_logger][INFO] - Val memory reserved: 24.00 MB
2026-06-16 12:41:45 - finetune_logger - INFO - Val memory allocated: 18.10 MB
[2026-06-16 12:41:45,528][finetune_logger][INFO] - Val memory allocated: 18.10 MB
2026-06-16 12:41:45 - finetune_logger - INFO - Logged epoch 11 info to /public/home/202411094934/python_project/Spatio-Temporal-Library/time-series/2026-06-16/itransformer/finetune20/ettm2/time-series/seed_1/training_log.json
[2026-06-16 12:41:45,531][finetune_logger][INFO] - Logged epoch 11 info to /public/home/202411094934/python_project/Spatio-Temporal-Library/time-series/2026-06-16/itransformer/finetune20/ettm2/time-series/seed_1/training_log.json
2026-06-16 12:42:55 - finetune_logger - INFO - Test metrics: {'MAE': 2.165271537662677, 'RMSE': 3.295335216189932}
[2026-06-16 12:42:55,993][finetune_logger][INFO] - Test metrics: {'MAE': 2.165271537662677, 'RMSE': 3.295335216189932}
2026-06-16 12:42:55 - finetune_logger - INFO - Test time: 70.46s
[2026-06-16 12:42:55,993][finetune_logger][INFO] - Test time: 70.46s
2026-06-16 12:42:55 - finetune_logger - INFO - Test memory reserved: 24.00 MB
[2026-06-16 12:42:55,994][finetune_logger][INFO] - Test memory reserved: 24.00 MB
2026-06-16 12:42:55 - finetune_logger - INFO - Test memory allocated: 18.10 MB
[2026-06-16 12:42:55,994][finetune_logger][INFO] - Test memory allocated: 18.10 MB
2026-06-16 12:42:55 - finetune_logger - INFO - Epoch 12/20
[2026-06-16 12:42:55,994][finetune_logger][INFO] - Epoch 12/20
2026-06-16 12:51:19 - finetune_logger - INFO - Train loss: 1.6224841727336043
[2026-06-16 12:51:19,886][finetune_logger][INFO] - Train loss: 1.6224841727336043
2026-06-16 12:51:19 - finetune_logger - INFO - Train time: 503.89177656173706s
[2026-06-16 12:51:19,886][finetune_logger][INFO] - Train time: 503.89177656173706s
2026-06-16 12:51:19 - finetune_logger - INFO - Train memory reserved: 24.00 MB
[2026-06-16 12:51:19,887][finetune_logger][INFO] - Train memory reserved: 24.00 MB
2026-06-16 12:51:19 - finetune_logger - INFO - Train memory allocated: 18.10 MB
[2026-06-16 12:51:19,887][finetune_logger][INFO] - Train memory allocated: 18.10 MB
2026-06-16 12:51:19 - finetune_logger - INFO - Current learning rate: 0.00025
[2026-06-16 12:51:19,887][finetune_logger][INFO] - Current learning rate: 0.00025
2026-06-16 12:52:30 - finetune_logger - INFO - Validation metrics: {'MAE': 2.0259222106144152, 'RMSE': 2.9674708238242675}
[2026-06-16 12:52:30,275][finetune_logger][INFO] - Validation metrics: {'MAE': 2.0259222106144152, 'RMSE': 2.9674708238242675}
2026-06-16 12:52:30 - finetune_logger - INFO - Val time: 70.39s
[2026-06-16 12:52:30,275][finetune_logger][INFO] - Val time: 70.39s
2026-06-16 12:52:30 - finetune_logger - INFO - Val memory reserved: 24.00 MB
[2026-06-16 12:52:30,275][finetune_logger][INFO] - Val memory reserved: 24.00 MB
2026-06-16 12:52:30 - finetune_logger - INFO - Val memory allocated: 18.10 MB
[2026-06-16 12:52:30,275][finetune_logger][INFO] - Val memory allocated: 18.10 MB
2026-06-16 12:52:30 - finetune_logger - INFO - Logged epoch 12 info to /public/home/202411094934/python_project/Spatio-Temporal-Library/time-series/2026-06-16/itransformer/finetune20/ettm2/time-series/seed_1/training_log.json
[2026-06-16 12:52:30,278][finetune_logger][INFO] - Logged epoch 12 info to /public/home/202411094934/python_project/Spatio-Temporal-Library/time-series/2026-06-16/itransformer/finetune20/ettm2/time-series/seed_1/training_log.json
2026-06-16 12:53:40 - finetune_logger - INFO - Test metrics: {'MAE': 2.157372666024342, 'RMSE': 3.2840964799556063}
[2026-06-16 12:53:40,824][finetune_logger][INFO] - Test metrics: {'MAE': 2.157372666024342, 'RMSE': 3.2840964799556063}
2026-06-16 12:53:40 - finetune_logger - INFO - Test time: 70.55s
[2026-06-16 12:53:40,824][finetune_logger][INFO] - Test time: 70.55s
2026-06-16 12:53:40 - finetune_logger - INFO - Test memory reserved: 24.00 MB
[2026-06-16 12:53:40,825][finetune_logger][INFO] - Test memory reserved: 24.00 MB
2026-06-16 12:53:40 - finetune_logger - INFO - Test memory allocated: 18.10 MB
[2026-06-16 12:53:40,825][finetune_logger][INFO] - Test memory allocated: 18.10 MB
2026-06-16 12:53:40 - finetune_logger - INFO - Epoch 13/20
[2026-06-16 12:53:40,825][finetune_logger][INFO] - Epoch 13/20
2026-06-16 13:02:05 - finetune_logger - INFO - Train loss: 1.6093414600415743
[2026-06-16 13:02:05,251][finetune_logger][INFO] - Train loss: 1.6093414600415743
2026-06-16 13:02:05 - finetune_logger - INFO - Train time: 504.4254696369171s
[2026-06-16 13:02:05,251][finetune_logger][INFO] - Train time: 504.4254696369171s
2026-06-16 13:02:05 - finetune_logger - INFO - Train memory reserved: 24.00 MB
[2026-06-16 13:02:05,251][finetune_logger][INFO] - Train memory reserved: 24.00 MB
2026-06-16 13:02:05 - finetune_logger - INFO - Train memory allocated: 18.10 MB
[2026-06-16 13:02:05,251][finetune_logger][INFO] - Train memory allocated: 18.10 MB
2026-06-16 13:02:05 - finetune_logger - INFO - Current learning rate: 0.00025
[2026-06-16 13:02:05,251][finetune_logger][INFO] - Current learning rate: 0.00025
2026-06-16 13:03:15 - finetune_logger - INFO - Validation metrics: {'MAE': 2.004233790729724, 'RMSE': 2.9285557954193804}
[2026-06-16 13:03:15,683][finetune_logger][INFO] - Validation metrics: {'MAE': 2.004233790729724, 'RMSE': 2.9285557954193804}
2026-06-16 13:03:15 - finetune_logger - INFO - Val time: 70.43s
[2026-06-16 13:03:15,683][finetune_logger][INFO] - Val time: 70.43s
2026-06-16 13:03:15 - finetune_logger - INFO - Val memory reserved: 24.00 MB
[2026-06-16 13:03:15,683][finetune_logger][INFO] - Val memory reserved: 24.00 MB
2026-06-16 13:03:15 - finetune_logger - INFO - Val memory allocated: 18.10 MB
[2026-06-16 13:03:15,683][finetune_logger][INFO] - Val memory allocated: 18.10 MB
2026-06-16 13:03:15 - finetune_logger - INFO - Logged epoch 13 info to /public/home/202411094934/python_project/Spatio-Temporal-Library/time-series/2026-06-16/itransformer/finetune20/ettm2/time-series/seed_1/training_log.json
[2026-06-16 13:03:15,687][finetune_logger][INFO] - Logged epoch 13 info to /public/home/202411094934/python_project/Spatio-Temporal-Library/time-series/2026-06-16/itransformer/finetune20/ettm2/time-series/seed_1/training_log.json
2026-06-16 13:04:26 - finetune_logger - INFO - Test metrics: {'MAE': 2.148470969656226, 'RMSE': 3.266856183510498}
[2026-06-16 13:04:26,275][finetune_logger][INFO] - Test metrics: {'MAE': 2.148470969656226, 'RMSE': 3.266856183510498}
2026-06-16 13:04:26 - finetune_logger - INFO - Test time: 70.59s
[2026-06-16 13:04:26,275][finetune_logger][INFO] - Test time: 70.59s
2026-06-16 13:04:26 - finetune_logger - INFO - Test memory reserved: 24.00 MB
[2026-06-16 13:04:26,276][finetune_logger][INFO] - Test memory reserved: 24.00 MB
2026-06-16 13:04:26 - finetune_logger - INFO - Test memory allocated: 18.10 MB
[2026-06-16 13:04:26,276][finetune_logger][INFO] - Test memory allocated: 18.10 MB
2026-06-16 13:04:26 - finetune_logger - INFO - Epoch 14/20
[2026-06-16 13:04:26,276][finetune_logger][INFO] - Epoch 14/20
2026-06-16 13:12:50 - finetune_logger - INFO - Train loss: 1.5956401086082852
[2026-06-16 13:12:50,033][finetune_logger][INFO] - Train loss: 1.5956401086082852
2026-06-16 13:12:50 - finetune_logger - INFO - Train time: 503.75679993629456s
[2026-06-16 13:12:50,033][finetune_logger][INFO] - Train time: 503.75679993629456s
2026-06-16 13:12:50 - finetune_logger - INFO - Train memory reserved: 24.00 MB
[2026-06-16 13:12:50,034][finetune_logger][INFO] - Train memory reserved: 24.00 MB
2026-06-16 13:12:50 - finetune_logger - INFO - Train memory allocated: 18.10 MB
[2026-06-16 13:12:50,034][finetune_logger][INFO] - Train memory allocated: 18.10 MB
2026-06-16 13:12:50 - finetune_logger - INFO - Current learning rate: 0.00025
[2026-06-16 13:12:50,034][finetune_logger][INFO] - Current learning rate: 0.00025
2026-06-16 13:14:00 - finetune_logger - INFO - Validation metrics: {'MAE': 2.0303361820952404, 'RMSE': 2.9741532402042687}
[2026-06-16 13:14:00,486][finetune_logger][INFO] - Validation metrics: {'MAE': 2.0303361820952404, 'RMSE': 2.9741532402042687}
2026-06-16 13:14:00 - finetune_logger - INFO - Val time: 70.45s
[2026-06-16 13:14:00,486][finetune_logger][INFO] - Val time: 70.45s
2026-06-16 13:14:00 - finetune_logger - INFO - Val memory reserved: 24.00 MB
[2026-06-16 13:14:00,486][finetune_logger][INFO] - Val memory reserved: 24.00 MB
2026-06-16 13:14:00 - finetune_logger - INFO - Val memory allocated: 18.10 MB
[2026-06-16 13:14:00,486][finetune_logger][INFO] - Val memory allocated: 18.10 MB
2026-06-16 13:14:00 - finetune_logger - INFO - Logged epoch 14 info to /public/home/202411094934/python_project/Spatio-Temporal-Library/time-series/2026-06-16/itransformer/finetune20/ettm2/time-series/seed_1/training_log.json
[2026-06-16 13:14:00,490][finetune_logger][INFO] - Logged epoch 14 info to /public/home/202411094934/python_project/Spatio-Temporal-Library/time-series/2026-06-16/itransformer/finetune20/ettm2/time-series/seed_1/training_log.json
2026-06-16 13:15:11 - finetune_logger - INFO - Test metrics: {'MAE': 2.191766177438597, 'RMSE': 3.3354101747076084}
[2026-06-16 13:15:11,478][finetune_logger][INFO] - Test metrics: {'MAE': 2.191766177438597, 'RMSE': 3.3354101747076084}
2026-06-16 13:15:11 - finetune_logger - INFO - Test time: 70.99s
[2026-06-16 13:15:11,479][finetune_logger][INFO] - Test time: 70.99s
2026-06-16 13:15:11 - finetune_logger - INFO - Test memory reserved: 24.00 MB
[2026-06-16 13:15:11,479][finetune_logger][INFO] - Test memory reserved: 24.00 MB
2026-06-16 13:15:11 - finetune_logger - INFO - Test memory allocated: 18.10 MB
[2026-06-16 13:15:11,479][finetune_logger][INFO] - Test memory allocated: 18.10 MB
2026-06-16 13:15:11 - finetune_logger - INFO - Epoch 15/20
[2026-06-16 13:15:11,479][finetune_logger][INFO] - Epoch 15/20
2026-06-16 13:23:35 - finetune_logger - INFO - Train loss: 1.5843297205275781
[2026-06-16 13:23:35,573][finetune_logger][INFO] - Train loss: 1.5843297205275781
2026-06-16 13:23:35 - finetune_logger - INFO - Train time: 504.09343552589417s
[2026-06-16 13:23:35,573][finetune_logger][INFO] - Train time: 504.09343552589417s
2026-06-16 13:23:35 - finetune_logger - INFO - Train memory reserved: 24.00 MB
[2026-06-16 13:23:35,574][finetune_logger][INFO] - Train memory reserved: 24.00 MB
2026-06-16 13:23:35 - finetune_logger - INFO - Train memory allocated: 18.10 MB
[2026-06-16 13:23:35,574][finetune_logger][INFO] - Train memory allocated: 18.10 MB
2026-06-16 13:23:35 - finetune_logger - INFO - Current learning rate: 0.00025
[2026-06-16 13:23:35,574][finetune_logger][INFO] - Current learning rate: 0.00025
2026-06-16 13:24:45 - finetune_logger - INFO - Validation metrics: {'MAE': 1.9857615602847045, 'RMSE': 2.907373696838129}
[2026-06-16 13:24:45,922][finetune_logger][INFO] - Validation metrics: {'MAE': 1.9857615602847045, 'RMSE': 2.907373696838129}
2026-06-16 13:24:45 - finetune_logger - INFO - Val time: 70.35s
[2026-06-16 13:24:45,922][finetune_logger][INFO] - Val time: 70.35s
2026-06-16 13:24:45 - finetune_logger - INFO - Val memory reserved: 24.00 MB
[2026-06-16 13:24:45,922][finetune_logger][INFO] - Val memory reserved: 24.00 MB
2026-06-16 13:24:45 - finetune_logger - INFO - Val memory allocated: 18.10 MB
[2026-06-16 13:24:45,922][finetune_logger][INFO] - Val memory allocated: 18.10 MB
2026-06-16 13:24:45 - finetune_logger - INFO - Logged epoch 15 info to /public/home/202411094934/python_project/Spatio-Temporal-Library/time-series/2026-06-16/itransformer/finetune20/ettm2/time-series/seed_1/training_log.json
[2026-06-16 13:24:45,926][finetune_logger][INFO] - Logged epoch 15 info to /public/home/202411094934/python_project/Spatio-Temporal-Library/time-series/2026-06-16/itransformer/finetune20/ettm2/time-series/seed_1/training_log.json
2026-06-16 13:25:56 - finetune_logger - INFO - Test metrics: {'MAE': 2.1418247510473694, 'RMSE': 3.253890424403311}
[2026-06-16 13:25:56,859][finetune_logger][INFO] - Test metrics: {'MAE': 2.1418247510473694, 'RMSE': 3.253890424403311}
2026-06-16 13:25:56 - finetune_logger - INFO - Test time: 70.93s
[2026-06-16 13:25:56,860][finetune_logger][INFO] - Test time: 70.93s
2026-06-16 13:25:56 - finetune_logger - INFO - Test memory reserved: 24.00 MB
[2026-06-16 13:25:56,860][finetune_logger][INFO] - Test memory reserved: 24.00 MB
2026-06-16 13:25:56 - finetune_logger - INFO - Test memory allocated: 18.10 MB
[2026-06-16 13:25:56,860][finetune_logger][INFO] - Test memory allocated: 18.10 MB
2026-06-16 13:25:56 - finetune_logger - INFO - Epoch 16/20
[2026-06-16 13:25:56,860][finetune_logger][INFO] - Epoch 16/20
2026-06-16 13:34:20 - finetune_logger - INFO - Train loss: 1.576243888019134
[2026-06-16 13:34:20,581][finetune_logger][INFO] - Train loss: 1.576243888019134
2026-06-16 13:34:20 - finetune_logger - INFO - Train time: 503.7199625968933s
[2026-06-16 13:34:20,581][finetune_logger][INFO] - Train time: 503.7199625968933s
2026-06-16 13:34:20 - finetune_logger - INFO - Train memory reserved: 24.00 MB
[2026-06-16 13:34:20,581][finetune_logger][INFO] - Train memory reserved: 24.00 MB
2026-06-16 13:34:20 - finetune_logger - INFO - Train memory allocated: 18.10 MB
[2026-06-16 13:34:20,581][finetune_logger][INFO] - Train memory allocated: 18.10 MB
2026-06-16 13:34:20 - finetune_logger - INFO - Current learning rate: 0.00025
[2026-06-16 13:34:20,581][finetune_logger][INFO] - Current learning rate: 0.00025
2026-06-16 13:35:31 - finetune_logger - INFO - Validation metrics: {'MAE': 1.9967764831679216, 'RMSE': 2.920162609107119}
[2026-06-16 13:35:31,050][finetune_logger][INFO] - Validation metrics: {'MAE': 1.9967764831679216, 'RMSE': 2.920162609107119}
2026-06-16 13:35:31 - finetune_logger - INFO - Val time: 70.47s
[2026-06-16 13:35:31,050][finetune_logger][INFO] - Val time: 70.47s
2026-06-16 13:35:31 - finetune_logger - INFO - Val memory reserved: 24.00 MB
[2026-06-16 13:35:31,050][finetune_logger][INFO] - Val memory reserved: 24.00 MB
2026-06-16 13:35:31 - finetune_logger - INFO - Val memory allocated: 18.10 MB
[2026-06-16 13:35:31,050][finetune_logger][INFO] - Val memory allocated: 18.10 MB
2026-06-16 13:35:31 - finetune_logger - INFO - Logged epoch 16 info to /public/home/202411094934/python_project/Spatio-Temporal-Library/time-series/2026-06-16/itransformer/finetune20/ettm2/time-series/seed_1/training_log.json
[2026-06-16 13:35:31,054][finetune_logger][INFO] - Logged epoch 16 info to /public/home/202411094934/python_project/Spatio-Temporal-Library/time-series/2026-06-16/itransformer/finetune20/ettm2/time-series/seed_1/training_log.json
2026-06-16 13:36:41 - finetune_logger - INFO - Test metrics: {'MAE': 2.1411608046073813, 'RMSE': 3.2535144940726415}
[2026-06-16 13:36:41,454][finetune_logger][INFO] - Test metrics: {'MAE': 2.1411608046073813, 'RMSE': 3.2535144940726415}
2026-06-16 13:36:41 - finetune_logger - INFO - Test time: 70.40s
[2026-06-16 13:36:41,455][finetune_logger][INFO] - Test time: 70.40s
2026-06-16 13:36:41 - finetune_logger - INFO - Test memory reserved: 24.00 MB
[2026-06-16 13:36:41,455][finetune_logger][INFO] - Test memory reserved: 24.00 MB
2026-06-16 13:36:41 - finetune_logger - INFO - Test memory allocated: 18.10 MB
[2026-06-16 13:36:41,455][finetune_logger][INFO] - Test memory allocated: 18.10 MB
2026-06-16 13:36:41 - finetune_logger - INFO - Epoch 17/20
[2026-06-16 13:36:41,455][finetune_logger][INFO] - Epoch 17/20
2026-06-16 13:45:05 - finetune_logger - INFO - Train loss: 1.5648892122417701
[2026-06-16 13:45:05,284][finetune_logger][INFO] - Train loss: 1.5648892122417701
2026-06-16 13:45:05 - finetune_logger - INFO - Train time: 503.82895493507385s
[2026-06-16 13:45:05,285][finetune_logger][INFO] - Train time: 503.82895493507385s
2026-06-16 13:45:05 - finetune_logger - INFO - Train memory reserved: 24.00 MB
[2026-06-16 13:45:05,285][finetune_logger][INFO] - Train memory reserved: 24.00 MB
2026-06-16 13:45:05 - finetune_logger - INFO - Train memory allocated: 18.10 MB
[2026-06-16 13:45:05,285][finetune_logger][INFO] - Train memory allocated: 18.10 MB
2026-06-16 13:45:05 - finetune_logger - INFO - Current learning rate: 0.00025
[2026-06-16 13:45:05,285][finetune_logger][INFO] - Current learning rate: 0.00025
2026-06-16 13:46:15 - finetune_logger - INFO - Validation metrics: {'MAE': 2.0202731900356916, 'RMSE': 2.9661267474340183}
[2026-06-16 13:46:15,861][finetune_logger][INFO] - Validation metrics: {'MAE': 2.0202731900356916, 'RMSE': 2.9661267474340183}
2026-06-16 13:46:15 - finetune_logger - INFO - Val time: 70.58s
[2026-06-16 13:46:15,861][finetune_logger][INFO] - Val time: 70.58s
2026-06-16 13:46:15 - finetune_logger - INFO - Val memory reserved: 24.00 MB
[2026-06-16 13:46:15,861][finetune_logger][INFO] - Val memory reserved: 24.00 MB
2026-06-16 13:46:15 - finetune_logger - INFO - Val memory allocated: 18.10 MB
[2026-06-16 13:46:15,861][finetune_logger][INFO] - Val memory allocated: 18.10 MB
2026-06-16 13:46:15 - finetune_logger - INFO - Logged epoch 17 info to /public/home/202411094934/python_project/Spatio-Temporal-Library/time-series/2026-06-16/itransformer/finetune20/ettm2/time-series/seed_1/training_log.json
[2026-06-16 13:46:15,865][finetune_logger][INFO] - Logged epoch 17 info to /public/home/202411094934/python_project/Spatio-Temporal-Library/time-series/2026-06-16/itransformer/finetune20/ettm2/time-series/seed_1/training_log.json
2026-06-16 13:47:26 - finetune_logger - INFO - Test metrics: {'MAE': 2.1669454670883677, 'RMSE': 3.297207182235738}
[2026-06-16 13:47:26,212][finetune_logger][INFO] - Test metrics: {'MAE': 2.1669454670883677, 'RMSE': 3.297207182235738}
2026-06-16 13:47:26 - finetune_logger - INFO - Test time: 70.35s
[2026-06-16 13:47:26,212][finetune_logger][INFO] - Test time: 70.35s
2026-06-16 13:47:26 - finetune_logger - INFO - Test memory reserved: 24.00 MB
[2026-06-16 13:47:26,212][finetune_logger][INFO] - Test memory reserved: 24.00 MB
2026-06-16 13:47:26 - finetune_logger - INFO - Test memory allocated: 18.10 MB
[2026-06-16 13:47:26,212][finetune_logger][INFO] - Test memory allocated: 18.10 MB
2026-06-16 13:47:26 - finetune_logger - INFO - Epoch 18/20
[2026-06-16 13:47:26,212][finetune_logger][INFO] - Epoch 18/20
2026-06-16 13:55:50 - finetune_logger - INFO - Train loss: 1.5562618485103012
[2026-06-16 13:55:50,113][finetune_logger][INFO] - Train loss: 1.5562618485103012
2026-06-16 13:55:50 - finetune_logger - INFO - Train time: 503.9004650115967s
[2026-06-16 13:55:50,114][finetune_logger][INFO] - Train time: 503.9004650115967s
2026-06-16 13:55:50 - finetune_logger - INFO - Train memory reserved: 24.00 MB
[2026-06-16 13:55:50,114][finetune_logger][INFO] - Train memory reserved: 24.00 MB
2026-06-16 13:55:50 - finetune_logger - INFO - Train memory allocated: 18.10 MB
[2026-06-16 13:55:50,114][finetune_logger][INFO] - Train memory allocated: 18.10 MB
2026-06-16 13:55:50 - finetune_logger - INFO - Current learning rate: 0.00025
[2026-06-16 13:55:50,114][finetune_logger][INFO] - Current learning rate: 0.00025
2026-06-16 13:57:00 - finetune_logger - INFO - Validation metrics: {'MAE': 2.050684442760369, 'RMSE': 3.004017347861967}
[2026-06-16 13:57:00,535][finetune_logger][INFO] - Validation metrics: {'MAE': 2.050684442760369, 'RMSE': 3.004017347861967}
2026-06-16 13:57:00 - finetune_logger - INFO - Val time: 70.42s
[2026-06-16 13:57:00,536][finetune_logger][INFO] - Val time: 70.42s
2026-06-16 13:57:00 - finetune_logger - INFO - Val memory reserved: 24.00 MB
[2026-06-16 13:57:00,536][finetune_logger][INFO] - Val memory reserved: 24.00 MB
2026-06-16 13:57:00 - finetune_logger - INFO - Val memory allocated: 18.10 MB
[2026-06-16 13:57:00,536][finetune_logger][INFO] - Val memory allocated: 18.10 MB
2026-06-16 13:57:00 - finetune_logger - INFO - Logged epoch 18 info to /public/home/202411094934/python_project/Spatio-Temporal-Library/time-series/2026-06-16/itransformer/finetune20/ettm2/time-series/seed_1/training_log.json
[2026-06-16 13:57:00,540][finetune_logger][INFO] - Logged epoch 18 info to /public/home/202411094934/python_project/Spatio-Temporal-Library/time-series/2026-06-16/itransformer/finetune20/ettm2/time-series/seed_1/training_log.json
2026-06-16 13:58:11 - finetune_logger - INFO - Test metrics: {'MAE': 2.200123591651626, 'RMSE': 3.347417676432963}
[2026-06-16 13:58:11,039][finetune_logger][INFO] - Test metrics: {'MAE': 2.200123591651626, 'RMSE': 3.347417676432963}
2026-06-16 13:58:11 - finetune_logger - INFO - Test time: 70.50s
[2026-06-16 13:58:11,039][finetune_logger][INFO] - Test time: 70.50s
2026-06-16 13:58:11 - finetune_logger - INFO - Test memory reserved: 24.00 MB
[2026-06-16 13:58:11,039][finetune_logger][INFO] - Test memory reserved: 24.00 MB
2026-06-16 13:58:11 - finetune_logger - INFO - Test memory allocated: 18.10 MB
[2026-06-16 13:58:11,040][finetune_logger][INFO] - Test memory allocated: 18.10 MB
2026-06-16 13:58:11 - finetune_logger - INFO - Epoch 19/20
[2026-06-16 13:58:11,040][finetune_logger][INFO] - Epoch 19/20
2026-06-16 14:06:35 - finetune_logger - INFO - Train loss: 1.5484082627080757
[2026-06-16 14:06:35,095][finetune_logger][INFO] - Train loss: 1.5484082627080757
2026-06-16 14:06:35 - finetune_logger - INFO - Train time: 504.0545382499695s
[2026-06-16 14:06:35,095][finetune_logger][INFO] - Train time: 504.0545382499695s
2026-06-16 14:06:35 - finetune_logger - INFO - Train memory reserved: 24.00 MB
[2026-06-16 14:06:35,095][finetune_logger][INFO] - Train memory reserved: 24.00 MB
2026-06-16 14:06:35 - finetune_logger - INFO - Train memory allocated: 18.10 MB
[2026-06-16 14:06:35,095][finetune_logger][INFO] - Train memory allocated: 18.10 MB
2026-06-16 14:06:35 - finetune_logger - INFO - Current learning rate: 0.00025
[2026-06-16 14:06:35,095][finetune_logger][INFO] - Current learning rate: 0.00025
2026-06-16 14:07:45 - finetune_logger - INFO - Validation metrics: {'MAE': 2.043966907328947, 'RMSE': 3.002074583985252}
[2026-06-16 14:07:45,502][finetune_logger][INFO] - Validation metrics: {'MAE': 2.043966907328947, 'RMSE': 3.002074583985252}
2026-06-16 14:07:45 - finetune_logger - INFO - Val time: 70.41s
[2026-06-16 14:07:45,502][finetune_logger][INFO] - Val time: 70.41s
2026-06-16 14:07:45 - finetune_logger - INFO - Val memory reserved: 24.00 MB
[2026-06-16 14:07:45,502][finetune_logger][INFO] - Val memory reserved: 24.00 MB
2026-06-16 14:07:45 - finetune_logger - INFO - Val memory allocated: 18.10 MB
[2026-06-16 14:07:45,502][finetune_logger][INFO] - Val memory allocated: 18.10 MB
2026-06-16 14:07:45 - finetune_logger - INFO - Logged epoch 19 info to /public/home/202411094934/python_project/Spatio-Temporal-Library/time-series/2026-06-16/itransformer/finetune20/ettm2/time-series/seed_1/training_log.json
[2026-06-16 14:07:45,505][finetune_logger][INFO] - Logged epoch 19 info to /public/home/202411094934/python_project/Spatio-Temporal-Library/time-series/2026-06-16/itransformer/finetune20/ettm2/time-series/seed_1/training_log.json
2026-06-16 14:08:55 - finetune_logger - INFO - Test metrics: {'MAE': 2.1771566935237434, 'RMSE': 3.306666400789227}
[2026-06-16 14:08:55,713][finetune_logger][INFO] - Test metrics: {'MAE': 2.1771566935237434, 'RMSE': 3.306666400789227}
2026-06-16 14:08:55 - finetune_logger - INFO - Test time: 70.21s
[2026-06-16 14:08:55,713][finetune_logger][INFO] - Test time: 70.21s
2026-06-16 14:08:55 - finetune_logger - INFO - Test memory reserved: 24.00 MB
[2026-06-16 14:08:55,713][finetune_logger][INFO] - Test memory reserved: 24.00 MB
2026-06-16 14:08:55 - finetune_logger - INFO - Test memory allocated: 18.10 MB
[2026-06-16 14:08:55,713][finetune_logger][INFO] - Test memory allocated: 18.10 MB
2026-06-16 14:08:55 - finetune_logger - INFO - Epoch 20/20
[2026-06-16 14:08:55,714][finetune_logger][INFO] - Epoch 20/20
2026-06-16 14:17:19 - finetune_logger - INFO - Train loss: 1.5402382714345053
[2026-06-16 14:17:19,079][finetune_logger][INFO] - Train loss: 1.5402382714345053
2026-06-16 14:17:19 - finetune_logger - INFO - Train time: 503.3653371334076s
[2026-06-16 14:17:19,080][finetune_logger][INFO] - Train time: 503.3653371334076s
2026-06-16 14:17:19 - finetune_logger - INFO - Train memory reserved: 24.00 MB
[2026-06-16 14:17:19,080][finetune_logger][INFO] - Train memory reserved: 24.00 MB
2026-06-16 14:17:19 - finetune_logger - INFO - Train memory allocated: 18.10 MB
[2026-06-16 14:17:19,080][finetune_logger][INFO] - Train memory allocated: 18.10 MB
2026-06-16 14:17:19 - finetune_logger - INFO - Current learning rate: 0.00025
[2026-06-16 14:17:19,080][finetune_logger][INFO] - Current learning rate: 0.00025
2026-06-16 14:18:29 - finetune_logger - INFO - Validation metrics: {'MAE': 2.0604180168851696, 'RMSE': 3.0283619234205386}
[2026-06-16 14:18:29,242][finetune_logger][INFO] - Validation metrics: {'MAE': 2.0604180168851696, 'RMSE': 3.0283619234205386}
2026-06-16 14:18:29 - finetune_logger - INFO - Val time: 70.16s
[2026-06-16 14:18:29,243][finetune_logger][INFO] - Val time: 70.16s
2026-06-16 14:18:29 - finetune_logger - INFO - Val memory reserved: 24.00 MB
[2026-06-16 14:18:29,243][finetune_logger][INFO] - Val memory reserved: 24.00 MB
2026-06-16 14:18:29 - finetune_logger - INFO - Val memory allocated: 18.10 MB
[2026-06-16 14:18:29,243][finetune_logger][INFO] - Val memory allocated: 18.10 MB
2026-06-16 14:18:29 - finetune_logger - INFO - Logged epoch 20 info to /public/home/202411094934/python_project/Spatio-Temporal-Library/time-series/2026-06-16/itransformer/finetune20/ettm2/time-series/seed_1/training_log.json
[2026-06-16 14:18:29,247][finetune_logger][INFO] - Logged epoch 20 info to /public/home/202411094934/python_project/Spatio-Temporal-Library/time-series/2026-06-16/itransformer/finetune20/ettm2/time-series/seed_1/training_log.json
2026-06-16 14:19:39 - finetune_logger - INFO - Test metrics: {'MAE': 2.191343039086389, 'RMSE': 3.3336064995420083}
[2026-06-16 14:19:39,649][finetune_logger][INFO] - Test metrics: {'MAE': 2.191343039086389, 'RMSE': 3.3336064995420083}
2026-06-16 14:19:39 - finetune_logger - INFO - Test time: 70.38s
[2026-06-16 14:19:39,650][finetune_logger][INFO] - Test time: 70.38s
2026-06-16 14:19:39 - finetune_logger - INFO - Test memory reserved: 24.00 MB
[2026-06-16 14:19:39,650][finetune_logger][INFO] - Test memory reserved: 24.00 MB
2026-06-16 14:19:39 - finetune_logger - INFO - Test memory allocated: 18.10 MB
[2026-06-16 14:19:39,650][finetune_logger][INFO] - Test memory allocated: 18.10 MB
2026-06-16 14:19:39 - finetune_logger - INFO - Training completed. Best epoch: 4, Best val loss: 1.934413
[2026-06-16 14:19:39,650][finetune_logger][INFO] - Training completed. Best epoch: 4, Best val loss: 1.934413
2026-06-16 14:19:39 - finetune_logger - INFO - Loaded checkpoint from epoch 4
[2026-06-16 14:19:39,682][finetune_logger][INFO] - Loaded checkpoint from epoch 4
2026-06-16 14:19:39 - finetune_logger - INFO - Evaluating best model on test sets...
[2026-06-16 14:19:39,682][finetune_logger][INFO] - Evaluating best model on test sets...
2026-06-16 14:20:50 - finetune_logger - INFO - Test metrics: {'MAE': 2.1079784225158256, 'RMSE': 3.214484461878758}
[2026-06-16 14:20:50,276][finetune_logger][INFO] - Test metrics: {'MAE': 2.1079784225158256, 'RMSE': 3.214484461878758}
2026-06-16 14:20:50 - finetune_logger - INFO - Test time: 70.59s
[2026-06-16 14:20:50,276][finetune_logger][INFO] - Test time: 70.59s
2026-06-16 14:20:50 - finetune_logger - INFO - Test memory reserved: 26.00 MB
[2026-06-16 14:20:50,277][finetune_logger][INFO] - Test memory reserved: 26.00 MB
2026-06-16 14:20:50 - finetune_logger - INFO - Test memory allocated: 18.14 MB
[2026-06-16 14:20:50,277][finetune_logger][INFO] - Test memory allocated: 18.14 MB
2026-06-16 14:20:50 - finetune_logger - INFO - Logged epoch test info to /public/home/202411094934/python_project/Spatio-Temporal-Library/time-series/2026-06-16/itransformer/finetune20/ettm2/time-series/seed_1/training_log.json
[2026-06-16 14:20:50,280][finetune_logger][INFO] - Logged epoch test info to /public/home/202411094934/python_project/Spatio-Temporal-Library/time-series/2026-06-16/itransformer/finetune20/ettm2/time-series/seed_1/training_log.json
