2026-06-16 05:16:42 - finetune_logger - INFO - No pretrained checkpoint is provided. Finetuning from scratch.
[2026-06-16 05:16:42,823][finetune_logger][INFO] - No pretrained checkpoint is provided. Finetuning from scratch.
2026-06-16 05:16:42 - finetune_logger - INFO - Model parameters: 158,912
[2026-06-16 05:16:42,826][finetune_logger][INFO] - Model parameters: 158,912
2026-06-16 05:16:42 - finetune_logger - INFO - Created new log file at /public/home/202411094934/python_project/Spatio-Temporal-Library/time-series/2026-06-16/itransformer/finetune20/traffic/time-series/seed_2/training_log.json
[2026-06-16 05:16:42,829][finetune_logger][INFO] - Created new log file at /public/home/202411094934/python_project/Spatio-Temporal-Library/time-series/2026-06-16/itransformer/finetune20/traffic/time-series/seed_2/training_log.json
2026-06-16 05:16:42 - finetune_logger - INFO - Starting training...
[2026-06-16 05:16:42,829][finetune_logger][INFO] - Starting training...
2026-06-16 05:16:42 - finetune_logger - INFO - Epoch 1/20
[2026-06-16 05:16:42,829][finetune_logger][INFO] - Epoch 1/20
2026-06-16 05:20:57 - finetune_logger - INFO - Train loss: 0.019287081798015856
[2026-06-16 05:20:57,128][finetune_logger][INFO] - Train loss: 0.019287081798015856
2026-06-16 05:20:57 - finetune_logger - INFO - Train time: 254.29892778396606s
[2026-06-16 05:20:57,129][finetune_logger][INFO] - Train time: 254.29892778396606s
2026-06-16 05:20:57 - finetune_logger - INFO - Train memory reserved: 178.00 MB
[2026-06-16 05:20:57,129][finetune_logger][INFO] - Train memory reserved: 178.00 MB
2026-06-16 05:20:57 - finetune_logger - INFO - Train memory allocated: 18.11 MB
[2026-06-16 05:20:57,129][finetune_logger][INFO] - Train memory allocated: 18.11 MB
2026-06-16 05:20:57 - finetune_logger - INFO - Current learning rate: 0.0005
[2026-06-16 05:20:57,129][finetune_logger][INFO] - Current learning rate: 0.0005
2026-06-16 05:21:10 - finetune_logger - INFO - Validation metrics: {'MAE': 0.015744143915552174, 'RMSE': 0.03205177506271631}
[2026-06-16 05:21:10,442][finetune_logger][INFO] - Validation metrics: {'MAE': 0.015744143915552174, 'RMSE': 0.03205177506271631}
2026-06-16 05:21:10 - finetune_logger - INFO - Val time: 13.31s
[2026-06-16 05:21:10,442][finetune_logger][INFO] - Val time: 13.31s
2026-06-16 05:21:10 - finetune_logger - INFO - Val memory reserved: 178.00 MB
[2026-06-16 05:21:10,442][finetune_logger][INFO] - Val memory reserved: 178.00 MB
2026-06-16 05:21:10 - finetune_logger - INFO - Val memory allocated: 18.11 MB
[2026-06-16 05:21:10,443][finetune_logger][INFO] - Val memory allocated: 18.11 MB
2026-06-16 05:21:10 - finetune_logger - INFO - Logged epoch 1 info to /public/home/202411094934/python_project/Spatio-Temporal-Library/time-series/2026-06-16/itransformer/finetune20/traffic/time-series/seed_2/training_log.json
[2026-06-16 05:21:10,446][finetune_logger][INFO] - Logged epoch 1 info to /public/home/202411094934/python_project/Spatio-Temporal-Library/time-series/2026-06-16/itransformer/finetune20/traffic/time-series/seed_2/training_log.json
2026-06-16 05:21:10 - finetune_logger - INFO - New best model! Val loss: 0.015744
[2026-06-16 05:21:10,446][finetune_logger][INFO] - New best model! Val loss: 0.015744
2026-06-16 05:21:38 - finetune_logger - INFO - Test metrics: {'MAE': 0.017579994607894143, 'RMSE': 0.03528042957358376}
[2026-06-16 05:21:38,325][finetune_logger][INFO] - Test metrics: {'MAE': 0.017579994607894143, 'RMSE': 0.03528042957358376}
2026-06-16 05:21:38 - finetune_logger - INFO - Test time: 27.83s
[2026-06-16 05:21:38,326][finetune_logger][INFO] - Test time: 27.83s
2026-06-16 05:21:38 - finetune_logger - INFO - Test memory reserved: 178.00 MB
[2026-06-16 05:21:38,326][finetune_logger][INFO] - Test memory reserved: 178.00 MB
2026-06-16 05:21:38 - finetune_logger - INFO - Test memory allocated: 18.11 MB
[2026-06-16 05:21:38,326][finetune_logger][INFO] - Test memory allocated: 18.11 MB
2026-06-16 05:21:38 - finetune_logger - INFO - Epoch 2/20
[2026-06-16 05:21:38,326][finetune_logger][INFO] - Epoch 2/20
2026-06-16 05:25:51 - finetune_logger - INFO - Train loss: 0.015316629603024915
[2026-06-16 05:25:51,835][finetune_logger][INFO] - Train loss: 0.015316629603024915
2026-06-16 05:25:51 - finetune_logger - INFO - Train time: 253.50838255882263s
[2026-06-16 05:25:51,835][finetune_logger][INFO] - Train time: 253.50838255882263s
2026-06-16 05:25:51 - finetune_logger - INFO - Train memory reserved: 178.00 MB
[2026-06-16 05:25:51,835][finetune_logger][INFO] - Train memory reserved: 178.00 MB
2026-06-16 05:25:51 - finetune_logger - INFO - Train memory allocated: 18.11 MB
[2026-06-16 05:25:51,836][finetune_logger][INFO] - Train memory allocated: 18.11 MB
2026-06-16 05:25:51 - finetune_logger - INFO - Current learning rate: 0.0005
[2026-06-16 05:25:51,836][finetune_logger][INFO] - Current learning rate: 0.0005
2026-06-16 05:26:05 - finetune_logger - INFO - Validation metrics: {'MAE': 0.014219303620361608, 'RMSE': 0.02963403241213078}
[2026-06-16 05:26:05,087][finetune_logger][INFO] - Validation metrics: {'MAE': 0.014219303620361608, 'RMSE': 0.02963403241213078}
2026-06-16 05:26:05 - finetune_logger - INFO - Val time: 13.25s
[2026-06-16 05:26:05,087][finetune_logger][INFO] - Val time: 13.25s
2026-06-16 05:26:05 - finetune_logger - INFO - Val memory reserved: 178.00 MB
[2026-06-16 05:26:05,088][finetune_logger][INFO] - Val memory reserved: 178.00 MB
2026-06-16 05:26:05 - finetune_logger - INFO - Val memory allocated: 18.11 MB
[2026-06-16 05:26:05,088][finetune_logger][INFO] - Val memory allocated: 18.11 MB
2026-06-16 05:26:05 - finetune_logger - INFO - Logged epoch 2 info to /public/home/202411094934/python_project/Spatio-Temporal-Library/time-series/2026-06-16/itransformer/finetune20/traffic/time-series/seed_2/training_log.json
[2026-06-16 05:26:05,091][finetune_logger][INFO] - Logged epoch 2 info to /public/home/202411094934/python_project/Spatio-Temporal-Library/time-series/2026-06-16/itransformer/finetune20/traffic/time-series/seed_2/training_log.json
2026-06-16 05:26:05 - finetune_logger - INFO - New best model! Val loss: 0.014219
[2026-06-16 05:26:05,091][finetune_logger][INFO] - New best model! Val loss: 0.014219
2026-06-16 05:26:32 - finetune_logger - INFO - Test metrics: {'MAE': 0.01594574596338004, 'RMSE': 0.03258056190957853}
[2026-06-16 05:26:32,957][finetune_logger][INFO] - Test metrics: {'MAE': 0.01594574596338004, 'RMSE': 0.03258056190957853}
2026-06-16 05:26:32 - finetune_logger - INFO - Test time: 27.82s
[2026-06-16 05:26:32,958][finetune_logger][INFO] - Test time: 27.82s
2026-06-16 05:26:32 - finetune_logger - INFO - Test memory reserved: 178.00 MB
[2026-06-16 05:26:32,958][finetune_logger][INFO] - Test memory reserved: 178.00 MB
2026-06-16 05:26:32 - finetune_logger - INFO - Test memory allocated: 18.11 MB
[2026-06-16 05:26:32,958][finetune_logger][INFO] - Test memory allocated: 18.11 MB
2026-06-16 05:26:32 - finetune_logger - INFO - Epoch 3/20
[2026-06-16 05:26:32,958][finetune_logger][INFO] - Epoch 3/20
2026-06-16 05:30:45 - finetune_logger - INFO - Train loss: 0.014081385333454974
[2026-06-16 05:30:45,523][finetune_logger][INFO] - Train loss: 0.014081385333454974
2026-06-16 05:30:45 - finetune_logger - INFO - Train time: 252.56409621238708s
[2026-06-16 05:30:45,523][finetune_logger][INFO] - Train time: 252.56409621238708s
2026-06-16 05:30:45 - finetune_logger - INFO - Train memory reserved: 178.00 MB
[2026-06-16 05:30:45,523][finetune_logger][INFO] - Train memory reserved: 178.00 MB
2026-06-16 05:30:45 - finetune_logger - INFO - Train memory allocated: 18.11 MB
[2026-06-16 05:30:45,523][finetune_logger][INFO] - Train memory allocated: 18.11 MB
2026-06-16 05:30:45 - finetune_logger - INFO - Current learning rate: 0.0005
[2026-06-16 05:30:45,523][finetune_logger][INFO] - Current learning rate: 0.0005
2026-06-16 05:30:58 - finetune_logger - INFO - Validation metrics: {'MAE': 0.013284366746234873, 'RMSE': 0.028312190969519986}
[2026-06-16 05:30:58,730][finetune_logger][INFO] - Validation metrics: {'MAE': 0.013284366746234873, 'RMSE': 0.028312190969519986}
2026-06-16 05:30:58 - finetune_logger - INFO - Val time: 13.21s
[2026-06-16 05:30:58,731][finetune_logger][INFO] - Val time: 13.21s
2026-06-16 05:30:58 - finetune_logger - INFO - Val memory reserved: 178.00 MB
[2026-06-16 05:30:58,731][finetune_logger][INFO] - Val memory reserved: 178.00 MB
2026-06-16 05:30:58 - finetune_logger - INFO - Val memory allocated: 18.11 MB
[2026-06-16 05:30:58,731][finetune_logger][INFO] - Val memory allocated: 18.11 MB
2026-06-16 05:30:58 - finetune_logger - INFO - Logged epoch 3 info to /public/home/202411094934/python_project/Spatio-Temporal-Library/time-series/2026-06-16/itransformer/finetune20/traffic/time-series/seed_2/training_log.json
[2026-06-16 05:30:58,734][finetune_logger][INFO] - Logged epoch 3 info to /public/home/202411094934/python_project/Spatio-Temporal-Library/time-series/2026-06-16/itransformer/finetune20/traffic/time-series/seed_2/training_log.json
2026-06-16 05:30:58 - finetune_logger - INFO - New best model! Val loss: 0.013284
[2026-06-16 05:30:58,734][finetune_logger][INFO] - New best model! Val loss: 0.013284
2026-06-16 05:31:26 - finetune_logger - INFO - Test metrics: {'MAE': 0.014954530698363111, 'RMSE': 0.03102629663173773}
[2026-06-16 05:31:26,525][finetune_logger][INFO] - Test metrics: {'MAE': 0.014954530698363111, 'RMSE': 0.03102629663173773}
2026-06-16 05:31:26 - finetune_logger - INFO - Test time: 27.75s
[2026-06-16 05:31:26,525][finetune_logger][INFO] - Test time: 27.75s
2026-06-16 05:31:26 - finetune_logger - INFO - Test memory reserved: 178.00 MB
[2026-06-16 05:31:26,525][finetune_logger][INFO] - Test memory reserved: 178.00 MB
2026-06-16 05:31:26 - finetune_logger - INFO - Test memory allocated: 18.11 MB
[2026-06-16 05:31:26,525][finetune_logger][INFO] - Test memory allocated: 18.11 MB
2026-06-16 05:31:26 - finetune_logger - INFO - Epoch 4/20
[2026-06-16 05:31:26,525][finetune_logger][INFO] - Epoch 4/20
2026-06-16 05:35:39 - finetune_logger - INFO - Train loss: 0.01347993572767268
[2026-06-16 05:35:39,833][finetune_logger][INFO] - Train loss: 0.01347993572767268
2026-06-16 05:35:39 - finetune_logger - INFO - Train time: 253.30665111541748s
[2026-06-16 05:35:39,833][finetune_logger][INFO] - Train time: 253.30665111541748s
2026-06-16 05:35:39 - finetune_logger - INFO - Train memory reserved: 178.00 MB
[2026-06-16 05:35:39,833][finetune_logger][INFO] - Train memory reserved: 178.00 MB
2026-06-16 05:35:39 - finetune_logger - INFO - Train memory allocated: 18.11 MB
[2026-06-16 05:35:39,833][finetune_logger][INFO] - Train memory allocated: 18.11 MB
2026-06-16 05:35:39 - finetune_logger - INFO - Current learning rate: 0.0005
[2026-06-16 05:35:39,833][finetune_logger][INFO] - Current learning rate: 0.0005
2026-06-16 05:35:53 - finetune_logger - INFO - Validation metrics: {'MAE': 0.012776953713089893, 'RMSE': 0.027473979387892027}
[2026-06-16 05:35:53,070][finetune_logger][INFO] - Validation metrics: {'MAE': 0.012776953713089893, 'RMSE': 0.027473979387892027}
2026-06-16 05:35:53 - finetune_logger - INFO - Val time: 13.24s
[2026-06-16 05:35:53,071][finetune_logger][INFO] - Val time: 13.24s
2026-06-16 05:35:53 - finetune_logger - INFO - Val memory reserved: 178.00 MB
[2026-06-16 05:35:53,071][finetune_logger][INFO] - Val memory reserved: 178.00 MB
2026-06-16 05:35:53 - finetune_logger - INFO - Val memory allocated: 18.11 MB
[2026-06-16 05:35:53,071][finetune_logger][INFO] - Val memory allocated: 18.11 MB
2026-06-16 05:35:53 - finetune_logger - INFO - Logged epoch 4 info to /public/home/202411094934/python_project/Spatio-Temporal-Library/time-series/2026-06-16/itransformer/finetune20/traffic/time-series/seed_2/training_log.json
[2026-06-16 05:35:53,074][finetune_logger][INFO] - Logged epoch 4 info to /public/home/202411094934/python_project/Spatio-Temporal-Library/time-series/2026-06-16/itransformer/finetune20/traffic/time-series/seed_2/training_log.json
2026-06-16 05:35:53 - finetune_logger - INFO - New best model! Val loss: 0.012777
[2026-06-16 05:35:53,074][finetune_logger][INFO] - New best model! Val loss: 0.012777
2026-06-16 05:36:20 - finetune_logger - INFO - Test metrics: {'MAE': 0.014398462607449425, 'RMSE': 0.03009067742517367}
[2026-06-16 05:36:20,858][finetune_logger][INFO] - Test metrics: {'MAE': 0.014398462607449425, 'RMSE': 0.03009067742517367}
2026-06-16 05:36:20 - finetune_logger - INFO - Test time: 27.74s
[2026-06-16 05:36:20,858][finetune_logger][INFO] - Test time: 27.74s
2026-06-16 05:36:20 - finetune_logger - INFO - Test memory reserved: 178.00 MB
[2026-06-16 05:36:20,858][finetune_logger][INFO] - Test memory reserved: 178.00 MB
2026-06-16 05:36:20 - finetune_logger - INFO - Test memory allocated: 18.11 MB
[2026-06-16 05:36:20,858][finetune_logger][INFO] - Test memory allocated: 18.11 MB
2026-06-16 05:36:20 - finetune_logger - INFO - Epoch 5/20
[2026-06-16 05:36:20,858][finetune_logger][INFO] - Epoch 5/20
2026-06-16 05:40:34 - finetune_logger - INFO - Train loss: 0.013122480258949737
[2026-06-16 05:40:34,302][finetune_logger][INFO] - Train loss: 0.013122480258949737
2026-06-16 05:40:34 - finetune_logger - INFO - Train time: 253.4433205127716s
[2026-06-16 05:40:34,302][finetune_logger][INFO] - Train time: 253.4433205127716s
2026-06-16 05:40:34 - finetune_logger - INFO - Train memory reserved: 178.00 MB
[2026-06-16 05:40:34,302][finetune_logger][INFO] - Train memory reserved: 178.00 MB
2026-06-16 05:40:34 - finetune_logger - INFO - Train memory allocated: 18.11 MB
[2026-06-16 05:40:34,303][finetune_logger][INFO] - Train memory allocated: 18.11 MB
2026-06-16 05:40:34 - finetune_logger - INFO - Current learning rate: 0.0005
[2026-06-16 05:40:34,303][finetune_logger][INFO] - Current learning rate: 0.0005
2026-06-16 05:40:47 - finetune_logger - INFO - Validation metrics: {'MAE': 0.012564114214177692, 'RMSE': 0.027421271177462275}
[2026-06-16 05:40:47,545][finetune_logger][INFO] - Validation metrics: {'MAE': 0.012564114214177692, 'RMSE': 0.027421271177462275}
2026-06-16 05:40:47 - finetune_logger - INFO - Val time: 13.24s
[2026-06-16 05:40:47,545][finetune_logger][INFO] - Val time: 13.24s
2026-06-16 05:40:47 - finetune_logger - INFO - Val memory reserved: 178.00 MB
[2026-06-16 05:40:47,545][finetune_logger][INFO] - Val memory reserved: 178.00 MB
2026-06-16 05:40:47 - finetune_logger - INFO - Val memory allocated: 18.11 MB
[2026-06-16 05:40:47,546][finetune_logger][INFO] - Val memory allocated: 18.11 MB
2026-06-16 05:40:47 - finetune_logger - INFO - Logged epoch 5 info to /public/home/202411094934/python_project/Spatio-Temporal-Library/time-series/2026-06-16/itransformer/finetune20/traffic/time-series/seed_2/training_log.json
[2026-06-16 05:40:47,549][finetune_logger][INFO] - Logged epoch 5 info to /public/home/202411094934/python_project/Spatio-Temporal-Library/time-series/2026-06-16/itransformer/finetune20/traffic/time-series/seed_2/training_log.json
2026-06-16 05:40:47 - finetune_logger - INFO - New best model! Val loss: 0.012564
[2026-06-16 05:40:47,549][finetune_logger][INFO] - New best model! Val loss: 0.012564
2026-06-16 05:41:15 - finetune_logger - INFO - Test metrics: {'MAE': 0.014133008264188285, 'RMSE': 0.029947103721915027}
[2026-06-16 05:41:15,371][finetune_logger][INFO] - Test metrics: {'MAE': 0.014133008264188285, 'RMSE': 0.029947103721915027}
2026-06-16 05:41:15 - finetune_logger - INFO - Test time: 27.78s
[2026-06-16 05:41:15,371][finetune_logger][INFO] - Test time: 27.78s
2026-06-16 05:41:15 - finetune_logger - INFO - Test memory reserved: 178.00 MB
[2026-06-16 05:41:15,371][finetune_logger][INFO] - Test memory reserved: 178.00 MB
2026-06-16 05:41:15 - finetune_logger - INFO - Test memory allocated: 18.11 MB
[2026-06-16 05:41:15,372][finetune_logger][INFO] - Test memory allocated: 18.11 MB
2026-06-16 05:41:15 - finetune_logger - INFO - Epoch 6/20
[2026-06-16 05:41:15,372][finetune_logger][INFO] - Epoch 6/20
2026-06-16 05:45:28 - finetune_logger - INFO - Train loss: 0.01288062965106253
[2026-06-16 05:45:28,517][finetune_logger][INFO] - Train loss: 0.01288062965106253
2026-06-16 05:45:28 - finetune_logger - INFO - Train time: 253.14456415176392s
[2026-06-16 05:45:28,517][finetune_logger][INFO] - Train time: 253.14456415176392s
2026-06-16 05:45:28 - finetune_logger - INFO - Train memory reserved: 178.00 MB
[2026-06-16 05:45:28,517][finetune_logger][INFO] - Train memory reserved: 178.00 MB
2026-06-16 05:45:28 - finetune_logger - INFO - Train memory allocated: 18.11 MB
[2026-06-16 05:45:28,517][finetune_logger][INFO] - Train memory allocated: 18.11 MB
2026-06-16 05:45:28 - finetune_logger - INFO - Current learning rate: 0.0005
[2026-06-16 05:45:28,517][finetune_logger][INFO] - Current learning rate: 0.0005
2026-06-16 05:45:41 - finetune_logger - INFO - Validation metrics: {'MAE': 0.012379815714375363, 'RMSE': 0.027249568142618145}
[2026-06-16 05:45:41,787][finetune_logger][INFO] - Validation metrics: {'MAE': 0.012379815714375363, 'RMSE': 0.027249568142618145}
2026-06-16 05:45:41 - finetune_logger - INFO - Val time: 13.27s
[2026-06-16 05:45:41,787][finetune_logger][INFO] - Val time: 13.27s
2026-06-16 05:45:41 - finetune_logger - INFO - Val memory reserved: 178.00 MB
[2026-06-16 05:45:41,788][finetune_logger][INFO] - Val memory reserved: 178.00 MB
2026-06-16 05:45:41 - finetune_logger - INFO - Val memory allocated: 18.11 MB
[2026-06-16 05:45:41,788][finetune_logger][INFO] - Val memory allocated: 18.11 MB
2026-06-16 05:45:41 - finetune_logger - INFO - Logged epoch 6 info to /public/home/202411094934/python_project/Spatio-Temporal-Library/time-series/2026-06-16/itransformer/finetune20/traffic/time-series/seed_2/training_log.json
[2026-06-16 05:45:41,791][finetune_logger][INFO] - Logged epoch 6 info to /public/home/202411094934/python_project/Spatio-Temporal-Library/time-series/2026-06-16/itransformer/finetune20/traffic/time-series/seed_2/training_log.json
2026-06-16 05:45:41 - finetune_logger - INFO - New best model! Val loss: 0.012380
[2026-06-16 05:45:41,791][finetune_logger][INFO] - New best model! Val loss: 0.012380
2026-06-16 05:46:09 - finetune_logger - INFO - Test metrics: {'MAE': 0.013969445662907715, 'RMSE': 0.02976886922645216}
[2026-06-16 05:46:09,623][finetune_logger][INFO] - Test metrics: {'MAE': 0.013969445662907715, 'RMSE': 0.02976886922645216}
2026-06-16 05:46:09 - finetune_logger - INFO - Test time: 27.79s
[2026-06-16 05:46:09,623][finetune_logger][INFO] - Test time: 27.79s
2026-06-16 05:46:09 - finetune_logger - INFO - Test memory reserved: 178.00 MB
[2026-06-16 05:46:09,623][finetune_logger][INFO] - Test memory reserved: 178.00 MB
2026-06-16 05:46:09 - finetune_logger - INFO - Test memory allocated: 18.11 MB
[2026-06-16 05:46:09,623][finetune_logger][INFO] - Test memory allocated: 18.11 MB
2026-06-16 05:46:09 - finetune_logger - INFO - Epoch 7/20
[2026-06-16 05:46:09,623][finetune_logger][INFO] - Epoch 7/20
2026-06-16 05:50:23 - finetune_logger - INFO - Train loss: 0.01268303257535197
[2026-06-16 05:50:23,140][finetune_logger][INFO] - Train loss: 0.01268303257535197
2026-06-16 05:50:23 - finetune_logger - INFO - Train time: 253.5158622264862s
[2026-06-16 05:50:23,140][finetune_logger][INFO] - Train time: 253.5158622264862s
2026-06-16 05:50:23 - finetune_logger - INFO - Train memory reserved: 178.00 MB
[2026-06-16 05:50:23,140][finetune_logger][INFO] - Train memory reserved: 178.00 MB
2026-06-16 05:50:23 - finetune_logger - INFO - Train memory allocated: 18.11 MB
[2026-06-16 05:50:23,140][finetune_logger][INFO] - Train memory allocated: 18.11 MB
2026-06-16 05:50:23 - finetune_logger - INFO - Current learning rate: 0.0005
[2026-06-16 05:50:23,140][finetune_logger][INFO] - Current learning rate: 0.0005
2026-06-16 05:50:36 - finetune_logger - INFO - Validation metrics: {'MAE': 0.0122701575043919, 'RMSE': 0.02722741171016818}
[2026-06-16 05:50:36,305][finetune_logger][INFO] - Validation metrics: {'MAE': 0.0122701575043919, 'RMSE': 0.02722741171016818}
2026-06-16 05:50:36 - finetune_logger - INFO - Val time: 13.16s
[2026-06-16 05:50:36,305][finetune_logger][INFO] - Val time: 13.16s
2026-06-16 05:50:36 - finetune_logger - INFO - Val memory reserved: 178.00 MB
[2026-06-16 05:50:36,305][finetune_logger][INFO] - Val memory reserved: 178.00 MB
2026-06-16 05:50:36 - finetune_logger - INFO - Val memory allocated: 18.11 MB
[2026-06-16 05:50:36,305][finetune_logger][INFO] - Val memory allocated: 18.11 MB
2026-06-16 05:50:36 - finetune_logger - INFO - Logged epoch 7 info to /public/home/202411094934/python_project/Spatio-Temporal-Library/time-series/2026-06-16/itransformer/finetune20/traffic/time-series/seed_2/training_log.json
[2026-06-16 05:50:36,308][finetune_logger][INFO] - Logged epoch 7 info to /public/home/202411094934/python_project/Spatio-Temporal-Library/time-series/2026-06-16/itransformer/finetune20/traffic/time-series/seed_2/training_log.json
2026-06-16 05:50:36 - finetune_logger - INFO - New best model! Val loss: 0.012270
[2026-06-16 05:50:36,308][finetune_logger][INFO] - New best model! Val loss: 0.012270
2026-06-16 05:51:04 - finetune_logger - INFO - Test metrics: {'MAE': 0.013830924652997541, 'RMSE': 0.02972363664463921}
[2026-06-16 05:51:04,066][finetune_logger][INFO] - Test metrics: {'MAE': 0.013830924652997541, 'RMSE': 0.02972363664463921}
2026-06-16 05:51:04 - finetune_logger - INFO - Test time: 27.71s
[2026-06-16 05:51:04,066][finetune_logger][INFO] - Test time: 27.71s
2026-06-16 05:51:04 - finetune_logger - INFO - Test memory reserved: 178.00 MB
[2026-06-16 05:51:04,066][finetune_logger][INFO] - Test memory reserved: 178.00 MB
2026-06-16 05:51:04 - finetune_logger - INFO - Test memory allocated: 18.11 MB
[2026-06-16 05:51:04,066][finetune_logger][INFO] - Test memory allocated: 18.11 MB
2026-06-16 05:51:04 - finetune_logger - INFO - Epoch 8/20
[2026-06-16 05:51:04,066][finetune_logger][INFO] - Epoch 8/20
2026-06-16 05:55:17 - finetune_logger - INFO - Train loss: 0.012502860057316736
[2026-06-16 05:55:17,515][finetune_logger][INFO] - Train loss: 0.012502860057316736
2026-06-16 05:55:17 - finetune_logger - INFO - Train time: 253.44774842262268s
[2026-06-16 05:55:17,515][finetune_logger][INFO] - Train time: 253.44774842262268s
2026-06-16 05:55:17 - finetune_logger - INFO - Train memory reserved: 178.00 MB
[2026-06-16 05:55:17,515][finetune_logger][INFO] - Train memory reserved: 178.00 MB
2026-06-16 05:55:17 - finetune_logger - INFO - Train memory allocated: 18.11 MB
[2026-06-16 05:55:17,515][finetune_logger][INFO] - Train memory allocated: 18.11 MB
2026-06-16 05:55:17 - finetune_logger - INFO - Current learning rate: 0.0005
[2026-06-16 05:55:17,515][finetune_logger][INFO] - Current learning rate: 0.0005
2026-06-16 05:55:30 - finetune_logger - INFO - Validation metrics: {'MAE': 0.01214460426043118, 'RMSE': 0.02682856389950755}
[2026-06-16 05:55:30,668][finetune_logger][INFO] - Validation metrics: {'MAE': 0.01214460426043118, 'RMSE': 0.02682856389950755}
2026-06-16 05:55:30 - finetune_logger - INFO - Val time: 13.15s
[2026-06-16 05:55:30,668][finetune_logger][INFO] - Val time: 13.15s
2026-06-16 05:55:30 - finetune_logger - INFO - Val memory reserved: 178.00 MB
[2026-06-16 05:55:30,668][finetune_logger][INFO] - Val memory reserved: 178.00 MB
2026-06-16 05:55:30 - finetune_logger - INFO - Val memory allocated: 18.11 MB
[2026-06-16 05:55:30,669][finetune_logger][INFO] - Val memory allocated: 18.11 MB
2026-06-16 05:55:30 - finetune_logger - INFO - Logged epoch 8 info to /public/home/202411094934/python_project/Spatio-Temporal-Library/time-series/2026-06-16/itransformer/finetune20/traffic/time-series/seed_2/training_log.json
[2026-06-16 05:55:30,672][finetune_logger][INFO] - Logged epoch 8 info to /public/home/202411094934/python_project/Spatio-Temporal-Library/time-series/2026-06-16/itransformer/finetune20/traffic/time-series/seed_2/training_log.json
2026-06-16 05:55:30 - finetune_logger - INFO - New best model! Val loss: 0.012145
[2026-06-16 05:55:30,672][finetune_logger][INFO] - New best model! Val loss: 0.012145
2026-06-16 05:55:58 - finetune_logger - INFO - Test metrics: {'MAE': 0.013650621832298333, 'RMSE': 0.029255347211949643}
[2026-06-16 05:55:58,328][finetune_logger][INFO] - Test metrics: {'MAE': 0.013650621832298333, 'RMSE': 0.029255347211949643}
2026-06-16 05:55:58 - finetune_logger - INFO - Test time: 27.61s
[2026-06-16 05:55:58,328][finetune_logger][INFO] - Test time: 27.61s
2026-06-16 05:55:58 - finetune_logger - INFO - Test memory reserved: 178.00 MB
[2026-06-16 05:55:58,328][finetune_logger][INFO] - Test memory reserved: 178.00 MB
2026-06-16 05:55:58 - finetune_logger - INFO - Test memory allocated: 18.11 MB
[2026-06-16 05:55:58,328][finetune_logger][INFO] - Test memory allocated: 18.11 MB
2026-06-16 05:55:58 - finetune_logger - INFO - Epoch 9/20
[2026-06-16 05:55:58,328][finetune_logger][INFO] - Epoch 9/20
2026-06-16 06:00:11 - finetune_logger - INFO - Train loss: 0.01236048017185094
[2026-06-16 06:00:11,775][finetune_logger][INFO] - Train loss: 0.01236048017185094
2026-06-16 06:00:11 - finetune_logger - INFO - Train time: 253.446191072464s
[2026-06-16 06:00:11,775][finetune_logger][INFO] - Train time: 253.446191072464s
2026-06-16 06:00:11 - finetune_logger - INFO - Train memory reserved: 178.00 MB
[2026-06-16 06:00:11,775][finetune_logger][INFO] - Train memory reserved: 178.00 MB
2026-06-16 06:00:11 - finetune_logger - INFO - Train memory allocated: 18.11 MB
[2026-06-16 06:00:11,776][finetune_logger][INFO] - Train memory allocated: 18.11 MB
2026-06-16 06:00:11 - finetune_logger - INFO - Current learning rate: 0.0005
[2026-06-16 06:00:11,776][finetune_logger][INFO] - Current learning rate: 0.0005
2026-06-16 06:00:24 - finetune_logger - INFO - Validation metrics: {'MAE': 0.012147083840618102, 'RMSE': 0.026721413009330886}
[2026-06-16 06:00:24,966][finetune_logger][INFO] - Validation metrics: {'MAE': 0.012147083840618102, 'RMSE': 0.026721413009330886}
2026-06-16 06:00:24 - finetune_logger - INFO - Val time: 13.19s
[2026-06-16 06:00:24,967][finetune_logger][INFO] - Val time: 13.19s
2026-06-16 06:00:24 - finetune_logger - INFO - Val memory reserved: 178.00 MB
[2026-06-16 06:00:24,967][finetune_logger][INFO] - Val memory reserved: 178.00 MB
2026-06-16 06:00:24 - finetune_logger - INFO - Val memory allocated: 18.11 MB
[2026-06-16 06:00:24,967][finetune_logger][INFO] - Val memory allocated: 18.11 MB
2026-06-16 06:00:24 - finetune_logger - INFO - Logged epoch 9 info to /public/home/202411094934/python_project/Spatio-Temporal-Library/time-series/2026-06-16/itransformer/finetune20/traffic/time-series/seed_2/training_log.json
[2026-06-16 06:00:24,970][finetune_logger][INFO] - Logged epoch 9 info to /public/home/202411094934/python_project/Spatio-Temporal-Library/time-series/2026-06-16/itransformer/finetune20/traffic/time-series/seed_2/training_log.json
2026-06-16 06:00:52 - finetune_logger - INFO - Test metrics: {'MAE': 0.013665638883496518, 'RMSE': 0.029132379094187307}
[2026-06-16 06:00:52,754][finetune_logger][INFO] - Test metrics: {'MAE': 0.013665638883496518, 'RMSE': 0.029132379094187307}
2026-06-16 06:00:52 - finetune_logger - INFO - Test time: 27.78s
[2026-06-16 06:00:52,754][finetune_logger][INFO] - Test time: 27.78s
2026-06-16 06:00:52 - finetune_logger - INFO - Test memory reserved: 178.00 MB
[2026-06-16 06:00:52,754][finetune_logger][INFO] - Test memory reserved: 178.00 MB
2026-06-16 06:00:52 - finetune_logger - INFO - Test memory allocated: 18.11 MB
[2026-06-16 06:00:52,754][finetune_logger][INFO] - Test memory allocated: 18.11 MB
2026-06-16 06:00:52 - finetune_logger - INFO - Epoch 10/20
[2026-06-16 06:00:52,754][finetune_logger][INFO] - Epoch 10/20
2026-06-16 06:05:06 - finetune_logger - INFO - Train loss: 0.01223558370298909
[2026-06-16 06:05:06,056][finetune_logger][INFO] - Train loss: 0.01223558370298909
2026-06-16 06:05:06 - finetune_logger - INFO - Train time: 253.30160570144653s
[2026-06-16 06:05:06,057][finetune_logger][INFO] - Train time: 253.30160570144653s
2026-06-16 06:05:06 - finetune_logger - INFO - Train memory reserved: 178.00 MB
[2026-06-16 06:05:06,057][finetune_logger][INFO] - Train memory reserved: 178.00 MB
2026-06-16 06:05:06 - finetune_logger - INFO - Train memory allocated: 18.11 MB
[2026-06-16 06:05:06,057][finetune_logger][INFO] - Train memory allocated: 18.11 MB
2026-06-16 06:05:06 - finetune_logger - INFO - Current learning rate: 0.0005
[2026-06-16 06:05:06,057][finetune_logger][INFO] - Current learning rate: 0.0005
2026-06-16 06:05:19 - finetune_logger - INFO - Validation metrics: {'MAE': 0.011985300877954717, 'RMSE': 0.02672552611378129}
[2026-06-16 06:05:19,229][finetune_logger][INFO] - Validation metrics: {'MAE': 0.011985300877954717, 'RMSE': 0.02672552611378129}
2026-06-16 06:05:19 - finetune_logger - INFO - Val time: 13.17s
[2026-06-16 06:05:19,230][finetune_logger][INFO] - Val time: 13.17s
2026-06-16 06:05:19 - finetune_logger - INFO - Val memory reserved: 178.00 MB
[2026-06-16 06:05:19,230][finetune_logger][INFO] - Val memory reserved: 178.00 MB
2026-06-16 06:05:19 - finetune_logger - INFO - Val memory allocated: 18.11 MB
[2026-06-16 06:05:19,230][finetune_logger][INFO] - Val memory allocated: 18.11 MB
2026-06-16 06:05:19 - finetune_logger - INFO - Logged epoch 10 info to /public/home/202411094934/python_project/Spatio-Temporal-Library/time-series/2026-06-16/itransformer/finetune20/traffic/time-series/seed_2/training_log.json
[2026-06-16 06:05:19,233][finetune_logger][INFO] - Logged epoch 10 info to /public/home/202411094934/python_project/Spatio-Temporal-Library/time-series/2026-06-16/itransformer/finetune20/traffic/time-series/seed_2/training_log.json
2026-06-16 06:05:19 - finetune_logger - INFO - New best model! Val loss: 0.011985
[2026-06-16 06:05:19,233][finetune_logger][INFO] - New best model! Val loss: 0.011985
2026-06-16 06:05:46 - finetune_logger - INFO - Test metrics: {'MAE': 0.013456939008607621, 'RMSE': 0.029085498747234127}
[2026-06-16 06:05:46,999][finetune_logger][INFO] - Test metrics: {'MAE': 0.013456939008607621, 'RMSE': 0.029085498747234127}
2026-06-16 06:05:46 - finetune_logger - INFO - Test time: 27.72s
[2026-06-16 06:05:46,999][finetune_logger][INFO] - Test time: 27.72s
2026-06-16 06:05:46 - finetune_logger - INFO - Test memory reserved: 178.00 MB
[2026-06-16 06:05:46,999][finetune_logger][INFO] - Test memory reserved: 178.00 MB
2026-06-16 06:05:46 - finetune_logger - INFO - Test memory allocated: 18.11 MB
[2026-06-16 06:05:46,999][finetune_logger][INFO] - Test memory allocated: 18.11 MB
2026-06-16 06:05:46 - finetune_logger - INFO - Epoch 11/20
[2026-06-16 06:05:46,999][finetune_logger][INFO] - Epoch 11/20
2026-06-16 06:10:00 - finetune_logger - INFO - Train loss: 0.011955730386868356
[2026-06-16 06:10:00,351][finetune_logger][INFO] - Train loss: 0.011955730386868356
2026-06-16 06:10:00 - finetune_logger - INFO - Train time: 253.35130667686462s
[2026-06-16 06:10:00,351][finetune_logger][INFO] - Train time: 253.35130667686462s
2026-06-16 06:10:00 - finetune_logger - INFO - Train memory reserved: 178.00 MB
[2026-06-16 06:10:00,352][finetune_logger][INFO] - Train memory reserved: 178.00 MB
2026-06-16 06:10:00 - finetune_logger - INFO - Train memory allocated: 18.11 MB
[2026-06-16 06:10:00,352][finetune_logger][INFO] - Train memory allocated: 18.11 MB
2026-06-16 06:10:00 - finetune_logger - INFO - Current learning rate: 0.00025
[2026-06-16 06:10:00,352][finetune_logger][INFO] - Current learning rate: 0.00025
2026-06-16 06:10:13 - finetune_logger - INFO - Validation metrics: {'MAE': 0.011692174927786887, 'RMSE': 0.026512918099164565}
[2026-06-16 06:10:13,740][finetune_logger][INFO] - Validation metrics: {'MAE': 0.011692174927786887, 'RMSE': 0.026512918099164565}
2026-06-16 06:10:13 - finetune_logger - INFO - Val time: 13.39s
[2026-06-16 06:10:13,740][finetune_logger][INFO] - Val time: 13.39s
2026-06-16 06:10:13 - finetune_logger - INFO - Val memory reserved: 178.00 MB
[2026-06-16 06:10:13,740][finetune_logger][INFO] - Val memory reserved: 178.00 MB
2026-06-16 06:10:13 - finetune_logger - INFO - Val memory allocated: 18.11 MB
[2026-06-16 06:10:13,741][finetune_logger][INFO] - Val memory allocated: 18.11 MB
2026-06-16 06:10:13 - finetune_logger - INFO - Logged epoch 11 info to /public/home/202411094934/python_project/Spatio-Temporal-Library/time-series/2026-06-16/itransformer/finetune20/traffic/time-series/seed_2/training_log.json
[2026-06-16 06:10:13,744][finetune_logger][INFO] - Logged epoch 11 info to /public/home/202411094934/python_project/Spatio-Temporal-Library/time-series/2026-06-16/itransformer/finetune20/traffic/time-series/seed_2/training_log.json
2026-06-16 06:10:13 - finetune_logger - INFO - New best model! Val loss: 0.011692
[2026-06-16 06:10:13,744][finetune_logger][INFO] - New best model! Val loss: 0.011692
2026-06-16 06:10:41 - finetune_logger - INFO - Test metrics: {'MAE': 0.013168330457399121, 'RMSE': 0.028865003767788045}
[2026-06-16 06:10:41,605][finetune_logger][INFO] - Test metrics: {'MAE': 0.013168330457399121, 'RMSE': 0.028865003767788045}
2026-06-16 06:10:41 - finetune_logger - INFO - Test time: 27.82s
[2026-06-16 06:10:41,605][finetune_logger][INFO] - Test time: 27.82s
2026-06-16 06:10:41 - finetune_logger - INFO - Test memory reserved: 178.00 MB
[2026-06-16 06:10:41,605][finetune_logger][INFO] - Test memory reserved: 178.00 MB
2026-06-16 06:10:41 - finetune_logger - INFO - Test memory allocated: 18.11 MB
[2026-06-16 06:10:41,605][finetune_logger][INFO] - Test memory allocated: 18.11 MB
2026-06-16 06:10:41 - finetune_logger - INFO - Epoch 12/20
[2026-06-16 06:10:41,605][finetune_logger][INFO] - Epoch 12/20
2026-06-16 06:14:55 - finetune_logger - INFO - Train loss: 0.011904990653780326
[2026-06-16 06:14:55,040][finetune_logger][INFO] - Train loss: 0.011904990653780326
2026-06-16 06:14:55 - finetune_logger - INFO - Train time: 253.43427443504333s
[2026-06-16 06:14:55,040][finetune_logger][INFO] - Train time: 253.43427443504333s
2026-06-16 06:14:55 - finetune_logger - INFO - Train memory reserved: 178.00 MB
[2026-06-16 06:14:55,041][finetune_logger][INFO] - Train memory reserved: 178.00 MB
2026-06-16 06:14:55 - finetune_logger - INFO - Train memory allocated: 18.11 MB
[2026-06-16 06:14:55,041][finetune_logger][INFO] - Train memory allocated: 18.11 MB
2026-06-16 06:14:55 - finetune_logger - INFO - Current learning rate: 0.00025
[2026-06-16 06:14:55,041][finetune_logger][INFO] - Current learning rate: 0.00025
2026-06-16 06:15:08 - finetune_logger - INFO - Validation metrics: {'MAE': 0.01176116432934955, 'RMSE': 0.02653012128100744}
[2026-06-16 06:15:08,301][finetune_logger][INFO] - Validation metrics: {'MAE': 0.01176116432934955, 'RMSE': 0.02653012128100744}
2026-06-16 06:15:08 - finetune_logger - INFO - Val time: 13.26s
[2026-06-16 06:15:08,301][finetune_logger][INFO] - Val time: 13.26s
2026-06-16 06:15:08 - finetune_logger - INFO - Val memory reserved: 178.00 MB
[2026-06-16 06:15:08,301][finetune_logger][INFO] - Val memory reserved: 178.00 MB
2026-06-16 06:15:08 - finetune_logger - INFO - Val memory allocated: 18.11 MB
[2026-06-16 06:15:08,302][finetune_logger][INFO] - Val memory allocated: 18.11 MB
2026-06-16 06:15:08 - finetune_logger - INFO - Logged epoch 12 info to /public/home/202411094934/python_project/Spatio-Temporal-Library/time-series/2026-06-16/itransformer/finetune20/traffic/time-series/seed_2/training_log.json
[2026-06-16 06:15:08,305][finetune_logger][INFO] - Logged epoch 12 info to /public/home/202411094934/python_project/Spatio-Temporal-Library/time-series/2026-06-16/itransformer/finetune20/traffic/time-series/seed_2/training_log.json
2026-06-16 06:15:36 - finetune_logger - INFO - Test metrics: {'MAE': 0.01320994221669733, 'RMSE': 0.028841879528399218}
[2026-06-16 06:15:36,048][finetune_logger][INFO] - Test metrics: {'MAE': 0.01320994221669733, 'RMSE': 0.028841879528399218}
2026-06-16 06:15:36 - finetune_logger - INFO - Test time: 27.74s
[2026-06-16 06:15:36,048][finetune_logger][INFO] - Test time: 27.74s
2026-06-16 06:15:36 - finetune_logger - INFO - Test memory reserved: 178.00 MB
[2026-06-16 06:15:36,048][finetune_logger][INFO] - Test memory reserved: 178.00 MB
2026-06-16 06:15:36 - finetune_logger - INFO - Test memory allocated: 18.11 MB
[2026-06-16 06:15:36,048][finetune_logger][INFO] - Test memory allocated: 18.11 MB
2026-06-16 06:15:36 - finetune_logger - INFO - Epoch 13/20
[2026-06-16 06:15:36,048][finetune_logger][INFO] - Epoch 13/20
2026-06-16 06:19:49 - finetune_logger - INFO - Train loss: 0.011853091251685875
[2026-06-16 06:19:49,249][finetune_logger][INFO] - Train loss: 0.011853091251685875
2026-06-16 06:19:49 - finetune_logger - INFO - Train time: 253.20027089118958s
[2026-06-16 06:19:49,249][finetune_logger][INFO] - Train time: 253.20027089118958s
2026-06-16 06:19:49 - finetune_logger - INFO - Train memory reserved: 178.00 MB
[2026-06-16 06:19:49,250][finetune_logger][INFO] - Train memory reserved: 178.00 MB
2026-06-16 06:19:49 - finetune_logger - INFO - Train memory allocated: 18.11 MB
[2026-06-16 06:19:49,250][finetune_logger][INFO] - Train memory allocated: 18.11 MB
2026-06-16 06:19:49 - finetune_logger - INFO - Current learning rate: 0.00025
[2026-06-16 06:19:49,250][finetune_logger][INFO] - Current learning rate: 0.00025
2026-06-16 06:20:02 - finetune_logger - INFO - Validation metrics: {'MAE': 0.011672392606814729, 'RMSE': 0.026495785702807684}
[2026-06-16 06:20:02,436][finetune_logger][INFO] - Validation metrics: {'MAE': 0.011672392606814729, 'RMSE': 0.026495785702807684}
2026-06-16 06:20:02 - finetune_logger - INFO - Val time: 13.19s
[2026-06-16 06:20:02,437][finetune_logger][INFO] - Val time: 13.19s
2026-06-16 06:20:02 - finetune_logger - INFO - Val memory reserved: 178.00 MB
[2026-06-16 06:20:02,437][finetune_logger][INFO] - Val memory reserved: 178.00 MB
2026-06-16 06:20:02 - finetune_logger - INFO - Val memory allocated: 18.11 MB
[2026-06-16 06:20:02,437][finetune_logger][INFO] - Val memory allocated: 18.11 MB
2026-06-16 06:20:02 - finetune_logger - INFO - Logged epoch 13 info to /public/home/202411094934/python_project/Spatio-Temporal-Library/time-series/2026-06-16/itransformer/finetune20/traffic/time-series/seed_2/training_log.json
[2026-06-16 06:20:02,440][finetune_logger][INFO] - Logged epoch 13 info to /public/home/202411094934/python_project/Spatio-Temporal-Library/time-series/2026-06-16/itransformer/finetune20/traffic/time-series/seed_2/training_log.json
2026-06-16 06:20:02 - finetune_logger - INFO - New best model! Val loss: 0.011672
[2026-06-16 06:20:02,440][finetune_logger][INFO] - New best model! Val loss: 0.011672
2026-06-16 06:20:30 - finetune_logger - INFO - Test metrics: {'MAE': 0.013128979137015684, 'RMSE': 0.028815757827733136}
[2026-06-16 06:20:30,228][finetune_logger][INFO] - Test metrics: {'MAE': 0.013128979137015684, 'RMSE': 0.028815757827733136}
2026-06-16 06:20:30 - finetune_logger - INFO - Test time: 27.74s
[2026-06-16 06:20:30,228][finetune_logger][INFO] - Test time: 27.74s
2026-06-16 06:20:30 - finetune_logger - INFO - Test memory reserved: 178.00 MB
[2026-06-16 06:20:30,228][finetune_logger][INFO] - Test memory reserved: 178.00 MB
2026-06-16 06:20:30 - finetune_logger - INFO - Test memory allocated: 18.11 MB
[2026-06-16 06:20:30,228][finetune_logger][INFO] - Test memory allocated: 18.11 MB
2026-06-16 06:20:30 - finetune_logger - INFO - Epoch 14/20
[2026-06-16 06:20:30,229][finetune_logger][INFO] - Epoch 14/20
2026-06-16 06:24:43 - finetune_logger - INFO - Train loss: 0.011797996092618689
[2026-06-16 06:24:43,277][finetune_logger][INFO] - Train loss: 0.011797996092618689
2026-06-16 06:24:43 - finetune_logger - INFO - Train time: 253.04840230941772s
[2026-06-16 06:24:43,278][finetune_logger][INFO] - Train time: 253.04840230941772s
2026-06-16 06:24:43 - finetune_logger - INFO - Train memory reserved: 178.00 MB
[2026-06-16 06:24:43,278][finetune_logger][INFO] - Train memory reserved: 178.00 MB
2026-06-16 06:24:43 - finetune_logger - INFO - Train memory allocated: 18.11 MB
[2026-06-16 06:24:43,278][finetune_logger][INFO] - Train memory allocated: 18.11 MB
2026-06-16 06:24:43 - finetune_logger - INFO - Current learning rate: 0.00025
[2026-06-16 06:24:43,278][finetune_logger][INFO] - Current learning rate: 0.00025
2026-06-16 06:24:56 - finetune_logger - INFO - Validation metrics: {'MAE': 0.011598367157645052, 'RMSE': 0.026346508122786664}
[2026-06-16 06:24:56,391][finetune_logger][INFO] - Validation metrics: {'MAE': 0.011598367157645052, 'RMSE': 0.026346508122786664}
2026-06-16 06:24:56 - finetune_logger - INFO - Val time: 13.11s
[2026-06-16 06:24:56,392][finetune_logger][INFO] - Val time: 13.11s
2026-06-16 06:24:56 - finetune_logger - INFO - Val memory reserved: 178.00 MB
[2026-06-16 06:24:56,392][finetune_logger][INFO] - Val memory reserved: 178.00 MB
2026-06-16 06:24:56 - finetune_logger - INFO - Val memory allocated: 18.11 MB
[2026-06-16 06:24:56,392][finetune_logger][INFO] - Val memory allocated: 18.11 MB
2026-06-16 06:24:56 - finetune_logger - INFO - Logged epoch 14 info to /public/home/202411094934/python_project/Spatio-Temporal-Library/time-series/2026-06-16/itransformer/finetune20/traffic/time-series/seed_2/training_log.json
[2026-06-16 06:24:56,397][finetune_logger][INFO] - Logged epoch 14 info to /public/home/202411094934/python_project/Spatio-Temporal-Library/time-series/2026-06-16/itransformer/finetune20/traffic/time-series/seed_2/training_log.json
2026-06-16 06:24:56 - finetune_logger - INFO - New best model! Val loss: 0.011598
[2026-06-16 06:24:56,397][finetune_logger][INFO] - New best model! Val loss: 0.011598
2026-06-16 06:25:24 - finetune_logger - INFO - Test metrics: {'MAE': 0.013054620590455788, 'RMSE': 0.0286461429129685}
[2026-06-16 06:25:24,141][finetune_logger][INFO] - Test metrics: {'MAE': 0.013054620590455788, 'RMSE': 0.0286461429129685}
2026-06-16 06:25:24 - finetune_logger - INFO - Test time: 27.70s
[2026-06-16 06:25:24,142][finetune_logger][INFO] - Test time: 27.70s
2026-06-16 06:25:24 - finetune_logger - INFO - Test memory reserved: 178.00 MB
[2026-06-16 06:25:24,142][finetune_logger][INFO] - Test memory reserved: 178.00 MB
2026-06-16 06:25:24 - finetune_logger - INFO - Test memory allocated: 18.11 MB
[2026-06-16 06:25:24,142][finetune_logger][INFO] - Test memory allocated: 18.11 MB
2026-06-16 06:25:24 - finetune_logger - INFO - Epoch 15/20
[2026-06-16 06:25:24,142][finetune_logger][INFO] - Epoch 15/20
2026-06-16 06:29:37 - finetune_logger - INFO - Train loss: 0.011751048812940874
[2026-06-16 06:29:37,334][finetune_logger][INFO] - Train loss: 0.011751048812940874
2026-06-16 06:29:37 - finetune_logger - INFO - Train time: 253.19189167022705s
[2026-06-16 06:29:37,335][finetune_logger][INFO] - Train time: 253.19189167022705s
2026-06-16 06:29:37 - finetune_logger - INFO - Train memory reserved: 178.00 MB
[2026-06-16 06:29:37,335][finetune_logger][INFO] - Train memory reserved: 178.00 MB
2026-06-16 06:29:37 - finetune_logger - INFO - Train memory allocated: 18.11 MB
[2026-06-16 06:29:37,335][finetune_logger][INFO] - Train memory allocated: 18.11 MB
2026-06-16 06:29:37 - finetune_logger - INFO - Current learning rate: 0.00025
[2026-06-16 06:29:37,335][finetune_logger][INFO] - Current learning rate: 0.00025
2026-06-16 06:29:50 - finetune_logger - INFO - Validation metrics: {'MAE': 0.011575187328429994, 'RMSE': 0.02641118825068464}
[2026-06-16 06:29:50,575][finetune_logger][INFO] - Validation metrics: {'MAE': 0.011575187328429994, 'RMSE': 0.02641118825068464}
2026-06-16 06:29:50 - finetune_logger - INFO - Val time: 13.24s
[2026-06-16 06:29:50,576][finetune_logger][INFO] - Val time: 13.24s
2026-06-16 06:29:50 - finetune_logger - INFO - Val memory reserved: 178.00 MB
[2026-06-16 06:29:50,576][finetune_logger][INFO] - Val memory reserved: 178.00 MB
2026-06-16 06:29:50 - finetune_logger - INFO - Val memory allocated: 18.11 MB
[2026-06-16 06:29:50,576][finetune_logger][INFO] - Val memory allocated: 18.11 MB
2026-06-16 06:29:50 - finetune_logger - INFO - Logged epoch 15 info to /public/home/202411094934/python_project/Spatio-Temporal-Library/time-series/2026-06-16/itransformer/finetune20/traffic/time-series/seed_2/training_log.json
[2026-06-16 06:29:50,579][finetune_logger][INFO] - Logged epoch 15 info to /public/home/202411094934/python_project/Spatio-Temporal-Library/time-series/2026-06-16/itransformer/finetune20/traffic/time-series/seed_2/training_log.json
2026-06-16 06:29:50 - finetune_logger - INFO - New best model! Val loss: 0.011575
[2026-06-16 06:29:50,580][finetune_logger][INFO] - New best model! Val loss: 0.011575
2026-06-16 06:30:18 - finetune_logger - INFO - Test metrics: {'MAE': 0.01299386479807429, 'RMSE': 0.028669643642440974}
[2026-06-16 06:30:18,437][finetune_logger][INFO] - Test metrics: {'MAE': 0.01299386479807429, 'RMSE': 0.028669643642440974}
2026-06-16 06:30:18 - finetune_logger - INFO - Test time: 27.81s
[2026-06-16 06:30:18,437][finetune_logger][INFO] - Test time: 27.81s
2026-06-16 06:30:18 - finetune_logger - INFO - Test memory reserved: 178.00 MB
[2026-06-16 06:30:18,437][finetune_logger][INFO] - Test memory reserved: 178.00 MB
2026-06-16 06:30:18 - finetune_logger - INFO - Test memory allocated: 18.11 MB
[2026-06-16 06:30:18,438][finetune_logger][INFO] - Test memory allocated: 18.11 MB
2026-06-16 06:30:18 - finetune_logger - INFO - Epoch 16/20
[2026-06-16 06:30:18,438][finetune_logger][INFO] - Epoch 16/20
2026-06-16 06:34:31 - finetune_logger - INFO - Train loss: 0.011705157156808994
[2026-06-16 06:34:31,834][finetune_logger][INFO] - Train loss: 0.011705157156808994
2026-06-16 06:34:31 - finetune_logger - INFO - Train time: 253.39615082740784s
[2026-06-16 06:34:31,835][finetune_logger][INFO] - Train time: 253.39615082740784s
2026-06-16 06:34:31 - finetune_logger - INFO - Train memory reserved: 178.00 MB
[2026-06-16 06:34:31,835][finetune_logger][INFO] - Train memory reserved: 178.00 MB
2026-06-16 06:34:31 - finetune_logger - INFO - Train memory allocated: 18.11 MB
[2026-06-16 06:34:31,835][finetune_logger][INFO] - Train memory allocated: 18.11 MB
2026-06-16 06:34:31 - finetune_logger - INFO - Current learning rate: 0.00025
[2026-06-16 06:34:31,835][finetune_logger][INFO] - Current learning rate: 0.00025
2026-06-16 06:34:45 - finetune_logger - INFO - Validation metrics: {'MAE': 0.011475763588104962, 'RMSE': 0.02634603945442717}
[2026-06-16 06:34:45,048][finetune_logger][INFO] - Validation metrics: {'MAE': 0.011475763588104962, 'RMSE': 0.02634603945442717}
2026-06-16 06:34:45 - finetune_logger - INFO - Val time: 13.21s
[2026-06-16 06:34:45,048][finetune_logger][INFO] - Val time: 13.21s
2026-06-16 06:34:45 - finetune_logger - INFO - Val memory reserved: 178.00 MB
[2026-06-16 06:34:45,049][finetune_logger][INFO] - Val memory reserved: 178.00 MB
2026-06-16 06:34:45 - finetune_logger - INFO - Val memory allocated: 18.11 MB
[2026-06-16 06:34:45,049][finetune_logger][INFO] - Val memory allocated: 18.11 MB
2026-06-16 06:34:45 - finetune_logger - INFO - Logged epoch 16 info to /public/home/202411094934/python_project/Spatio-Temporal-Library/time-series/2026-06-16/itransformer/finetune20/traffic/time-series/seed_2/training_log.json
[2026-06-16 06:34:45,052][finetune_logger][INFO] - Logged epoch 16 info to /public/home/202411094934/python_project/Spatio-Temporal-Library/time-series/2026-06-16/itransformer/finetune20/traffic/time-series/seed_2/training_log.json
2026-06-16 06:34:45 - finetune_logger - INFO - New best model! Val loss: 0.011476
[2026-06-16 06:34:45,052][finetune_logger][INFO] - New best model! Val loss: 0.011476
2026-06-16 06:35:12 - finetune_logger - INFO - Test metrics: {'MAE': 0.012927653356963125, 'RMSE': 0.02862761677822213}
[2026-06-16 06:35:12,850][finetune_logger][INFO] - Test metrics: {'MAE': 0.012927653356963125, 'RMSE': 0.02862761677822213}
2026-06-16 06:35:12 - finetune_logger - INFO - Test time: 27.75s
[2026-06-16 06:35:12,850][finetune_logger][INFO] - Test time: 27.75s
2026-06-16 06:35:12 - finetune_logger - INFO - Test memory reserved: 178.00 MB
[2026-06-16 06:35:12,851][finetune_logger][INFO] - Test memory reserved: 178.00 MB
2026-06-16 06:35:12 - finetune_logger - INFO - Test memory allocated: 18.11 MB
[2026-06-16 06:35:12,851][finetune_logger][INFO] - Test memory allocated: 18.11 MB
2026-06-16 06:35:12 - finetune_logger - INFO - Epoch 17/20
[2026-06-16 06:35:12,851][finetune_logger][INFO] - Epoch 17/20
2026-06-16 06:39:26 - finetune_logger - INFO - Train loss: 0.011660964978614853
[2026-06-16 06:39:26,180][finetune_logger][INFO] - Train loss: 0.011660964978614853
2026-06-16 06:39:26 - finetune_logger - INFO - Train time: 253.32857275009155s
[2026-06-16 06:39:26,180][finetune_logger][INFO] - Train time: 253.32857275009155s
2026-06-16 06:39:26 - finetune_logger - INFO - Train memory reserved: 178.00 MB
[2026-06-16 06:39:26,180][finetune_logger][INFO] - Train memory reserved: 178.00 MB
2026-06-16 06:39:26 - finetune_logger - INFO - Train memory allocated: 18.11 MB
[2026-06-16 06:39:26,180][finetune_logger][INFO] - Train memory allocated: 18.11 MB
2026-06-16 06:39:26 - finetune_logger - INFO - Current learning rate: 0.00025
[2026-06-16 06:39:26,181][finetune_logger][INFO] - Current learning rate: 0.00025
2026-06-16 06:39:39 - finetune_logger - INFO - Validation metrics: {'MAE': 0.0114377576589405, 'RMSE': 0.026397458924411726}
[2026-06-16 06:39:39,409][finetune_logger][INFO] - Validation metrics: {'MAE': 0.0114377576589405, 'RMSE': 0.026397458924411726}
2026-06-16 06:39:39 - finetune_logger - INFO - Val time: 13.23s
[2026-06-16 06:39:39,409][finetune_logger][INFO] - Val time: 13.23s
2026-06-16 06:39:39 - finetune_logger - INFO - Val memory reserved: 178.00 MB
[2026-06-16 06:39:39,409][finetune_logger][INFO] - Val memory reserved: 178.00 MB
2026-06-16 06:39:39 - finetune_logger - INFO - Val memory allocated: 18.11 MB
[2026-06-16 06:39:39,409][finetune_logger][INFO] - Val memory allocated: 18.11 MB
2026-06-16 06:39:39 - finetune_logger - INFO - Logged epoch 17 info to /public/home/202411094934/python_project/Spatio-Temporal-Library/time-series/2026-06-16/itransformer/finetune20/traffic/time-series/seed_2/training_log.json
[2026-06-16 06:39:39,413][finetune_logger][INFO] - Logged epoch 17 info to /public/home/202411094934/python_project/Spatio-Temporal-Library/time-series/2026-06-16/itransformer/finetune20/traffic/time-series/seed_2/training_log.json
2026-06-16 06:39:39 - finetune_logger - INFO - New best model! Val loss: 0.011438
[2026-06-16 06:39:39,413][finetune_logger][INFO] - New best model! Val loss: 0.011438
2026-06-16 06:40:07 - finetune_logger - INFO - Test metrics: {'MAE': 0.01289243348652409, 'RMSE': 0.02866100854370533}
[2026-06-16 06:40:07,123][finetune_logger][INFO] - Test metrics: {'MAE': 0.01289243348652409, 'RMSE': 0.02866100854370533}
2026-06-16 06:40:07 - finetune_logger - INFO - Test time: 27.67s
[2026-06-16 06:40:07,124][finetune_logger][INFO] - Test time: 27.67s
2026-06-16 06:40:07 - finetune_logger - INFO - Test memory reserved: 178.00 MB
[2026-06-16 06:40:07,124][finetune_logger][INFO] - Test memory reserved: 178.00 MB
2026-06-16 06:40:07 - finetune_logger - INFO - Test memory allocated: 18.11 MB
[2026-06-16 06:40:07,124][finetune_logger][INFO] - Test memory allocated: 18.11 MB
2026-06-16 06:40:07 - finetune_logger - INFO - Epoch 18/20
[2026-06-16 06:40:07,124][finetune_logger][INFO] - Epoch 18/20
2026-06-16 06:44:20 - finetune_logger - INFO - Train loss: 0.011622648527594048
[2026-06-16 06:44:20,403][finetune_logger][INFO] - Train loss: 0.011622648527594048
2026-06-16 06:44:20 - finetune_logger - INFO - Train time: 253.27852249145508s
[2026-06-16 06:44:20,403][finetune_logger][INFO] - Train time: 253.27852249145508s
2026-06-16 06:44:20 - finetune_logger - INFO - Train memory reserved: 178.00 MB
[2026-06-16 06:44:20,403][finetune_logger][INFO] - Train memory reserved: 178.00 MB
2026-06-16 06:44:20 - finetune_logger - INFO - Train memory allocated: 18.11 MB
[2026-06-16 06:44:20,404][finetune_logger][INFO] - Train memory allocated: 18.11 MB
2026-06-16 06:44:20 - finetune_logger - INFO - Current learning rate: 0.00025
[2026-06-16 06:44:20,404][finetune_logger][INFO] - Current learning rate: 0.00025
2026-06-16 06:44:33 - finetune_logger - INFO - Validation metrics: {'MAE': 0.01144957064332227, 'RMSE': 0.02633343749941187}
[2026-06-16 06:44:33,628][finetune_logger][INFO] - Validation metrics: {'MAE': 0.01144957064332227, 'RMSE': 0.02633343749941187}
2026-06-16 06:44:33 - finetune_logger - INFO - Val time: 13.22s
[2026-06-16 06:44:33,628][finetune_logger][INFO] - Val time: 13.22s
2026-06-16 06:44:33 - finetune_logger - INFO - Val memory reserved: 178.00 MB
[2026-06-16 06:44:33,628][finetune_logger][INFO] - Val memory reserved: 178.00 MB
2026-06-16 06:44:33 - finetune_logger - INFO - Val memory allocated: 18.11 MB
[2026-06-16 06:44:33,628][finetune_logger][INFO] - Val memory allocated: 18.11 MB
2026-06-16 06:44:33 - finetune_logger - INFO - Logged epoch 18 info to /public/home/202411094934/python_project/Spatio-Temporal-Library/time-series/2026-06-16/itransformer/finetune20/traffic/time-series/seed_2/training_log.json
[2026-06-16 06:44:33,632][finetune_logger][INFO] - Logged epoch 18 info to /public/home/202411094934/python_project/Spatio-Temporal-Library/time-series/2026-06-16/itransformer/finetune20/traffic/time-series/seed_2/training_log.json
2026-06-16 06:45:01 - finetune_logger - INFO - Test metrics: {'MAE': 0.012869016042754549, 'RMSE': 0.02857387415469606}
[2026-06-16 06:45:01,322][finetune_logger][INFO] - Test metrics: {'MAE': 0.012869016042754549, 'RMSE': 0.02857387415469606}
2026-06-16 06:45:01 - finetune_logger - INFO - Test time: 27.69s
[2026-06-16 06:45:01,322][finetune_logger][INFO] - Test time: 27.69s
2026-06-16 06:45:01 - finetune_logger - INFO - Test memory reserved: 178.00 MB
[2026-06-16 06:45:01,322][finetune_logger][INFO] - Test memory reserved: 178.00 MB
2026-06-16 06:45:01 - finetune_logger - INFO - Test memory allocated: 18.11 MB
[2026-06-16 06:45:01,322][finetune_logger][INFO] - Test memory allocated: 18.11 MB
2026-06-16 06:45:01 - finetune_logger - INFO - Epoch 19/20
[2026-06-16 06:45:01,322][finetune_logger][INFO] - Epoch 19/20
2026-06-16 06:49:14 - finetune_logger - INFO - Train loss: 0.011579994794151643
[2026-06-16 06:49:14,534][finetune_logger][INFO] - Train loss: 0.011579994794151643
2026-06-16 06:49:14 - finetune_logger - INFO - Train time: 253.21138286590576s
[2026-06-16 06:49:14,534][finetune_logger][INFO] - Train time: 253.21138286590576s
2026-06-16 06:49:14 - finetune_logger - INFO - Train memory reserved: 178.00 MB
[2026-06-16 06:49:14,535][finetune_logger][INFO] - Train memory reserved: 178.00 MB
2026-06-16 06:49:14 - finetune_logger - INFO - Train memory allocated: 18.11 MB
[2026-06-16 06:49:14,535][finetune_logger][INFO] - Train memory allocated: 18.11 MB
2026-06-16 06:49:14 - finetune_logger - INFO - Current learning rate: 0.00025
[2026-06-16 06:49:14,535][finetune_logger][INFO] - Current learning rate: 0.00025
2026-06-16 06:49:27 - finetune_logger - INFO - Validation metrics: {'MAE': 0.011378195105720692, 'RMSE': 0.026274809257199997}
[2026-06-16 06:49:27,800][finetune_logger][INFO] - Validation metrics: {'MAE': 0.011378195105720692, 'RMSE': 0.026274809257199997}
2026-06-16 06:49:27 - finetune_logger - INFO - Val time: 13.26s
[2026-06-16 06:49:27,800][finetune_logger][INFO] - Val time: 13.26s
2026-06-16 06:49:27 - finetune_logger - INFO - Val memory reserved: 178.00 MB
[2026-06-16 06:49:27,800][finetune_logger][INFO] - Val memory reserved: 178.00 MB
2026-06-16 06:49:27 - finetune_logger - INFO - Val memory allocated: 18.11 MB
[2026-06-16 06:49:27,800][finetune_logger][INFO] - Val memory allocated: 18.11 MB
2026-06-16 06:49:27 - finetune_logger - INFO - Logged epoch 19 info to /public/home/202411094934/python_project/Spatio-Temporal-Library/time-series/2026-06-16/itransformer/finetune20/traffic/time-series/seed_2/training_log.json
[2026-06-16 06:49:27,804][finetune_logger][INFO] - Logged epoch 19 info to /public/home/202411094934/python_project/Spatio-Temporal-Library/time-series/2026-06-16/itransformer/finetune20/traffic/time-series/seed_2/training_log.json
2026-06-16 06:49:27 - finetune_logger - INFO - New best model! Val loss: 0.011378
[2026-06-16 06:49:27,804][finetune_logger][INFO] - New best model! Val loss: 0.011378
2026-06-16 06:49:55 - finetune_logger - INFO - Test metrics: {'MAE': 0.012808582593848554, 'RMSE': 0.028507875929230268}
[2026-06-16 06:49:55,556][finetune_logger][INFO] - Test metrics: {'MAE': 0.012808582593848554, 'RMSE': 0.028507875929230268}
2026-06-16 06:49:55 - finetune_logger - INFO - Test time: 27.71s
[2026-06-16 06:49:55,556][finetune_logger][INFO] - Test time: 27.71s
2026-06-16 06:49:55 - finetune_logger - INFO - Test memory reserved: 178.00 MB
[2026-06-16 06:49:55,556][finetune_logger][INFO] - Test memory reserved: 178.00 MB
2026-06-16 06:49:55 - finetune_logger - INFO - Test memory allocated: 18.11 MB
[2026-06-16 06:49:55,556][finetune_logger][INFO] - Test memory allocated: 18.11 MB
2026-06-16 06:49:55 - finetune_logger - INFO - Epoch 20/20
[2026-06-16 06:49:55,557][finetune_logger][INFO] - Epoch 20/20
2026-06-16 06:54:08 - finetune_logger - INFO - Train loss: 0.011547279705268258
[2026-06-16 06:54:08,845][finetune_logger][INFO] - Train loss: 0.011547279705268258
2026-06-16 06:54:08 - finetune_logger - INFO - Train time: 253.28746438026428s
[2026-06-16 06:54:08,845][finetune_logger][INFO] - Train time: 253.28746438026428s
2026-06-16 06:54:08 - finetune_logger - INFO - Train memory reserved: 178.00 MB
[2026-06-16 06:54:08,845][finetune_logger][INFO] - Train memory reserved: 178.00 MB
2026-06-16 06:54:08 - finetune_logger - INFO - Train memory allocated: 18.11 MB
[2026-06-16 06:54:08,845][finetune_logger][INFO] - Train memory allocated: 18.11 MB
2026-06-16 06:54:08 - finetune_logger - INFO - Current learning rate: 0.00025
[2026-06-16 06:54:08,845][finetune_logger][INFO] - Current learning rate: 0.00025
2026-06-16 06:54:22 - finetune_logger - INFO - Validation metrics: {'MAE': 0.011374288208762755, 'RMSE': 0.026293329514309533}
[2026-06-16 06:54:22,074][finetune_logger][INFO] - Validation metrics: {'MAE': 0.011374288208762755, 'RMSE': 0.026293329514309533}
2026-06-16 06:54:22 - finetune_logger - INFO - Val time: 13.23s
[2026-06-16 06:54:22,074][finetune_logger][INFO] - Val time: 13.23s
2026-06-16 06:54:22 - finetune_logger - INFO - Val memory reserved: 178.00 MB
[2026-06-16 06:54:22,074][finetune_logger][INFO] - Val memory reserved: 178.00 MB
2026-06-16 06:54:22 - finetune_logger - INFO - Val memory allocated: 18.11 MB
[2026-06-16 06:54:22,075][finetune_logger][INFO] - Val memory allocated: 18.11 MB
2026-06-16 06:54:22 - finetune_logger - INFO - Logged epoch 20 info to /public/home/202411094934/python_project/Spatio-Temporal-Library/time-series/2026-06-16/itransformer/finetune20/traffic/time-series/seed_2/training_log.json
[2026-06-16 06:54:22,078][finetune_logger][INFO] - Logged epoch 20 info to /public/home/202411094934/python_project/Spatio-Temporal-Library/time-series/2026-06-16/itransformer/finetune20/traffic/time-series/seed_2/training_log.json
2026-06-16 06:54:22 - finetune_logger - INFO - New best model! Val loss: 0.011374
[2026-06-16 06:54:22,079][finetune_logger][INFO] - New best model! Val loss: 0.011374
2026-06-16 06:54:49 - finetune_logger - INFO - Test metrics: {'MAE': 0.01281936738022051, 'RMSE': 0.0285558645849541}
[2026-06-16 06:54:49,809][finetune_logger][INFO] - Test metrics: {'MAE': 0.01281936738022051, 'RMSE': 0.0285558645849541}
2026-06-16 06:54:49 - finetune_logger - INFO - Test time: 27.69s
[2026-06-16 06:54:49,810][finetune_logger][INFO] - Test time: 27.69s
2026-06-16 06:54:49 - finetune_logger - INFO - Test memory reserved: 178.00 MB
[2026-06-16 06:54:49,810][finetune_logger][INFO] - Test memory reserved: 178.00 MB
2026-06-16 06:54:49 - finetune_logger - INFO - Test memory allocated: 18.11 MB
[2026-06-16 06:54:49,810][finetune_logger][INFO] - Test memory allocated: 18.11 MB
2026-06-16 06:54:49 - finetune_logger - INFO - Training completed. Best epoch: 20, Best val loss: 0.011374
[2026-06-16 06:54:49,810][finetune_logger][INFO] - Training completed. Best epoch: 20, Best val loss: 0.011374
2026-06-16 06:54:49 - finetune_logger - INFO - Loaded checkpoint from epoch 20
[2026-06-16 06:54:49,928][finetune_logger][INFO] - Loaded checkpoint from epoch 20
2026-06-16 06:54:49 - finetune_logger - INFO - Evaluating best model on test sets...
[2026-06-16 06:54:49,928][finetune_logger][INFO] - Evaluating best model on test sets...
2026-06-16 06:55:17 - finetune_logger - INFO - Test metrics: {'MAE': 0.01281936738022051, 'RMSE': 0.0285558645849541}
[2026-06-16 06:55:17,745][finetune_logger][INFO] - Test metrics: {'MAE': 0.01281936738022051, 'RMSE': 0.0285558645849541}
2026-06-16 06:55:17 - finetune_logger - INFO - Test time: 27.82s
[2026-06-16 06:55:17,745][finetune_logger][INFO] - Test time: 27.82s
2026-06-16 06:55:17 - finetune_logger - INFO - Test memory reserved: 178.00 MB
[2026-06-16 06:55:17,745][finetune_logger][INFO] - Test memory reserved: 178.00 MB
2026-06-16 06:55:17 - finetune_logger - INFO - Test memory allocated: 18.15 MB
[2026-06-16 06:55:17,745][finetune_logger][INFO] - Test memory allocated: 18.15 MB
2026-06-16 06:55:17 - finetune_logger - INFO - Logged epoch test info to /public/home/202411094934/python_project/Spatio-Temporal-Library/time-series/2026-06-16/itransformer/finetune20/traffic/time-series/seed_2/training_log.json
[2026-06-16 06:55:17,749][finetune_logger][INFO] - Logged epoch test info to /public/home/202411094934/python_project/Spatio-Temporal-Library/time-series/2026-06-16/itransformer/finetune20/traffic/time-series/seed_2/training_log.json
2026-06-16 13:40:03 - finetune_logger - INFO - No pretrained checkpoint is provided. Finetuning from scratch.
[2026-06-16 13:40:03,514][finetune_logger][INFO] - No pretrained checkpoint is provided. Finetuning from scratch.
2026-06-16 13:40:03 - finetune_logger - INFO - Model parameters: 158,912
[2026-06-16 13:40:03,517][finetune_logger][INFO] - Model parameters: 158,912
2026-06-16 13:40:03 - finetune_logger - INFO - Log file already exists at /public/home/202411094934/python_project/Spatio-Temporal-Library/time-series/2026-06-16/itransformer/finetune20/traffic/time-series/seed_2/training_log.json, appending to it.
[2026-06-16 13:40:03,519][finetune_logger][INFO] - Log file already exists at /public/home/202411094934/python_project/Spatio-Temporal-Library/time-series/2026-06-16/itransformer/finetune20/traffic/time-series/seed_2/training_log.json, appending to it.
2026-06-16 13:40:03 - finetune_logger - INFO - Starting training...
[2026-06-16 13:40:03,519][finetune_logger][INFO] - Starting training...
2026-06-16 13:40:03 - finetune_logger - INFO - Epoch 1/20
[2026-06-16 13:40:03,519][finetune_logger][INFO] - Epoch 1/20
2026-06-16 13:44:17 - finetune_logger - INFO - Train loss: 0.019287081798015856
[2026-06-16 13:44:17,849][finetune_logger][INFO] - Train loss: 0.019287081798015856
2026-06-16 13:44:17 - finetune_logger - INFO - Train time: 254.3299376964569s
[2026-06-16 13:44:17,850][finetune_logger][INFO] - Train time: 254.3299376964569s
2026-06-16 13:44:17 - finetune_logger - INFO - Train memory reserved: 178.00 MB
[2026-06-16 13:44:17,850][finetune_logger][INFO] - Train memory reserved: 178.00 MB
2026-06-16 13:44:17 - finetune_logger - INFO - Train memory allocated: 18.11 MB
[2026-06-16 13:44:17,850][finetune_logger][INFO] - Train memory allocated: 18.11 MB
2026-06-16 13:44:17 - finetune_logger - INFO - Current learning rate: 0.0005
[2026-06-16 13:44:17,850][finetune_logger][INFO] - Current learning rate: 0.0005
2026-06-16 13:44:31 - finetune_logger - INFO - Validation metrics: {'MAE': 0.015744143915552174, 'RMSE': 0.03205177506271631}
[2026-06-16 13:44:31,129][finetune_logger][INFO] - Validation metrics: {'MAE': 0.015744143915552174, 'RMSE': 0.03205177506271631}
2026-06-16 13:44:31 - finetune_logger - INFO - Val time: 13.28s
[2026-06-16 13:44:31,130][finetune_logger][INFO] - Val time: 13.28s
2026-06-16 13:44:31 - finetune_logger - INFO - Val memory reserved: 178.00 MB
[2026-06-16 13:44:31,130][finetune_logger][INFO] - Val memory reserved: 178.00 MB
2026-06-16 13:44:31 - finetune_logger - INFO - Val memory allocated: 18.11 MB
[2026-06-16 13:44:31,130][finetune_logger][INFO] - Val memory allocated: 18.11 MB
2026-06-16 13:44:31 - finetune_logger - INFO - Logged epoch 1 info to /public/home/202411094934/python_project/Spatio-Temporal-Library/time-series/2026-06-16/itransformer/finetune20/traffic/time-series/seed_2/training_log.json
[2026-06-16 13:44:31,133][finetune_logger][INFO] - Logged epoch 1 info to /public/home/202411094934/python_project/Spatio-Temporal-Library/time-series/2026-06-16/itransformer/finetune20/traffic/time-series/seed_2/training_log.json
2026-06-16 13:44:31 - finetune_logger - INFO - New best model! Val loss: 0.015744
[2026-06-16 13:44:31,133][finetune_logger][INFO] - New best model! Val loss: 0.015744
2026-06-16 13:44:58 - finetune_logger - INFO - Test metrics: {'MAE': 0.017579994607894143, 'RMSE': 0.03528042957358376}
[2026-06-16 13:44:58,991][finetune_logger][INFO] - Test metrics: {'MAE': 0.017579994607894143, 'RMSE': 0.03528042957358376}
2026-06-16 13:44:58 - finetune_logger - INFO - Test time: 27.81s
[2026-06-16 13:44:58,992][finetune_logger][INFO] - Test time: 27.81s
2026-06-16 13:44:58 - finetune_logger - INFO - Test memory reserved: 178.00 MB
[2026-06-16 13:44:58,992][finetune_logger][INFO] - Test memory reserved: 178.00 MB
2026-06-16 13:44:58 - finetune_logger - INFO - Test memory allocated: 18.11 MB
[2026-06-16 13:44:58,992][finetune_logger][INFO] - Test memory allocated: 18.11 MB
2026-06-16 13:44:58 - finetune_logger - INFO - Epoch 2/20
[2026-06-16 13:44:58,992][finetune_logger][INFO] - Epoch 2/20
2026-06-16 13:49:12 - finetune_logger - INFO - Train loss: 0.015316629603024915
[2026-06-16 13:49:12,617][finetune_logger][INFO] - Train loss: 0.015316629603024915
2026-06-16 13:49:12 - finetune_logger - INFO - Train time: 253.62479829788208s
[2026-06-16 13:49:12,618][finetune_logger][INFO] - Train time: 253.62479829788208s
2026-06-16 13:49:12 - finetune_logger - INFO - Train memory reserved: 178.00 MB
[2026-06-16 13:49:12,618][finetune_logger][INFO] - Train memory reserved: 178.00 MB
2026-06-16 13:49:12 - finetune_logger - INFO - Train memory allocated: 18.11 MB
[2026-06-16 13:49:12,618][finetune_logger][INFO] - Train memory allocated: 18.11 MB
2026-06-16 13:49:12 - finetune_logger - INFO - Current learning rate: 0.0005
[2026-06-16 13:49:12,618][finetune_logger][INFO] - Current learning rate: 0.0005
2026-06-16 13:49:25 - finetune_logger - INFO - Validation metrics: {'MAE': 0.014219303620361608, 'RMSE': 0.02963403241213078}
[2026-06-16 13:49:25,780][finetune_logger][INFO] - Validation metrics: {'MAE': 0.014219303620361608, 'RMSE': 0.02963403241213078}
2026-06-16 13:49:25 - finetune_logger - INFO - Val time: 13.16s
[2026-06-16 13:49:25,781][finetune_logger][INFO] - Val time: 13.16s
2026-06-16 13:49:25 - finetune_logger - INFO - Val memory reserved: 178.00 MB
[2026-06-16 13:49:25,781][finetune_logger][INFO] - Val memory reserved: 178.00 MB
2026-06-16 13:49:25 - finetune_logger - INFO - Val memory allocated: 18.11 MB
[2026-06-16 13:49:25,781][finetune_logger][INFO] - Val memory allocated: 18.11 MB
2026-06-16 13:49:25 - finetune_logger - INFO - Logged epoch 2 info to /public/home/202411094934/python_project/Spatio-Temporal-Library/time-series/2026-06-16/itransformer/finetune20/traffic/time-series/seed_2/training_log.json
[2026-06-16 13:49:25,784][finetune_logger][INFO] - Logged epoch 2 info to /public/home/202411094934/python_project/Spatio-Temporal-Library/time-series/2026-06-16/itransformer/finetune20/traffic/time-series/seed_2/training_log.json
2026-06-16 13:49:25 - finetune_logger - INFO - New best model! Val loss: 0.014219
[2026-06-16 13:49:25,784][finetune_logger][INFO] - New best model! Val loss: 0.014219
2026-06-16 13:49:53 - finetune_logger - INFO - Test metrics: {'MAE': 0.01594574596338004, 'RMSE': 0.03258056190957853}
[2026-06-16 13:49:53,716][finetune_logger][INFO] - Test metrics: {'MAE': 0.01594574596338004, 'RMSE': 0.03258056190957853}
2026-06-16 13:49:53 - finetune_logger - INFO - Test time: 27.89s
[2026-06-16 13:49:53,717][finetune_logger][INFO] - Test time: 27.89s
2026-06-16 13:49:53 - finetune_logger - INFO - Test memory reserved: 178.00 MB
[2026-06-16 13:49:53,717][finetune_logger][INFO] - Test memory reserved: 178.00 MB
2026-06-16 13:49:53 - finetune_logger - INFO - Test memory allocated: 18.11 MB
[2026-06-16 13:49:53,717][finetune_logger][INFO] - Test memory allocated: 18.11 MB
2026-06-16 13:49:53 - finetune_logger - INFO - Epoch 3/20
[2026-06-16 13:49:53,717][finetune_logger][INFO] - Epoch 3/20
2026-06-16 13:54:06 - finetune_logger - INFO - Train loss: 0.014081385333454974
[2026-06-16 13:54:06,815][finetune_logger][INFO] - Train loss: 0.014081385333454974
2026-06-16 13:54:06 - finetune_logger - INFO - Train time: 253.0974805355072s
[2026-06-16 13:54:06,815][finetune_logger][INFO] - Train time: 253.0974805355072s
2026-06-16 13:54:06 - finetune_logger - INFO - Train memory reserved: 178.00 MB
[2026-06-16 13:54:06,815][finetune_logger][INFO] - Train memory reserved: 178.00 MB
2026-06-16 13:54:06 - finetune_logger - INFO - Train memory allocated: 18.11 MB
[2026-06-16 13:54:06,816][finetune_logger][INFO] - Train memory allocated: 18.11 MB
2026-06-16 13:54:06 - finetune_logger - INFO - Current learning rate: 0.0005
[2026-06-16 13:54:06,816][finetune_logger][INFO] - Current learning rate: 0.0005
2026-06-16 13:54:20 - finetune_logger - INFO - Validation metrics: {'MAE': 0.013284366746234873, 'RMSE': 0.028312190969519986}
[2026-06-16 13:54:20,162][finetune_logger][INFO] - Validation metrics: {'MAE': 0.013284366746234873, 'RMSE': 0.028312190969519986}
2026-06-16 13:54:20 - finetune_logger - INFO - Val time: 13.35s
[2026-06-16 13:54:20,162][finetune_logger][INFO] - Val time: 13.35s
2026-06-16 13:54:20 - finetune_logger - INFO - Val memory reserved: 178.00 MB
[2026-06-16 13:54:20,162][finetune_logger][INFO] - Val memory reserved: 178.00 MB
2026-06-16 13:54:20 - finetune_logger - INFO - Val memory allocated: 18.11 MB
[2026-06-16 13:54:20,162][finetune_logger][INFO] - Val memory allocated: 18.11 MB
2026-06-16 13:54:20 - finetune_logger - INFO - Logged epoch 3 info to /public/home/202411094934/python_project/Spatio-Temporal-Library/time-series/2026-06-16/itransformer/finetune20/traffic/time-series/seed_2/training_log.json
[2026-06-16 13:54:20,166][finetune_logger][INFO] - Logged epoch 3 info to /public/home/202411094934/python_project/Spatio-Temporal-Library/time-series/2026-06-16/itransformer/finetune20/traffic/time-series/seed_2/training_log.json
2026-06-16 13:54:20 - finetune_logger - INFO - New best model! Val loss: 0.013284
[2026-06-16 13:54:20,166][finetune_logger][INFO] - New best model! Val loss: 0.013284
2026-06-16 13:54:47 - finetune_logger - INFO - Test metrics: {'MAE': 0.014954530698363111, 'RMSE': 0.03102629663173773}
[2026-06-16 13:54:47,962][finetune_logger][INFO] - Test metrics: {'MAE': 0.014954530698363111, 'RMSE': 0.03102629663173773}
2026-06-16 13:54:47 - finetune_logger - INFO - Test time: 27.75s
[2026-06-16 13:54:47,963][finetune_logger][INFO] - Test time: 27.75s
2026-06-16 13:54:47 - finetune_logger - INFO - Test memory reserved: 178.00 MB
[2026-06-16 13:54:47,963][finetune_logger][INFO] - Test memory reserved: 178.00 MB
2026-06-16 13:54:47 - finetune_logger - INFO - Test memory allocated: 18.11 MB
[2026-06-16 13:54:47,963][finetune_logger][INFO] - Test memory allocated: 18.11 MB
2026-06-16 13:54:47 - finetune_logger - INFO - Epoch 4/20
[2026-06-16 13:54:47,963][finetune_logger][INFO] - Epoch 4/20
2026-06-16 13:59:01 - finetune_logger - INFO - Train loss: 0.01347993572767268
[2026-06-16 13:59:01,526][finetune_logger][INFO] - Train loss: 0.01347993572767268
2026-06-16 13:59:01 - finetune_logger - INFO - Train time: 253.5627760887146s
[2026-06-16 13:59:01,527][finetune_logger][INFO] - Train time: 253.5627760887146s
2026-06-16 13:59:01 - finetune_logger - INFO - Train memory reserved: 178.00 MB
[2026-06-16 13:59:01,527][finetune_logger][INFO] - Train memory reserved: 178.00 MB
2026-06-16 13:59:01 - finetune_logger - INFO - Train memory allocated: 18.11 MB
[2026-06-16 13:59:01,527][finetune_logger][INFO] - Train memory allocated: 18.11 MB
2026-06-16 13:59:01 - finetune_logger - INFO - Current learning rate: 0.0005
[2026-06-16 13:59:01,527][finetune_logger][INFO] - Current learning rate: 0.0005
2026-06-16 13:59:14 - finetune_logger - INFO - Validation metrics: {'MAE': 0.012776953713089893, 'RMSE': 0.027473979387892027}
[2026-06-16 13:59:14,778][finetune_logger][INFO] - Validation metrics: {'MAE': 0.012776953713089893, 'RMSE': 0.027473979387892027}
2026-06-16 13:59:14 - finetune_logger - INFO - Val time: 13.25s
[2026-06-16 13:59:14,778][finetune_logger][INFO] - Val time: 13.25s
2026-06-16 13:59:14 - finetune_logger - INFO - Val memory reserved: 178.00 MB
[2026-06-16 13:59:14,778][finetune_logger][INFO] - Val memory reserved: 178.00 MB
2026-06-16 13:59:14 - finetune_logger - INFO - Val memory allocated: 18.11 MB
[2026-06-16 13:59:14,778][finetune_logger][INFO] - Val memory allocated: 18.11 MB
2026-06-16 13:59:14 - finetune_logger - INFO - Logged epoch 4 info to /public/home/202411094934/python_project/Spatio-Temporal-Library/time-series/2026-06-16/itransformer/finetune20/traffic/time-series/seed_2/training_log.json
[2026-06-16 13:59:14,781][finetune_logger][INFO] - Logged epoch 4 info to /public/home/202411094934/python_project/Spatio-Temporal-Library/time-series/2026-06-16/itransformer/finetune20/traffic/time-series/seed_2/training_log.json
2026-06-16 13:59:14 - finetune_logger - INFO - New best model! Val loss: 0.012777
[2026-06-16 13:59:14,782][finetune_logger][INFO] - New best model! Val loss: 0.012777
2026-06-16 13:59:42 - finetune_logger - INFO - Test metrics: {'MAE': 0.014398462607449425, 'RMSE': 0.03009067742517367}
[2026-06-16 13:59:42,603][finetune_logger][INFO] - Test metrics: {'MAE': 0.014398462607449425, 'RMSE': 0.03009067742517367}
2026-06-16 13:59:42 - finetune_logger - INFO - Test time: 27.78s
[2026-06-16 13:59:42,604][finetune_logger][INFO] - Test time: 27.78s
2026-06-16 13:59:42 - finetune_logger - INFO - Test memory reserved: 178.00 MB
[2026-06-16 13:59:42,604][finetune_logger][INFO] - Test memory reserved: 178.00 MB
2026-06-16 13:59:42 - finetune_logger - INFO - Test memory allocated: 18.11 MB
[2026-06-16 13:59:42,604][finetune_logger][INFO] - Test memory allocated: 18.11 MB
2026-06-16 13:59:42 - finetune_logger - INFO - Epoch 5/20
[2026-06-16 13:59:42,604][finetune_logger][INFO] - Epoch 5/20
2026-06-16 14:03:56 - finetune_logger - INFO - Train loss: 0.013122480258949737
[2026-06-16 14:03:56,114][finetune_logger][INFO] - Train loss: 0.013122480258949737
2026-06-16 14:03:56 - finetune_logger - INFO - Train time: 253.50936317443848s
[2026-06-16 14:03:56,114][finetune_logger][INFO] - Train time: 253.50936317443848s
2026-06-16 14:03:56 - finetune_logger - INFO - Train memory reserved: 178.00 MB
[2026-06-16 14:03:56,114][finetune_logger][INFO] - Train memory reserved: 178.00 MB
2026-06-16 14:03:56 - finetune_logger - INFO - Train memory allocated: 18.11 MB
[2026-06-16 14:03:56,115][finetune_logger][INFO] - Train memory allocated: 18.11 MB
2026-06-16 14:03:56 - finetune_logger - INFO - Current learning rate: 0.0005
[2026-06-16 14:03:56,115][finetune_logger][INFO] - Current learning rate: 0.0005
2026-06-16 14:04:09 - finetune_logger - INFO - Validation metrics: {'MAE': 0.012564114214177692, 'RMSE': 0.027421271177462275}
[2026-06-16 14:04:09,385][finetune_logger][INFO] - Validation metrics: {'MAE': 0.012564114214177692, 'RMSE': 0.027421271177462275}
2026-06-16 14:04:09 - finetune_logger - INFO - Val time: 13.27s
[2026-06-16 14:04:09,385][finetune_logger][INFO] - Val time: 13.27s
2026-06-16 14:04:09 - finetune_logger - INFO - Val memory reserved: 178.00 MB
[2026-06-16 14:04:09,385][finetune_logger][INFO] - Val memory reserved: 178.00 MB
2026-06-16 14:04:09 - finetune_logger - INFO - Val memory allocated: 18.11 MB
[2026-06-16 14:04:09,385][finetune_logger][INFO] - Val memory allocated: 18.11 MB
2026-06-16 14:04:09 - finetune_logger - INFO - Logged epoch 5 info to /public/home/202411094934/python_project/Spatio-Temporal-Library/time-series/2026-06-16/itransformer/finetune20/traffic/time-series/seed_2/training_log.json
[2026-06-16 14:04:09,389][finetune_logger][INFO] - Logged epoch 5 info to /public/home/202411094934/python_project/Spatio-Temporal-Library/time-series/2026-06-16/itransformer/finetune20/traffic/time-series/seed_2/training_log.json
2026-06-16 14:04:09 - finetune_logger - INFO - New best model! Val loss: 0.012564
[2026-06-16 14:04:09,389][finetune_logger][INFO] - New best model! Val loss: 0.012564
2026-06-16 14:04:37 - finetune_logger - INFO - Test metrics: {'MAE': 0.014133008264188285, 'RMSE': 0.029947103721915027}
[2026-06-16 14:04:37,278][finetune_logger][INFO] - Test metrics: {'MAE': 0.014133008264188285, 'RMSE': 0.029947103721915027}
2026-06-16 14:04:37 - finetune_logger - INFO - Test time: 27.84s
[2026-06-16 14:04:37,278][finetune_logger][INFO] - Test time: 27.84s
2026-06-16 14:04:37 - finetune_logger - INFO - Test memory reserved: 178.00 MB
[2026-06-16 14:04:37,278][finetune_logger][INFO] - Test memory reserved: 178.00 MB
2026-06-16 14:04:37 - finetune_logger - INFO - Test memory allocated: 18.11 MB
[2026-06-16 14:04:37,278][finetune_logger][INFO] - Test memory allocated: 18.11 MB
2026-06-16 14:04:37 - finetune_logger - INFO - Epoch 6/20
[2026-06-16 14:04:37,278][finetune_logger][INFO] - Epoch 6/20
2026-06-16 14:08:50 - finetune_logger - INFO - Train loss: 0.01288062965106253
[2026-06-16 14:08:50,834][finetune_logger][INFO] - Train loss: 0.01288062965106253
2026-06-16 14:08:50 - finetune_logger - INFO - Train time: 253.55547738075256s
[2026-06-16 14:08:50,835][finetune_logger][INFO] - Train time: 253.55547738075256s
2026-06-16 14:08:50 - finetune_logger - INFO - Train memory reserved: 178.00 MB
[2026-06-16 14:08:50,835][finetune_logger][INFO] - Train memory reserved: 178.00 MB
2026-06-16 14:08:50 - finetune_logger - INFO - Train memory allocated: 18.11 MB
[2026-06-16 14:08:50,835][finetune_logger][INFO] - Train memory allocated: 18.11 MB
2026-06-16 14:08:50 - finetune_logger - INFO - Current learning rate: 0.0005
[2026-06-16 14:08:50,835][finetune_logger][INFO] - Current learning rate: 0.0005
2026-06-16 14:09:04 - finetune_logger - INFO - Validation metrics: {'MAE': 0.012379815714375363, 'RMSE': 0.027249568142618145}
[2026-06-16 14:09:04,050][finetune_logger][INFO] - Validation metrics: {'MAE': 0.012379815714375363, 'RMSE': 0.027249568142618145}
2026-06-16 14:09:04 - finetune_logger - INFO - Val time: 13.21s
[2026-06-16 14:09:04,050][finetune_logger][INFO] - Val time: 13.21s
2026-06-16 14:09:04 - finetune_logger - INFO - Val memory reserved: 178.00 MB
[2026-06-16 14:09:04,050][finetune_logger][INFO] - Val memory reserved: 178.00 MB
2026-06-16 14:09:04 - finetune_logger - INFO - Val memory allocated: 18.11 MB
[2026-06-16 14:09:04,050][finetune_logger][INFO] - Val memory allocated: 18.11 MB
2026-06-16 14:09:04 - finetune_logger - INFO - Logged epoch 6 info to /public/home/202411094934/python_project/Spatio-Temporal-Library/time-series/2026-06-16/itransformer/finetune20/traffic/time-series/seed_2/training_log.json
[2026-06-16 14:09:04,054][finetune_logger][INFO] - Logged epoch 6 info to /public/home/202411094934/python_project/Spatio-Temporal-Library/time-series/2026-06-16/itransformer/finetune20/traffic/time-series/seed_2/training_log.json
2026-06-16 14:09:04 - finetune_logger - INFO - New best model! Val loss: 0.012380
[2026-06-16 14:09:04,054][finetune_logger][INFO] - New best model! Val loss: 0.012380
2026-06-16 14:09:31 - finetune_logger - INFO - Test metrics: {'MAE': 0.013969445662907715, 'RMSE': 0.02976886922645216}
[2026-06-16 14:09:31,874][finetune_logger][INFO] - Test metrics: {'MAE': 0.013969445662907715, 'RMSE': 0.02976886922645216}
2026-06-16 14:09:31 - finetune_logger - INFO - Test time: 27.77s
[2026-06-16 14:09:31,874][finetune_logger][INFO] - Test time: 27.77s
2026-06-16 14:09:31 - finetune_logger - INFO - Test memory reserved: 178.00 MB
[2026-06-16 14:09:31,874][finetune_logger][INFO] - Test memory reserved: 178.00 MB
2026-06-16 14:09:31 - finetune_logger - INFO - Test memory allocated: 18.11 MB
[2026-06-16 14:09:31,874][finetune_logger][INFO] - Test memory allocated: 18.11 MB
2026-06-16 14:09:31 - finetune_logger - INFO - Epoch 7/20
[2026-06-16 14:09:31,874][finetune_logger][INFO] - Epoch 7/20
2026-06-16 14:13:45 - finetune_logger - INFO - Train loss: 0.01268303257535197
[2026-06-16 14:13:45,304][finetune_logger][INFO] - Train loss: 0.01268303257535197
2026-06-16 14:13:45 - finetune_logger - INFO - Train time: 253.42942762374878s
[2026-06-16 14:13:45,305][finetune_logger][INFO] - Train time: 253.42942762374878s
2026-06-16 14:13:45 - finetune_logger - INFO - Train memory reserved: 178.00 MB
[2026-06-16 14:13:45,305][finetune_logger][INFO] - Train memory reserved: 178.00 MB
2026-06-16 14:13:45 - finetune_logger - INFO - Train memory allocated: 18.11 MB
[2026-06-16 14:13:45,305][finetune_logger][INFO] - Train memory allocated: 18.11 MB
2026-06-16 14:13:45 - finetune_logger - INFO - Current learning rate: 0.0005
[2026-06-16 14:13:45,305][finetune_logger][INFO] - Current learning rate: 0.0005
2026-06-16 14:13:58 - finetune_logger - INFO - Validation metrics: {'MAE': 0.0122701575043919, 'RMSE': 0.02722741171016818}
[2026-06-16 14:13:58,579][finetune_logger][INFO] - Validation metrics: {'MAE': 0.0122701575043919, 'RMSE': 0.02722741171016818}
2026-06-16 14:13:58 - finetune_logger - INFO - Val time: 13.27s
[2026-06-16 14:13:58,580][finetune_logger][INFO] - Val time: 13.27s
2026-06-16 14:13:58 - finetune_logger - INFO - Val memory reserved: 178.00 MB
[2026-06-16 14:13:58,580][finetune_logger][INFO] - Val memory reserved: 178.00 MB
2026-06-16 14:13:58 - finetune_logger - INFO - Val memory allocated: 18.11 MB
[2026-06-16 14:13:58,580][finetune_logger][INFO] - Val memory allocated: 18.11 MB
2026-06-16 14:13:58 - finetune_logger - INFO - Logged epoch 7 info to /public/home/202411094934/python_project/Spatio-Temporal-Library/time-series/2026-06-16/itransformer/finetune20/traffic/time-series/seed_2/training_log.json
[2026-06-16 14:13:58,584][finetune_logger][INFO] - Logged epoch 7 info to /public/home/202411094934/python_project/Spatio-Temporal-Library/time-series/2026-06-16/itransformer/finetune20/traffic/time-series/seed_2/training_log.json
2026-06-16 14:13:58 - finetune_logger - INFO - New best model! Val loss: 0.012270
[2026-06-16 14:13:58,584][finetune_logger][INFO] - New best model! Val loss: 0.012270
2026-06-16 14:14:26 - finetune_logger - INFO - Test metrics: {'MAE': 0.013830924652997541, 'RMSE': 0.02972363664463921}
[2026-06-16 14:14:26,429][finetune_logger][INFO] - Test metrics: {'MAE': 0.013830924652997541, 'RMSE': 0.02972363664463921}
2026-06-16 14:14:26 - finetune_logger - INFO - Test time: 27.80s
[2026-06-16 14:14:26,429][finetune_logger][INFO] - Test time: 27.80s
2026-06-16 14:14:26 - finetune_logger - INFO - Test memory reserved: 178.00 MB
[2026-06-16 14:14:26,429][finetune_logger][INFO] - Test memory reserved: 178.00 MB
2026-06-16 14:14:26 - finetune_logger - INFO - Test memory allocated: 18.11 MB
[2026-06-16 14:14:26,429][finetune_logger][INFO] - Test memory allocated: 18.11 MB
2026-06-16 14:14:26 - finetune_logger - INFO - Epoch 8/20
[2026-06-16 14:14:26,429][finetune_logger][INFO] - Epoch 8/20
2026-06-16 14:18:40 - finetune_logger - INFO - Train loss: 0.012502860057316736
[2026-06-16 14:18:40,043][finetune_logger][INFO] - Train loss: 0.012502860057316736
2026-06-16 14:18:40 - finetune_logger - INFO - Train time: 253.6129515171051s
[2026-06-16 14:18:40,043][finetune_logger][INFO] - Train time: 253.6129515171051s
2026-06-16 14:18:40 - finetune_logger - INFO - Train memory reserved: 178.00 MB
[2026-06-16 14:18:40,043][finetune_logger][INFO] - Train memory reserved: 178.00 MB
2026-06-16 14:18:40 - finetune_logger - INFO - Train memory allocated: 18.11 MB
[2026-06-16 14:18:40,043][finetune_logger][INFO] - Train memory allocated: 18.11 MB
2026-06-16 14:18:40 - finetune_logger - INFO - Current learning rate: 0.0005
[2026-06-16 14:18:40,043][finetune_logger][INFO] - Current learning rate: 0.0005
2026-06-16 14:18:53 - finetune_logger - INFO - Validation metrics: {'MAE': 0.01214460426043118, 'RMSE': 0.02682856389950755}
[2026-06-16 14:18:53,324][finetune_logger][INFO] - Validation metrics: {'MAE': 0.01214460426043118, 'RMSE': 0.02682856389950755}
2026-06-16 14:18:53 - finetune_logger - INFO - Val time: 13.28s
[2026-06-16 14:18:53,325][finetune_logger][INFO] - Val time: 13.28s
2026-06-16 14:18:53 - finetune_logger - INFO - Val memory reserved: 178.00 MB
[2026-06-16 14:18:53,325][finetune_logger][INFO] - Val memory reserved: 178.00 MB
2026-06-16 14:18:53 - finetune_logger - INFO - Val memory allocated: 18.11 MB
[2026-06-16 14:18:53,325][finetune_logger][INFO] - Val memory allocated: 18.11 MB
2026-06-16 14:18:53 - finetune_logger - INFO - Logged epoch 8 info to /public/home/202411094934/python_project/Spatio-Temporal-Library/time-series/2026-06-16/itransformer/finetune20/traffic/time-series/seed_2/training_log.json
[2026-06-16 14:18:53,329][finetune_logger][INFO] - Logged epoch 8 info to /public/home/202411094934/python_project/Spatio-Temporal-Library/time-series/2026-06-16/itransformer/finetune20/traffic/time-series/seed_2/training_log.json
2026-06-16 14:18:53 - finetune_logger - INFO - New best model! Val loss: 0.012145
[2026-06-16 14:18:53,329][finetune_logger][INFO] - New best model! Val loss: 0.012145
2026-06-16 14:19:21 - finetune_logger - INFO - Test metrics: {'MAE': 0.013650621832298333, 'RMSE': 0.029255347211949643}
[2026-06-16 14:19:21,146][finetune_logger][INFO] - Test metrics: {'MAE': 0.013650621832298333, 'RMSE': 0.029255347211949643}
2026-06-16 14:19:21 - finetune_logger - INFO - Test time: 27.77s
[2026-06-16 14:19:21,146][finetune_logger][INFO] - Test time: 27.77s
2026-06-16 14:19:21 - finetune_logger - INFO - Test memory reserved: 178.00 MB
[2026-06-16 14:19:21,146][finetune_logger][INFO] - Test memory reserved: 178.00 MB
2026-06-16 14:19:21 - finetune_logger - INFO - Test memory allocated: 18.11 MB
[2026-06-16 14:19:21,146][finetune_logger][INFO] - Test memory allocated: 18.11 MB
2026-06-16 14:19:21 - finetune_logger - INFO - Epoch 9/20
[2026-06-16 14:19:21,146][finetune_logger][INFO] - Epoch 9/20
2026-06-16 14:23:34 - finetune_logger - INFO - Train loss: 0.01236048017185094
[2026-06-16 14:23:34,788][finetune_logger][INFO] - Train loss: 0.01236048017185094
2026-06-16 14:23:34 - finetune_logger - INFO - Train time: 253.64146780967712s
[2026-06-16 14:23:34,789][finetune_logger][INFO] - Train time: 253.64146780967712s
2026-06-16 14:23:34 - finetune_logger - INFO - Train memory reserved: 178.00 MB
[2026-06-16 14:23:34,789][finetune_logger][INFO] - Train memory reserved: 178.00 MB
2026-06-16 14:23:34 - finetune_logger - INFO - Train memory allocated: 18.11 MB
[2026-06-16 14:23:34,789][finetune_logger][INFO] - Train memory allocated: 18.11 MB
2026-06-16 14:23:34 - finetune_logger - INFO - Current learning rate: 0.0005
[2026-06-16 14:23:34,789][finetune_logger][INFO] - Current learning rate: 0.0005
2026-06-16 14:23:48 - finetune_logger - INFO - Validation metrics: {'MAE': 0.012147083840618102, 'RMSE': 0.026721413009330886}
[2026-06-16 14:23:48,034][finetune_logger][INFO] - Validation metrics: {'MAE': 0.012147083840618102, 'RMSE': 0.026721413009330886}
2026-06-16 14:23:48 - finetune_logger - INFO - Val time: 13.24s
[2026-06-16 14:23:48,034][finetune_logger][INFO] - Val time: 13.24s
2026-06-16 14:23:48 - finetune_logger - INFO - Val memory reserved: 178.00 MB
[2026-06-16 14:23:48,034][finetune_logger][INFO] - Val memory reserved: 178.00 MB
2026-06-16 14:23:48 - finetune_logger - INFO - Val memory allocated: 18.11 MB
[2026-06-16 14:23:48,035][finetune_logger][INFO] - Val memory allocated: 18.11 MB
2026-06-16 14:23:48 - finetune_logger - INFO - Logged epoch 9 info to /public/home/202411094934/python_project/Spatio-Temporal-Library/time-series/2026-06-16/itransformer/finetune20/traffic/time-series/seed_2/training_log.json
[2026-06-16 14:23:48,038][finetune_logger][INFO] - Logged epoch 9 info to /public/home/202411094934/python_project/Spatio-Temporal-Library/time-series/2026-06-16/itransformer/finetune20/traffic/time-series/seed_2/training_log.json
2026-06-16 14:24:15 - finetune_logger - INFO - Test metrics: {'MAE': 0.013665638883496518, 'RMSE': 0.029132379094187307}
[2026-06-16 14:24:15,834][finetune_logger][INFO] - Test metrics: {'MAE': 0.013665638883496518, 'RMSE': 0.029132379094187307}
2026-06-16 14:24:15 - finetune_logger - INFO - Test time: 27.80s
[2026-06-16 14:24:15,835][finetune_logger][INFO] - Test time: 27.80s
2026-06-16 14:24:15 - finetune_logger - INFO - Test memory reserved: 178.00 MB
[2026-06-16 14:24:15,835][finetune_logger][INFO] - Test memory reserved: 178.00 MB
2026-06-16 14:24:15 - finetune_logger - INFO - Test memory allocated: 18.11 MB
[2026-06-16 14:24:15,835][finetune_logger][INFO] - Test memory allocated: 18.11 MB
2026-06-16 14:24:15 - finetune_logger - INFO - Epoch 10/20
[2026-06-16 14:24:15,835][finetune_logger][INFO] - Epoch 10/20
2026-06-16 14:28:29 - finetune_logger - INFO - Train loss: 0.01223558370298909
[2026-06-16 14:28:29,431][finetune_logger][INFO] - Train loss: 0.01223558370298909
2026-06-16 14:28:29 - finetune_logger - INFO - Train time: 253.59525871276855s
[2026-06-16 14:28:29,431][finetune_logger][INFO] - Train time: 253.59525871276855s
2026-06-16 14:28:29 - finetune_logger - INFO - Train memory reserved: 178.00 MB
[2026-06-16 14:28:29,431][finetune_logger][INFO] - Train memory reserved: 178.00 MB
2026-06-16 14:28:29 - finetune_logger - INFO - Train memory allocated: 18.11 MB
[2026-06-16 14:28:29,431][finetune_logger][INFO] - Train memory allocated: 18.11 MB
2026-06-16 14:28:29 - finetune_logger - INFO - Current learning rate: 0.0005
[2026-06-16 14:28:29,432][finetune_logger][INFO] - Current learning rate: 0.0005
2026-06-16 14:28:42 - finetune_logger - INFO - Validation metrics: {'MAE': 0.011985300877954717, 'RMSE': 0.02672552611378129}
[2026-06-16 14:28:42,676][finetune_logger][INFO] - Validation metrics: {'MAE': 0.011985300877954717, 'RMSE': 0.02672552611378129}
2026-06-16 14:28:42 - finetune_logger - INFO - Val time: 13.24s
[2026-06-16 14:28:42,676][finetune_logger][INFO] - Val time: 13.24s
2026-06-16 14:28:42 - finetune_logger - INFO - Val memory reserved: 178.00 MB
[2026-06-16 14:28:42,676][finetune_logger][INFO] - Val memory reserved: 178.00 MB
2026-06-16 14:28:42 - finetune_logger - INFO - Val memory allocated: 18.11 MB
[2026-06-16 14:28:42,676][finetune_logger][INFO] - Val memory allocated: 18.11 MB
2026-06-16 14:28:42 - finetune_logger - INFO - Logged epoch 10 info to /public/home/202411094934/python_project/Spatio-Temporal-Library/time-series/2026-06-16/itransformer/finetune20/traffic/time-series/seed_2/training_log.json
[2026-06-16 14:28:42,680][finetune_logger][INFO] - Logged epoch 10 info to /public/home/202411094934/python_project/Spatio-Temporal-Library/time-series/2026-06-16/itransformer/finetune20/traffic/time-series/seed_2/training_log.json
2026-06-16 14:28:42 - finetune_logger - INFO - New best model! Val loss: 0.011985
[2026-06-16 14:28:42,680][finetune_logger][INFO] - New best model! Val loss: 0.011985
2026-06-16 14:29:10 - finetune_logger - INFO - Test metrics: {'MAE': 0.013456939008607621, 'RMSE': 0.029085498747234127}
[2026-06-16 14:29:10,592][finetune_logger][INFO] - Test metrics: {'MAE': 0.013456939008607621, 'RMSE': 0.029085498747234127}
2026-06-16 14:29:10 - finetune_logger - INFO - Test time: 27.87s
[2026-06-16 14:29:10,592][finetune_logger][INFO] - Test time: 27.87s
2026-06-16 14:29:10 - finetune_logger - INFO - Test memory reserved: 178.00 MB
[2026-06-16 14:29:10,592][finetune_logger][INFO] - Test memory reserved: 178.00 MB
2026-06-16 14:29:10 - finetune_logger - INFO - Test memory allocated: 18.11 MB
[2026-06-16 14:29:10,592][finetune_logger][INFO] - Test memory allocated: 18.11 MB
2026-06-16 14:29:10 - finetune_logger - INFO - Epoch 11/20
[2026-06-16 14:29:10,592][finetune_logger][INFO] - Epoch 11/20
2026-06-16 14:33:24 - finetune_logger - INFO - Train loss: 0.011955730386868356
[2026-06-16 14:33:24,026][finetune_logger][INFO] - Train loss: 0.011955730386868356
2026-06-16 14:33:24 - finetune_logger - INFO - Train time: 253.43368196487427s
[2026-06-16 14:33:24,027][finetune_logger][INFO] - Train time: 253.43368196487427s
2026-06-16 14:33:24 - finetune_logger - INFO - Train memory reserved: 178.00 MB
[2026-06-16 14:33:24,027][finetune_logger][INFO] - Train memory reserved: 178.00 MB
2026-06-16 14:33:24 - finetune_logger - INFO - Train memory allocated: 18.11 MB
[2026-06-16 14:33:24,027][finetune_logger][INFO] - Train memory allocated: 18.11 MB
2026-06-16 14:33:24 - finetune_logger - INFO - Current learning rate: 0.00025
[2026-06-16 14:33:24,027][finetune_logger][INFO] - Current learning rate: 0.00025
2026-06-16 14:33:37 - finetune_logger - INFO - Validation metrics: {'MAE': 0.011692174927786887, 'RMSE': 0.026512918099164565}
[2026-06-16 14:33:37,311][finetune_logger][INFO] - Validation metrics: {'MAE': 0.011692174927786887, 'RMSE': 0.026512918099164565}
2026-06-16 14:33:37 - finetune_logger - INFO - Val time: 13.28s
[2026-06-16 14:33:37,312][finetune_logger][INFO] - Val time: 13.28s
2026-06-16 14:33:37 - finetune_logger - INFO - Val memory reserved: 178.00 MB
[2026-06-16 14:33:37,312][finetune_logger][INFO] - Val memory reserved: 178.00 MB
2026-06-16 14:33:37 - finetune_logger - INFO - Val memory allocated: 18.11 MB
[2026-06-16 14:33:37,312][finetune_logger][INFO] - Val memory allocated: 18.11 MB
2026-06-16 14:33:37 - finetune_logger - INFO - Logged epoch 11 info to /public/home/202411094934/python_project/Spatio-Temporal-Library/time-series/2026-06-16/itransformer/finetune20/traffic/time-series/seed_2/training_log.json
[2026-06-16 14:33:37,316][finetune_logger][INFO] - Logged epoch 11 info to /public/home/202411094934/python_project/Spatio-Temporal-Library/time-series/2026-06-16/itransformer/finetune20/traffic/time-series/seed_2/training_log.json
2026-06-16 14:33:37 - finetune_logger - INFO - New best model! Val loss: 0.011692
[2026-06-16 14:33:37,316][finetune_logger][INFO] - New best model! Val loss: 0.011692
2026-06-16 14:34:05 - finetune_logger - INFO - Test metrics: {'MAE': 0.013168330457399121, 'RMSE': 0.028865003767788045}
[2026-06-16 14:34:05,122][finetune_logger][INFO] - Test metrics: {'MAE': 0.013168330457399121, 'RMSE': 0.028865003767788045}
2026-06-16 14:34:05 - finetune_logger - INFO - Test time: 27.76s
[2026-06-16 14:34:05,123][finetune_logger][INFO] - Test time: 27.76s
2026-06-16 14:34:05 - finetune_logger - INFO - Test memory reserved: 178.00 MB
[2026-06-16 14:34:05,123][finetune_logger][INFO] - Test memory reserved: 178.00 MB
2026-06-16 14:34:05 - finetune_logger - INFO - Test memory allocated: 18.11 MB
[2026-06-16 14:34:05,123][finetune_logger][INFO] - Test memory allocated: 18.11 MB
2026-06-16 14:34:05 - finetune_logger - INFO - Epoch 12/20
[2026-06-16 14:34:05,123][finetune_logger][INFO] - Epoch 12/20
2026-06-16 14:38:18 - finetune_logger - INFO - Train loss: 0.011904990653780326
[2026-06-16 14:38:18,518][finetune_logger][INFO] - Train loss: 0.011904990653780326
2026-06-16 14:38:18 - finetune_logger - INFO - Train time: 253.39430737495422s
[2026-06-16 14:38:18,518][finetune_logger][INFO] - Train time: 253.39430737495422s
2026-06-16 14:38:18 - finetune_logger - INFO - Train memory reserved: 178.00 MB
[2026-06-16 14:38:18,518][finetune_logger][INFO] - Train memory reserved: 178.00 MB
2026-06-16 14:38:18 - finetune_logger - INFO - Train memory allocated: 18.11 MB
[2026-06-16 14:38:18,518][finetune_logger][INFO] - Train memory allocated: 18.11 MB
2026-06-16 14:38:18 - finetune_logger - INFO - Current learning rate: 0.00025
[2026-06-16 14:38:18,519][finetune_logger][INFO] - Current learning rate: 0.00025
2026-06-16 14:38:31 - finetune_logger - INFO - Validation metrics: {'MAE': 0.01176116432934955, 'RMSE': 0.02653012128100744}
[2026-06-16 14:38:31,661][finetune_logger][INFO] - Validation metrics: {'MAE': 0.01176116432934955, 'RMSE': 0.02653012128100744}
2026-06-16 14:38:31 - finetune_logger - INFO - Val time: 13.14s
[2026-06-16 14:38:31,661][finetune_logger][INFO] - Val time: 13.14s
2026-06-16 14:38:31 - finetune_logger - INFO - Val memory reserved: 178.00 MB
[2026-06-16 14:38:31,661][finetune_logger][INFO] - Val memory reserved: 178.00 MB
2026-06-16 14:38:31 - finetune_logger - INFO - Val memory allocated: 18.11 MB
[2026-06-16 14:38:31,661][finetune_logger][INFO] - Val memory allocated: 18.11 MB
2026-06-16 14:38:31 - finetune_logger - INFO - Logged epoch 12 info to /public/home/202411094934/python_project/Spatio-Temporal-Library/time-series/2026-06-16/itransformer/finetune20/traffic/time-series/seed_2/training_log.json
[2026-06-16 14:38:31,664][finetune_logger][INFO] - Logged epoch 12 info to /public/home/202411094934/python_project/Spatio-Temporal-Library/time-series/2026-06-16/itransformer/finetune20/traffic/time-series/seed_2/training_log.json
2026-06-16 14:38:59 - finetune_logger - INFO - Test metrics: {'MAE': 0.01320994221669733, 'RMSE': 0.028841879528399218}
[2026-06-16 14:38:59,328][finetune_logger][INFO] - Test metrics: {'MAE': 0.01320994221669733, 'RMSE': 0.028841879528399218}
2026-06-16 14:38:59 - finetune_logger - INFO - Test time: 27.66s
[2026-06-16 14:38:59,328][finetune_logger][INFO] - Test time: 27.66s
2026-06-16 14:38:59 - finetune_logger - INFO - Test memory reserved: 178.00 MB
[2026-06-16 14:38:59,328][finetune_logger][INFO] - Test memory reserved: 178.00 MB
2026-06-16 14:38:59 - finetune_logger - INFO - Test memory allocated: 18.11 MB
[2026-06-16 14:38:59,328][finetune_logger][INFO] - Test memory allocated: 18.11 MB
2026-06-16 14:38:59 - finetune_logger - INFO - Epoch 13/20
[2026-06-16 14:38:59,329][finetune_logger][INFO] - Epoch 13/20
2026-06-16 14:43:12 - finetune_logger - INFO - Train loss: 0.011853091251685875
[2026-06-16 14:43:12,141][finetune_logger][INFO] - Train loss: 0.011853091251685875
2026-06-16 14:43:12 - finetune_logger - INFO - Train time: 252.81187558174133s
[2026-06-16 14:43:12,141][finetune_logger][INFO] - Train time: 252.81187558174133s
2026-06-16 14:43:12 - finetune_logger - INFO - Train memory reserved: 178.00 MB
[2026-06-16 14:43:12,141][finetune_logger][INFO] - Train memory reserved: 178.00 MB
2026-06-16 14:43:12 - finetune_logger - INFO - Train memory allocated: 18.11 MB
[2026-06-16 14:43:12,142][finetune_logger][INFO] - Train memory allocated: 18.11 MB
2026-06-16 14:43:12 - finetune_logger - INFO - Current learning rate: 0.00025
[2026-06-16 14:43:12,142][finetune_logger][INFO] - Current learning rate: 0.00025
2026-06-16 14:43:25 - finetune_logger - INFO - Validation metrics: {'MAE': 0.011672392606814729, 'RMSE': 0.026495785702807684}
[2026-06-16 14:43:25,296][finetune_logger][INFO] - Validation metrics: {'MAE': 0.011672392606814729, 'RMSE': 0.026495785702807684}
2026-06-16 14:43:25 - finetune_logger - INFO - Val time: 13.15s
[2026-06-16 14:43:25,297][finetune_logger][INFO] - Val time: 13.15s
2026-06-16 14:43:25 - finetune_logger - INFO - Val memory reserved: 178.00 MB
[2026-06-16 14:43:25,297][finetune_logger][INFO] - Val memory reserved: 178.00 MB
2026-06-16 14:43:25 - finetune_logger - INFO - Val memory allocated: 18.11 MB
[2026-06-16 14:43:25,297][finetune_logger][INFO] - Val memory allocated: 18.11 MB
2026-06-16 14:43:25 - finetune_logger - INFO - Logged epoch 13 info to /public/home/202411094934/python_project/Spatio-Temporal-Library/time-series/2026-06-16/itransformer/finetune20/traffic/time-series/seed_2/training_log.json
[2026-06-16 14:43:25,301][finetune_logger][INFO] - Logged epoch 13 info to /public/home/202411094934/python_project/Spatio-Temporal-Library/time-series/2026-06-16/itransformer/finetune20/traffic/time-series/seed_2/training_log.json
2026-06-16 14:43:25 - finetune_logger - INFO - New best model! Val loss: 0.011672
[2026-06-16 14:43:25,301][finetune_logger][INFO] - New best model! Val loss: 0.011672
2026-06-16 14:43:53 - finetune_logger - INFO - Test metrics: {'MAE': 0.013128979137015684, 'RMSE': 0.028815757827733136}
[2026-06-16 14:43:53,012][finetune_logger][INFO] - Test metrics: {'MAE': 0.013128979137015684, 'RMSE': 0.028815757827733136}
2026-06-16 14:43:53 - finetune_logger - INFO - Test time: 27.67s
[2026-06-16 14:43:53,012][finetune_logger][INFO] - Test time: 27.67s
2026-06-16 14:43:53 - finetune_logger - INFO - Test memory reserved: 178.00 MB
[2026-06-16 14:43:53,013][finetune_logger][INFO] - Test memory reserved: 178.00 MB
2026-06-16 14:43:53 - finetune_logger - INFO - Test memory allocated: 18.11 MB
[2026-06-16 14:43:53,013][finetune_logger][INFO] - Test memory allocated: 18.11 MB
2026-06-16 14:43:53 - finetune_logger - INFO - Epoch 14/20
[2026-06-16 14:43:53,013][finetune_logger][INFO] - Epoch 14/20
2026-06-16 14:48:05 - finetune_logger - INFO - Train loss: 0.011797996092618689
[2026-06-16 14:48:05,668][finetune_logger][INFO] - Train loss: 0.011797996092618689
2026-06-16 14:48:05 - finetune_logger - INFO - Train time: 252.65422439575195s
[2026-06-16 14:48:05,668][finetune_logger][INFO] - Train time: 252.65422439575195s
2026-06-16 14:48:05 - finetune_logger - INFO - Train memory reserved: 178.00 MB
[2026-06-16 14:48:05,668][finetune_logger][INFO] - Train memory reserved: 178.00 MB
2026-06-16 14:48:05 - finetune_logger - INFO - Train memory allocated: 18.11 MB
[2026-06-16 14:48:05,668][finetune_logger][INFO] - Train memory allocated: 18.11 MB
2026-06-16 14:48:05 - finetune_logger - INFO - Current learning rate: 0.00025
[2026-06-16 14:48:05,668][finetune_logger][INFO] - Current learning rate: 0.00025
2026-06-16 14:48:18 - finetune_logger - INFO - Validation metrics: {'MAE': 0.011598367157645052, 'RMSE': 0.026346508122786664}
[2026-06-16 14:48:18,857][finetune_logger][INFO] - Validation metrics: {'MAE': 0.011598367157645052, 'RMSE': 0.026346508122786664}
2026-06-16 14:48:18 - finetune_logger - INFO - Val time: 13.19s
[2026-06-16 14:48:18,857][finetune_logger][INFO] - Val time: 13.19s
2026-06-16 14:48:18 - finetune_logger - INFO - Val memory reserved: 178.00 MB
[2026-06-16 14:48:18,857][finetune_logger][INFO] - Val memory reserved: 178.00 MB
2026-06-16 14:48:18 - finetune_logger - INFO - Val memory allocated: 18.11 MB
[2026-06-16 14:48:18,858][finetune_logger][INFO] - Val memory allocated: 18.11 MB
2026-06-16 14:48:18 - finetune_logger - INFO - Logged epoch 14 info to /public/home/202411094934/python_project/Spatio-Temporal-Library/time-series/2026-06-16/itransformer/finetune20/traffic/time-series/seed_2/training_log.json
[2026-06-16 14:48:18,861][finetune_logger][INFO] - Logged epoch 14 info to /public/home/202411094934/python_project/Spatio-Temporal-Library/time-series/2026-06-16/itransformer/finetune20/traffic/time-series/seed_2/training_log.json
2026-06-16 14:48:18 - finetune_logger - INFO - New best model! Val loss: 0.011598
[2026-06-16 14:48:18,861][finetune_logger][INFO] - New best model! Val loss: 0.011598
2026-06-16 14:48:46 - finetune_logger - INFO - Test metrics: {'MAE': 0.013054620590455788, 'RMSE': 0.0286461429129685}
[2026-06-16 14:48:46,593][finetune_logger][INFO] - Test metrics: {'MAE': 0.013054620590455788, 'RMSE': 0.0286461429129685}
2026-06-16 14:48:46 - finetune_logger - INFO - Test time: 27.69s
[2026-06-16 14:48:46,593][finetune_logger][INFO] - Test time: 27.69s
2026-06-16 14:48:46 - finetune_logger - INFO - Test memory reserved: 178.00 MB
[2026-06-16 14:48:46,593][finetune_logger][INFO] - Test memory reserved: 178.00 MB
2026-06-16 14:48:46 - finetune_logger - INFO - Test memory allocated: 18.11 MB
[2026-06-16 14:48:46,593][finetune_logger][INFO] - Test memory allocated: 18.11 MB
2026-06-16 14:48:46 - finetune_logger - INFO - Epoch 15/20
[2026-06-16 14:48:46,593][finetune_logger][INFO] - Epoch 15/20
2026-06-16 14:52:59 - finetune_logger - INFO - Train loss: 0.011751048812940874
[2026-06-16 14:52:59,371][finetune_logger][INFO] - Train loss: 0.011751048812940874
2026-06-16 14:52:59 - finetune_logger - INFO - Train time: 252.77707195281982s
[2026-06-16 14:52:59,371][finetune_logger][INFO] - Train time: 252.77707195281982s
2026-06-16 14:52:59 - finetune_logger - INFO - Train memory reserved: 178.00 MB
[2026-06-16 14:52:59,371][finetune_logger][INFO] - Train memory reserved: 178.00 MB
2026-06-16 14:52:59 - finetune_logger - INFO - Train memory allocated: 18.11 MB
[2026-06-16 14:52:59,372][finetune_logger][INFO] - Train memory allocated: 18.11 MB
2026-06-16 14:52:59 - finetune_logger - INFO - Current learning rate: 0.00025
[2026-06-16 14:52:59,372][finetune_logger][INFO] - Current learning rate: 0.00025
2026-06-16 14:53:12 - finetune_logger - INFO - Validation metrics: {'MAE': 0.011575187328429994, 'RMSE': 0.02641118825068464}
[2026-06-16 14:53:12,569][finetune_logger][INFO] - Validation metrics: {'MAE': 0.011575187328429994, 'RMSE': 0.02641118825068464}
2026-06-16 14:53:12 - finetune_logger - INFO - Val time: 13.20s
[2026-06-16 14:53:12,569][finetune_logger][INFO] - Val time: 13.20s
2026-06-16 14:53:12 - finetune_logger - INFO - Val memory reserved: 178.00 MB
[2026-06-16 14:53:12,569][finetune_logger][INFO] - Val memory reserved: 178.00 MB
2026-06-16 14:53:12 - finetune_logger - INFO - Val memory allocated: 18.11 MB
[2026-06-16 14:53:12,569][finetune_logger][INFO] - Val memory allocated: 18.11 MB
2026-06-16 14:53:12 - finetune_logger - INFO - Logged epoch 15 info to /public/home/202411094934/python_project/Spatio-Temporal-Library/time-series/2026-06-16/itransformer/finetune20/traffic/time-series/seed_2/training_log.json
[2026-06-16 14:53:12,572][finetune_logger][INFO] - Logged epoch 15 info to /public/home/202411094934/python_project/Spatio-Temporal-Library/time-series/2026-06-16/itransformer/finetune20/traffic/time-series/seed_2/training_log.json
2026-06-16 14:53:12 - finetune_logger - INFO - New best model! Val loss: 0.011575
[2026-06-16 14:53:12,572][finetune_logger][INFO] - New best model! Val loss: 0.011575
2026-06-16 14:53:40 - finetune_logger - INFO - Test metrics: {'MAE': 0.01299386479807429, 'RMSE': 0.028669643642440974}
[2026-06-16 14:53:40,278][finetune_logger][INFO] - Test metrics: {'MAE': 0.01299386479807429, 'RMSE': 0.028669643642440974}
2026-06-16 14:53:40 - finetune_logger - INFO - Test time: 27.66s
[2026-06-16 14:53:40,278][finetune_logger][INFO] - Test time: 27.66s
2026-06-16 14:53:40 - finetune_logger - INFO - Test memory reserved: 178.00 MB
[2026-06-16 14:53:40,278][finetune_logger][INFO] - Test memory reserved: 178.00 MB
2026-06-16 14:53:40 - finetune_logger - INFO - Test memory allocated: 18.11 MB
[2026-06-16 14:53:40,278][finetune_logger][INFO] - Test memory allocated: 18.11 MB
2026-06-16 14:53:40 - finetune_logger - INFO - Epoch 16/20
[2026-06-16 14:53:40,279][finetune_logger][INFO] - Epoch 16/20
2026-06-16 14:57:53 - finetune_logger - INFO - Train loss: 0.011705157156808994
[2026-06-16 14:57:53,318][finetune_logger][INFO] - Train loss: 0.011705157156808994
2026-06-16 14:57:53 - finetune_logger - INFO - Train time: 253.03914403915405s
[2026-06-16 14:57:53,319][finetune_logger][INFO] - Train time: 253.03914403915405s
2026-06-16 14:57:53 - finetune_logger - INFO - Train memory reserved: 178.00 MB
[2026-06-16 14:57:53,319][finetune_logger][INFO] - Train memory reserved: 178.00 MB
2026-06-16 14:57:53 - finetune_logger - INFO - Train memory allocated: 18.11 MB
[2026-06-16 14:57:53,319][finetune_logger][INFO] - Train memory allocated: 18.11 MB
2026-06-16 14:57:53 - finetune_logger - INFO - Current learning rate: 0.00025
[2026-06-16 14:57:53,319][finetune_logger][INFO] - Current learning rate: 0.00025
2026-06-16 14:58:06 - finetune_logger - INFO - Validation metrics: {'MAE': 0.011475763588104962, 'RMSE': 0.02634603945442717}
[2026-06-16 14:58:06,535][finetune_logger][INFO] - Validation metrics: {'MAE': 0.011475763588104962, 'RMSE': 0.02634603945442717}
2026-06-16 14:58:06 - finetune_logger - INFO - Val time: 13.22s
[2026-06-16 14:58:06,535][finetune_logger][INFO] - Val time: 13.22s
2026-06-16 14:58:06 - finetune_logger - INFO - Val memory reserved: 178.00 MB
[2026-06-16 14:58:06,535][finetune_logger][INFO] - Val memory reserved: 178.00 MB
2026-06-16 14:58:06 - finetune_logger - INFO - Val memory allocated: 18.11 MB
[2026-06-16 14:58:06,535][finetune_logger][INFO] - Val memory allocated: 18.11 MB
2026-06-16 14:58:06 - finetune_logger - INFO - Logged epoch 16 info to /public/home/202411094934/python_project/Spatio-Temporal-Library/time-series/2026-06-16/itransformer/finetune20/traffic/time-series/seed_2/training_log.json
[2026-06-16 14:58:06,539][finetune_logger][INFO] - Logged epoch 16 info to /public/home/202411094934/python_project/Spatio-Temporal-Library/time-series/2026-06-16/itransformer/finetune20/traffic/time-series/seed_2/training_log.json
2026-06-16 14:58:06 - finetune_logger - INFO - New best model! Val loss: 0.011476
[2026-06-16 14:58:06,539][finetune_logger][INFO] - New best model! Val loss: 0.011476
2026-06-16 14:58:34 - finetune_logger - INFO - Test metrics: {'MAE': 0.012927653356963125, 'RMSE': 0.02862761677822213}
[2026-06-16 14:58:34,211][finetune_logger][INFO] - Test metrics: {'MAE': 0.012927653356963125, 'RMSE': 0.02862761677822213}
2026-06-16 14:58:34 - finetune_logger - INFO - Test time: 27.63s
[2026-06-16 14:58:34,211][finetune_logger][INFO] - Test time: 27.63s
2026-06-16 14:58:34 - finetune_logger - INFO - Test memory reserved: 178.00 MB
[2026-06-16 14:58:34,212][finetune_logger][INFO] - Test memory reserved: 178.00 MB
2026-06-16 14:58:34 - finetune_logger - INFO - Test memory allocated: 18.11 MB
[2026-06-16 14:58:34,212][finetune_logger][INFO] - Test memory allocated: 18.11 MB
2026-06-16 14:58:34 - finetune_logger - INFO - Epoch 17/20
[2026-06-16 14:58:34,212][finetune_logger][INFO] - Epoch 17/20
2026-06-16 15:02:47 - finetune_logger - INFO - Train loss: 0.011660964978614853
[2026-06-16 15:02:47,096][finetune_logger][INFO] - Train loss: 0.011660964978614853
2026-06-16 15:02:47 - finetune_logger - INFO - Train time: 252.8833339214325s
[2026-06-16 15:02:47,096][finetune_logger][INFO] - Train time: 252.8833339214325s
2026-06-16 15:02:47 - finetune_logger - INFO - Train memory reserved: 178.00 MB
[2026-06-16 15:02:47,096][finetune_logger][INFO] - Train memory reserved: 178.00 MB
2026-06-16 15:02:47 - finetune_logger - INFO - Train memory allocated: 18.11 MB
[2026-06-16 15:02:47,096][finetune_logger][INFO] - Train memory allocated: 18.11 MB
2026-06-16 15:02:47 - finetune_logger - INFO - Current learning rate: 0.00025
[2026-06-16 15:02:47,096][finetune_logger][INFO] - Current learning rate: 0.00025
2026-06-16 15:03:00 - finetune_logger - INFO - Validation metrics: {'MAE': 0.0114377576589405, 'RMSE': 0.026397458924411726}
[2026-06-16 15:03:00,226][finetune_logger][INFO] - Validation metrics: {'MAE': 0.0114377576589405, 'RMSE': 0.026397458924411726}
2026-06-16 15:03:00 - finetune_logger - INFO - Val time: 13.13s
[2026-06-16 15:03:00,226][finetune_logger][INFO] - Val time: 13.13s
2026-06-16 15:03:00 - finetune_logger - INFO - Val memory reserved: 178.00 MB
[2026-06-16 15:03:00,227][finetune_logger][INFO] - Val memory reserved: 178.00 MB
2026-06-16 15:03:00 - finetune_logger - INFO - Val memory allocated: 18.11 MB
[2026-06-16 15:03:00,227][finetune_logger][INFO] - Val memory allocated: 18.11 MB
2026-06-16 15:03:00 - finetune_logger - INFO - Logged epoch 17 info to /public/home/202411094934/python_project/Spatio-Temporal-Library/time-series/2026-06-16/itransformer/finetune20/traffic/time-series/seed_2/training_log.json
[2026-06-16 15:03:00,230][finetune_logger][INFO] - Logged epoch 17 info to /public/home/202411094934/python_project/Spatio-Temporal-Library/time-series/2026-06-16/itransformer/finetune20/traffic/time-series/seed_2/training_log.json
2026-06-16 15:03:00 - finetune_logger - INFO - New best model! Val loss: 0.011438
[2026-06-16 15:03:00,230][finetune_logger][INFO] - New best model! Val loss: 0.011438
2026-06-16 15:03:27 - finetune_logger - INFO - Test metrics: {'MAE': 0.01289243348652409, 'RMSE': 0.02866100854370533}
[2026-06-16 15:03:27,994][finetune_logger][INFO] - Test metrics: {'MAE': 0.01289243348652409, 'RMSE': 0.02866100854370533}
2026-06-16 15:03:27 - finetune_logger - INFO - Test time: 27.72s
[2026-06-16 15:03:27,995][finetune_logger][INFO] - Test time: 27.72s
2026-06-16 15:03:27 - finetune_logger - INFO - Test memory reserved: 178.00 MB
[2026-06-16 15:03:27,995][finetune_logger][INFO] - Test memory reserved: 178.00 MB
2026-06-16 15:03:27 - finetune_logger - INFO - Test memory allocated: 18.11 MB
[2026-06-16 15:03:27,995][finetune_logger][INFO] - Test memory allocated: 18.11 MB
2026-06-16 15:03:27 - finetune_logger - INFO - Epoch 18/20
[2026-06-16 15:03:27,995][finetune_logger][INFO] - Epoch 18/20
2026-06-16 15:07:40 - finetune_logger - INFO - Train loss: 0.011622648527594048
[2026-06-16 15:07:40,730][finetune_logger][INFO] - Train loss: 0.011622648527594048
2026-06-16 15:07:40 - finetune_logger - INFO - Train time: 252.7347023487091s
[2026-06-16 15:07:40,731][finetune_logger][INFO] - Train time: 252.7347023487091s
2026-06-16 15:07:40 - finetune_logger - INFO - Train memory reserved: 178.00 MB
[2026-06-16 15:07:40,731][finetune_logger][INFO] - Train memory reserved: 178.00 MB
2026-06-16 15:07:40 - finetune_logger - INFO - Train memory allocated: 18.11 MB
[2026-06-16 15:07:40,731][finetune_logger][INFO] - Train memory allocated: 18.11 MB
2026-06-16 15:07:40 - finetune_logger - INFO - Current learning rate: 0.00025
[2026-06-16 15:07:40,731][finetune_logger][INFO] - Current learning rate: 0.00025
2026-06-16 15:07:53 - finetune_logger - INFO - Validation metrics: {'MAE': 0.01144957064332227, 'RMSE': 0.02633343749941187}
[2026-06-16 15:07:53,833][finetune_logger][INFO] - Validation metrics: {'MAE': 0.01144957064332227, 'RMSE': 0.02633343749941187}
2026-06-16 15:07:53 - finetune_logger - INFO - Val time: 13.10s
[2026-06-16 15:07:53,834][finetune_logger][INFO] - Val time: 13.10s
2026-06-16 15:07:53 - finetune_logger - INFO - Val memory reserved: 178.00 MB
[2026-06-16 15:07:53,834][finetune_logger][INFO] - Val memory reserved: 178.00 MB
2026-06-16 15:07:53 - finetune_logger - INFO - Val memory allocated: 18.11 MB
[2026-06-16 15:07:53,834][finetune_logger][INFO] - Val memory allocated: 18.11 MB
2026-06-16 15:07:53 - finetune_logger - INFO - Logged epoch 18 info to /public/home/202411094934/python_project/Spatio-Temporal-Library/time-series/2026-06-16/itransformer/finetune20/traffic/time-series/seed_2/training_log.json
[2026-06-16 15:07:53,838][finetune_logger][INFO] - Logged epoch 18 info to /public/home/202411094934/python_project/Spatio-Temporal-Library/time-series/2026-06-16/itransformer/finetune20/traffic/time-series/seed_2/training_log.json
2026-06-16 15:08:21 - finetune_logger - INFO - Test metrics: {'MAE': 0.012869016042754549, 'RMSE': 0.02857387415469606}
[2026-06-16 15:08:21,585][finetune_logger][INFO] - Test metrics: {'MAE': 0.012869016042754549, 'RMSE': 0.02857387415469606}
2026-06-16 15:08:21 - finetune_logger - INFO - Test time: 27.75s
[2026-06-16 15:08:21,585][finetune_logger][INFO] - Test time: 27.75s
2026-06-16 15:08:21 - finetune_logger - INFO - Test memory reserved: 178.00 MB
[2026-06-16 15:08:21,586][finetune_logger][INFO] - Test memory reserved: 178.00 MB
2026-06-16 15:08:21 - finetune_logger - INFO - Test memory allocated: 18.11 MB
[2026-06-16 15:08:21,586][finetune_logger][INFO] - Test memory allocated: 18.11 MB
2026-06-16 15:08:21 - finetune_logger - INFO - Epoch 19/20
[2026-06-16 15:08:21,586][finetune_logger][INFO] - Epoch 19/20
2026-06-16 15:12:34 - finetune_logger - INFO - Train loss: 0.011579994794151643
[2026-06-16 15:12:34,534][finetune_logger][INFO] - Train loss: 0.011579994794151643
2026-06-16 15:12:34 - finetune_logger - INFO - Train time: 252.94748663902283s
[2026-06-16 15:12:34,534][finetune_logger][INFO] - Train time: 252.94748663902283s
2026-06-16 15:12:34 - finetune_logger - INFO - Train memory reserved: 178.00 MB
[2026-06-16 15:12:34,534][finetune_logger][INFO] - Train memory reserved: 178.00 MB
2026-06-16 15:12:34 - finetune_logger - INFO - Train memory allocated: 18.11 MB
[2026-06-16 15:12:34,534][finetune_logger][INFO] - Train memory allocated: 18.11 MB
2026-06-16 15:12:34 - finetune_logger - INFO - Current learning rate: 0.00025
[2026-06-16 15:12:34,534][finetune_logger][INFO] - Current learning rate: 0.00025
2026-06-16 15:12:47 - finetune_logger - INFO - Validation metrics: {'MAE': 0.011378195105720692, 'RMSE': 0.026274809257199997}
[2026-06-16 15:12:47,745][finetune_logger][INFO] - Validation metrics: {'MAE': 0.011378195105720692, 'RMSE': 0.026274809257199997}
2026-06-16 15:12:47 - finetune_logger - INFO - Val time: 13.21s
[2026-06-16 15:12:47,746][finetune_logger][INFO] - Val time: 13.21s
2026-06-16 15:12:47 - finetune_logger - INFO - Val memory reserved: 178.00 MB
[2026-06-16 15:12:47,746][finetune_logger][INFO] - Val memory reserved: 178.00 MB
2026-06-16 15:12:47 - finetune_logger - INFO - Val memory allocated: 18.11 MB
[2026-06-16 15:12:47,746][finetune_logger][INFO] - Val memory allocated: 18.11 MB
2026-06-16 15:12:47 - finetune_logger - INFO - Logged epoch 19 info to /public/home/202411094934/python_project/Spatio-Temporal-Library/time-series/2026-06-16/itransformer/finetune20/traffic/time-series/seed_2/training_log.json
[2026-06-16 15:12:47,749][finetune_logger][INFO] - Logged epoch 19 info to /public/home/202411094934/python_project/Spatio-Temporal-Library/time-series/2026-06-16/itransformer/finetune20/traffic/time-series/seed_2/training_log.json
2026-06-16 15:12:47 - finetune_logger - INFO - New best model! Val loss: 0.011378
[2026-06-16 15:12:47,750][finetune_logger][INFO] - New best model! Val loss: 0.011378
2026-06-16 15:13:15 - finetune_logger - INFO - Test metrics: {'MAE': 0.012808582593848554, 'RMSE': 0.028507875929230268}
[2026-06-16 15:13:15,463][finetune_logger][INFO] - Test metrics: {'MAE': 0.012808582593848554, 'RMSE': 0.028507875929230268}
2026-06-16 15:13:15 - finetune_logger - INFO - Test time: 27.67s
[2026-06-16 15:13:15,463][finetune_logger][INFO] - Test time: 27.67s
2026-06-16 15:13:15 - finetune_logger - INFO - Test memory reserved: 178.00 MB
[2026-06-16 15:13:15,463][finetune_logger][INFO] - Test memory reserved: 178.00 MB
2026-06-16 15:13:15 - finetune_logger - INFO - Test memory allocated: 18.11 MB
[2026-06-16 15:13:15,464][finetune_logger][INFO] - Test memory allocated: 18.11 MB
2026-06-16 15:13:15 - finetune_logger - INFO - Epoch 20/20
[2026-06-16 15:13:15,464][finetune_logger][INFO] - Epoch 20/20
2026-06-16 15:17:28 - finetune_logger - INFO - Train loss: 0.011547279705268258
[2026-06-16 15:17:28,286][finetune_logger][INFO] - Train loss: 0.011547279705268258
2026-06-16 15:17:28 - finetune_logger - INFO - Train time: 252.82147598266602s
[2026-06-16 15:17:28,286][finetune_logger][INFO] - Train time: 252.82147598266602s
2026-06-16 15:17:28 - finetune_logger - INFO - Train memory reserved: 178.00 MB
[2026-06-16 15:17:28,286][finetune_logger][INFO] - Train memory reserved: 178.00 MB
2026-06-16 15:17:28 - finetune_logger - INFO - Train memory allocated: 18.11 MB
[2026-06-16 15:17:28,286][finetune_logger][INFO] - Train memory allocated: 18.11 MB
2026-06-16 15:17:28 - finetune_logger - INFO - Current learning rate: 0.00025
[2026-06-16 15:17:28,286][finetune_logger][INFO] - Current learning rate: 0.00025
2026-06-16 15:17:42 - finetune_logger - INFO - Validation metrics: {'MAE': 0.011374288208762755, 'RMSE': 0.026293329514309533}
[2026-06-16 15:17:42,066][finetune_logger][INFO] - Validation metrics: {'MAE': 0.011374288208762755, 'RMSE': 0.026293329514309533}
2026-06-16 15:17:42 - finetune_logger - INFO - Val time: 13.78s
[2026-06-16 15:17:42,067][finetune_logger][INFO] - Val time: 13.78s
2026-06-16 15:17:42 - finetune_logger - INFO - Val memory reserved: 178.00 MB
[2026-06-16 15:17:42,067][finetune_logger][INFO] - Val memory reserved: 178.00 MB
2026-06-16 15:17:42 - finetune_logger - INFO - Val memory allocated: 18.11 MB
[2026-06-16 15:17:42,067][finetune_logger][INFO] - Val memory allocated: 18.11 MB
2026-06-16 15:17:42 - finetune_logger - INFO - Logged epoch 20 info to /public/home/202411094934/python_project/Spatio-Temporal-Library/time-series/2026-06-16/itransformer/finetune20/traffic/time-series/seed_2/training_log.json
[2026-06-16 15:17:42,070][finetune_logger][INFO] - Logged epoch 20 info to /public/home/202411094934/python_project/Spatio-Temporal-Library/time-series/2026-06-16/itransformer/finetune20/traffic/time-series/seed_2/training_log.json
2026-06-16 15:17:42 - finetune_logger - INFO - New best model! Val loss: 0.011374
[2026-06-16 15:17:42,071][finetune_logger][INFO] - New best model! Val loss: 0.011374
2026-06-16 15:18:09 - finetune_logger - INFO - Test metrics: {'MAE': 0.01281936738022051, 'RMSE': 0.0285558645849541}
[2026-06-16 15:18:09,830][finetune_logger][INFO] - Test metrics: {'MAE': 0.01281936738022051, 'RMSE': 0.0285558645849541}
2026-06-16 15:18:09 - finetune_logger - INFO - Test time: 27.71s
[2026-06-16 15:18:09,830][finetune_logger][INFO] - Test time: 27.71s
2026-06-16 15:18:09 - finetune_logger - INFO - Test memory reserved: 178.00 MB
[2026-06-16 15:18:09,830][finetune_logger][INFO] - Test memory reserved: 178.00 MB
2026-06-16 15:18:09 - finetune_logger - INFO - Test memory allocated: 18.11 MB
[2026-06-16 15:18:09,830][finetune_logger][INFO] - Test memory allocated: 18.11 MB
2026-06-16 15:18:09 - finetune_logger - INFO - Training completed. Best epoch: 20, Best val loss: 0.011374
[2026-06-16 15:18:09,831][finetune_logger][INFO] - Training completed. Best epoch: 20, Best val loss: 0.011374
2026-06-16 15:18:09 - finetune_logger - INFO - Loaded checkpoint from epoch 20
[2026-06-16 15:18:09,862][finetune_logger][INFO] - Loaded checkpoint from epoch 20
2026-06-16 15:18:09 - finetune_logger - INFO - Evaluating best model on test sets...
[2026-06-16 15:18:09,862][finetune_logger][INFO] - Evaluating best model on test sets...
2026-06-16 15:18:37 - finetune_logger - INFO - Test metrics: {'MAE': 0.01281936738022051, 'RMSE': 0.0285558645849541}
[2026-06-16 15:18:37,419][finetune_logger][INFO] - Test metrics: {'MAE': 0.01281936738022051, 'RMSE': 0.0285558645849541}
2026-06-16 15:18:37 - finetune_logger - INFO - Test time: 27.56s
[2026-06-16 15:18:37,419][finetune_logger][INFO] - Test time: 27.56s
2026-06-16 15:18:37 - finetune_logger - INFO - Test memory reserved: 178.00 MB
[2026-06-16 15:18:37,420][finetune_logger][INFO] - Test memory reserved: 178.00 MB
2026-06-16 15:18:37 - finetune_logger - INFO - Test memory allocated: 18.15 MB
[2026-06-16 15:18:37,420][finetune_logger][INFO] - Test memory allocated: 18.15 MB
2026-06-16 15:18:37 - finetune_logger - INFO - Logged epoch test info to /public/home/202411094934/python_project/Spatio-Temporal-Library/time-series/2026-06-16/itransformer/finetune20/traffic/time-series/seed_2/training_log.json
[2026-06-16 15:18:37,423][finetune_logger][INFO] - Logged epoch test info to /public/home/202411094934/python_project/Spatio-Temporal-Library/time-series/2026-06-16/itransformer/finetune20/traffic/time-series/seed_2/training_log.json
