2026-06-16 01:37:42 - finetune_logger - INFO - No pretrained checkpoint is provided. Finetuning from scratch.
[2026-06-16 01:37:42,877][finetune_logger][INFO] - No pretrained checkpoint is provided. Finetuning from scratch.
2026-06-16 01:37:42 - finetune_logger - INFO - Model parameters: 158,912
[2026-06-16 01:37:42,880][finetune_logger][INFO] - Model parameters: 158,912
2026-06-16 01:37:42 - finetune_logger - INFO - Created new log file at /public/home/202411094934/python_project/Spatio-Temporal-Library/time-series/2026-06-16/itransformer/finetune20/etth1/time-series/seed_1/training_log.json
[2026-06-16 01:37:42,882][finetune_logger][INFO] - Created new log file at /public/home/202411094934/python_project/Spatio-Temporal-Library/time-series/2026-06-16/itransformer/finetune20/etth1/time-series/seed_1/training_log.json
2026-06-16 01:37:42 - finetune_logger - INFO - Starting training...
[2026-06-16 01:37:42,882][finetune_logger][INFO] - Starting training...
2026-06-16 01:37:42 - finetune_logger - INFO - Epoch 1/20
[2026-06-16 01:37:42,882][finetune_logger][INFO] - Epoch 1/20
2026-06-16 01:39:47 - finetune_logger - INFO - Train loss: 1.4994843626846939
[2026-06-16 01:39:47,538][finetune_logger][INFO] - Train loss: 1.4994843626846939
2026-06-16 01:39:47 - finetune_logger - INFO - Train time: 124.65466237068176s
[2026-06-16 01:39:47,538][finetune_logger][INFO] - Train time: 124.65466237068176s
2026-06-16 01:39:47 - finetune_logger - INFO - Train memory reserved: 24.00 MB
[2026-06-16 01:39:47,538][finetune_logger][INFO] - Train memory reserved: 24.00 MB
2026-06-16 01:39:47 - finetune_logger - INFO - Train memory allocated: 18.10 MB
[2026-06-16 01:39:47,538][finetune_logger][INFO] - Train memory allocated: 18.10 MB
2026-06-16 01:39:47 - finetune_logger - INFO - Current learning rate: 0.0005
[2026-06-16 01:39:47,538][finetune_logger][INFO] - Current learning rate: 0.0005
2026-06-16 01:40:04 - finetune_logger - INFO - Validation metrics: {'MAE': 1.8706787866864887, 'RMSE': 2.9227239589691156}
[2026-06-16 01:40:04,671][finetune_logger][INFO] - Validation metrics: {'MAE': 1.8706787866864887, 'RMSE': 2.9227239589691156}
2026-06-16 01:40:04 - finetune_logger - INFO - Val time: 17.13s
[2026-06-16 01:40:04,672][finetune_logger][INFO] - Val time: 17.13s
2026-06-16 01:40:04 - finetune_logger - INFO - Val memory reserved: 24.00 MB
[2026-06-16 01:40:04,672][finetune_logger][INFO] - Val memory reserved: 24.00 MB
2026-06-16 01:40:04 - finetune_logger - INFO - Val memory allocated: 18.10 MB
[2026-06-16 01:40:04,672][finetune_logger][INFO] - Val memory allocated: 18.10 MB
2026-06-16 01:40:04 - finetune_logger - INFO - Logged epoch 1 info to /public/home/202411094934/python_project/Spatio-Temporal-Library/time-series/2026-06-16/itransformer/finetune20/etth1/time-series/seed_1/training_log.json
[2026-06-16 01:40:04,676][finetune_logger][INFO] - Logged epoch 1 info to /public/home/202411094934/python_project/Spatio-Temporal-Library/time-series/2026-06-16/itransformer/finetune20/etth1/time-series/seed_1/training_log.json
2026-06-16 01:40:04 - finetune_logger - INFO - New best model! Val loss: 1.870679
[2026-06-16 01:40:04,676][finetune_logger][INFO] - New best model! Val loss: 1.870679
2026-06-16 01:40:21 - finetune_logger - INFO - Test metrics: {'MAE': 1.57849386732919, 'RMSE': 2.979802911894659}
[2026-06-16 01:40:21,791][finetune_logger][INFO] - Test metrics: {'MAE': 1.57849386732919, 'RMSE': 2.979802911894659}
2026-06-16 01:40:21 - finetune_logger - INFO - Test time: 17.07s
[2026-06-16 01:40:21,791][finetune_logger][INFO] - Test time: 17.07s
2026-06-16 01:40:21 - finetune_logger - INFO - Test memory reserved: 24.00 MB
[2026-06-16 01:40:21,791][finetune_logger][INFO] - Test memory reserved: 24.00 MB
2026-06-16 01:40:21 - finetune_logger - INFO - Test memory allocated: 18.10 MB
[2026-06-16 01:40:21,791][finetune_logger][INFO] - Test memory allocated: 18.10 MB
2026-06-16 01:40:21 - finetune_logger - INFO - Epoch 2/20
[2026-06-16 01:40:21,791][finetune_logger][INFO] - Epoch 2/20
2026-06-16 01:42:25 - finetune_logger - INFO - Train loss: 1.415947102348793
[2026-06-16 01:42:25,861][finetune_logger][INFO] - Train loss: 1.415947102348793
2026-06-16 01:42:25 - finetune_logger - INFO - Train time: 124.06875586509705s
[2026-06-16 01:42:25,861][finetune_logger][INFO] - Train time: 124.06875586509705s
2026-06-16 01:42:25 - finetune_logger - INFO - Train memory reserved: 24.00 MB
[2026-06-16 01:42:25,861][finetune_logger][INFO] - Train memory reserved: 24.00 MB
2026-06-16 01:42:25 - finetune_logger - INFO - Train memory allocated: 18.10 MB
[2026-06-16 01:42:25,861][finetune_logger][INFO] - Train memory allocated: 18.10 MB
2026-06-16 01:42:25 - finetune_logger - INFO - Current learning rate: 0.0005
[2026-06-16 01:42:25,861][finetune_logger][INFO] - Current learning rate: 0.0005
2026-06-16 01:42:42 - finetune_logger - INFO - Validation metrics: {'MAE': 1.9042435129256452, 'RMSE': 2.9530055662790775}
[2026-06-16 01:42:42,912][finetune_logger][INFO] - Validation metrics: {'MAE': 1.9042435129256452, 'RMSE': 2.9530055662790775}
2026-06-16 01:42:42 - finetune_logger - INFO - Val time: 17.05s
[2026-06-16 01:42:42,912][finetune_logger][INFO] - Val time: 17.05s
2026-06-16 01:42:42 - finetune_logger - INFO - Val memory reserved: 24.00 MB
[2026-06-16 01:42:42,912][finetune_logger][INFO] - Val memory reserved: 24.00 MB
2026-06-16 01:42:42 - finetune_logger - INFO - Val memory allocated: 18.10 MB
[2026-06-16 01:42:42,912][finetune_logger][INFO] - Val memory allocated: 18.10 MB
2026-06-16 01:42:42 - finetune_logger - INFO - Logged epoch 2 info to /public/home/202411094934/python_project/Spatio-Temporal-Library/time-series/2026-06-16/itransformer/finetune20/etth1/time-series/seed_1/training_log.json
[2026-06-16 01:42:42,915][finetune_logger][INFO] - Logged epoch 2 info to /public/home/202411094934/python_project/Spatio-Temporal-Library/time-series/2026-06-16/itransformer/finetune20/etth1/time-series/seed_1/training_log.json
2026-06-16 01:42:59 - finetune_logger - INFO - Test metrics: {'MAE': 1.582754284858704, 'RMSE': 2.9873179869878874}
[2026-06-16 01:42:59,958][finetune_logger][INFO] - Test metrics: {'MAE': 1.582754284858704, 'RMSE': 2.9873179869878874}
2026-06-16 01:42:59 - finetune_logger - INFO - Test time: 17.04s
[2026-06-16 01:42:59,958][finetune_logger][INFO] - Test time: 17.04s
2026-06-16 01:42:59 - finetune_logger - INFO - Test memory reserved: 24.00 MB
[2026-06-16 01:42:59,958][finetune_logger][INFO] - Test memory reserved: 24.00 MB
2026-06-16 01:42:59 - finetune_logger - INFO - Test memory allocated: 18.10 MB
[2026-06-16 01:42:59,958][finetune_logger][INFO] - Test memory allocated: 18.10 MB
2026-06-16 01:42:59 - finetune_logger - INFO - Epoch 3/20
[2026-06-16 01:42:59,958][finetune_logger][INFO] - Epoch 3/20
2026-06-16 01:45:03 - finetune_logger - INFO - Train loss: 1.3838685689472945
[2026-06-16 01:45:03,558][finetune_logger][INFO] - Train loss: 1.3838685689472945
2026-06-16 01:45:03 - finetune_logger - INFO - Train time: 123.59946608543396s
[2026-06-16 01:45:03,558][finetune_logger][INFO] - Train time: 123.59946608543396s
2026-06-16 01:45:03 - finetune_logger - INFO - Train memory reserved: 24.00 MB
[2026-06-16 01:45:03,559][finetune_logger][INFO] - Train memory reserved: 24.00 MB
2026-06-16 01:45:03 - finetune_logger - INFO - Train memory allocated: 18.10 MB
[2026-06-16 01:45:03,559][finetune_logger][INFO] - Train memory allocated: 18.10 MB
2026-06-16 01:45:03 - finetune_logger - INFO - Current learning rate: 0.0005
[2026-06-16 01:45:03,559][finetune_logger][INFO] - Current learning rate: 0.0005
2026-06-16 01:45:20 - finetune_logger - INFO - Validation metrics: {'MAE': 1.8643391704332233, 'RMSE': 2.894906674930029}
[2026-06-16 01:45:20,693][finetune_logger][INFO] - Validation metrics: {'MAE': 1.8643391704332233, 'RMSE': 2.894906674930029}
2026-06-16 01:45:20 - finetune_logger - INFO - Val time: 17.13s
[2026-06-16 01:45:20,694][finetune_logger][INFO] - Val time: 17.13s
2026-06-16 01:45:20 - finetune_logger - INFO - Val memory reserved: 24.00 MB
[2026-06-16 01:45:20,694][finetune_logger][INFO] - Val memory reserved: 24.00 MB
2026-06-16 01:45:20 - finetune_logger - INFO - Val memory allocated: 18.10 MB
[2026-06-16 01:45:20,694][finetune_logger][INFO] - Val memory allocated: 18.10 MB
2026-06-16 01:45:20 - finetune_logger - INFO - Logged epoch 3 info to /public/home/202411094934/python_project/Spatio-Temporal-Library/time-series/2026-06-16/itransformer/finetune20/etth1/time-series/seed_1/training_log.json
[2026-06-16 01:45:20,697][finetune_logger][INFO] - Logged epoch 3 info to /public/home/202411094934/python_project/Spatio-Temporal-Library/time-series/2026-06-16/itransformer/finetune20/etth1/time-series/seed_1/training_log.json
2026-06-16 01:45:20 - finetune_logger - INFO - New best model! Val loss: 1.864339
[2026-06-16 01:45:20,697][finetune_logger][INFO] - New best model! Val loss: 1.864339
2026-06-16 01:45:37 - finetune_logger - INFO - Test metrics: {'MAE': 1.5642130170095516, 'RMSE': 2.9539081532614575}
[2026-06-16 01:45:37,752][finetune_logger][INFO] - Test metrics: {'MAE': 1.5642130170095516, 'RMSE': 2.9539081532614575}
2026-06-16 01:45:37 - finetune_logger - INFO - Test time: 17.01s
[2026-06-16 01:45:37,752][finetune_logger][INFO] - Test time: 17.01s
2026-06-16 01:45:37 - finetune_logger - INFO - Test memory reserved: 24.00 MB
[2026-06-16 01:45:37,752][finetune_logger][INFO] - Test memory reserved: 24.00 MB
2026-06-16 01:45:37 - finetune_logger - INFO - Test memory allocated: 18.10 MB
[2026-06-16 01:45:37,752][finetune_logger][INFO] - Test memory allocated: 18.10 MB
2026-06-16 01:45:37 - finetune_logger - INFO - Epoch 4/20
[2026-06-16 01:45:37,752][finetune_logger][INFO] - Epoch 4/20
2026-06-16 01:47:41 - finetune_logger - INFO - Train loss: 1.3527860762181547
[2026-06-16 01:47:41,923][finetune_logger][INFO] - Train loss: 1.3527860762181547
2026-06-16 01:47:41 - finetune_logger - INFO - Train time: 124.1703314781189s
[2026-06-16 01:47:41,923][finetune_logger][INFO] - Train time: 124.1703314781189s
2026-06-16 01:47:41 - finetune_logger - INFO - Train memory reserved: 24.00 MB
[2026-06-16 01:47:41,923][finetune_logger][INFO] - Train memory reserved: 24.00 MB
2026-06-16 01:47:41 - finetune_logger - INFO - Train memory allocated: 18.10 MB
[2026-06-16 01:47:41,924][finetune_logger][INFO] - Train memory allocated: 18.10 MB
2026-06-16 01:47:41 - finetune_logger - INFO - Current learning rate: 0.0005
[2026-06-16 01:47:41,924][finetune_logger][INFO] - Current learning rate: 0.0005
2026-06-16 01:47:58 - finetune_logger - INFO - Validation metrics: {'MAE': 1.8976917560895254, 'RMSE': 2.9459462850661415}
[2026-06-16 01:47:58,936][finetune_logger][INFO] - Validation metrics: {'MAE': 1.8976917560895254, 'RMSE': 2.9459462850661415}
2026-06-16 01:47:58 - finetune_logger - INFO - Val time: 17.01s
[2026-06-16 01:47:58,936][finetune_logger][INFO] - Val time: 17.01s
2026-06-16 01:47:58 - finetune_logger - INFO - Val memory reserved: 24.00 MB
[2026-06-16 01:47:58,937][finetune_logger][INFO] - Val memory reserved: 24.00 MB
2026-06-16 01:47:58 - finetune_logger - INFO - Val memory allocated: 18.10 MB
[2026-06-16 01:47:58,937][finetune_logger][INFO] - Val memory allocated: 18.10 MB
2026-06-16 01:47:58 - finetune_logger - INFO - Logged epoch 4 info to /public/home/202411094934/python_project/Spatio-Temporal-Library/time-series/2026-06-16/itransformer/finetune20/etth1/time-series/seed_1/training_log.json
[2026-06-16 01:47:58,940][finetune_logger][INFO] - Logged epoch 4 info to /public/home/202411094934/python_project/Spatio-Temporal-Library/time-series/2026-06-16/itransformer/finetune20/etth1/time-series/seed_1/training_log.json
2026-06-16 01:48:15 - finetune_logger - INFO - Test metrics: {'MAE': 1.5799473478680595, 'RMSE': 2.994744561967396}
[2026-06-16 01:48:15,929][finetune_logger][INFO] - Test metrics: {'MAE': 1.5799473478680595, 'RMSE': 2.994744561967396}
2026-06-16 01:48:15 - finetune_logger - INFO - Test time: 16.99s
[2026-06-16 01:48:15,930][finetune_logger][INFO] - Test time: 16.99s
2026-06-16 01:48:15 - finetune_logger - INFO - Test memory reserved: 24.00 MB
[2026-06-16 01:48:15,930][finetune_logger][INFO] - Test memory reserved: 24.00 MB
2026-06-16 01:48:15 - finetune_logger - INFO - Test memory allocated: 18.10 MB
[2026-06-16 01:48:15,930][finetune_logger][INFO] - Test memory allocated: 18.10 MB
2026-06-16 01:48:15 - finetune_logger - INFO - Epoch 5/20
[2026-06-16 01:48:15,930][finetune_logger][INFO] - Epoch 5/20
2026-06-16 01:50:19 - finetune_logger - INFO - Train loss: 1.3228455214324133
[2026-06-16 01:50:19,862][finetune_logger][INFO] - Train loss: 1.3228455214324133
2026-06-16 01:50:19 - finetune_logger - INFO - Train time: 123.9319519996643s
[2026-06-16 01:50:19,863][finetune_logger][INFO] - Train time: 123.9319519996643s
2026-06-16 01:50:19 - finetune_logger - INFO - Train memory reserved: 24.00 MB
[2026-06-16 01:50:19,863][finetune_logger][INFO] - Train memory reserved: 24.00 MB
2026-06-16 01:50:19 - finetune_logger - INFO - Train memory allocated: 18.10 MB
[2026-06-16 01:50:19,863][finetune_logger][INFO] - Train memory allocated: 18.10 MB
2026-06-16 01:50:19 - finetune_logger - INFO - Current learning rate: 0.0005
[2026-06-16 01:50:19,863][finetune_logger][INFO] - Current learning rate: 0.0005
2026-06-16 01:50:36 - finetune_logger - INFO - Validation metrics: {'MAE': 1.9077711468197074, 'RMSE': 2.9710039374941775}
[2026-06-16 01:50:36,805][finetune_logger][INFO] - Validation metrics: {'MAE': 1.9077711468197074, 'RMSE': 2.9710039374941775}
2026-06-16 01:50:36 - finetune_logger - INFO - Val time: 16.94s
[2026-06-16 01:50:36,806][finetune_logger][INFO] - Val time: 16.94s
2026-06-16 01:50:36 - finetune_logger - INFO - Val memory reserved: 24.00 MB
[2026-06-16 01:50:36,806][finetune_logger][INFO] - Val memory reserved: 24.00 MB
2026-06-16 01:50:36 - finetune_logger - INFO - Val memory allocated: 18.10 MB
[2026-06-16 01:50:36,806][finetune_logger][INFO] - Val memory allocated: 18.10 MB
2026-06-16 01:50:36 - finetune_logger - INFO - Logged epoch 5 info to /public/home/202411094934/python_project/Spatio-Temporal-Library/time-series/2026-06-16/itransformer/finetune20/etth1/time-series/seed_1/training_log.json
[2026-06-16 01:50:36,809][finetune_logger][INFO] - Logged epoch 5 info to /public/home/202411094934/python_project/Spatio-Temporal-Library/time-series/2026-06-16/itransformer/finetune20/etth1/time-series/seed_1/training_log.json
2026-06-16 01:50:53 - finetune_logger - INFO - Test metrics: {'MAE': 1.545154769238969, 'RMSE': 2.90671893424079}
[2026-06-16 01:50:53,815][finetune_logger][INFO] - Test metrics: {'MAE': 1.545154769238969, 'RMSE': 2.90671893424079}
2026-06-16 01:50:53 - finetune_logger - INFO - Test time: 17.01s
[2026-06-16 01:50:53,815][finetune_logger][INFO] - Test time: 17.01s
2026-06-16 01:50:53 - finetune_logger - INFO - Test memory reserved: 24.00 MB
[2026-06-16 01:50:53,815][finetune_logger][INFO] - Test memory reserved: 24.00 MB
2026-06-16 01:50:53 - finetune_logger - INFO - Test memory allocated: 18.10 MB
[2026-06-16 01:50:53,815][finetune_logger][INFO] - Test memory allocated: 18.10 MB
2026-06-16 01:50:53 - finetune_logger - INFO - Epoch 6/20
[2026-06-16 01:50:53,815][finetune_logger][INFO] - Epoch 6/20
2026-06-16 01:52:57 - finetune_logger - INFO - Train loss: 1.2989885779314279
[2026-06-16 01:52:57,915][finetune_logger][INFO] - Train loss: 1.2989885779314279
2026-06-16 01:52:57 - finetune_logger - INFO - Train time: 124.0988507270813s
[2026-06-16 01:52:57,915][finetune_logger][INFO] - Train time: 124.0988507270813s
2026-06-16 01:52:57 - finetune_logger - INFO - Train memory reserved: 24.00 MB
[2026-06-16 01:52:57,915][finetune_logger][INFO] - Train memory reserved: 24.00 MB
2026-06-16 01:52:57 - finetune_logger - INFO - Train memory allocated: 18.10 MB
[2026-06-16 01:52:57,915][finetune_logger][INFO] - Train memory allocated: 18.10 MB
2026-06-16 01:52:57 - finetune_logger - INFO - Current learning rate: 0.0005
[2026-06-16 01:52:57,915][finetune_logger][INFO] - Current learning rate: 0.0005
2026-06-16 01:53:14 - finetune_logger - INFO - Validation metrics: {'MAE': 1.9201963299115499, 'RMSE': 2.9571657042276303}
[2026-06-16 01:53:14,892][finetune_logger][INFO] - Validation metrics: {'MAE': 1.9201963299115499, 'RMSE': 2.9571657042276303}
2026-06-16 01:53:14 - finetune_logger - INFO - Val time: 16.98s
[2026-06-16 01:53:14,893][finetune_logger][INFO] - Val time: 16.98s
2026-06-16 01:53:14 - finetune_logger - INFO - Val memory reserved: 24.00 MB
[2026-06-16 01:53:14,893][finetune_logger][INFO] - Val memory reserved: 24.00 MB
2026-06-16 01:53:14 - finetune_logger - INFO - Val memory allocated: 18.10 MB
[2026-06-16 01:53:14,893][finetune_logger][INFO] - Val memory allocated: 18.10 MB
2026-06-16 01:53:14 - finetune_logger - INFO - Logged epoch 6 info to /public/home/202411094934/python_project/Spatio-Temporal-Library/time-series/2026-06-16/itransformer/finetune20/etth1/time-series/seed_1/training_log.json
[2026-06-16 01:53:14,896][finetune_logger][INFO] - Logged epoch 6 info to /public/home/202411094934/python_project/Spatio-Temporal-Library/time-series/2026-06-16/itransformer/finetune20/etth1/time-series/seed_1/training_log.json
2026-06-16 01:53:31 - finetune_logger - INFO - Test metrics: {'MAE': 1.6294882798876082, 'RMSE': 3.10111279673804}
[2026-06-16 01:53:31,920][finetune_logger][INFO] - Test metrics: {'MAE': 1.6294882798876082, 'RMSE': 3.10111279673804}
2026-06-16 01:53:31 - finetune_logger - INFO - Test time: 17.02s
[2026-06-16 01:53:31,920][finetune_logger][INFO] - Test time: 17.02s
2026-06-16 01:53:31 - finetune_logger - INFO - Test memory reserved: 24.00 MB
[2026-06-16 01:53:31,920][finetune_logger][INFO] - Test memory reserved: 24.00 MB
2026-06-16 01:53:31 - finetune_logger - INFO - Test memory allocated: 18.10 MB
[2026-06-16 01:53:31,920][finetune_logger][INFO] - Test memory allocated: 18.10 MB
2026-06-16 01:53:31 - finetune_logger - INFO - Epoch 7/20
[2026-06-16 01:53:31,920][finetune_logger][INFO] - Epoch 7/20
2026-06-16 01:55:35 - finetune_logger - INFO - Train loss: 1.2782638367400925
[2026-06-16 01:55:35,871][finetune_logger][INFO] - Train loss: 1.2782638367400925
2026-06-16 01:55:35 - finetune_logger - INFO - Train time: 123.94986462593079s
[2026-06-16 01:55:35,871][finetune_logger][INFO] - Train time: 123.94986462593079s
2026-06-16 01:55:35 - finetune_logger - INFO - Train memory reserved: 24.00 MB
[2026-06-16 01:55:35,871][finetune_logger][INFO] - Train memory reserved: 24.00 MB
2026-06-16 01:55:35 - finetune_logger - INFO - Train memory allocated: 18.10 MB
[2026-06-16 01:55:35,871][finetune_logger][INFO] - Train memory allocated: 18.10 MB
2026-06-16 01:55:35 - finetune_logger - INFO - Current learning rate: 0.0005
[2026-06-16 01:55:35,871][finetune_logger][INFO] - Current learning rate: 0.0005
2026-06-16 01:55:52 - finetune_logger - INFO - Validation metrics: {'MAE': 1.914927144096009, 'RMSE': 2.974036962327506}
[2026-06-16 01:55:52,850][finetune_logger][INFO] - Validation metrics: {'MAE': 1.914927144096009, 'RMSE': 2.974036962327506}
2026-06-16 01:55:52 - finetune_logger - INFO - Val time: 16.98s
[2026-06-16 01:55:52,850][finetune_logger][INFO] - Val time: 16.98s
2026-06-16 01:55:52 - finetune_logger - INFO - Val memory reserved: 24.00 MB
[2026-06-16 01:55:52,851][finetune_logger][INFO] - Val memory reserved: 24.00 MB
2026-06-16 01:55:52 - finetune_logger - INFO - Val memory allocated: 18.10 MB
[2026-06-16 01:55:52,851][finetune_logger][INFO] - Val memory allocated: 18.10 MB
2026-06-16 01:55:52 - finetune_logger - INFO - Logged epoch 7 info to /public/home/202411094934/python_project/Spatio-Temporal-Library/time-series/2026-06-16/itransformer/finetune20/etth1/time-series/seed_1/training_log.json
[2026-06-16 01:55:52,854][finetune_logger][INFO] - Logged epoch 7 info to /public/home/202411094934/python_project/Spatio-Temporal-Library/time-series/2026-06-16/itransformer/finetune20/etth1/time-series/seed_1/training_log.json
2026-06-16 01:56:09 - finetune_logger - INFO - Test metrics: {'MAE': 1.5930430130731517, 'RMSE': 2.998763572057085}
[2026-06-16 01:56:09,825][finetune_logger][INFO] - Test metrics: {'MAE': 1.5930430130731517, 'RMSE': 2.998763572057085}
2026-06-16 01:56:09 - finetune_logger - INFO - Test time: 16.97s
[2026-06-16 01:56:09,825][finetune_logger][INFO] - Test time: 16.97s
2026-06-16 01:56:09 - finetune_logger - INFO - Test memory reserved: 24.00 MB
[2026-06-16 01:56:09,825][finetune_logger][INFO] - Test memory reserved: 24.00 MB
2026-06-16 01:56:09 - finetune_logger - INFO - Test memory allocated: 18.10 MB
[2026-06-16 01:56:09,825][finetune_logger][INFO] - Test memory allocated: 18.10 MB
2026-06-16 01:56:09 - finetune_logger - INFO - Epoch 8/20
[2026-06-16 01:56:09,826][finetune_logger][INFO] - Epoch 8/20
2026-06-16 01:58:13 - finetune_logger - INFO - Train loss: 1.258420522694936
[2026-06-16 01:58:13,739][finetune_logger][INFO] - Train loss: 1.258420522694936
2026-06-16 01:58:13 - finetune_logger - INFO - Train time: 123.91273021697998s
[2026-06-16 01:58:13,739][finetune_logger][INFO] - Train time: 123.91273021697998s
2026-06-16 01:58:13 - finetune_logger - INFO - Train memory reserved: 24.00 MB
[2026-06-16 01:58:13,739][finetune_logger][INFO] - Train memory reserved: 24.00 MB
2026-06-16 01:58:13 - finetune_logger - INFO - Train memory allocated: 18.10 MB
[2026-06-16 01:58:13,739][finetune_logger][INFO] - Train memory allocated: 18.10 MB
2026-06-16 01:58:13 - finetune_logger - INFO - Current learning rate: 0.0005
[2026-06-16 01:58:13,739][finetune_logger][INFO] - Current learning rate: 0.0005
2026-06-16 01:58:30 - finetune_logger - INFO - Validation metrics: {'MAE': 1.915190469696408, 'RMSE': 2.973906753176743}
[2026-06-16 01:58:30,827][finetune_logger][INFO] - Validation metrics: {'MAE': 1.915190469696408, 'RMSE': 2.973906753176743}
2026-06-16 01:58:30 - finetune_logger - INFO - Val time: 17.09s
[2026-06-16 01:58:30,827][finetune_logger][INFO] - Val time: 17.09s
2026-06-16 01:58:30 - finetune_logger - INFO - Val memory reserved: 24.00 MB
[2026-06-16 01:58:30,827][finetune_logger][INFO] - Val memory reserved: 24.00 MB
2026-06-16 01:58:30 - finetune_logger - INFO - Val memory allocated: 18.10 MB
[2026-06-16 01:58:30,827][finetune_logger][INFO] - Val memory allocated: 18.10 MB
2026-06-16 01:58:30 - finetune_logger - INFO - Logged epoch 8 info to /public/home/202411094934/python_project/Spatio-Temporal-Library/time-series/2026-06-16/itransformer/finetune20/etth1/time-series/seed_1/training_log.json
[2026-06-16 01:58:30,831][finetune_logger][INFO] - Logged epoch 8 info to /public/home/202411094934/python_project/Spatio-Temporal-Library/time-series/2026-06-16/itransformer/finetune20/etth1/time-series/seed_1/training_log.json
2026-06-16 01:58:47 - finetune_logger - INFO - Test metrics: {'MAE': 1.6169208811124114, 'RMSE': 3.0815471726826242}
[2026-06-16 01:58:47,786][finetune_logger][INFO] - Test metrics: {'MAE': 1.6169208811124114, 'RMSE': 3.0815471726826242}
2026-06-16 01:58:47 - finetune_logger - INFO - Test time: 16.95s
[2026-06-16 01:58:47,786][finetune_logger][INFO] - Test time: 16.95s
2026-06-16 01:58:47 - finetune_logger - INFO - Test memory reserved: 24.00 MB
[2026-06-16 01:58:47,786][finetune_logger][INFO] - Test memory reserved: 24.00 MB
2026-06-16 01:58:47 - finetune_logger - INFO - Test memory allocated: 18.10 MB
[2026-06-16 01:58:47,786][finetune_logger][INFO] - Test memory allocated: 18.10 MB
2026-06-16 01:58:47 - finetune_logger - INFO - Epoch 9/20
[2026-06-16 01:58:47,786][finetune_logger][INFO] - Epoch 9/20
2026-06-16 02:00:51 - finetune_logger - INFO - Train loss: 1.2406403165526056
[2026-06-16 02:00:51,837][finetune_logger][INFO] - Train loss: 1.2406403165526056
2026-06-16 02:00:51 - finetune_logger - INFO - Train time: 124.05039954185486s
[2026-06-16 02:00:51,837][finetune_logger][INFO] - Train time: 124.05039954185486s
2026-06-16 02:00:51 - finetune_logger - INFO - Train memory reserved: 24.00 MB
[2026-06-16 02:00:51,838][finetune_logger][INFO] - Train memory reserved: 24.00 MB
2026-06-16 02:00:51 - finetune_logger - INFO - Train memory allocated: 18.10 MB
[2026-06-16 02:00:51,838][finetune_logger][INFO] - Train memory allocated: 18.10 MB
2026-06-16 02:00:51 - finetune_logger - INFO - Current learning rate: 0.0005
[2026-06-16 02:00:51,838][finetune_logger][INFO] - Current learning rate: 0.0005
2026-06-16 02:01:08 - finetune_logger - INFO - Validation metrics: {'MAE': 1.9371460658027997, 'RMSE': 3.001605356080189}
[2026-06-16 02:01:08,938][finetune_logger][INFO] - Validation metrics: {'MAE': 1.9371460658027997, 'RMSE': 3.001605356080189}
2026-06-16 02:01:08 - finetune_logger - INFO - Val time: 17.10s
[2026-06-16 02:01:08,939][finetune_logger][INFO] - Val time: 17.10s
2026-06-16 02:01:08 - finetune_logger - INFO - Val memory reserved: 24.00 MB
[2026-06-16 02:01:08,939][finetune_logger][INFO] - Val memory reserved: 24.00 MB
2026-06-16 02:01:08 - finetune_logger - INFO - Val memory allocated: 18.10 MB
[2026-06-16 02:01:08,939][finetune_logger][INFO] - Val memory allocated: 18.10 MB
2026-06-16 02:01:08 - finetune_logger - INFO - Logged epoch 9 info to /public/home/202411094934/python_project/Spatio-Temporal-Library/time-series/2026-06-16/itransformer/finetune20/etth1/time-series/seed_1/training_log.json
[2026-06-16 02:01:08,942][finetune_logger][INFO] - Logged epoch 9 info to /public/home/202411094934/python_project/Spatio-Temporal-Library/time-series/2026-06-16/itransformer/finetune20/etth1/time-series/seed_1/training_log.json
2026-06-16 02:01:25 - finetune_logger - INFO - Test metrics: {'MAE': 1.6174103380611935, 'RMSE': 3.0638001738048697}
[2026-06-16 02:01:25,941][finetune_logger][INFO] - Test metrics: {'MAE': 1.6174103380611935, 'RMSE': 3.0638001738048697}
2026-06-16 02:01:25 - finetune_logger - INFO - Test time: 17.00s
[2026-06-16 02:01:25,941][finetune_logger][INFO] - Test time: 17.00s
2026-06-16 02:01:25 - finetune_logger - INFO - Test memory reserved: 24.00 MB
[2026-06-16 02:01:25,941][finetune_logger][INFO] - Test memory reserved: 24.00 MB
2026-06-16 02:01:25 - finetune_logger - INFO - Test memory allocated: 18.10 MB
[2026-06-16 02:01:25,941][finetune_logger][INFO] - Test memory allocated: 18.10 MB
2026-06-16 02:01:25 - finetune_logger - INFO - Epoch 10/20
[2026-06-16 02:01:25,941][finetune_logger][INFO] - Epoch 10/20
2026-06-16 02:03:29 - finetune_logger - INFO - Train loss: 1.2282284890460906
[2026-06-16 02:03:29,908][finetune_logger][INFO] - Train loss: 1.2282284890460906
2026-06-16 02:03:29 - finetune_logger - INFO - Train time: 123.96631264686584s
[2026-06-16 02:03:29,908][finetune_logger][INFO] - Train time: 123.96631264686584s
2026-06-16 02:03:29 - finetune_logger - INFO - Train memory reserved: 24.00 MB
[2026-06-16 02:03:29,908][finetune_logger][INFO] - Train memory reserved: 24.00 MB
2026-06-16 02:03:29 - finetune_logger - INFO - Train memory allocated: 18.10 MB
[2026-06-16 02:03:29,909][finetune_logger][INFO] - Train memory allocated: 18.10 MB
2026-06-16 02:03:29 - finetune_logger - INFO - Current learning rate: 0.0005
[2026-06-16 02:03:29,909][finetune_logger][INFO] - Current learning rate: 0.0005
2026-06-16 02:03:46 - finetune_logger - INFO - Validation metrics: {'MAE': 1.9495364672569995, 'RMSE': 3.028217685517813}
[2026-06-16 02:03:46,844][finetune_logger][INFO] - Validation metrics: {'MAE': 1.9495364672569995, 'RMSE': 3.028217685517813}
2026-06-16 02:03:46 - finetune_logger - INFO - Val time: 16.93s
[2026-06-16 02:03:46,844][finetune_logger][INFO] - Val time: 16.93s
2026-06-16 02:03:46 - finetune_logger - INFO - Val memory reserved: 24.00 MB
[2026-06-16 02:03:46,844][finetune_logger][INFO] - Val memory reserved: 24.00 MB
2026-06-16 02:03:46 - finetune_logger - INFO - Val memory allocated: 18.10 MB
[2026-06-16 02:03:46,844][finetune_logger][INFO] - Val memory allocated: 18.10 MB
2026-06-16 02:03:46 - finetune_logger - INFO - Logged epoch 10 info to /public/home/202411094934/python_project/Spatio-Temporal-Library/time-series/2026-06-16/itransformer/finetune20/etth1/time-series/seed_1/training_log.json
[2026-06-16 02:03:46,847][finetune_logger][INFO] - Logged epoch 10 info to /public/home/202411094934/python_project/Spatio-Temporal-Library/time-series/2026-06-16/itransformer/finetune20/etth1/time-series/seed_1/training_log.json
2026-06-16 02:04:03 - finetune_logger - INFO - Test metrics: {'MAE': 1.6152073358808212, 'RMSE': 3.032253316697617}
[2026-06-16 02:04:03,835][finetune_logger][INFO] - Test metrics: {'MAE': 1.6152073358808212, 'RMSE': 3.032253316697617}
2026-06-16 02:04:03 - finetune_logger - INFO - Test time: 16.97s
[2026-06-16 02:04:03,835][finetune_logger][INFO] - Test time: 16.97s
2026-06-16 02:04:03 - finetune_logger - INFO - Test memory reserved: 24.00 MB
[2026-06-16 02:04:03,835][finetune_logger][INFO] - Test memory reserved: 24.00 MB
2026-06-16 02:04:03 - finetune_logger - INFO - Test memory allocated: 18.10 MB
[2026-06-16 02:04:03,836][finetune_logger][INFO] - Test memory allocated: 18.10 MB
2026-06-16 02:04:03 - finetune_logger - INFO - Epoch 11/20
[2026-06-16 02:04:03,836][finetune_logger][INFO] - Epoch 11/20
2026-06-16 02:06:07 - finetune_logger - INFO - Train loss: 1.193094256091988
[2026-06-16 02:06:07,910][finetune_logger][INFO] - Train loss: 1.193094256091988
2026-06-16 02:06:07 - finetune_logger - INFO - Train time: 124.07410264015198s
[2026-06-16 02:06:07,911][finetune_logger][INFO] - Train time: 124.07410264015198s
2026-06-16 02:06:07 - finetune_logger - INFO - Train memory reserved: 24.00 MB
[2026-06-16 02:06:07,911][finetune_logger][INFO] - Train memory reserved: 24.00 MB
2026-06-16 02:06:07 - finetune_logger - INFO - Train memory allocated: 18.10 MB
[2026-06-16 02:06:07,911][finetune_logger][INFO] - Train memory allocated: 18.10 MB
2026-06-16 02:06:07 - finetune_logger - INFO - Current learning rate: 0.00025
[2026-06-16 02:06:07,911][finetune_logger][INFO] - Current learning rate: 0.00025
2026-06-16 02:06:24 - finetune_logger - INFO - Validation metrics: {'MAE': 1.944006844543272, 'RMSE': 3.0234874405633825}
[2026-06-16 02:06:24,887][finetune_logger][INFO] - Validation metrics: {'MAE': 1.944006844543272, 'RMSE': 3.0234874405633825}
2026-06-16 02:06:24 - finetune_logger - INFO - Val time: 16.98s
[2026-06-16 02:06:24,887][finetune_logger][INFO] - Val time: 16.98s
2026-06-16 02:06:24 - finetune_logger - INFO - Val memory reserved: 24.00 MB
[2026-06-16 02:06:24,887][finetune_logger][INFO] - Val memory reserved: 24.00 MB
2026-06-16 02:06:24 - finetune_logger - INFO - Val memory allocated: 18.10 MB
[2026-06-16 02:06:24,887][finetune_logger][INFO] - Val memory allocated: 18.10 MB
2026-06-16 02:06:24 - finetune_logger - INFO - Logged epoch 11 info to /public/home/202411094934/python_project/Spatio-Temporal-Library/time-series/2026-06-16/itransformer/finetune20/etth1/time-series/seed_1/training_log.json
[2026-06-16 02:06:24,891][finetune_logger][INFO] - Logged epoch 11 info to /public/home/202411094934/python_project/Spatio-Temporal-Library/time-series/2026-06-16/itransformer/finetune20/etth1/time-series/seed_1/training_log.json
2026-06-16 02:06:41 - finetune_logger - INFO - Test metrics: {'MAE': 1.6084745800154576, 'RMSE': 3.0519187598909583}
[2026-06-16 02:06:41,887][finetune_logger][INFO] - Test metrics: {'MAE': 1.6084745800154576, 'RMSE': 3.0519187598909583}
2026-06-16 02:06:41 - finetune_logger - INFO - Test time: 17.00s
[2026-06-16 02:06:41,887][finetune_logger][INFO] - Test time: 17.00s
2026-06-16 02:06:41 - finetune_logger - INFO - Test memory reserved: 24.00 MB
[2026-06-16 02:06:41,887][finetune_logger][INFO] - Test memory reserved: 24.00 MB
2026-06-16 02:06:41 - finetune_logger - INFO - Test memory allocated: 18.10 MB
[2026-06-16 02:06:41,887][finetune_logger][INFO] - Test memory allocated: 18.10 MB
2026-06-16 02:06:41 - finetune_logger - INFO - Epoch 12/20
[2026-06-16 02:06:41,888][finetune_logger][INFO] - Epoch 12/20
2026-06-16 02:08:45 - finetune_logger - INFO - Train loss: 1.1818948823849782
[2026-06-16 02:08:45,857][finetune_logger][INFO] - Train loss: 1.1818948823849782
2026-06-16 02:08:45 - finetune_logger - INFO - Train time: 123.96850943565369s
[2026-06-16 02:08:45,857][finetune_logger][INFO] - Train time: 123.96850943565369s
2026-06-16 02:08:45 - finetune_logger - INFO - Train memory reserved: 24.00 MB
[2026-06-16 02:08:45,857][finetune_logger][INFO] - Train memory reserved: 24.00 MB
2026-06-16 02:08:45 - finetune_logger - INFO - Train memory allocated: 18.10 MB
[2026-06-16 02:08:45,857][finetune_logger][INFO] - Train memory allocated: 18.10 MB
2026-06-16 02:08:45 - finetune_logger - INFO - Current learning rate: 0.00025
[2026-06-16 02:08:45,857][finetune_logger][INFO] - Current learning rate: 0.00025
2026-06-16 02:09:02 - finetune_logger - INFO - Validation metrics: {'MAE': 1.940132651805875, 'RMSE': 3.016480757304593}
[2026-06-16 02:09:02,834][finetune_logger][INFO] - Validation metrics: {'MAE': 1.940132651805875, 'RMSE': 3.016480757304593}
2026-06-16 02:09:02 - finetune_logger - INFO - Val time: 16.98s
[2026-06-16 02:09:02,834][finetune_logger][INFO] - Val time: 16.98s
2026-06-16 02:09:02 - finetune_logger - INFO - Val memory reserved: 24.00 MB
[2026-06-16 02:09:02,834][finetune_logger][INFO] - Val memory reserved: 24.00 MB
2026-06-16 02:09:02 - finetune_logger - INFO - Val memory allocated: 18.10 MB
[2026-06-16 02:09:02,834][finetune_logger][INFO] - Val memory allocated: 18.10 MB
2026-06-16 02:09:02 - finetune_logger - INFO - Logged epoch 12 info to /public/home/202411094934/python_project/Spatio-Temporal-Library/time-series/2026-06-16/itransformer/finetune20/etth1/time-series/seed_1/training_log.json
[2026-06-16 02:09:02,838][finetune_logger][INFO] - Logged epoch 12 info to /public/home/202411094934/python_project/Spatio-Temporal-Library/time-series/2026-06-16/itransformer/finetune20/etth1/time-series/seed_1/training_log.json
2026-06-16 02:09:19 - finetune_logger - INFO - Test metrics: {'MAE': 1.625785450163342, 'RMSE': 3.082047511827379}
[2026-06-16 02:09:19,882][finetune_logger][INFO] - Test metrics: {'MAE': 1.625785450163342, 'RMSE': 3.082047511827379}
2026-06-16 02:09:19 - finetune_logger - INFO - Test time: 17.04s
[2026-06-16 02:09:19,882][finetune_logger][INFO] - Test time: 17.04s
2026-06-16 02:09:19 - finetune_logger - INFO - Test memory reserved: 24.00 MB
[2026-06-16 02:09:19,883][finetune_logger][INFO] - Test memory reserved: 24.00 MB
2026-06-16 02:09:19 - finetune_logger - INFO - Test memory allocated: 18.10 MB
[2026-06-16 02:09:19,883][finetune_logger][INFO] - Test memory allocated: 18.10 MB
2026-06-16 02:09:19 - finetune_logger - INFO - Epoch 13/20
[2026-06-16 02:09:19,883][finetune_logger][INFO] - Epoch 13/20
2026-06-16 02:11:23 - finetune_logger - INFO - Train loss: 1.1726567919508804
[2026-06-16 02:11:23,848][finetune_logger][INFO] - Train loss: 1.1726567919508804
2026-06-16 02:11:23 - finetune_logger - INFO - Train time: 123.96430659294128s
[2026-06-16 02:11:23,848][finetune_logger][INFO] - Train time: 123.96430659294128s
2026-06-16 02:11:23 - finetune_logger - INFO - Train memory reserved: 24.00 MB
[2026-06-16 02:11:23,848][finetune_logger][INFO] - Train memory reserved: 24.00 MB
2026-06-16 02:11:23 - finetune_logger - INFO - Train memory allocated: 18.10 MB
[2026-06-16 02:11:23,848][finetune_logger][INFO] - Train memory allocated: 18.10 MB
2026-06-16 02:11:23 - finetune_logger - INFO - Current learning rate: 0.00025
[2026-06-16 02:11:23,848][finetune_logger][INFO] - Current learning rate: 0.00025
2026-06-16 02:11:40 - finetune_logger - INFO - Validation metrics: {'MAE': 1.961959737482522, 'RMSE': 3.055529332887551}
[2026-06-16 02:11:40,953][finetune_logger][INFO] - Validation metrics: {'MAE': 1.961959737482522, 'RMSE': 3.055529332887551}
2026-06-16 02:11:40 - finetune_logger - INFO - Val time: 17.10s
[2026-06-16 02:11:40,954][finetune_logger][INFO] - Val time: 17.10s
2026-06-16 02:11:40 - finetune_logger - INFO - Val memory reserved: 24.00 MB
[2026-06-16 02:11:40,954][finetune_logger][INFO] - Val memory reserved: 24.00 MB
2026-06-16 02:11:40 - finetune_logger - INFO - Val memory allocated: 18.10 MB
[2026-06-16 02:11:40,954][finetune_logger][INFO] - Val memory allocated: 18.10 MB
2026-06-16 02:11:40 - finetune_logger - INFO - Logged epoch 13 info to /public/home/202411094934/python_project/Spatio-Temporal-Library/time-series/2026-06-16/itransformer/finetune20/etth1/time-series/seed_1/training_log.json
[2026-06-16 02:11:40,957][finetune_logger][INFO] - Logged epoch 13 info to /public/home/202411094934/python_project/Spatio-Temporal-Library/time-series/2026-06-16/itransformer/finetune20/etth1/time-series/seed_1/training_log.json
2026-06-16 02:11:57 - finetune_logger - INFO - Test metrics: {'MAE': 1.6399356328873442, 'RMSE': 3.0895970190593096}
[2026-06-16 02:11:57,972][finetune_logger][INFO] - Test metrics: {'MAE': 1.6399356328873442, 'RMSE': 3.0895970190593096}
2026-06-16 02:11:57 - finetune_logger - INFO - Test time: 17.01s
[2026-06-16 02:11:57,973][finetune_logger][INFO] - Test time: 17.01s
2026-06-16 02:11:57 - finetune_logger - INFO - Test memory reserved: 24.00 MB
[2026-06-16 02:11:57,973][finetune_logger][INFO] - Test memory reserved: 24.00 MB
2026-06-16 02:11:57 - finetune_logger - INFO - Test memory allocated: 18.10 MB
[2026-06-16 02:11:57,973][finetune_logger][INFO] - Test memory allocated: 18.10 MB
2026-06-16 02:11:57 - finetune_logger - INFO - Epoch 14/20
[2026-06-16 02:11:57,973][finetune_logger][INFO] - Epoch 14/20
2026-06-16 02:14:01 - finetune_logger - INFO - Train loss: 1.16615033844218
[2026-06-16 02:14:01,903][finetune_logger][INFO] - Train loss: 1.16615033844218
2026-06-16 02:14:01 - finetune_logger - INFO - Train time: 123.92926621437073s
[2026-06-16 02:14:01,903][finetune_logger][INFO] - Train time: 123.92926621437073s
2026-06-16 02:14:01 - finetune_logger - INFO - Train memory reserved: 24.00 MB
[2026-06-16 02:14:01,903][finetune_logger][INFO] - Train memory reserved: 24.00 MB
2026-06-16 02:14:01 - finetune_logger - INFO - Train memory allocated: 18.10 MB
[2026-06-16 02:14:01,903][finetune_logger][INFO] - Train memory allocated: 18.10 MB
2026-06-16 02:14:01 - finetune_logger - INFO - Current learning rate: 0.00025
[2026-06-16 02:14:01,903][finetune_logger][INFO] - Current learning rate: 0.00025
2026-06-16 02:14:18 - finetune_logger - INFO - Validation metrics: {'MAE': 1.928475139686035, 'RMSE': 2.994824588366917}
[2026-06-16 02:14:18,981][finetune_logger][INFO] - Validation metrics: {'MAE': 1.928475139686035, 'RMSE': 2.994824588366917}
2026-06-16 02:14:18 - finetune_logger - INFO - Val time: 17.08s
[2026-06-16 02:14:18,981][finetune_logger][INFO] - Val time: 17.08s
2026-06-16 02:14:18 - finetune_logger - INFO - Val memory reserved: 24.00 MB
[2026-06-16 02:14:18,981][finetune_logger][INFO] - Val memory reserved: 24.00 MB
2026-06-16 02:14:18 - finetune_logger - INFO - Val memory allocated: 18.10 MB
[2026-06-16 02:14:18,981][finetune_logger][INFO] - Val memory allocated: 18.10 MB
2026-06-16 02:14:18 - finetune_logger - INFO - Logged epoch 14 info to /public/home/202411094934/python_project/Spatio-Temporal-Library/time-series/2026-06-16/itransformer/finetune20/etth1/time-series/seed_1/training_log.json
[2026-06-16 02:14:18,985][finetune_logger][INFO] - Logged epoch 14 info to /public/home/202411094934/python_project/Spatio-Temporal-Library/time-series/2026-06-16/itransformer/finetune20/etth1/time-series/seed_1/training_log.json
2026-06-16 02:14:35 - finetune_logger - INFO - Test metrics: {'MAE': 1.6463276297705527, 'RMSE': 3.1356982518604797}
[2026-06-16 02:14:35,990][finetune_logger][INFO] - Test metrics: {'MAE': 1.6463276297705527, 'RMSE': 3.1356982518604797}
2026-06-16 02:14:35 - finetune_logger - INFO - Test time: 17.00s
[2026-06-16 02:14:35,990][finetune_logger][INFO] - Test time: 17.00s
2026-06-16 02:14:35 - finetune_logger - INFO - Test memory reserved: 24.00 MB
[2026-06-16 02:14:35,990][finetune_logger][INFO] - Test memory reserved: 24.00 MB
2026-06-16 02:14:35 - finetune_logger - INFO - Test memory allocated: 18.10 MB
[2026-06-16 02:14:35,990][finetune_logger][INFO] - Test memory allocated: 18.10 MB
2026-06-16 02:14:35 - finetune_logger - INFO - Epoch 15/20
[2026-06-16 02:14:35,991][finetune_logger][INFO] - Epoch 15/20
2026-06-16 02:16:40 - finetune_logger - INFO - Train loss: 1.157555194468317
[2026-06-16 02:16:40,161][finetune_logger][INFO] - Train loss: 1.157555194468317
2026-06-16 02:16:40 - finetune_logger - INFO - Train time: 124.16996884346008s
[2026-06-16 02:16:40,161][finetune_logger][INFO] - Train time: 124.16996884346008s
2026-06-16 02:16:40 - finetune_logger - INFO - Train memory reserved: 24.00 MB
[2026-06-16 02:16:40,161][finetune_logger][INFO] - Train memory reserved: 24.00 MB
2026-06-16 02:16:40 - finetune_logger - INFO - Train memory allocated: 18.10 MB
[2026-06-16 02:16:40,162][finetune_logger][INFO] - Train memory allocated: 18.10 MB
2026-06-16 02:16:40 - finetune_logger - INFO - Current learning rate: 0.00025
[2026-06-16 02:16:40,162][finetune_logger][INFO] - Current learning rate: 0.00025
2026-06-16 02:16:57 - finetune_logger - INFO - Validation metrics: {'MAE': 1.93826289948963, 'RMSE': 3.0043227495920086}
[2026-06-16 02:16:57,261][finetune_logger][INFO] - Validation metrics: {'MAE': 1.93826289948963, 'RMSE': 3.0043227495920086}
2026-06-16 02:16:57 - finetune_logger - INFO - Val time: 17.10s
[2026-06-16 02:16:57,261][finetune_logger][INFO] - Val time: 17.10s
2026-06-16 02:16:57 - finetune_logger - INFO - Val memory reserved: 24.00 MB
[2026-06-16 02:16:57,261][finetune_logger][INFO] - Val memory reserved: 24.00 MB
2026-06-16 02:16:57 - finetune_logger - INFO - Val memory allocated: 18.10 MB
[2026-06-16 02:16:57,262][finetune_logger][INFO] - Val memory allocated: 18.10 MB
2026-06-16 02:16:57 - finetune_logger - INFO - Logged epoch 15 info to /public/home/202411094934/python_project/Spatio-Temporal-Library/time-series/2026-06-16/itransformer/finetune20/etth1/time-series/seed_1/training_log.json
[2026-06-16 02:16:57,265][finetune_logger][INFO] - Logged epoch 15 info to /public/home/202411094934/python_project/Spatio-Temporal-Library/time-series/2026-06-16/itransformer/finetune20/etth1/time-series/seed_1/training_log.json
2026-06-16 02:17:14 - finetune_logger - INFO - Test metrics: {'MAE': 1.6609852692740297, 'RMSE': 3.1580509061813244}
[2026-06-16 02:17:14,316][finetune_logger][INFO] - Test metrics: {'MAE': 1.6609852692740297, 'RMSE': 3.1580509061813244}
2026-06-16 02:17:14 - finetune_logger - INFO - Test time: 17.05s
[2026-06-16 02:17:14,317][finetune_logger][INFO] - Test time: 17.05s
2026-06-16 02:17:14 - finetune_logger - INFO - Test memory reserved: 24.00 MB
[2026-06-16 02:17:14,317][finetune_logger][INFO] - Test memory reserved: 24.00 MB
2026-06-16 02:17:14 - finetune_logger - INFO - Test memory allocated: 18.10 MB
[2026-06-16 02:17:14,317][finetune_logger][INFO] - Test memory allocated: 18.10 MB
2026-06-16 02:17:14 - finetune_logger - INFO - Epoch 16/20
[2026-06-16 02:17:14,317][finetune_logger][INFO] - Epoch 16/20
2026-06-16 02:19:18 - finetune_logger - INFO - Train loss: 1.1519685780923832
[2026-06-16 02:19:18,390][finetune_logger][INFO] - Train loss: 1.1519685780923832
2026-06-16 02:19:18 - finetune_logger - INFO - Train time: 124.07259726524353s
[2026-06-16 02:19:18,390][finetune_logger][INFO] - Train time: 124.07259726524353s
2026-06-16 02:19:18 - finetune_logger - INFO - Train memory reserved: 24.00 MB
[2026-06-16 02:19:18,391][finetune_logger][INFO] - Train memory reserved: 24.00 MB
2026-06-16 02:19:18 - finetune_logger - INFO - Train memory allocated: 18.10 MB
[2026-06-16 02:19:18,391][finetune_logger][INFO] - Train memory allocated: 18.10 MB
2026-06-16 02:19:18 - finetune_logger - INFO - Current learning rate: 0.00025
[2026-06-16 02:19:18,391][finetune_logger][INFO] - Current learning rate: 0.00025
2026-06-16 02:19:35 - finetune_logger - INFO - Validation metrics: {'MAE': 1.9402232188497235, 'RMSE': 3.0086480093910515}
[2026-06-16 02:19:35,393][finetune_logger][INFO] - Validation metrics: {'MAE': 1.9402232188497235, 'RMSE': 3.0086480093910515}
2026-06-16 02:19:35 - finetune_logger - INFO - Val time: 17.00s
[2026-06-16 02:19:35,393][finetune_logger][INFO] - Val time: 17.00s
2026-06-16 02:19:35 - finetune_logger - INFO - Val memory reserved: 24.00 MB
[2026-06-16 02:19:35,393][finetune_logger][INFO] - Val memory reserved: 24.00 MB
2026-06-16 02:19:35 - finetune_logger - INFO - Val memory allocated: 18.10 MB
[2026-06-16 02:19:35,393][finetune_logger][INFO] - Val memory allocated: 18.10 MB
2026-06-16 02:19:35 - finetune_logger - INFO - Logged epoch 16 info to /public/home/202411094934/python_project/Spatio-Temporal-Library/time-series/2026-06-16/itransformer/finetune20/etth1/time-series/seed_1/training_log.json
[2026-06-16 02:19:35,396][finetune_logger][INFO] - Logged epoch 16 info to /public/home/202411094934/python_project/Spatio-Temporal-Library/time-series/2026-06-16/itransformer/finetune20/etth1/time-series/seed_1/training_log.json
2026-06-16 02:19:52 - finetune_logger - INFO - Test metrics: {'MAE': 1.6507009536652335, 'RMSE': 3.134650065422054}
[2026-06-16 02:19:52,368][finetune_logger][INFO] - Test metrics: {'MAE': 1.6507009536652335, 'RMSE': 3.134650065422054}
2026-06-16 02:19:52 - finetune_logger - INFO - Test time: 16.97s
[2026-06-16 02:19:52,368][finetune_logger][INFO] - Test time: 16.97s
2026-06-16 02:19:52 - finetune_logger - INFO - Test memory reserved: 24.00 MB
[2026-06-16 02:19:52,369][finetune_logger][INFO] - Test memory reserved: 24.00 MB
2026-06-16 02:19:52 - finetune_logger - INFO - Test memory allocated: 18.10 MB
[2026-06-16 02:19:52,369][finetune_logger][INFO] - Test memory allocated: 18.10 MB
2026-06-16 02:19:52 - finetune_logger - INFO - Epoch 17/20
[2026-06-16 02:19:52,369][finetune_logger][INFO] - Epoch 17/20
2026-06-16 02:21:56 - finetune_logger - INFO - Train loss: 1.144965731543159
[2026-06-16 02:21:56,505][finetune_logger][INFO] - Train loss: 1.144965731543159
2026-06-16 02:21:56 - finetune_logger - INFO - Train time: 124.13580560684204s
[2026-06-16 02:21:56,505][finetune_logger][INFO] - Train time: 124.13580560684204s
2026-06-16 02:21:56 - finetune_logger - INFO - Train memory reserved: 24.00 MB
[2026-06-16 02:21:56,506][finetune_logger][INFO] - Train memory reserved: 24.00 MB
2026-06-16 02:21:56 - finetune_logger - INFO - Train memory allocated: 18.10 MB
[2026-06-16 02:21:56,506][finetune_logger][INFO] - Train memory allocated: 18.10 MB
2026-06-16 02:21:56 - finetune_logger - INFO - Current learning rate: 0.00025
[2026-06-16 02:21:56,506][finetune_logger][INFO] - Current learning rate: 0.00025
2026-06-16 02:22:13 - finetune_logger - INFO - Validation metrics: {'MAE': 1.9559440552166536, 'RMSE': 3.0432113118852886}
[2026-06-16 02:22:13,521][finetune_logger][INFO] - Validation metrics: {'MAE': 1.9559440552166536, 'RMSE': 3.0432113118852886}
2026-06-16 02:22:13 - finetune_logger - INFO - Val time: 17.01s
[2026-06-16 02:22:13,521][finetune_logger][INFO] - Val time: 17.01s
2026-06-16 02:22:13 - finetune_logger - INFO - Val memory reserved: 24.00 MB
[2026-06-16 02:22:13,521][finetune_logger][INFO] - Val memory reserved: 24.00 MB
2026-06-16 02:22:13 - finetune_logger - INFO - Val memory allocated: 18.10 MB
[2026-06-16 02:22:13,521][finetune_logger][INFO] - Val memory allocated: 18.10 MB
2026-06-16 02:22:13 - finetune_logger - INFO - Logged epoch 17 info to /public/home/202411094934/python_project/Spatio-Temporal-Library/time-series/2026-06-16/itransformer/finetune20/etth1/time-series/seed_1/training_log.json
[2026-06-16 02:22:13,525][finetune_logger][INFO] - Logged epoch 17 info to /public/home/202411094934/python_project/Spatio-Temporal-Library/time-series/2026-06-16/itransformer/finetune20/etth1/time-series/seed_1/training_log.json
2026-06-16 02:22:30 - finetune_logger - INFO - Test metrics: {'MAE': 1.6531478462673346, 'RMSE': 3.1161605544317346}
[2026-06-16 02:22:30,572][finetune_logger][INFO] - Test metrics: {'MAE': 1.6531478462673346, 'RMSE': 3.1161605544317346}
2026-06-16 02:22:30 - finetune_logger - INFO - Test time: 17.05s
[2026-06-16 02:22:30,572][finetune_logger][INFO] - Test time: 17.05s
2026-06-16 02:22:30 - finetune_logger - INFO - Test memory reserved: 24.00 MB
[2026-06-16 02:22:30,572][finetune_logger][INFO] - Test memory reserved: 24.00 MB
2026-06-16 02:22:30 - finetune_logger - INFO - Test memory allocated: 18.10 MB
[2026-06-16 02:22:30,572][finetune_logger][INFO] - Test memory allocated: 18.10 MB
2026-06-16 02:22:30 - finetune_logger - INFO - Epoch 18/20
[2026-06-16 02:22:30,572][finetune_logger][INFO] - Epoch 18/20
2026-06-16 02:24:34 - finetune_logger - INFO - Train loss: 1.1396457506633613
[2026-06-16 02:24:34,142][finetune_logger][INFO] - Train loss: 1.1396457506633613
2026-06-16 02:24:34 - finetune_logger - INFO - Train time: 123.56893014907837s
[2026-06-16 02:24:34,142][finetune_logger][INFO] - Train time: 123.56893014907837s
2026-06-16 02:24:34 - finetune_logger - INFO - Train memory reserved: 24.00 MB
[2026-06-16 02:24:34,142][finetune_logger][INFO] - Train memory reserved: 24.00 MB
2026-06-16 02:24:34 - finetune_logger - INFO - Train memory allocated: 18.10 MB
[2026-06-16 02:24:34,142][finetune_logger][INFO] - Train memory allocated: 18.10 MB
2026-06-16 02:24:34 - finetune_logger - INFO - Current learning rate: 0.00025
[2026-06-16 02:24:34,142][finetune_logger][INFO] - Current learning rate: 0.00025
2026-06-16 02:24:51 - finetune_logger - INFO - Validation metrics: {'MAE': 1.9528825008528532, 'RMSE': 3.0320635831923717}
[2026-06-16 02:24:51,009][finetune_logger][INFO] - Validation metrics: {'MAE': 1.9528825008528532, 'RMSE': 3.0320635831923717}
2026-06-16 02:24:51 - finetune_logger - INFO - Val time: 16.87s
[2026-06-16 02:24:51,010][finetune_logger][INFO] - Val time: 16.87s
2026-06-16 02:24:51 - finetune_logger - INFO - Val memory reserved: 24.00 MB
[2026-06-16 02:24:51,010][finetune_logger][INFO] - Val memory reserved: 24.00 MB
2026-06-16 02:24:51 - finetune_logger - INFO - Val memory allocated: 18.10 MB
[2026-06-16 02:24:51,010][finetune_logger][INFO] - Val memory allocated: 18.10 MB
2026-06-16 02:24:51 - finetune_logger - INFO - Logged epoch 18 info to /public/home/202411094934/python_project/Spatio-Temporal-Library/time-series/2026-06-16/itransformer/finetune20/etth1/time-series/seed_1/training_log.json
[2026-06-16 02:24:51,014][finetune_logger][INFO] - Logged epoch 18 info to /public/home/202411094934/python_project/Spatio-Temporal-Library/time-series/2026-06-16/itransformer/finetune20/etth1/time-series/seed_1/training_log.json
2026-06-16 02:25:08 - finetune_logger - INFO - Test metrics: {'MAE': 1.6634537203198374, 'RMSE': 3.14456112670898}
[2026-06-16 02:25:08,011][finetune_logger][INFO] - Test metrics: {'MAE': 1.6634537203198374, 'RMSE': 3.14456112670898}
2026-06-16 02:25:08 - finetune_logger - INFO - Test time: 17.00s
[2026-06-16 02:25:08,011][finetune_logger][INFO] - Test time: 17.00s
2026-06-16 02:25:08 - finetune_logger - INFO - Test memory reserved: 24.00 MB
[2026-06-16 02:25:08,011][finetune_logger][INFO] - Test memory reserved: 24.00 MB
2026-06-16 02:25:08 - finetune_logger - INFO - Test memory allocated: 18.10 MB
[2026-06-16 02:25:08,011][finetune_logger][INFO] - Test memory allocated: 18.10 MB
2026-06-16 02:25:08 - finetune_logger - INFO - Epoch 19/20
[2026-06-16 02:25:08,011][finetune_logger][INFO] - Epoch 19/20
2026-06-16 02:27:11 - finetune_logger - INFO - Train loss: 1.1339268240746674
[2026-06-16 02:27:11,580][finetune_logger][INFO] - Train loss: 1.1339268240746674
2026-06-16 02:27:11 - finetune_logger - INFO - Train time: 123.56786918640137s
[2026-06-16 02:27:11,580][finetune_logger][INFO] - Train time: 123.56786918640137s
2026-06-16 02:27:11 - finetune_logger - INFO - Train memory reserved: 24.00 MB
[2026-06-16 02:27:11,580][finetune_logger][INFO] - Train memory reserved: 24.00 MB
2026-06-16 02:27:11 - finetune_logger - INFO - Train memory allocated: 18.10 MB
[2026-06-16 02:27:11,580][finetune_logger][INFO] - Train memory allocated: 18.10 MB
2026-06-16 02:27:11 - finetune_logger - INFO - Current learning rate: 0.00025
[2026-06-16 02:27:11,580][finetune_logger][INFO] - Current learning rate: 0.00025
2026-06-16 02:27:28 - finetune_logger - INFO - Validation metrics: {'MAE': 1.9653281034060905, 'RMSE': 3.0615768694196346}
[2026-06-16 02:27:28,525][finetune_logger][INFO] - Validation metrics: {'MAE': 1.9653281034060905, 'RMSE': 3.0615768694196346}
2026-06-16 02:27:28 - finetune_logger - INFO - Val time: 16.94s
[2026-06-16 02:27:28,525][finetune_logger][INFO] - Val time: 16.94s
2026-06-16 02:27:28 - finetune_logger - INFO - Val memory reserved: 24.00 MB
[2026-06-16 02:27:28,525][finetune_logger][INFO] - Val memory reserved: 24.00 MB
2026-06-16 02:27:28 - finetune_logger - INFO - Val memory allocated: 18.10 MB
[2026-06-16 02:27:28,525][finetune_logger][INFO] - Val memory allocated: 18.10 MB
2026-06-16 02:27:28 - finetune_logger - INFO - Logged epoch 19 info to /public/home/202411094934/python_project/Spatio-Temporal-Library/time-series/2026-06-16/itransformer/finetune20/etth1/time-series/seed_1/training_log.json
[2026-06-16 02:27:28,529][finetune_logger][INFO] - Logged epoch 19 info to /public/home/202411094934/python_project/Spatio-Temporal-Library/time-series/2026-06-16/itransformer/finetune20/etth1/time-series/seed_1/training_log.json
2026-06-16 02:27:45 - finetune_logger - INFO - Test metrics: {'MAE': 1.656835411208016, 'RMSE': 3.126713005202156}
[2026-06-16 02:27:45,498][finetune_logger][INFO] - Test metrics: {'MAE': 1.656835411208016, 'RMSE': 3.126713005202156}
2026-06-16 02:27:45 - finetune_logger - INFO - Test time: 16.97s
[2026-06-16 02:27:45,499][finetune_logger][INFO] - Test time: 16.97s
2026-06-16 02:27:45 - finetune_logger - INFO - Test memory reserved: 24.00 MB
[2026-06-16 02:27:45,499][finetune_logger][INFO] - Test memory reserved: 24.00 MB
2026-06-16 02:27:45 - finetune_logger - INFO - Test memory allocated: 18.10 MB
[2026-06-16 02:27:45,499][finetune_logger][INFO] - Test memory allocated: 18.10 MB
2026-06-16 02:27:45 - finetune_logger - INFO - Epoch 20/20
[2026-06-16 02:27:45,499][finetune_logger][INFO] - Epoch 20/20
2026-06-16 02:29:49 - finetune_logger - INFO - Train loss: 1.1297958214509072
[2026-06-16 02:29:49,043][finetune_logger][INFO] - Train loss: 1.1297958214509072
2026-06-16 02:29:49 - finetune_logger - INFO - Train time: 123.54401135444641s
[2026-06-16 02:29:49,044][finetune_logger][INFO] - Train time: 123.54401135444641s
2026-06-16 02:29:49 - finetune_logger - INFO - Train memory reserved: 24.00 MB
[2026-06-16 02:29:49,044][finetune_logger][INFO] - Train memory reserved: 24.00 MB
2026-06-16 02:29:49 - finetune_logger - INFO - Train memory allocated: 18.10 MB
[2026-06-16 02:29:49,044][finetune_logger][INFO] - Train memory allocated: 18.10 MB
2026-06-16 02:29:49 - finetune_logger - INFO - Current learning rate: 0.00025
[2026-06-16 02:29:49,044][finetune_logger][INFO] - Current learning rate: 0.00025
2026-06-16 02:30:06 - finetune_logger - INFO - Validation metrics: {'MAE': 1.9569924105462617, 'RMSE': 3.05334619022551}
[2026-06-16 02:30:06,118][finetune_logger][INFO] - Validation metrics: {'MAE': 1.9569924105462617, 'RMSE': 3.05334619022551}
2026-06-16 02:30:06 - finetune_logger - INFO - Val time: 17.07s
[2026-06-16 02:30:06,118][finetune_logger][INFO] - Val time: 17.07s
2026-06-16 02:30:06 - finetune_logger - INFO - Val memory reserved: 24.00 MB
[2026-06-16 02:30:06,118][finetune_logger][INFO] - Val memory reserved: 24.00 MB
2026-06-16 02:30:06 - finetune_logger - INFO - Val memory allocated: 18.10 MB
[2026-06-16 02:30:06,118][finetune_logger][INFO] - Val memory allocated: 18.10 MB
2026-06-16 02:30:06 - finetune_logger - INFO - Logged epoch 20 info to /public/home/202411094934/python_project/Spatio-Temporal-Library/time-series/2026-06-16/itransformer/finetune20/etth1/time-series/seed_1/training_log.json
[2026-06-16 02:30:06,122][finetune_logger][INFO] - Logged epoch 20 info to /public/home/202411094934/python_project/Spatio-Temporal-Library/time-series/2026-06-16/itransformer/finetune20/etth1/time-series/seed_1/training_log.json
2026-06-16 02:30:23 - finetune_logger - INFO - Test metrics: {'MAE': 1.653975189708528, 'RMSE': 3.1272565081005954}
[2026-06-16 02:30:23,093][finetune_logger][INFO] - Test metrics: {'MAE': 1.653975189708528, 'RMSE': 3.1272565081005954}
2026-06-16 02:30:23 - finetune_logger - INFO - Test time: 16.95s
[2026-06-16 02:30:23,094][finetune_logger][INFO] - Test time: 16.95s
2026-06-16 02:30:23 - finetune_logger - INFO - Test memory reserved: 24.00 MB
[2026-06-16 02:30:23,094][finetune_logger][INFO] - Test memory reserved: 24.00 MB
2026-06-16 02:30:23 - finetune_logger - INFO - Test memory allocated: 18.10 MB
[2026-06-16 02:30:23,094][finetune_logger][INFO] - Test memory allocated: 18.10 MB
2026-06-16 02:30:23 - finetune_logger - INFO - Training completed. Best epoch: 3, Best val loss: 1.864339
[2026-06-16 02:30:23,094][finetune_logger][INFO] - Training completed. Best epoch: 3, Best val loss: 1.864339
2026-06-16 02:30:23 - finetune_logger - INFO - Loaded checkpoint from epoch 3
[2026-06-16 02:30:23,128][finetune_logger][INFO] - Loaded checkpoint from epoch 3
2026-06-16 02:30:23 - finetune_logger - INFO - Evaluating best model on test sets...
[2026-06-16 02:30:23,129][finetune_logger][INFO] - Evaluating best model on test sets...
2026-06-16 02:30:40 - finetune_logger - INFO - Test metrics: {'MAE': 1.5642130170095516, 'RMSE': 2.9539081532614575}
[2026-06-16 02:30:40,128][finetune_logger][INFO] - Test metrics: {'MAE': 1.5642130170095516, 'RMSE': 2.9539081532614575}
2026-06-16 02:30:40 - finetune_logger - INFO - Test time: 17.00s
[2026-06-16 02:30:40,128][finetune_logger][INFO] - Test time: 17.00s
2026-06-16 02:30:40 - finetune_logger - INFO - Test memory reserved: 26.00 MB
[2026-06-16 02:30:40,128][finetune_logger][INFO] - Test memory reserved: 26.00 MB
2026-06-16 02:30:40 - finetune_logger - INFO - Test memory allocated: 18.14 MB
[2026-06-16 02:30:40,128][finetune_logger][INFO] - Test memory allocated: 18.14 MB
2026-06-16 02:30:40 - finetune_logger - INFO - Logged epoch test info to /public/home/202411094934/python_project/Spatio-Temporal-Library/time-series/2026-06-16/itransformer/finetune20/etth1/time-series/seed_1/training_log.json
[2026-06-16 02:30:40,132][finetune_logger][INFO] - Logged epoch test info to /public/home/202411094934/python_project/Spatio-Temporal-Library/time-series/2026-06-16/itransformer/finetune20/etth1/time-series/seed_1/training_log.json
2026-06-16 09:59:45 - finetune_logger - INFO - No pretrained checkpoint is provided. Finetuning from scratch.
[2026-06-16 09:59:45,562][finetune_logger][INFO] - No pretrained checkpoint is provided. Finetuning from scratch.
2026-06-16 09:59:45 - finetune_logger - INFO - Model parameters: 158,912
[2026-06-16 09:59:45,566][finetune_logger][INFO] - Model parameters: 158,912
2026-06-16 09:59:45 - finetune_logger - INFO - Log file already exists at /public/home/202411094934/python_project/Spatio-Temporal-Library/time-series/2026-06-16/itransformer/finetune20/etth1/time-series/seed_1/training_log.json, appending to it.
[2026-06-16 09:59:45,568][finetune_logger][INFO] - Log file already exists at /public/home/202411094934/python_project/Spatio-Temporal-Library/time-series/2026-06-16/itransformer/finetune20/etth1/time-series/seed_1/training_log.json, appending to it.
2026-06-16 09:59:45 - finetune_logger - INFO - Starting training...
[2026-06-16 09:59:45,568][finetune_logger][INFO] - Starting training...
2026-06-16 09:59:45 - finetune_logger - INFO - Epoch 1/20
[2026-06-16 09:59:45,568][finetune_logger][INFO] - Epoch 1/20
2026-06-16 10:01:53 - finetune_logger - INFO - Train loss: 1.4994843626846939
[2026-06-16 10:01:53,747][finetune_logger][INFO] - Train loss: 1.4994843626846939
2026-06-16 10:01:53 - finetune_logger - INFO - Train time: 128.17796111106873s
[2026-06-16 10:01:53,747][finetune_logger][INFO] - Train time: 128.17796111106873s
2026-06-16 10:01:53 - finetune_logger - INFO - Train memory reserved: 24.00 MB
[2026-06-16 10:01:53,747][finetune_logger][INFO] - Train memory reserved: 24.00 MB
2026-06-16 10:01:53 - finetune_logger - INFO - Train memory allocated: 18.10 MB
[2026-06-16 10:01:53,747][finetune_logger][INFO] - Train memory allocated: 18.10 MB
2026-06-16 10:01:53 - finetune_logger - INFO - Current learning rate: 0.0005
[2026-06-16 10:01:53,748][finetune_logger][INFO] - Current learning rate: 0.0005
2026-06-16 10:02:11 - finetune_logger - INFO - Validation metrics: {'MAE': 1.8706787866864887, 'RMSE': 2.9227239589691156}
[2026-06-16 10:02:11,258][finetune_logger][INFO] - Validation metrics: {'MAE': 1.8706787866864887, 'RMSE': 2.9227239589691156}
2026-06-16 10:02:11 - finetune_logger - INFO - Val time: 17.51s
[2026-06-16 10:02:11,258][finetune_logger][INFO] - Val time: 17.51s
2026-06-16 10:02:11 - finetune_logger - INFO - Val memory reserved: 24.00 MB
[2026-06-16 10:02:11,258][finetune_logger][INFO] - Val memory reserved: 24.00 MB
2026-06-16 10:02:11 - finetune_logger - INFO - Val memory allocated: 18.10 MB
[2026-06-16 10:02:11,258][finetune_logger][INFO] - Val memory allocated: 18.10 MB
2026-06-16 10:02:11 - finetune_logger - INFO - Logged epoch 1 info to /public/home/202411094934/python_project/Spatio-Temporal-Library/time-series/2026-06-16/itransformer/finetune20/etth1/time-series/seed_1/training_log.json
[2026-06-16 10:02:11,265][finetune_logger][INFO] - Logged epoch 1 info to /public/home/202411094934/python_project/Spatio-Temporal-Library/time-series/2026-06-16/itransformer/finetune20/etth1/time-series/seed_1/training_log.json
2026-06-16 10:02:11 - finetune_logger - INFO - New best model! Val loss: 1.870679
[2026-06-16 10:02:11,265][finetune_logger][INFO] - New best model! Val loss: 1.870679
2026-06-16 10:02:28 - finetune_logger - INFO - Test metrics: {'MAE': 1.57849386732919, 'RMSE': 2.979802911894659}
[2026-06-16 10:02:28,813][finetune_logger][INFO] - Test metrics: {'MAE': 1.57849386732919, 'RMSE': 2.979802911894659}
2026-06-16 10:02:28 - finetune_logger - INFO - Test time: 17.50s
[2026-06-16 10:02:28,813][finetune_logger][INFO] - Test time: 17.50s
2026-06-16 10:02:28 - finetune_logger - INFO - Test memory reserved: 24.00 MB
[2026-06-16 10:02:28,813][finetune_logger][INFO] - Test memory reserved: 24.00 MB
2026-06-16 10:02:28 - finetune_logger - INFO - Test memory allocated: 18.10 MB
[2026-06-16 10:02:28,814][finetune_logger][INFO] - Test memory allocated: 18.10 MB
2026-06-16 10:02:28 - finetune_logger - INFO - Epoch 2/20
[2026-06-16 10:02:28,814][finetune_logger][INFO] - Epoch 2/20
2026-06-16 10:04:36 - finetune_logger - INFO - Train loss: 1.415947102348793
[2026-06-16 10:04:36,252][finetune_logger][INFO] - Train loss: 1.415947102348793
2026-06-16 10:04:36 - finetune_logger - INFO - Train time: 127.43829894065857s
[2026-06-16 10:04:36,253][finetune_logger][INFO] - Train time: 127.43829894065857s
2026-06-16 10:04:36 - finetune_logger - INFO - Train memory reserved: 24.00 MB
[2026-06-16 10:04:36,253][finetune_logger][INFO] - Train memory reserved: 24.00 MB
2026-06-16 10:04:36 - finetune_logger - INFO - Train memory allocated: 18.10 MB
[2026-06-16 10:04:36,253][finetune_logger][INFO] - Train memory allocated: 18.10 MB
2026-06-16 10:04:36 - finetune_logger - INFO - Current learning rate: 0.0005
[2026-06-16 10:04:36,253][finetune_logger][INFO] - Current learning rate: 0.0005
2026-06-16 10:04:53 - finetune_logger - INFO - Validation metrics: {'MAE': 1.9042435129256452, 'RMSE': 2.9530055662790775}
[2026-06-16 10:04:53,809][finetune_logger][INFO] - Validation metrics: {'MAE': 1.9042435129256452, 'RMSE': 2.9530055662790775}
2026-06-16 10:04:53 - finetune_logger - INFO - Val time: 17.56s
[2026-06-16 10:04:53,809][finetune_logger][INFO] - Val time: 17.56s
2026-06-16 10:04:53 - finetune_logger - INFO - Val memory reserved: 24.00 MB
[2026-06-16 10:04:53,810][finetune_logger][INFO] - Val memory reserved: 24.00 MB
2026-06-16 10:04:53 - finetune_logger - INFO - Val memory allocated: 18.10 MB
[2026-06-16 10:04:53,810][finetune_logger][INFO] - Val memory allocated: 18.10 MB
2026-06-16 10:04:53 - finetune_logger - INFO - Logged epoch 2 info to /public/home/202411094934/python_project/Spatio-Temporal-Library/time-series/2026-06-16/itransformer/finetune20/etth1/time-series/seed_1/training_log.json
[2026-06-16 10:04:53,813][finetune_logger][INFO] - Logged epoch 2 info to /public/home/202411094934/python_project/Spatio-Temporal-Library/time-series/2026-06-16/itransformer/finetune20/etth1/time-series/seed_1/training_log.json
2026-06-16 10:05:11 - finetune_logger - INFO - Test metrics: {'MAE': 1.582754284858704, 'RMSE': 2.9873179869878874}
[2026-06-16 10:05:11,236][finetune_logger][INFO] - Test metrics: {'MAE': 1.582754284858704, 'RMSE': 2.9873179869878874}
2026-06-16 10:05:11 - finetune_logger - INFO - Test time: 17.42s
[2026-06-16 10:05:11,236][finetune_logger][INFO] - Test time: 17.42s
2026-06-16 10:05:11 - finetune_logger - INFO - Test memory reserved: 24.00 MB
[2026-06-16 10:05:11,236][finetune_logger][INFO] - Test memory reserved: 24.00 MB
2026-06-16 10:05:11 - finetune_logger - INFO - Test memory allocated: 18.10 MB
[2026-06-16 10:05:11,236][finetune_logger][INFO] - Test memory allocated: 18.10 MB
2026-06-16 10:05:11 - finetune_logger - INFO - Epoch 3/20
[2026-06-16 10:05:11,236][finetune_logger][INFO] - Epoch 3/20
2026-06-16 10:07:18 - finetune_logger - INFO - Train loss: 1.3838685689472945
[2026-06-16 10:07:18,898][finetune_logger][INFO] - Train loss: 1.3838685689472945
2026-06-16 10:07:18 - finetune_logger - INFO - Train time: 127.66147112846375s
[2026-06-16 10:07:18,899][finetune_logger][INFO] - Train time: 127.66147112846375s
2026-06-16 10:07:18 - finetune_logger - INFO - Train memory reserved: 24.00 MB
[2026-06-16 10:07:18,899][finetune_logger][INFO] - Train memory reserved: 24.00 MB
2026-06-16 10:07:18 - finetune_logger - INFO - Train memory allocated: 18.10 MB
[2026-06-16 10:07:18,899][finetune_logger][INFO] - Train memory allocated: 18.10 MB
2026-06-16 10:07:18 - finetune_logger - INFO - Current learning rate: 0.0005
[2026-06-16 10:07:18,899][finetune_logger][INFO] - Current learning rate: 0.0005
2026-06-16 10:07:36 - finetune_logger - INFO - Validation metrics: {'MAE': 1.8643391704332233, 'RMSE': 2.894906674930029}
[2026-06-16 10:07:36,386][finetune_logger][INFO] - Validation metrics: {'MAE': 1.8643391704332233, 'RMSE': 2.894906674930029}
2026-06-16 10:07:36 - finetune_logger - INFO - Val time: 17.49s
[2026-06-16 10:07:36,386][finetune_logger][INFO] - Val time: 17.49s
2026-06-16 10:07:36 - finetune_logger - INFO - Val memory reserved: 24.00 MB
[2026-06-16 10:07:36,386][finetune_logger][INFO] - Val memory reserved: 24.00 MB
2026-06-16 10:07:36 - finetune_logger - INFO - Val memory allocated: 18.10 MB
[2026-06-16 10:07:36,386][finetune_logger][INFO] - Val memory allocated: 18.10 MB
2026-06-16 10:07:36 - finetune_logger - INFO - Logged epoch 3 info to /public/home/202411094934/python_project/Spatio-Temporal-Library/time-series/2026-06-16/itransformer/finetune20/etth1/time-series/seed_1/training_log.json
[2026-06-16 10:07:36,389][finetune_logger][INFO] - Logged epoch 3 info to /public/home/202411094934/python_project/Spatio-Temporal-Library/time-series/2026-06-16/itransformer/finetune20/etth1/time-series/seed_1/training_log.json
2026-06-16 10:07:36 - finetune_logger - INFO - New best model! Val loss: 1.864339
[2026-06-16 10:07:36,390][finetune_logger][INFO] - New best model! Val loss: 1.864339
2026-06-16 10:07:53 - finetune_logger - INFO - Test metrics: {'MAE': 1.5642130170095516, 'RMSE': 2.9539081532614575}
[2026-06-16 10:07:53,944][finetune_logger][INFO] - Test metrics: {'MAE': 1.5642130170095516, 'RMSE': 2.9539081532614575}
2026-06-16 10:07:53 - finetune_logger - INFO - Test time: 17.51s
[2026-06-16 10:07:53,944][finetune_logger][INFO] - Test time: 17.51s
2026-06-16 10:07:53 - finetune_logger - INFO - Test memory reserved: 24.00 MB
[2026-06-16 10:07:53,945][finetune_logger][INFO] - Test memory reserved: 24.00 MB
2026-06-16 10:07:53 - finetune_logger - INFO - Test memory allocated: 18.10 MB
[2026-06-16 10:07:53,945][finetune_logger][INFO] - Test memory allocated: 18.10 MB
2026-06-16 10:07:53 - finetune_logger - INFO - Epoch 4/20
[2026-06-16 10:07:53,945][finetune_logger][INFO] - Epoch 4/20
2026-06-16 10:10:01 - finetune_logger - INFO - Train loss: 1.3527860762181547
[2026-06-16 10:10:01,550][finetune_logger][INFO] - Train loss: 1.3527860762181547
2026-06-16 10:10:01 - finetune_logger - INFO - Train time: 127.60465955734253s
[2026-06-16 10:10:01,550][finetune_logger][INFO] - Train time: 127.60465955734253s
2026-06-16 10:10:01 - finetune_logger - INFO - Train memory reserved: 24.00 MB
[2026-06-16 10:10:01,550][finetune_logger][INFO] - Train memory reserved: 24.00 MB
2026-06-16 10:10:01 - finetune_logger - INFO - Train memory allocated: 18.10 MB
[2026-06-16 10:10:01,550][finetune_logger][INFO] - Train memory allocated: 18.10 MB
2026-06-16 10:10:01 - finetune_logger - INFO - Current learning rate: 0.0005
[2026-06-16 10:10:01,551][finetune_logger][INFO] - Current learning rate: 0.0005
2026-06-16 10:10:19 - finetune_logger - INFO - Validation metrics: {'MAE': 1.8976917560895254, 'RMSE': 2.9459462850661415}
[2026-06-16 10:10:19,054][finetune_logger][INFO] - Validation metrics: {'MAE': 1.8976917560895254, 'RMSE': 2.9459462850661415}
2026-06-16 10:10:19 - finetune_logger - INFO - Val time: 17.50s
[2026-06-16 10:10:19,054][finetune_logger][INFO] - Val time: 17.50s
2026-06-16 10:10:19 - finetune_logger - INFO - Val memory reserved: 24.00 MB
[2026-06-16 10:10:19,055][finetune_logger][INFO] - Val memory reserved: 24.00 MB
2026-06-16 10:10:19 - finetune_logger - INFO - Val memory allocated: 18.10 MB
[2026-06-16 10:10:19,055][finetune_logger][INFO] - Val memory allocated: 18.10 MB
2026-06-16 10:10:19 - finetune_logger - INFO - Logged epoch 4 info to /public/home/202411094934/python_project/Spatio-Temporal-Library/time-series/2026-06-16/itransformer/finetune20/etth1/time-series/seed_1/training_log.json
[2026-06-16 10:10:19,058][finetune_logger][INFO] - Logged epoch 4 info to /public/home/202411094934/python_project/Spatio-Temporal-Library/time-series/2026-06-16/itransformer/finetune20/etth1/time-series/seed_1/training_log.json
2026-06-16 10:10:36 - finetune_logger - INFO - Test metrics: {'MAE': 1.5799473478680595, 'RMSE': 2.994744561967396}
[2026-06-16 10:10:36,509][finetune_logger][INFO] - Test metrics: {'MAE': 1.5799473478680595, 'RMSE': 2.994744561967396}
2026-06-16 10:10:36 - finetune_logger - INFO - Test time: 17.45s
[2026-06-16 10:10:36,509][finetune_logger][INFO] - Test time: 17.45s
2026-06-16 10:10:36 - finetune_logger - INFO - Test memory reserved: 24.00 MB
[2026-06-16 10:10:36,509][finetune_logger][INFO] - Test memory reserved: 24.00 MB
2026-06-16 10:10:36 - finetune_logger - INFO - Test memory allocated: 18.10 MB
[2026-06-16 10:10:36,509][finetune_logger][INFO] - Test memory allocated: 18.10 MB
2026-06-16 10:10:36 - finetune_logger - INFO - Epoch 5/20
[2026-06-16 10:10:36,510][finetune_logger][INFO] - Epoch 5/20
2026-06-16 10:12:44 - finetune_logger - INFO - Train loss: 1.3228455214324133
[2026-06-16 10:12:44,432][finetune_logger][INFO] - Train loss: 1.3228455214324133
2026-06-16 10:12:44 - finetune_logger - INFO - Train time: 127.92148447036743s
[2026-06-16 10:12:44,432][finetune_logger][INFO] - Train time: 127.92148447036743s
2026-06-16 10:12:44 - finetune_logger - INFO - Train memory reserved: 24.00 MB
[2026-06-16 10:12:44,432][finetune_logger][INFO] - Train memory reserved: 24.00 MB
2026-06-16 10:12:44 - finetune_logger - INFO - Train memory allocated: 18.10 MB
[2026-06-16 10:12:44,432][finetune_logger][INFO] - Train memory allocated: 18.10 MB
2026-06-16 10:12:44 - finetune_logger - INFO - Current learning rate: 0.0005
[2026-06-16 10:12:44,432][finetune_logger][INFO] - Current learning rate: 0.0005
2026-06-16 10:13:01 - finetune_logger - INFO - Validation metrics: {'MAE': 1.9077711468197074, 'RMSE': 2.9710039374941775}
[2026-06-16 10:13:01,900][finetune_logger][INFO] - Validation metrics: {'MAE': 1.9077711468197074, 'RMSE': 2.9710039374941775}
2026-06-16 10:13:01 - finetune_logger - INFO - Val time: 17.47s
[2026-06-16 10:13:01,900][finetune_logger][INFO] - Val time: 17.47s
2026-06-16 10:13:01 - finetune_logger - INFO - Val memory reserved: 24.00 MB
[2026-06-16 10:13:01,900][finetune_logger][INFO] - Val memory reserved: 24.00 MB
2026-06-16 10:13:01 - finetune_logger - INFO - Val memory allocated: 18.10 MB
[2026-06-16 10:13:01,901][finetune_logger][INFO] - Val memory allocated: 18.10 MB
2026-06-16 10:13:01 - finetune_logger - INFO - Logged epoch 5 info to /public/home/202411094934/python_project/Spatio-Temporal-Library/time-series/2026-06-16/itransformer/finetune20/etth1/time-series/seed_1/training_log.json
[2026-06-16 10:13:01,904][finetune_logger][INFO] - Logged epoch 5 info to /public/home/202411094934/python_project/Spatio-Temporal-Library/time-series/2026-06-16/itransformer/finetune20/etth1/time-series/seed_1/training_log.json
2026-06-16 10:13:19 - finetune_logger - INFO - Test metrics: {'MAE': 1.545154769238969, 'RMSE': 2.90671893424079}
[2026-06-16 10:13:19,389][finetune_logger][INFO] - Test metrics: {'MAE': 1.545154769238969, 'RMSE': 2.90671893424079}
2026-06-16 10:13:19 - finetune_logger - INFO - Test time: 17.48s
[2026-06-16 10:13:19,390][finetune_logger][INFO] - Test time: 17.48s
2026-06-16 10:13:19 - finetune_logger - INFO - Test memory reserved: 24.00 MB
[2026-06-16 10:13:19,390][finetune_logger][INFO] - Test memory reserved: 24.00 MB
2026-06-16 10:13:19 - finetune_logger - INFO - Test memory allocated: 18.10 MB
[2026-06-16 10:13:19,390][finetune_logger][INFO] - Test memory allocated: 18.10 MB
2026-06-16 10:13:19 - finetune_logger - INFO - Epoch 6/20
[2026-06-16 10:13:19,390][finetune_logger][INFO] - Epoch 6/20
2026-06-16 10:15:27 - finetune_logger - INFO - Train loss: 1.2989885779314279
[2026-06-16 10:15:27,037][finetune_logger][INFO] - Train loss: 1.2989885779314279
2026-06-16 10:15:27 - finetune_logger - INFO - Train time: 127.64645338058472s
[2026-06-16 10:15:27,037][finetune_logger][INFO] - Train time: 127.64645338058472s
2026-06-16 10:15:27 - finetune_logger - INFO - Train memory reserved: 24.00 MB
[2026-06-16 10:15:27,037][finetune_logger][INFO] - Train memory reserved: 24.00 MB
2026-06-16 10:15:27 - finetune_logger - INFO - Train memory allocated: 18.10 MB
[2026-06-16 10:15:27,038][finetune_logger][INFO] - Train memory allocated: 18.10 MB
2026-06-16 10:15:27 - finetune_logger - INFO - Current learning rate: 0.0005
[2026-06-16 10:15:27,038][finetune_logger][INFO] - Current learning rate: 0.0005
2026-06-16 10:15:44 - finetune_logger - INFO - Validation metrics: {'MAE': 1.9201963299115499, 'RMSE': 2.9571657042276303}
[2026-06-16 10:15:44,566][finetune_logger][INFO] - Validation metrics: {'MAE': 1.9201963299115499, 'RMSE': 2.9571657042276303}
2026-06-16 10:15:44 - finetune_logger - INFO - Val time: 17.53s
[2026-06-16 10:15:44,566][finetune_logger][INFO] - Val time: 17.53s
2026-06-16 10:15:44 - finetune_logger - INFO - Val memory reserved: 24.00 MB
[2026-06-16 10:15:44,566][finetune_logger][INFO] - Val memory reserved: 24.00 MB
2026-06-16 10:15:44 - finetune_logger - INFO - Val memory allocated: 18.10 MB
[2026-06-16 10:15:44,566][finetune_logger][INFO] - Val memory allocated: 18.10 MB
2026-06-16 10:15:44 - finetune_logger - INFO - Logged epoch 6 info to /public/home/202411094934/python_project/Spatio-Temporal-Library/time-series/2026-06-16/itransformer/finetune20/etth1/time-series/seed_1/training_log.json
[2026-06-16 10:15:44,570][finetune_logger][INFO] - Logged epoch 6 info to /public/home/202411094934/python_project/Spatio-Temporal-Library/time-series/2026-06-16/itransformer/finetune20/etth1/time-series/seed_1/training_log.json
2026-06-16 10:16:02 - finetune_logger - INFO - Test metrics: {'MAE': 1.6294882798876082, 'RMSE': 3.10111279673804}
[2026-06-16 10:16:02,067][finetune_logger][INFO] - Test metrics: {'MAE': 1.6294882798876082, 'RMSE': 3.10111279673804}
2026-06-16 10:16:02 - finetune_logger - INFO - Test time: 17.50s
[2026-06-16 10:16:02,067][finetune_logger][INFO] - Test time: 17.50s
2026-06-16 10:16:02 - finetune_logger - INFO - Test memory reserved: 24.00 MB
[2026-06-16 10:16:02,067][finetune_logger][INFO] - Test memory reserved: 24.00 MB
2026-06-16 10:16:02 - finetune_logger - INFO - Test memory allocated: 18.10 MB
[2026-06-16 10:16:02,067][finetune_logger][INFO] - Test memory allocated: 18.10 MB
2026-06-16 10:16:02 - finetune_logger - INFO - Epoch 7/20
[2026-06-16 10:16:02,067][finetune_logger][INFO] - Epoch 7/20
2026-06-16 10:18:10 - finetune_logger - INFO - Train loss: 1.2782638367400925
[2026-06-16 10:18:10,059][finetune_logger][INFO] - Train loss: 1.2782638367400925
2026-06-16 10:18:10 - finetune_logger - INFO - Train time: 127.99133014678955s
[2026-06-16 10:18:10,059][finetune_logger][INFO] - Train time: 127.99133014678955s
2026-06-16 10:18:10 - finetune_logger - INFO - Train memory reserved: 24.00 MB
[2026-06-16 10:18:10,060][finetune_logger][INFO] - Train memory reserved: 24.00 MB
2026-06-16 10:18:10 - finetune_logger - INFO - Train memory allocated: 18.10 MB
[2026-06-16 10:18:10,060][finetune_logger][INFO] - Train memory allocated: 18.10 MB
2026-06-16 10:18:10 - finetune_logger - INFO - Current learning rate: 0.0005
[2026-06-16 10:18:10,060][finetune_logger][INFO] - Current learning rate: 0.0005
2026-06-16 10:18:27 - finetune_logger - INFO - Validation metrics: {'MAE': 1.914927144096009, 'RMSE': 2.974036962327506}
[2026-06-16 10:18:27,549][finetune_logger][INFO] - Validation metrics: {'MAE': 1.914927144096009, 'RMSE': 2.974036962327506}
2026-06-16 10:18:27 - finetune_logger - INFO - Val time: 17.49s
[2026-06-16 10:18:27,549][finetune_logger][INFO] - Val time: 17.49s
2026-06-16 10:18:27 - finetune_logger - INFO - Val memory reserved: 24.00 MB
[2026-06-16 10:18:27,549][finetune_logger][INFO] - Val memory reserved: 24.00 MB
2026-06-16 10:18:27 - finetune_logger - INFO - Val memory allocated: 18.10 MB
[2026-06-16 10:18:27,549][finetune_logger][INFO] - Val memory allocated: 18.10 MB
2026-06-16 10:18:27 - finetune_logger - INFO - Logged epoch 7 info to /public/home/202411094934/python_project/Spatio-Temporal-Library/time-series/2026-06-16/itransformer/finetune20/etth1/time-series/seed_1/training_log.json
[2026-06-16 10:18:27,552][finetune_logger][INFO] - Logged epoch 7 info to /public/home/202411094934/python_project/Spatio-Temporal-Library/time-series/2026-06-16/itransformer/finetune20/etth1/time-series/seed_1/training_log.json
2026-06-16 10:18:45 - finetune_logger - INFO - Test metrics: {'MAE': 1.5930430130731517, 'RMSE': 2.998763572057085}
[2026-06-16 10:18:45,169][finetune_logger][INFO] - Test metrics: {'MAE': 1.5930430130731517, 'RMSE': 2.998763572057085}
2026-06-16 10:18:45 - finetune_logger - INFO - Test time: 17.62s
[2026-06-16 10:18:45,169][finetune_logger][INFO] - Test time: 17.62s
2026-06-16 10:18:45 - finetune_logger - INFO - Test memory reserved: 24.00 MB
[2026-06-16 10:18:45,169][finetune_logger][INFO] - Test memory reserved: 24.00 MB
2026-06-16 10:18:45 - finetune_logger - INFO - Test memory allocated: 18.10 MB
[2026-06-16 10:18:45,169][finetune_logger][INFO] - Test memory allocated: 18.10 MB
2026-06-16 10:18:45 - finetune_logger - INFO - Epoch 8/20
[2026-06-16 10:18:45,169][finetune_logger][INFO] - Epoch 8/20
2026-06-16 10:20:52 - finetune_logger - INFO - Train loss: 1.258420522694936
[2026-06-16 10:20:52,979][finetune_logger][INFO] - Train loss: 1.258420522694936
2026-06-16 10:20:52 - finetune_logger - INFO - Train time: 127.80884766578674s
[2026-06-16 10:20:52,979][finetune_logger][INFO] - Train time: 127.80884766578674s
2026-06-16 10:20:52 - finetune_logger - INFO - Train memory reserved: 24.00 MB
[2026-06-16 10:20:52,979][finetune_logger][INFO] - Train memory reserved: 24.00 MB
2026-06-16 10:20:52 - finetune_logger - INFO - Train memory allocated: 18.10 MB
[2026-06-16 10:20:52,979][finetune_logger][INFO] - Train memory allocated: 18.10 MB
2026-06-16 10:20:52 - finetune_logger - INFO - Current learning rate: 0.0005
[2026-06-16 10:20:52,979][finetune_logger][INFO] - Current learning rate: 0.0005
2026-06-16 10:21:10 - finetune_logger - INFO - Validation metrics: {'MAE': 1.915190469696408, 'RMSE': 2.973906753176743}
[2026-06-16 10:21:10,486][finetune_logger][INFO] - Validation metrics: {'MAE': 1.915190469696408, 'RMSE': 2.973906753176743}
2026-06-16 10:21:10 - finetune_logger - INFO - Val time: 17.51s
[2026-06-16 10:21:10,486][finetune_logger][INFO] - Val time: 17.51s
2026-06-16 10:21:10 - finetune_logger - INFO - Val memory reserved: 24.00 MB
[2026-06-16 10:21:10,486][finetune_logger][INFO] - Val memory reserved: 24.00 MB
2026-06-16 10:21:10 - finetune_logger - INFO - Val memory allocated: 18.10 MB
[2026-06-16 10:21:10,487][finetune_logger][INFO] - Val memory allocated: 18.10 MB
2026-06-16 10:21:10 - finetune_logger - INFO - Logged epoch 8 info to /public/home/202411094934/python_project/Spatio-Temporal-Library/time-series/2026-06-16/itransformer/finetune20/etth1/time-series/seed_1/training_log.json
[2026-06-16 10:21:10,490][finetune_logger][INFO] - Logged epoch 8 info to /public/home/202411094934/python_project/Spatio-Temporal-Library/time-series/2026-06-16/itransformer/finetune20/etth1/time-series/seed_1/training_log.json
2026-06-16 10:21:28 - finetune_logger - INFO - Test metrics: {'MAE': 1.6169208811124114, 'RMSE': 3.0815471726826242}
[2026-06-16 10:21:28,040][finetune_logger][INFO] - Test metrics: {'MAE': 1.6169208811124114, 'RMSE': 3.0815471726826242}
2026-06-16 10:21:28 - finetune_logger - INFO - Test time: 17.55s
[2026-06-16 10:21:28,041][finetune_logger][INFO] - Test time: 17.55s
2026-06-16 10:21:28 - finetune_logger - INFO - Test memory reserved: 24.00 MB
[2026-06-16 10:21:28,041][finetune_logger][INFO] - Test memory reserved: 24.00 MB
2026-06-16 10:21:28 - finetune_logger - INFO - Test memory allocated: 18.10 MB
[2026-06-16 10:21:28,041][finetune_logger][INFO] - Test memory allocated: 18.10 MB
2026-06-16 10:21:28 - finetune_logger - INFO - Epoch 9/20
[2026-06-16 10:21:28,041][finetune_logger][INFO] - Epoch 9/20
2026-06-16 10:23:35 - finetune_logger - INFO - Train loss: 1.2406403165526056
[2026-06-16 10:23:35,790][finetune_logger][INFO] - Train loss: 1.2406403165526056
2026-06-16 10:23:35 - finetune_logger - INFO - Train time: 127.74830508232117s
[2026-06-16 10:23:35,790][finetune_logger][INFO] - Train time: 127.74830508232117s
2026-06-16 10:23:35 - finetune_logger - INFO - Train memory reserved: 24.00 MB
[2026-06-16 10:23:35,790][finetune_logger][INFO] - Train memory reserved: 24.00 MB
2026-06-16 10:23:35 - finetune_logger - INFO - Train memory allocated: 18.10 MB
[2026-06-16 10:23:35,790][finetune_logger][INFO] - Train memory allocated: 18.10 MB
2026-06-16 10:23:35 - finetune_logger - INFO - Current learning rate: 0.0005
[2026-06-16 10:23:35,790][finetune_logger][INFO] - Current learning rate: 0.0005
2026-06-16 10:23:53 - finetune_logger - INFO - Validation metrics: {'MAE': 1.9371460658027997, 'RMSE': 3.001605356080189}
[2026-06-16 10:23:53,401][finetune_logger][INFO] - Validation metrics: {'MAE': 1.9371460658027997, 'RMSE': 3.001605356080189}
2026-06-16 10:23:53 - finetune_logger - INFO - Val time: 17.61s
[2026-06-16 10:23:53,402][finetune_logger][INFO] - Val time: 17.61s
2026-06-16 10:23:53 - finetune_logger - INFO - Val memory reserved: 24.00 MB
[2026-06-16 10:23:53,402][finetune_logger][INFO] - Val memory reserved: 24.00 MB
2026-06-16 10:23:53 - finetune_logger - INFO - Val memory allocated: 18.10 MB
[2026-06-16 10:23:53,402][finetune_logger][INFO] - Val memory allocated: 18.10 MB
2026-06-16 10:23:53 - finetune_logger - INFO - Logged epoch 9 info to /public/home/202411094934/python_project/Spatio-Temporal-Library/time-series/2026-06-16/itransformer/finetune20/etth1/time-series/seed_1/training_log.json
[2026-06-16 10:23:53,405][finetune_logger][INFO] - Logged epoch 9 info to /public/home/202411094934/python_project/Spatio-Temporal-Library/time-series/2026-06-16/itransformer/finetune20/etth1/time-series/seed_1/training_log.json
2026-06-16 10:24:10 - finetune_logger - INFO - Test metrics: {'MAE': 1.6174103380611935, 'RMSE': 3.0638001738048697}
[2026-06-16 10:24:10,945][finetune_logger][INFO] - Test metrics: {'MAE': 1.6174103380611935, 'RMSE': 3.0638001738048697}
2026-06-16 10:24:10 - finetune_logger - INFO - Test time: 17.54s
[2026-06-16 10:24:10,945][finetune_logger][INFO] - Test time: 17.54s
2026-06-16 10:24:10 - finetune_logger - INFO - Test memory reserved: 24.00 MB
[2026-06-16 10:24:10,945][finetune_logger][INFO] - Test memory reserved: 24.00 MB
2026-06-16 10:24:10 - finetune_logger - INFO - Test memory allocated: 18.10 MB
[2026-06-16 10:24:10,945][finetune_logger][INFO] - Test memory allocated: 18.10 MB
2026-06-16 10:24:10 - finetune_logger - INFO - Epoch 10/20
[2026-06-16 10:24:10,945][finetune_logger][INFO] - Epoch 10/20
2026-06-16 10:26:18 - finetune_logger - INFO - Train loss: 1.2282284890460906
[2026-06-16 10:26:18,677][finetune_logger][INFO] - Train loss: 1.2282284890460906
2026-06-16 10:26:18 - finetune_logger - INFO - Train time: 127.7312707901001s
[2026-06-16 10:26:18,677][finetune_logger][INFO] - Train time: 127.7312707901001s
2026-06-16 10:26:18 - finetune_logger - INFO - Train memory reserved: 24.00 MB
[2026-06-16 10:26:18,677][finetune_logger][INFO] - Train memory reserved: 24.00 MB
2026-06-16 10:26:18 - finetune_logger - INFO - Train memory allocated: 18.10 MB
[2026-06-16 10:26:18,678][finetune_logger][INFO] - Train memory allocated: 18.10 MB
2026-06-16 10:26:18 - finetune_logger - INFO - Current learning rate: 0.0005
[2026-06-16 10:26:18,678][finetune_logger][INFO] - Current learning rate: 0.0005
2026-06-16 10:26:36 - finetune_logger - INFO - Validation metrics: {'MAE': 1.9495364672569995, 'RMSE': 3.028217685517813}
[2026-06-16 10:26:36,144][finetune_logger][INFO] - Validation metrics: {'MAE': 1.9495364672569995, 'RMSE': 3.028217685517813}
2026-06-16 10:26:36 - finetune_logger - INFO - Val time: 17.47s
[2026-06-16 10:26:36,144][finetune_logger][INFO] - Val time: 17.47s
2026-06-16 10:26:36 - finetune_logger - INFO - Val memory reserved: 24.00 MB
[2026-06-16 10:26:36,144][finetune_logger][INFO] - Val memory reserved: 24.00 MB
2026-06-16 10:26:36 - finetune_logger - INFO - Val memory allocated: 18.10 MB
[2026-06-16 10:26:36,144][finetune_logger][INFO] - Val memory allocated: 18.10 MB
2026-06-16 10:26:36 - finetune_logger - INFO - Logged epoch 10 info to /public/home/202411094934/python_project/Spatio-Temporal-Library/time-series/2026-06-16/itransformer/finetune20/etth1/time-series/seed_1/training_log.json
[2026-06-16 10:26:36,148][finetune_logger][INFO] - Logged epoch 10 info to /public/home/202411094934/python_project/Spatio-Temporal-Library/time-series/2026-06-16/itransformer/finetune20/etth1/time-series/seed_1/training_log.json
2026-06-16 10:26:53 - finetune_logger - INFO - Test metrics: {'MAE': 1.6152073358808212, 'RMSE': 3.032253316697617}
[2026-06-16 10:26:53,728][finetune_logger][INFO] - Test metrics: {'MAE': 1.6152073358808212, 'RMSE': 3.032253316697617}
2026-06-16 10:26:53 - finetune_logger - INFO - Test time: 17.55s
[2026-06-16 10:26:53,728][finetune_logger][INFO] - Test time: 17.55s
2026-06-16 10:26:53 - finetune_logger - INFO - Test memory reserved: 24.00 MB
[2026-06-16 10:26:53,728][finetune_logger][INFO] - Test memory reserved: 24.00 MB
2026-06-16 10:26:53 - finetune_logger - INFO - Test memory allocated: 18.10 MB
[2026-06-16 10:26:53,728][finetune_logger][INFO] - Test memory allocated: 18.10 MB
2026-06-16 10:26:53 - finetune_logger - INFO - Epoch 11/20
[2026-06-16 10:26:53,728][finetune_logger][INFO] - Epoch 11/20
2026-06-16 10:29:01 - finetune_logger - INFO - Train loss: 1.193094256091988
[2026-06-16 10:29:01,284][finetune_logger][INFO] - Train loss: 1.193094256091988
2026-06-16 10:29:01 - finetune_logger - INFO - Train time: 127.55572032928467s
[2026-06-16 10:29:01,285][finetune_logger][INFO] - Train time: 127.55572032928467s
2026-06-16 10:29:01 - finetune_logger - INFO - Train memory reserved: 24.00 MB
[2026-06-16 10:29:01,285][finetune_logger][INFO] - Train memory reserved: 24.00 MB
2026-06-16 10:29:01 - finetune_logger - INFO - Train memory allocated: 18.10 MB
[2026-06-16 10:29:01,285][finetune_logger][INFO] - Train memory allocated: 18.10 MB
2026-06-16 10:29:01 - finetune_logger - INFO - Current learning rate: 0.00025
[2026-06-16 10:29:01,285][finetune_logger][INFO] - Current learning rate: 0.00025
2026-06-16 10:29:18 - finetune_logger - INFO - Validation metrics: {'MAE': 1.944006844543272, 'RMSE': 3.0234874405633825}
[2026-06-16 10:29:18,738][finetune_logger][INFO] - Validation metrics: {'MAE': 1.944006844543272, 'RMSE': 3.0234874405633825}
2026-06-16 10:29:18 - finetune_logger - INFO - Val time: 17.45s
[2026-06-16 10:29:18,738][finetune_logger][INFO] - Val time: 17.45s
2026-06-16 10:29:18 - finetune_logger - INFO - Val memory reserved: 24.00 MB
[2026-06-16 10:29:18,739][finetune_logger][INFO] - Val memory reserved: 24.00 MB
2026-06-16 10:29:18 - finetune_logger - INFO - Val memory allocated: 18.10 MB
[2026-06-16 10:29:18,739][finetune_logger][INFO] - Val memory allocated: 18.10 MB
2026-06-16 10:29:18 - finetune_logger - INFO - Logged epoch 11 info to /public/home/202411094934/python_project/Spatio-Temporal-Library/time-series/2026-06-16/itransformer/finetune20/etth1/time-series/seed_1/training_log.json
[2026-06-16 10:29:18,742][finetune_logger][INFO] - Logged epoch 11 info to /public/home/202411094934/python_project/Spatio-Temporal-Library/time-series/2026-06-16/itransformer/finetune20/etth1/time-series/seed_1/training_log.json
2026-06-16 10:29:36 - finetune_logger - INFO - Test metrics: {'MAE': 1.6084745800154576, 'RMSE': 3.0519187598909583}
[2026-06-16 10:29:36,255][finetune_logger][INFO] - Test metrics: {'MAE': 1.6084745800154576, 'RMSE': 3.0519187598909583}
2026-06-16 10:29:36 - finetune_logger - INFO - Test time: 17.51s
[2026-06-16 10:29:36,255][finetune_logger][INFO] - Test time: 17.51s
2026-06-16 10:29:36 - finetune_logger - INFO - Test memory reserved: 24.00 MB
[2026-06-16 10:29:36,255][finetune_logger][INFO] - Test memory reserved: 24.00 MB
2026-06-16 10:29:36 - finetune_logger - INFO - Test memory allocated: 18.10 MB
[2026-06-16 10:29:36,255][finetune_logger][INFO] - Test memory allocated: 18.10 MB
2026-06-16 10:29:36 - finetune_logger - INFO - Epoch 12/20
[2026-06-16 10:29:36,256][finetune_logger][INFO] - Epoch 12/20
2026-06-16 10:31:44 - finetune_logger - INFO - Train loss: 1.1818948823849782
[2026-06-16 10:31:44,164][finetune_logger][INFO] - Train loss: 1.1818948823849782
2026-06-16 10:31:44 - finetune_logger - INFO - Train time: 127.90747570991516s
[2026-06-16 10:31:44,164][finetune_logger][INFO] - Train time: 127.90747570991516s
2026-06-16 10:31:44 - finetune_logger - INFO - Train memory reserved: 24.00 MB
[2026-06-16 10:31:44,164][finetune_logger][INFO] - Train memory reserved: 24.00 MB
2026-06-16 10:31:44 - finetune_logger - INFO - Train memory allocated: 18.10 MB
[2026-06-16 10:31:44,164][finetune_logger][INFO] - Train memory allocated: 18.10 MB
2026-06-16 10:31:44 - finetune_logger - INFO - Current learning rate: 0.00025
[2026-06-16 10:31:44,164][finetune_logger][INFO] - Current learning rate: 0.00025
2026-06-16 10:32:01 - finetune_logger - INFO - Validation metrics: {'MAE': 1.940132651805875, 'RMSE': 3.016480757304593}
[2026-06-16 10:32:01,723][finetune_logger][INFO] - Validation metrics: {'MAE': 1.940132651805875, 'RMSE': 3.016480757304593}
2026-06-16 10:32:01 - finetune_logger - INFO - Val time: 17.56s
[2026-06-16 10:32:01,723][finetune_logger][INFO] - Val time: 17.56s
2026-06-16 10:32:01 - finetune_logger - INFO - Val memory reserved: 24.00 MB
[2026-06-16 10:32:01,723][finetune_logger][INFO] - Val memory reserved: 24.00 MB
2026-06-16 10:32:01 - finetune_logger - INFO - Val memory allocated: 18.10 MB
[2026-06-16 10:32:01,723][finetune_logger][INFO] - Val memory allocated: 18.10 MB
2026-06-16 10:32:01 - finetune_logger - INFO - Logged epoch 12 info to /public/home/202411094934/python_project/Spatio-Temporal-Library/time-series/2026-06-16/itransformer/finetune20/etth1/time-series/seed_1/training_log.json
[2026-06-16 10:32:01,727][finetune_logger][INFO] - Logged epoch 12 info to /public/home/202411094934/python_project/Spatio-Temporal-Library/time-series/2026-06-16/itransformer/finetune20/etth1/time-series/seed_1/training_log.json
2026-06-16 10:32:19 - finetune_logger - INFO - Test metrics: {'MAE': 1.625785450163342, 'RMSE': 3.082047511827379}
[2026-06-16 10:32:19,169][finetune_logger][INFO] - Test metrics: {'MAE': 1.625785450163342, 'RMSE': 3.082047511827379}
2026-06-16 10:32:19 - finetune_logger - INFO - Test time: 17.44s
[2026-06-16 10:32:19,169][finetune_logger][INFO] - Test time: 17.44s
2026-06-16 10:32:19 - finetune_logger - INFO - Test memory reserved: 24.00 MB
[2026-06-16 10:32:19,169][finetune_logger][INFO] - Test memory reserved: 24.00 MB
2026-06-16 10:32:19 - finetune_logger - INFO - Test memory allocated: 18.10 MB
[2026-06-16 10:32:19,169][finetune_logger][INFO] - Test memory allocated: 18.10 MB
2026-06-16 10:32:19 - finetune_logger - INFO - Epoch 13/20
[2026-06-16 10:32:19,170][finetune_logger][INFO] - Epoch 13/20
2026-06-16 10:34:26 - finetune_logger - INFO - Train loss: 1.1726567919508804
[2026-06-16 10:34:26,902][finetune_logger][INFO] - Train loss: 1.1726567919508804
2026-06-16 10:34:26 - finetune_logger - INFO - Train time: 127.73189687728882s
[2026-06-16 10:34:26,902][finetune_logger][INFO] - Train time: 127.73189687728882s
2026-06-16 10:34:26 - finetune_logger - INFO - Train memory reserved: 24.00 MB
[2026-06-16 10:34:26,902][finetune_logger][INFO] - Train memory reserved: 24.00 MB
2026-06-16 10:34:26 - finetune_logger - INFO - Train memory allocated: 18.10 MB
[2026-06-16 10:34:26,903][finetune_logger][INFO] - Train memory allocated: 18.10 MB
2026-06-16 10:34:26 - finetune_logger - INFO - Current learning rate: 0.00025
[2026-06-16 10:34:26,903][finetune_logger][INFO] - Current learning rate: 0.00025
2026-06-16 10:34:44 - finetune_logger - INFO - Validation metrics: {'MAE': 1.961959737482522, 'RMSE': 3.055529332887551}
[2026-06-16 10:34:44,364][finetune_logger][INFO] - Validation metrics: {'MAE': 1.961959737482522, 'RMSE': 3.055529332887551}
2026-06-16 10:34:44 - finetune_logger - INFO - Val time: 17.46s
[2026-06-16 10:34:44,364][finetune_logger][INFO] - Val time: 17.46s
2026-06-16 10:34:44 - finetune_logger - INFO - Val memory reserved: 24.00 MB
[2026-06-16 10:34:44,365][finetune_logger][INFO] - Val memory reserved: 24.00 MB
2026-06-16 10:34:44 - finetune_logger - INFO - Val memory allocated: 18.10 MB
[2026-06-16 10:34:44,365][finetune_logger][INFO] - Val memory allocated: 18.10 MB
2026-06-16 10:34:44 - finetune_logger - INFO - Logged epoch 13 info to /public/home/202411094934/python_project/Spatio-Temporal-Library/time-series/2026-06-16/itransformer/finetune20/etth1/time-series/seed_1/training_log.json
[2026-06-16 10:34:44,369][finetune_logger][INFO] - Logged epoch 13 info to /public/home/202411094934/python_project/Spatio-Temporal-Library/time-series/2026-06-16/itransformer/finetune20/etth1/time-series/seed_1/training_log.json
2026-06-16 10:35:01 - finetune_logger - INFO - Test metrics: {'MAE': 1.6399356328873442, 'RMSE': 3.0895970190593096}
[2026-06-16 10:35:01,838][finetune_logger][INFO] - Test metrics: {'MAE': 1.6399356328873442, 'RMSE': 3.0895970190593096}
2026-06-16 10:35:01 - finetune_logger - INFO - Test time: 17.47s
[2026-06-16 10:35:01,838][finetune_logger][INFO] - Test time: 17.47s
2026-06-16 10:35:01 - finetune_logger - INFO - Test memory reserved: 24.00 MB
[2026-06-16 10:35:01,838][finetune_logger][INFO] - Test memory reserved: 24.00 MB
2026-06-16 10:35:01 - finetune_logger - INFO - Test memory allocated: 18.10 MB
[2026-06-16 10:35:01,838][finetune_logger][INFO] - Test memory allocated: 18.10 MB
2026-06-16 10:35:01 - finetune_logger - INFO - Epoch 14/20
[2026-06-16 10:35:01,839][finetune_logger][INFO] - Epoch 14/20
2026-06-16 10:37:09 - finetune_logger - INFO - Train loss: 1.16615033844218
[2026-06-16 10:37:09,620][finetune_logger][INFO] - Train loss: 1.16615033844218
2026-06-16 10:37:09 - finetune_logger - INFO - Train time: 127.78121590614319s
[2026-06-16 10:37:09,621][finetune_logger][INFO] - Train time: 127.78121590614319s
2026-06-16 10:37:09 - finetune_logger - INFO - Train memory reserved: 24.00 MB
[2026-06-16 10:37:09,621][finetune_logger][INFO] - Train memory reserved: 24.00 MB
2026-06-16 10:37:09 - finetune_logger - INFO - Train memory allocated: 18.10 MB
[2026-06-16 10:37:09,621][finetune_logger][INFO] - Train memory allocated: 18.10 MB
2026-06-16 10:37:09 - finetune_logger - INFO - Current learning rate: 0.00025
[2026-06-16 10:37:09,621][finetune_logger][INFO] - Current learning rate: 0.00025
2026-06-16 10:37:27 - finetune_logger - INFO - Validation metrics: {'MAE': 1.928475139686035, 'RMSE': 2.994824588366917}
[2026-06-16 10:37:27,039][finetune_logger][INFO] - Validation metrics: {'MAE': 1.928475139686035, 'RMSE': 2.994824588366917}
2026-06-16 10:37:27 - finetune_logger - INFO - Val time: 17.42s
[2026-06-16 10:37:27,039][finetune_logger][INFO] - Val time: 17.42s
2026-06-16 10:37:27 - finetune_logger - INFO - Val memory reserved: 24.00 MB
[2026-06-16 10:37:27,039][finetune_logger][INFO] - Val memory reserved: 24.00 MB
2026-06-16 10:37:27 - finetune_logger - INFO - Val memory allocated: 18.10 MB
[2026-06-16 10:37:27,040][finetune_logger][INFO] - Val memory allocated: 18.10 MB
2026-06-16 10:37:27 - finetune_logger - INFO - Logged epoch 14 info to /public/home/202411094934/python_project/Spatio-Temporal-Library/time-series/2026-06-16/itransformer/finetune20/etth1/time-series/seed_1/training_log.json
[2026-06-16 10:37:27,043][finetune_logger][INFO] - Logged epoch 14 info to /public/home/202411094934/python_project/Spatio-Temporal-Library/time-series/2026-06-16/itransformer/finetune20/etth1/time-series/seed_1/training_log.json
2026-06-16 10:37:44 - finetune_logger - INFO - Test metrics: {'MAE': 1.6463276297705527, 'RMSE': 3.1356982518604797}
[2026-06-16 10:37:44,523][finetune_logger][INFO] - Test metrics: {'MAE': 1.6463276297705527, 'RMSE': 3.1356982518604797}
2026-06-16 10:37:44 - finetune_logger - INFO - Test time: 17.48s
[2026-06-16 10:37:44,523][finetune_logger][INFO] - Test time: 17.48s
2026-06-16 10:37:44 - finetune_logger - INFO - Test memory reserved: 24.00 MB
[2026-06-16 10:37:44,524][finetune_logger][INFO] - Test memory reserved: 24.00 MB
2026-06-16 10:37:44 - finetune_logger - INFO - Test memory allocated: 18.10 MB
[2026-06-16 10:37:44,524][finetune_logger][INFO] - Test memory allocated: 18.10 MB
2026-06-16 10:37:44 - finetune_logger - INFO - Epoch 15/20
[2026-06-16 10:37:44,524][finetune_logger][INFO] - Epoch 15/20
2026-06-16 10:39:52 - finetune_logger - INFO - Train loss: 1.157555194468317
[2026-06-16 10:39:52,329][finetune_logger][INFO] - Train loss: 1.157555194468317
2026-06-16 10:39:52 - finetune_logger - INFO - Train time: 127.80516910552979s
[2026-06-16 10:39:52,330][finetune_logger][INFO] - Train time: 127.80516910552979s
2026-06-16 10:39:52 - finetune_logger - INFO - Train memory reserved: 24.00 MB
[2026-06-16 10:39:52,330][finetune_logger][INFO] - Train memory reserved: 24.00 MB
2026-06-16 10:39:52 - finetune_logger - INFO - Train memory allocated: 18.10 MB
[2026-06-16 10:39:52,330][finetune_logger][INFO] - Train memory allocated: 18.10 MB
2026-06-16 10:39:52 - finetune_logger - INFO - Current learning rate: 0.00025
[2026-06-16 10:39:52,330][finetune_logger][INFO] - Current learning rate: 0.00025
2026-06-16 10:40:09 - finetune_logger - INFO - Validation metrics: {'MAE': 1.93826289948963, 'RMSE': 3.0043227495920086}
[2026-06-16 10:40:09,796][finetune_logger][INFO] - Validation metrics: {'MAE': 1.93826289948963, 'RMSE': 3.0043227495920086}
2026-06-16 10:40:09 - finetune_logger - INFO - Val time: 17.47s
[2026-06-16 10:40:09,797][finetune_logger][INFO] - Val time: 17.47s
2026-06-16 10:40:09 - finetune_logger - INFO - Val memory reserved: 24.00 MB
[2026-06-16 10:40:09,797][finetune_logger][INFO] - Val memory reserved: 24.00 MB
2026-06-16 10:40:09 - finetune_logger - INFO - Val memory allocated: 18.10 MB
[2026-06-16 10:40:09,797][finetune_logger][INFO] - Val memory allocated: 18.10 MB
2026-06-16 10:40:09 - finetune_logger - INFO - Logged epoch 15 info to /public/home/202411094934/python_project/Spatio-Temporal-Library/time-series/2026-06-16/itransformer/finetune20/etth1/time-series/seed_1/training_log.json
[2026-06-16 10:40:09,800][finetune_logger][INFO] - Logged epoch 15 info to /public/home/202411094934/python_project/Spatio-Temporal-Library/time-series/2026-06-16/itransformer/finetune20/etth1/time-series/seed_1/training_log.json
2026-06-16 10:40:27 - finetune_logger - INFO - Test metrics: {'MAE': 1.6609852692740297, 'RMSE': 3.1580509061813244}
[2026-06-16 10:40:27,302][finetune_logger][INFO] - Test metrics: {'MAE': 1.6609852692740297, 'RMSE': 3.1580509061813244}
2026-06-16 10:40:27 - finetune_logger - INFO - Test time: 17.50s
[2026-06-16 10:40:27,303][finetune_logger][INFO] - Test time: 17.50s
2026-06-16 10:40:27 - finetune_logger - INFO - Test memory reserved: 24.00 MB
[2026-06-16 10:40:27,303][finetune_logger][INFO] - Test memory reserved: 24.00 MB
2026-06-16 10:40:27 - finetune_logger - INFO - Test memory allocated: 18.10 MB
[2026-06-16 10:40:27,303][finetune_logger][INFO] - Test memory allocated: 18.10 MB
2026-06-16 10:40:27 - finetune_logger - INFO - Epoch 16/20
[2026-06-16 10:40:27,303][finetune_logger][INFO] - Epoch 16/20
2026-06-16 10:42:34 - finetune_logger - INFO - Train loss: 1.1519685780923832
[2026-06-16 10:42:34,995][finetune_logger][INFO] - Train loss: 1.1519685780923832
2026-06-16 10:42:34 - finetune_logger - INFO - Train time: 127.69133734703064s
[2026-06-16 10:42:34,995][finetune_logger][INFO] - Train time: 127.69133734703064s
2026-06-16 10:42:34 - finetune_logger - INFO - Train memory reserved: 24.00 MB
[2026-06-16 10:42:34,995][finetune_logger][INFO] - Train memory reserved: 24.00 MB
2026-06-16 10:42:34 - finetune_logger - INFO - Train memory allocated: 18.10 MB
[2026-06-16 10:42:34,995][finetune_logger][INFO] - Train memory allocated: 18.10 MB
2026-06-16 10:42:34 - finetune_logger - INFO - Current learning rate: 0.00025
[2026-06-16 10:42:34,995][finetune_logger][INFO] - Current learning rate: 0.00025
2026-06-16 10:42:52 - finetune_logger - INFO - Validation metrics: {'MAE': 1.9402232188497235, 'RMSE': 3.0086480093910515}
[2026-06-16 10:42:52,442][finetune_logger][INFO] - Validation metrics: {'MAE': 1.9402232188497235, 'RMSE': 3.0086480093910515}
2026-06-16 10:42:52 - finetune_logger - INFO - Val time: 17.45s
[2026-06-16 10:42:52,442][finetune_logger][INFO] - Val time: 17.45s
2026-06-16 10:42:52 - finetune_logger - INFO - Val memory reserved: 24.00 MB
[2026-06-16 10:42:52,443][finetune_logger][INFO] - Val memory reserved: 24.00 MB
2026-06-16 10:42:52 - finetune_logger - INFO - Val memory allocated: 18.10 MB
[2026-06-16 10:42:52,443][finetune_logger][INFO] - Val memory allocated: 18.10 MB
2026-06-16 10:42:52 - finetune_logger - INFO - Logged epoch 16 info to /public/home/202411094934/python_project/Spatio-Temporal-Library/time-series/2026-06-16/itransformer/finetune20/etth1/time-series/seed_1/training_log.json
[2026-06-16 10:42:52,446][finetune_logger][INFO] - Logged epoch 16 info to /public/home/202411094934/python_project/Spatio-Temporal-Library/time-series/2026-06-16/itransformer/finetune20/etth1/time-series/seed_1/training_log.json
2026-06-16 10:43:09 - finetune_logger - INFO - Test metrics: {'MAE': 1.6507009536652335, 'RMSE': 3.134650065422054}
[2026-06-16 10:43:09,938][finetune_logger][INFO] - Test metrics: {'MAE': 1.6507009536652335, 'RMSE': 3.134650065422054}
2026-06-16 10:43:09 - finetune_logger - INFO - Test time: 17.49s
[2026-06-16 10:43:09,939][finetune_logger][INFO] - Test time: 17.49s
2026-06-16 10:43:09 - finetune_logger - INFO - Test memory reserved: 24.00 MB
[2026-06-16 10:43:09,939][finetune_logger][INFO] - Test memory reserved: 24.00 MB
2026-06-16 10:43:09 - finetune_logger - INFO - Test memory allocated: 18.10 MB
[2026-06-16 10:43:09,939][finetune_logger][INFO] - Test memory allocated: 18.10 MB
2026-06-16 10:43:09 - finetune_logger - INFO - Epoch 17/20
[2026-06-16 10:43:09,939][finetune_logger][INFO] - Epoch 17/20
2026-06-16 10:45:17 - finetune_logger - INFO - Train loss: 1.144965731543159
[2026-06-16 10:45:17,820][finetune_logger][INFO] - Train loss: 1.144965731543159
2026-06-16 10:45:17 - finetune_logger - INFO - Train time: 127.88068699836731s
[2026-06-16 10:45:17,821][finetune_logger][INFO] - Train time: 127.88068699836731s
2026-06-16 10:45:17 - finetune_logger - INFO - Train memory reserved: 24.00 MB
[2026-06-16 10:45:17,821][finetune_logger][INFO] - Train memory reserved: 24.00 MB
2026-06-16 10:45:17 - finetune_logger - INFO - Train memory allocated: 18.10 MB
[2026-06-16 10:45:17,821][finetune_logger][INFO] - Train memory allocated: 18.10 MB
2026-06-16 10:45:17 - finetune_logger - INFO - Current learning rate: 0.00025
[2026-06-16 10:45:17,821][finetune_logger][INFO] - Current learning rate: 0.00025
2026-06-16 10:45:35 - finetune_logger - INFO - Validation metrics: {'MAE': 1.9559440552166536, 'RMSE': 3.0432113118852886}
[2026-06-16 10:45:35,339][finetune_logger][INFO] - Validation metrics: {'MAE': 1.9559440552166536, 'RMSE': 3.0432113118852886}
2026-06-16 10:45:35 - finetune_logger - INFO - Val time: 17.52s
[2026-06-16 10:45:35,339][finetune_logger][INFO] - Val time: 17.52s
2026-06-16 10:45:35 - finetune_logger - INFO - Val memory reserved: 24.00 MB
[2026-06-16 10:45:35,339][finetune_logger][INFO] - Val memory reserved: 24.00 MB
2026-06-16 10:45:35 - finetune_logger - INFO - Val memory allocated: 18.10 MB
[2026-06-16 10:45:35,339][finetune_logger][INFO] - Val memory allocated: 18.10 MB
2026-06-16 10:45:35 - finetune_logger - INFO - Logged epoch 17 info to /public/home/202411094934/python_project/Spatio-Temporal-Library/time-series/2026-06-16/itransformer/finetune20/etth1/time-series/seed_1/training_log.json
[2026-06-16 10:45:35,343][finetune_logger][INFO] - Logged epoch 17 info to /public/home/202411094934/python_project/Spatio-Temporal-Library/time-series/2026-06-16/itransformer/finetune20/etth1/time-series/seed_1/training_log.json
2026-06-16 10:45:52 - finetune_logger - INFO - Test metrics: {'MAE': 1.6531478462673346, 'RMSE': 3.1161605544317346}
[2026-06-16 10:45:52,840][finetune_logger][INFO] - Test metrics: {'MAE': 1.6531478462673346, 'RMSE': 3.1161605544317346}
2026-06-16 10:45:52 - finetune_logger - INFO - Test time: 17.50s
[2026-06-16 10:45:52,840][finetune_logger][INFO] - Test time: 17.50s
2026-06-16 10:45:52 - finetune_logger - INFO - Test memory reserved: 24.00 MB
[2026-06-16 10:45:52,840][finetune_logger][INFO] - Test memory reserved: 24.00 MB
2026-06-16 10:45:52 - finetune_logger - INFO - Test memory allocated: 18.10 MB
[2026-06-16 10:45:52,840][finetune_logger][INFO] - Test memory allocated: 18.10 MB
2026-06-16 10:45:52 - finetune_logger - INFO - Epoch 18/20
[2026-06-16 10:45:52,841][finetune_logger][INFO] - Epoch 18/20
2026-06-16 10:48:00 - finetune_logger - INFO - Train loss: 1.1396457506633613
[2026-06-16 10:48:00,511][finetune_logger][INFO] - Train loss: 1.1396457506633613
2026-06-16 10:48:00 - finetune_logger - INFO - Train time: 127.67028450965881s
[2026-06-16 10:48:00,512][finetune_logger][INFO] - Train time: 127.67028450965881s
2026-06-16 10:48:00 - finetune_logger - INFO - Train memory reserved: 24.00 MB
[2026-06-16 10:48:00,512][finetune_logger][INFO] - Train memory reserved: 24.00 MB
2026-06-16 10:48:00 - finetune_logger - INFO - Train memory allocated: 18.10 MB
[2026-06-16 10:48:00,512][finetune_logger][INFO] - Train memory allocated: 18.10 MB
2026-06-16 10:48:00 - finetune_logger - INFO - Current learning rate: 0.00025
[2026-06-16 10:48:00,512][finetune_logger][INFO] - Current learning rate: 0.00025
2026-06-16 10:48:18 - finetune_logger - INFO - Validation metrics: {'MAE': 1.9528825008528532, 'RMSE': 3.0320635831923717}
[2026-06-16 10:48:18,023][finetune_logger][INFO] - Validation metrics: {'MAE': 1.9528825008528532, 'RMSE': 3.0320635831923717}
2026-06-16 10:48:18 - finetune_logger - INFO - Val time: 17.51s
[2026-06-16 10:48:18,023][finetune_logger][INFO] - Val time: 17.51s
2026-06-16 10:48:18 - finetune_logger - INFO - Val memory reserved: 24.00 MB
[2026-06-16 10:48:18,023][finetune_logger][INFO] - Val memory reserved: 24.00 MB
2026-06-16 10:48:18 - finetune_logger - INFO - Val memory allocated: 18.10 MB
[2026-06-16 10:48:18,023][finetune_logger][INFO] - Val memory allocated: 18.10 MB
2026-06-16 10:48:18 - finetune_logger - INFO - Logged epoch 18 info to /public/home/202411094934/python_project/Spatio-Temporal-Library/time-series/2026-06-16/itransformer/finetune20/etth1/time-series/seed_1/training_log.json
[2026-06-16 10:48:18,027][finetune_logger][INFO] - Logged epoch 18 info to /public/home/202411094934/python_project/Spatio-Temporal-Library/time-series/2026-06-16/itransformer/finetune20/etth1/time-series/seed_1/training_log.json
2026-06-16 10:48:35 - finetune_logger - INFO - Test metrics: {'MAE': 1.6634537203198374, 'RMSE': 3.14456112670898}
[2026-06-16 10:48:35,519][finetune_logger][INFO] - Test metrics: {'MAE': 1.6634537203198374, 'RMSE': 3.14456112670898}
2026-06-16 10:48:35 - finetune_logger - INFO - Test time: 17.49s
[2026-06-16 10:48:35,519][finetune_logger][INFO] - Test time: 17.49s
2026-06-16 10:48:35 - finetune_logger - INFO - Test memory reserved: 24.00 MB
[2026-06-16 10:48:35,520][finetune_logger][INFO] - Test memory reserved: 24.00 MB
2026-06-16 10:48:35 - finetune_logger - INFO - Test memory allocated: 18.10 MB
[2026-06-16 10:48:35,520][finetune_logger][INFO] - Test memory allocated: 18.10 MB
2026-06-16 10:48:35 - finetune_logger - INFO - Epoch 19/20
[2026-06-16 10:48:35,520][finetune_logger][INFO] - Epoch 19/20
2026-06-16 10:50:43 - finetune_logger - INFO - Train loss: 1.1339268240746674
[2026-06-16 10:50:43,072][finetune_logger][INFO] - Train loss: 1.1339268240746674
2026-06-16 10:50:43 - finetune_logger - INFO - Train time: 127.55119466781616s
[2026-06-16 10:50:43,072][finetune_logger][INFO] - Train time: 127.55119466781616s
2026-06-16 10:50:43 - finetune_logger - INFO - Train memory reserved: 24.00 MB
[2026-06-16 10:50:43,072][finetune_logger][INFO] - Train memory reserved: 24.00 MB
2026-06-16 10:50:43 - finetune_logger - INFO - Train memory allocated: 18.10 MB
[2026-06-16 10:50:43,072][finetune_logger][INFO] - Train memory allocated: 18.10 MB
2026-06-16 10:50:43 - finetune_logger - INFO - Current learning rate: 0.00025
[2026-06-16 10:50:43,072][finetune_logger][INFO] - Current learning rate: 0.00025
2026-06-16 10:51:00 - finetune_logger - INFO - Validation metrics: {'MAE': 1.9653281034060905, 'RMSE': 3.0615768694196346}
[2026-06-16 10:51:00,613][finetune_logger][INFO] - Validation metrics: {'MAE': 1.9653281034060905, 'RMSE': 3.0615768694196346}
2026-06-16 10:51:00 - finetune_logger - INFO - Val time: 17.54s
[2026-06-16 10:51:00,613][finetune_logger][INFO] - Val time: 17.54s
2026-06-16 10:51:00 - finetune_logger - INFO - Val memory reserved: 24.00 MB
[2026-06-16 10:51:00,613][finetune_logger][INFO] - Val memory reserved: 24.00 MB
2026-06-16 10:51:00 - finetune_logger - INFO - Val memory allocated: 18.10 MB
[2026-06-16 10:51:00,613][finetune_logger][INFO] - Val memory allocated: 18.10 MB
2026-06-16 10:51:00 - finetune_logger - INFO - Logged epoch 19 info to /public/home/202411094934/python_project/Spatio-Temporal-Library/time-series/2026-06-16/itransformer/finetune20/etth1/time-series/seed_1/training_log.json
[2026-06-16 10:51:00,617][finetune_logger][INFO] - Logged epoch 19 info to /public/home/202411094934/python_project/Spatio-Temporal-Library/time-series/2026-06-16/itransformer/finetune20/etth1/time-series/seed_1/training_log.json
2026-06-16 10:51:18 - finetune_logger - INFO - Test metrics: {'MAE': 1.656835411208016, 'RMSE': 3.126713005202156}
[2026-06-16 10:51:18,151][finetune_logger][INFO] - Test metrics: {'MAE': 1.656835411208016, 'RMSE': 3.126713005202156}
2026-06-16 10:51:18 - finetune_logger - INFO - Test time: 17.53s
[2026-06-16 10:51:18,152][finetune_logger][INFO] - Test time: 17.53s
2026-06-16 10:51:18 - finetune_logger - INFO - Test memory reserved: 24.00 MB
[2026-06-16 10:51:18,152][finetune_logger][INFO] - Test memory reserved: 24.00 MB
2026-06-16 10:51:18 - finetune_logger - INFO - Test memory allocated: 18.10 MB
[2026-06-16 10:51:18,152][finetune_logger][INFO] - Test memory allocated: 18.10 MB
2026-06-16 10:51:18 - finetune_logger - INFO - Epoch 20/20
[2026-06-16 10:51:18,152][finetune_logger][INFO] - Epoch 20/20
2026-06-16 10:53:25 - finetune_logger - INFO - Train loss: 1.1297958214509072
[2026-06-16 10:53:25,824][finetune_logger][INFO] - Train loss: 1.1297958214509072
2026-06-16 10:53:25 - finetune_logger - INFO - Train time: 127.6714346408844s
[2026-06-16 10:53:25,824][finetune_logger][INFO] - Train time: 127.6714346408844s
2026-06-16 10:53:25 - finetune_logger - INFO - Train memory reserved: 24.00 MB
[2026-06-16 10:53:25,824][finetune_logger][INFO] - Train memory reserved: 24.00 MB
2026-06-16 10:53:25 - finetune_logger - INFO - Train memory allocated: 18.10 MB
[2026-06-16 10:53:25,824][finetune_logger][INFO] - Train memory allocated: 18.10 MB
2026-06-16 10:53:25 - finetune_logger - INFO - Current learning rate: 0.00025
[2026-06-16 10:53:25,824][finetune_logger][INFO] - Current learning rate: 0.00025
2026-06-16 10:53:43 - finetune_logger - INFO - Validation metrics: {'MAE': 1.9569924105462617, 'RMSE': 3.05334619022551}
[2026-06-16 10:53:43,339][finetune_logger][INFO] - Validation metrics: {'MAE': 1.9569924105462617, 'RMSE': 3.05334619022551}
2026-06-16 10:53:43 - finetune_logger - INFO - Val time: 17.51s
[2026-06-16 10:53:43,339][finetune_logger][INFO] - Val time: 17.51s
2026-06-16 10:53:43 - finetune_logger - INFO - Val memory reserved: 24.00 MB
[2026-06-16 10:53:43,339][finetune_logger][INFO] - Val memory reserved: 24.00 MB
2026-06-16 10:53:43 - finetune_logger - INFO - Val memory allocated: 18.10 MB
[2026-06-16 10:53:43,339][finetune_logger][INFO] - Val memory allocated: 18.10 MB
2026-06-16 10:53:43 - finetune_logger - INFO - Logged epoch 20 info to /public/home/202411094934/python_project/Spatio-Temporal-Library/time-series/2026-06-16/itransformer/finetune20/etth1/time-series/seed_1/training_log.json
[2026-06-16 10:53:43,343][finetune_logger][INFO] - Logged epoch 20 info to /public/home/202411094934/python_project/Spatio-Temporal-Library/time-series/2026-06-16/itransformer/finetune20/etth1/time-series/seed_1/training_log.json
2026-06-16 10:54:00 - finetune_logger - INFO - Test metrics: {'MAE': 1.653975189708528, 'RMSE': 3.1272565081005954}
[2026-06-16 10:54:00,860][finetune_logger][INFO] - Test metrics: {'MAE': 1.653975189708528, 'RMSE': 3.1272565081005954}
2026-06-16 10:54:00 - finetune_logger - INFO - Test time: 17.49s
[2026-06-16 10:54:00,861][finetune_logger][INFO] - Test time: 17.49s
2026-06-16 10:54:00 - finetune_logger - INFO - Test memory reserved: 24.00 MB
[2026-06-16 10:54:00,861][finetune_logger][INFO] - Test memory reserved: 24.00 MB
2026-06-16 10:54:00 - finetune_logger - INFO - Test memory allocated: 18.10 MB
[2026-06-16 10:54:00,861][finetune_logger][INFO] - Test memory allocated: 18.10 MB
2026-06-16 10:54:00 - finetune_logger - INFO - Training completed. Best epoch: 3, Best val loss: 1.864339
[2026-06-16 10:54:00,861][finetune_logger][INFO] - Training completed. Best epoch: 3, Best val loss: 1.864339
2026-06-16 10:54:00 - finetune_logger - INFO - Loaded checkpoint from epoch 3
[2026-06-16 10:54:00,892][finetune_logger][INFO] - Loaded checkpoint from epoch 3
2026-06-16 10:54:00 - finetune_logger - INFO - Evaluating best model on test sets...
[2026-06-16 10:54:00,892][finetune_logger][INFO] - Evaluating best model on test sets...
2026-06-16 10:54:18 - finetune_logger - INFO - Test metrics: {'MAE': 1.5642130170095516, 'RMSE': 2.9539081532614575}
[2026-06-16 10:54:18,341][finetune_logger][INFO] - Test metrics: {'MAE': 1.5642130170095516, 'RMSE': 2.9539081532614575}
2026-06-16 10:54:18 - finetune_logger - INFO - Test time: 17.45s
[2026-06-16 10:54:18,342][finetune_logger][INFO] - Test time: 17.45s
2026-06-16 10:54:18 - finetune_logger - INFO - Test memory reserved: 26.00 MB
[2026-06-16 10:54:18,342][finetune_logger][INFO] - Test memory reserved: 26.00 MB
2026-06-16 10:54:18 - finetune_logger - INFO - Test memory allocated: 18.14 MB
[2026-06-16 10:54:18,342][finetune_logger][INFO] - Test memory allocated: 18.14 MB
2026-06-16 10:54:18 - finetune_logger - INFO - Logged epoch test info to /public/home/202411094934/python_project/Spatio-Temporal-Library/time-series/2026-06-16/itransformer/finetune20/etth1/time-series/seed_1/training_log.json
[2026-06-16 10:54:18,345][finetune_logger][INFO] - Logged epoch test info to /public/home/202411094934/python_project/Spatio-Temporal-Library/time-series/2026-06-16/itransformer/finetune20/etth1/time-series/seed_1/training_log.json
