2026-06-16 04:23:01 - finetune_logger - INFO - No pretrained checkpoint is provided. Finetuning from scratch.
[2026-06-16 04:23:01,060][finetune_logger][INFO] - No pretrained checkpoint is provided. Finetuning from scratch.
2026-06-16 04:23:01 - finetune_logger - INFO - Model parameters: 158,912
[2026-06-16 04:23:01,063][finetune_logger][INFO] - Model parameters: 158,912
2026-06-16 04:23:01 - finetune_logger - INFO - Created new log file at /public/home/202411094934/python_project/Spatio-Temporal-Library/time-series/2026-06-16/itransformer/finetune20/ettm1/time-series/seed_2/training_log.json
[2026-06-16 04:23:01,065][finetune_logger][INFO] - Created new log file at /public/home/202411094934/python_project/Spatio-Temporal-Library/time-series/2026-06-16/itransformer/finetune20/ettm1/time-series/seed_2/training_log.json
2026-06-16 04:23:01 - finetune_logger - INFO - Starting training...
[2026-06-16 04:23:01,065][finetune_logger][INFO] - Starting training...
2026-06-16 04:23:01 - finetune_logger - INFO - Epoch 1/20
[2026-06-16 04:23:01,065][finetune_logger][INFO] - Epoch 1/20
2026-06-16 04:31:30 - finetune_logger - INFO - Train loss: 1.2545209976365603
[2026-06-16 04:31:30,314][finetune_logger][INFO] - Train loss: 1.2545209976365603
2026-06-16 04:31:30 - finetune_logger - INFO - Train time: 509.2481758594513s
[2026-06-16 04:31:30,314][finetune_logger][INFO] - Train time: 509.2481758594513s
2026-06-16 04:31:30 - finetune_logger - INFO - Train memory reserved: 24.00 MB
[2026-06-16 04:31:30,315][finetune_logger][INFO] - Train memory reserved: 24.00 MB
2026-06-16 04:31:30 - finetune_logger - INFO - Train memory allocated: 18.10 MB
[2026-06-16 04:31:30,315][finetune_logger][INFO] - Train memory allocated: 18.10 MB
2026-06-16 04:31:30 - finetune_logger - INFO - Current learning rate: 0.0005
[2026-06-16 04:31:30,315][finetune_logger][INFO] - Current learning rate: 0.0005
2026-06-16 04:32:41 - finetune_logger - INFO - Validation metrics: {'MAE': 1.4690846895092244, 'RMSE': 2.408147742157769}
[2026-06-16 04:32:41,362][finetune_logger][INFO] - Validation metrics: {'MAE': 1.4690846895092244, 'RMSE': 2.408147742157769}
2026-06-16 04:32:41 - finetune_logger - INFO - Val time: 71.05s
[2026-06-16 04:32:41,362][finetune_logger][INFO] - Val time: 71.05s
2026-06-16 04:32:41 - finetune_logger - INFO - Val memory reserved: 24.00 MB
[2026-06-16 04:32:41,363][finetune_logger][INFO] - Val memory reserved: 24.00 MB
2026-06-16 04:32:41 - finetune_logger - INFO - Val memory allocated: 18.10 MB
[2026-06-16 04:32:41,363][finetune_logger][INFO] - Val memory allocated: 18.10 MB
2026-06-16 04:32:41 - finetune_logger - INFO - Logged epoch 1 info to /public/home/202411094934/python_project/Spatio-Temporal-Library/time-series/2026-06-16/itransformer/finetune20/ettm1/time-series/seed_2/training_log.json
[2026-06-16 04:32:41,366][finetune_logger][INFO] - Logged epoch 1 info to /public/home/202411094934/python_project/Spatio-Temporal-Library/time-series/2026-06-16/itransformer/finetune20/ettm1/time-series/seed_2/training_log.json
2026-06-16 04:32:41 - finetune_logger - INFO - New best model! Val loss: 1.469085
[2026-06-16 04:32:41,366][finetune_logger][INFO] - New best model! Val loss: 1.469085
2026-06-16 04:33:52 - finetune_logger - INFO - Test metrics: {'MAE': 1.3184749804228875, 'RMSE': 2.4090848056464815}
[2026-06-16 04:33:52,311][finetune_logger][INFO] - Test metrics: {'MAE': 1.3184749804228875, 'RMSE': 2.4090848056464815}
2026-06-16 04:33:52 - finetune_logger - INFO - Test time: 70.90s
[2026-06-16 04:33:52,311][finetune_logger][INFO] - Test time: 70.90s
2026-06-16 04:33:52 - finetune_logger - INFO - Test memory reserved: 24.00 MB
[2026-06-16 04:33:52,311][finetune_logger][INFO] - Test memory reserved: 24.00 MB
2026-06-16 04:33:52 - finetune_logger - INFO - Test memory allocated: 18.10 MB
[2026-06-16 04:33:52,311][finetune_logger][INFO] - Test memory allocated: 18.10 MB
2026-06-16 04:33:52 - finetune_logger - INFO - Epoch 2/20
[2026-06-16 04:33:52,312][finetune_logger][INFO] - Epoch 2/20
2026-06-16 04:42:15 - finetune_logger - INFO - Train loss: 1.173264258197329
[2026-06-16 04:42:15,700][finetune_logger][INFO] - Train loss: 1.173264258197329
2026-06-16 04:42:15 - finetune_logger - INFO - Train time: 503.38749265670776s
[2026-06-16 04:42:15,700][finetune_logger][INFO] - Train time: 503.38749265670776s
2026-06-16 04:42:15 - finetune_logger - INFO - Train memory reserved: 24.00 MB
[2026-06-16 04:42:15,700][finetune_logger][INFO] - Train memory reserved: 24.00 MB
2026-06-16 04:42:15 - finetune_logger - INFO - Train memory allocated: 18.10 MB
[2026-06-16 04:42:15,700][finetune_logger][INFO] - Train memory allocated: 18.10 MB
2026-06-16 04:42:15 - finetune_logger - INFO - Current learning rate: 0.0005
[2026-06-16 04:42:15,700][finetune_logger][INFO] - Current learning rate: 0.0005
2026-06-16 04:43:26 - finetune_logger - INFO - Validation metrics: {'MAE': 1.4321882347133525, 'RMSE': 2.3444080847874833}
[2026-06-16 04:43:26,664][finetune_logger][INFO] - Validation metrics: {'MAE': 1.4321882347133525, 'RMSE': 2.3444080847874833}
2026-06-16 04:43:26 - finetune_logger - INFO - Val time: 70.96s
[2026-06-16 04:43:26,664][finetune_logger][INFO] - Val time: 70.96s
2026-06-16 04:43:26 - finetune_logger - INFO - Val memory reserved: 24.00 MB
[2026-06-16 04:43:26,664][finetune_logger][INFO] - Val memory reserved: 24.00 MB
2026-06-16 04:43:26 - finetune_logger - INFO - Val memory allocated: 18.10 MB
[2026-06-16 04:43:26,665][finetune_logger][INFO] - Val memory allocated: 18.10 MB
2026-06-16 04:43:26 - finetune_logger - INFO - Logged epoch 2 info to /public/home/202411094934/python_project/Spatio-Temporal-Library/time-series/2026-06-16/itransformer/finetune20/ettm1/time-series/seed_2/training_log.json
[2026-06-16 04:43:26,668][finetune_logger][INFO] - Logged epoch 2 info to /public/home/202411094934/python_project/Spatio-Temporal-Library/time-series/2026-06-16/itransformer/finetune20/ettm1/time-series/seed_2/training_log.json
2026-06-16 04:43:26 - finetune_logger - INFO - New best model! Val loss: 1.432188
[2026-06-16 04:43:26,668][finetune_logger][INFO] - New best model! Val loss: 1.432188
2026-06-16 04:44:37 - finetune_logger - INFO - Test metrics: {'MAE': 1.3162297411384036, 'RMSE': 2.4021200537099654}
[2026-06-16 04:44:37,469][finetune_logger][INFO] - Test metrics: {'MAE': 1.3162297411384036, 'RMSE': 2.4021200537099654}
2026-06-16 04:44:37 - finetune_logger - INFO - Test time: 70.76s
[2026-06-16 04:44:37,469][finetune_logger][INFO] - Test time: 70.76s
2026-06-16 04:44:37 - finetune_logger - INFO - Test memory reserved: 24.00 MB
[2026-06-16 04:44:37,469][finetune_logger][INFO] - Test memory reserved: 24.00 MB
2026-06-16 04:44:37 - finetune_logger - INFO - Test memory allocated: 18.10 MB
[2026-06-16 04:44:37,470][finetune_logger][INFO] - Test memory allocated: 18.10 MB
2026-06-16 04:44:37 - finetune_logger - INFO - Epoch 3/20
[2026-06-16 04:44:37,470][finetune_logger][INFO] - Epoch 3/20
2026-06-16 04:53:05 - finetune_logger - INFO - Train loss: 1.136221570812077
[2026-06-16 04:53:05,412][finetune_logger][INFO] - Train loss: 1.136221570812077
2026-06-16 04:53:05 - finetune_logger - INFO - Train time: 507.94142985343933s
[2026-06-16 04:53:05,412][finetune_logger][INFO] - Train time: 507.94142985343933s
2026-06-16 04:53:05 - finetune_logger - INFO - Train memory reserved: 24.00 MB
[2026-06-16 04:53:05,412][finetune_logger][INFO] - Train memory reserved: 24.00 MB
2026-06-16 04:53:05 - finetune_logger - INFO - Train memory allocated: 18.10 MB
[2026-06-16 04:53:05,412][finetune_logger][INFO] - Train memory allocated: 18.10 MB
2026-06-16 04:53:05 - finetune_logger - INFO - Current learning rate: 0.0005
[2026-06-16 04:53:05,412][finetune_logger][INFO] - Current learning rate: 0.0005
2026-06-16 04:54:16 - finetune_logger - INFO - Validation metrics: {'MAE': 1.4617368449225123, 'RMSE': 2.393479429929472}
[2026-06-16 04:54:16,378][finetune_logger][INFO] - Validation metrics: {'MAE': 1.4617368449225123, 'RMSE': 2.393479429929472}
2026-06-16 04:54:16 - finetune_logger - INFO - Val time: 70.97s
[2026-06-16 04:54:16,378][finetune_logger][INFO] - Val time: 70.97s
2026-06-16 04:54:16 - finetune_logger - INFO - Val memory reserved: 24.00 MB
[2026-06-16 04:54:16,378][finetune_logger][INFO] - Val memory reserved: 24.00 MB
2026-06-16 04:54:16 - finetune_logger - INFO - Val memory allocated: 18.10 MB
[2026-06-16 04:54:16,378][finetune_logger][INFO] - Val memory allocated: 18.10 MB
2026-06-16 04:54:16 - finetune_logger - INFO - Logged epoch 3 info to /public/home/202411094934/python_project/Spatio-Temporal-Library/time-series/2026-06-16/itransformer/finetune20/ettm1/time-series/seed_2/training_log.json
[2026-06-16 04:54:16,382][finetune_logger][INFO] - Logged epoch 3 info to /public/home/202411094934/python_project/Spatio-Temporal-Library/time-series/2026-06-16/itransformer/finetune20/ettm1/time-series/seed_2/training_log.json
2026-06-16 04:55:27 - finetune_logger - INFO - Test metrics: {'MAE': 1.3092243386066271, 'RMSE': 2.388624024830315}
[2026-06-16 04:55:27,424][finetune_logger][INFO] - Test metrics: {'MAE': 1.3092243386066271, 'RMSE': 2.388624024830315}
2026-06-16 04:55:27 - finetune_logger - INFO - Test time: 71.04s
[2026-06-16 04:55:27,425][finetune_logger][INFO] - Test time: 71.04s
2026-06-16 04:55:27 - finetune_logger - INFO - Test memory reserved: 24.00 MB
[2026-06-16 04:55:27,425][finetune_logger][INFO] - Test memory reserved: 24.00 MB
2026-06-16 04:55:27 - finetune_logger - INFO - Test memory allocated: 18.10 MB
[2026-06-16 04:55:27,425][finetune_logger][INFO] - Test memory allocated: 18.10 MB
2026-06-16 04:55:27 - finetune_logger - INFO - Epoch 4/20
[2026-06-16 04:55:27,425][finetune_logger][INFO] - Epoch 4/20
2026-06-16 05:03:55 - finetune_logger - INFO - Train loss: 1.1060438252888767
[2026-06-16 05:03:55,578][finetune_logger][INFO] - Train loss: 1.1060438252888767
2026-06-16 05:03:55 - finetune_logger - INFO - Train time: 508.1525294780731s
[2026-06-16 05:03:55,579][finetune_logger][INFO] - Train time: 508.1525294780731s
2026-06-16 05:03:55 - finetune_logger - INFO - Train memory reserved: 24.00 MB
[2026-06-16 05:03:55,579][finetune_logger][INFO] - Train memory reserved: 24.00 MB
2026-06-16 05:03:55 - finetune_logger - INFO - Train memory allocated: 18.10 MB
[2026-06-16 05:03:55,579][finetune_logger][INFO] - Train memory allocated: 18.10 MB
2026-06-16 05:03:55 - finetune_logger - INFO - Current learning rate: 0.0005
[2026-06-16 05:03:55,579][finetune_logger][INFO] - Current learning rate: 0.0005
2026-06-16 05:05:06 - finetune_logger - INFO - Validation metrics: {'MAE': 1.4806529123942953, 'RMSE': 2.4112322383280542}
[2026-06-16 05:05:06,521][finetune_logger][INFO] - Validation metrics: {'MAE': 1.4806529123942953, 'RMSE': 2.4112322383280542}
2026-06-16 05:05:06 - finetune_logger - INFO - Val time: 70.94s
[2026-06-16 05:05:06,521][finetune_logger][INFO] - Val time: 70.94s
2026-06-16 05:05:06 - finetune_logger - INFO - Val memory reserved: 24.00 MB
[2026-06-16 05:05:06,521][finetune_logger][INFO] - Val memory reserved: 24.00 MB
2026-06-16 05:05:06 - finetune_logger - INFO - Val memory allocated: 18.10 MB
[2026-06-16 05:05:06,521][finetune_logger][INFO] - Val memory allocated: 18.10 MB
2026-06-16 05:05:06 - finetune_logger - INFO - Logged epoch 4 info to /public/home/202411094934/python_project/Spatio-Temporal-Library/time-series/2026-06-16/itransformer/finetune20/ettm1/time-series/seed_2/training_log.json
[2026-06-16 05:05:06,524][finetune_logger][INFO] - Logged epoch 4 info to /public/home/202411094934/python_project/Spatio-Temporal-Library/time-series/2026-06-16/itransformer/finetune20/ettm1/time-series/seed_2/training_log.json
2026-06-16 05:06:17 - finetune_logger - INFO - Test metrics: {'MAE': 1.3532060839523372, 'RMSE': 2.4564373101280155}
[2026-06-16 05:06:17,416][finetune_logger][INFO] - Test metrics: {'MAE': 1.3532060839523372, 'RMSE': 2.4564373101280155}
2026-06-16 05:06:17 - finetune_logger - INFO - Test time: 70.89s
[2026-06-16 05:06:17,417][finetune_logger][INFO] - Test time: 70.89s
2026-06-16 05:06:17 - finetune_logger - INFO - Test memory reserved: 24.00 MB
[2026-06-16 05:06:17,417][finetune_logger][INFO] - Test memory reserved: 24.00 MB
2026-06-16 05:06:17 - finetune_logger - INFO - Test memory allocated: 18.10 MB
[2026-06-16 05:06:17,417][finetune_logger][INFO] - Test memory allocated: 18.10 MB
2026-06-16 05:06:17 - finetune_logger - INFO - Epoch 5/20
[2026-06-16 05:06:17,417][finetune_logger][INFO] - Epoch 5/20
2026-06-16 05:14:45 - finetune_logger - INFO - Train loss: 1.0801118009066943
[2026-06-16 05:14:45,378][finetune_logger][INFO] - Train loss: 1.0801118009066943
2026-06-16 05:14:45 - finetune_logger - INFO - Train time: 507.96081376075745s
[2026-06-16 05:14:45,379][finetune_logger][INFO] - Train time: 507.96081376075745s
2026-06-16 05:14:45 - finetune_logger - INFO - Train memory reserved: 24.00 MB
[2026-06-16 05:14:45,379][finetune_logger][INFO] - Train memory reserved: 24.00 MB
2026-06-16 05:14:45 - finetune_logger - INFO - Train memory allocated: 18.10 MB
[2026-06-16 05:14:45,379][finetune_logger][INFO] - Train memory allocated: 18.10 MB
2026-06-16 05:14:45 - finetune_logger - INFO - Current learning rate: 0.0005
[2026-06-16 05:14:45,379][finetune_logger][INFO] - Current learning rate: 0.0005
2026-06-16 05:15:56 - finetune_logger - INFO - Validation metrics: {'MAE': 1.4625783802719141, 'RMSE': 2.3962148083669}
[2026-06-16 05:15:56,344][finetune_logger][INFO] - Validation metrics: {'MAE': 1.4625783802719141, 'RMSE': 2.3962148083669}
2026-06-16 05:15:56 - finetune_logger - INFO - Val time: 70.96s
[2026-06-16 05:15:56,345][finetune_logger][INFO] - Val time: 70.96s
2026-06-16 05:15:56 - finetune_logger - INFO - Val memory reserved: 24.00 MB
[2026-06-16 05:15:56,345][finetune_logger][INFO] - Val memory reserved: 24.00 MB
2026-06-16 05:15:56 - finetune_logger - INFO - Val memory allocated: 18.10 MB
[2026-06-16 05:15:56,345][finetune_logger][INFO] - Val memory allocated: 18.10 MB
2026-06-16 05:15:56 - finetune_logger - INFO - Logged epoch 5 info to /public/home/202411094934/python_project/Spatio-Temporal-Library/time-series/2026-06-16/itransformer/finetune20/ettm1/time-series/seed_2/training_log.json
[2026-06-16 05:15:56,348][finetune_logger][INFO] - Logged epoch 5 info to /public/home/202411094934/python_project/Spatio-Temporal-Library/time-series/2026-06-16/itransformer/finetune20/ettm1/time-series/seed_2/training_log.json
2026-06-16 05:17:07 - finetune_logger - INFO - Test metrics: {'MAE': 1.3453802674545856, 'RMSE': 2.4571188301443323}
[2026-06-16 05:17:07,306][finetune_logger][INFO] - Test metrics: {'MAE': 1.3453802674545856, 'RMSE': 2.4571188301443323}
2026-06-16 05:17:07 - finetune_logger - INFO - Test time: 70.96s
[2026-06-16 05:17:07,307][finetune_logger][INFO] - Test time: 70.96s
2026-06-16 05:17:07 - finetune_logger - INFO - Test memory reserved: 24.00 MB
[2026-06-16 05:17:07,307][finetune_logger][INFO] - Test memory reserved: 24.00 MB
2026-06-16 05:17:07 - finetune_logger - INFO - Test memory allocated: 18.10 MB
[2026-06-16 05:17:07,307][finetune_logger][INFO] - Test memory allocated: 18.10 MB
2026-06-16 05:17:07 - finetune_logger - INFO - Epoch 6/20
[2026-06-16 05:17:07,307][finetune_logger][INFO] - Epoch 6/20
2026-06-16 05:25:36 - finetune_logger - INFO - Train loss: 1.0583121684710801
[2026-06-16 05:25:36,882][finetune_logger][INFO] - Train loss: 1.0583121684710801
2026-06-16 05:25:36 - finetune_logger - INFO - Train time: 509.5748863220215s
[2026-06-16 05:25:36,883][finetune_logger][INFO] - Train time: 509.5748863220215s
2026-06-16 05:25:36 - finetune_logger - INFO - Train memory reserved: 24.00 MB
[2026-06-16 05:25:36,883][finetune_logger][INFO] - Train memory reserved: 24.00 MB
2026-06-16 05:25:36 - finetune_logger - INFO - Train memory allocated: 18.10 MB
[2026-06-16 05:25:36,883][finetune_logger][INFO] - Train memory allocated: 18.10 MB
2026-06-16 05:25:36 - finetune_logger - INFO - Current learning rate: 0.0005
[2026-06-16 05:25:36,883][finetune_logger][INFO] - Current learning rate: 0.0005
2026-06-16 05:26:48 - finetune_logger - INFO - Validation metrics: {'MAE': 1.4813063193679816, 'RMSE': 2.4370999911071793}
[2026-06-16 05:26:48,187][finetune_logger][INFO] - Validation metrics: {'MAE': 1.4813063193679816, 'RMSE': 2.4370999911071793}
2026-06-16 05:26:48 - finetune_logger - INFO - Val time: 71.30s
[2026-06-16 05:26:48,187][finetune_logger][INFO] - Val time: 71.30s
2026-06-16 05:26:48 - finetune_logger - INFO - Val memory reserved: 24.00 MB
[2026-06-16 05:26:48,187][finetune_logger][INFO] - Val memory reserved: 24.00 MB
2026-06-16 05:26:48 - finetune_logger - INFO - Val memory allocated: 18.10 MB
[2026-06-16 05:26:48,187][finetune_logger][INFO] - Val memory allocated: 18.10 MB
2026-06-16 05:26:48 - finetune_logger - INFO - Logged epoch 6 info to /public/home/202411094934/python_project/Spatio-Temporal-Library/time-series/2026-06-16/itransformer/finetune20/ettm1/time-series/seed_2/training_log.json
[2026-06-16 05:26:48,191][finetune_logger][INFO] - Logged epoch 6 info to /public/home/202411094934/python_project/Spatio-Temporal-Library/time-series/2026-06-16/itransformer/finetune20/ettm1/time-series/seed_2/training_log.json
2026-06-16 05:27:59 - finetune_logger - INFO - Test metrics: {'MAE': 1.3535308147714809, 'RMSE': 2.4773995776944795}
[2026-06-16 05:27:59,381][finetune_logger][INFO] - Test metrics: {'MAE': 1.3535308147714809, 'RMSE': 2.4773995776944795}
2026-06-16 05:27:59 - finetune_logger - INFO - Test time: 71.19s
[2026-06-16 05:27:59,381][finetune_logger][INFO] - Test time: 71.19s
2026-06-16 05:27:59 - finetune_logger - INFO - Test memory reserved: 24.00 MB
[2026-06-16 05:27:59,381][finetune_logger][INFO] - Test memory reserved: 24.00 MB
2026-06-16 05:27:59 - finetune_logger - INFO - Test memory allocated: 18.10 MB
[2026-06-16 05:27:59,382][finetune_logger][INFO] - Test memory allocated: 18.10 MB
2026-06-16 05:27:59 - finetune_logger - INFO - Epoch 7/20
[2026-06-16 05:27:59,382][finetune_logger][INFO] - Epoch 7/20
2026-06-16 05:36:29 - finetune_logger - INFO - Train loss: 1.0398920663877087
[2026-06-16 05:36:29,017][finetune_logger][INFO] - Train loss: 1.0398920663877087
2026-06-16 05:36:29 - finetune_logger - INFO - Train time: 509.63458013534546s
[2026-06-16 05:36:29,017][finetune_logger][INFO] - Train time: 509.63458013534546s
2026-06-16 05:36:29 - finetune_logger - INFO - Train memory reserved: 24.00 MB
[2026-06-16 05:36:29,017][finetune_logger][INFO] - Train memory reserved: 24.00 MB
2026-06-16 05:36:29 - finetune_logger - INFO - Train memory allocated: 18.10 MB
[2026-06-16 05:36:29,017][finetune_logger][INFO] - Train memory allocated: 18.10 MB
2026-06-16 05:36:29 - finetune_logger - INFO - Current learning rate: 0.0005
[2026-06-16 05:36:29,017][finetune_logger][INFO] - Current learning rate: 0.0005
2026-06-16 05:37:40 - finetune_logger - INFO - Validation metrics: {'MAE': 1.4792782327835687, 'RMSE': 2.430871160311853}
[2026-06-16 05:37:40,197][finetune_logger][INFO] - Validation metrics: {'MAE': 1.4792782327835687, 'RMSE': 2.430871160311853}
2026-06-16 05:37:40 - finetune_logger - INFO - Val time: 71.18s
[2026-06-16 05:37:40,197][finetune_logger][INFO] - Val time: 71.18s
2026-06-16 05:37:40 - finetune_logger - INFO - Val memory reserved: 24.00 MB
[2026-06-16 05:37:40,197][finetune_logger][INFO] - Val memory reserved: 24.00 MB
2026-06-16 05:37:40 - finetune_logger - INFO - Val memory allocated: 18.10 MB
[2026-06-16 05:37:40,198][finetune_logger][INFO] - Val memory allocated: 18.10 MB
2026-06-16 05:37:40 - finetune_logger - INFO - Logged epoch 7 info to /public/home/202411094934/python_project/Spatio-Temporal-Library/time-series/2026-06-16/itransformer/finetune20/ettm1/time-series/seed_2/training_log.json
[2026-06-16 05:37:40,201][finetune_logger][INFO] - Logged epoch 7 info to /public/home/202411094934/python_project/Spatio-Temporal-Library/time-series/2026-06-16/itransformer/finetune20/ettm1/time-series/seed_2/training_log.json
2026-06-16 05:38:51 - finetune_logger - INFO - Test metrics: {'MAE': 1.3815769151111135, 'RMSE': 2.5266890019561936}
[2026-06-16 05:38:51,352][finetune_logger][INFO] - Test metrics: {'MAE': 1.3815769151111135, 'RMSE': 2.5266890019561936}
2026-06-16 05:38:51 - finetune_logger - INFO - Test time: 71.15s
[2026-06-16 05:38:51,353][finetune_logger][INFO] - Test time: 71.15s
2026-06-16 05:38:51 - finetune_logger - INFO - Test memory reserved: 24.00 MB
[2026-06-16 05:38:51,353][finetune_logger][INFO] - Test memory reserved: 24.00 MB
2026-06-16 05:38:51 - finetune_logger - INFO - Test memory allocated: 18.10 MB
[2026-06-16 05:38:51,353][finetune_logger][INFO] - Test memory allocated: 18.10 MB
2026-06-16 05:38:51 - finetune_logger - INFO - Epoch 8/20
[2026-06-16 05:38:51,353][finetune_logger][INFO] - Epoch 8/20
2026-06-16 05:47:20 - finetune_logger - INFO - Train loss: 1.0231434826017811
[2026-06-16 05:47:20,633][finetune_logger][INFO] - Train loss: 1.0231434826017811
2026-06-16 05:47:20 - finetune_logger - INFO - Train time: 509.2790415287018s
[2026-06-16 05:47:20,633][finetune_logger][INFO] - Train time: 509.2790415287018s
2026-06-16 05:47:20 - finetune_logger - INFO - Train memory reserved: 24.00 MB
[2026-06-16 05:47:20,633][finetune_logger][INFO] - Train memory reserved: 24.00 MB
2026-06-16 05:47:20 - finetune_logger - INFO - Train memory allocated: 18.10 MB
[2026-06-16 05:47:20,633][finetune_logger][INFO] - Train memory allocated: 18.10 MB
2026-06-16 05:47:20 - finetune_logger - INFO - Current learning rate: 0.0005
[2026-06-16 05:47:20,633][finetune_logger][INFO] - Current learning rate: 0.0005
2026-06-16 05:48:31 - finetune_logger - INFO - Validation metrics: {'MAE': 1.4797944813847794, 'RMSE': 2.417667231293086}
[2026-06-16 05:48:31,626][finetune_logger][INFO] - Validation metrics: {'MAE': 1.4797944813847794, 'RMSE': 2.417667231293086}
2026-06-16 05:48:31 - finetune_logger - INFO - Val time: 70.99s
[2026-06-16 05:48:31,627][finetune_logger][INFO] - Val time: 70.99s
2026-06-16 05:48:31 - finetune_logger - INFO - Val memory reserved: 24.00 MB
[2026-06-16 05:48:31,627][finetune_logger][INFO] - Val memory reserved: 24.00 MB
2026-06-16 05:48:31 - finetune_logger - INFO - Val memory allocated: 18.10 MB
[2026-06-16 05:48:31,627][finetune_logger][INFO] - Val memory allocated: 18.10 MB
2026-06-16 05:48:31 - finetune_logger - INFO - Logged epoch 8 info to /public/home/202411094934/python_project/Spatio-Temporal-Library/time-series/2026-06-16/itransformer/finetune20/ettm1/time-series/seed_2/training_log.json
[2026-06-16 05:48:31,631][finetune_logger][INFO] - Logged epoch 8 info to /public/home/202411094934/python_project/Spatio-Temporal-Library/time-series/2026-06-16/itransformer/finetune20/ettm1/time-series/seed_2/training_log.json
2026-06-16 05:49:42 - finetune_logger - INFO - Test metrics: {'MAE': 1.383704669698845, 'RMSE': 2.5488011667001436}
[2026-06-16 05:49:42,758][finetune_logger][INFO] - Test metrics: {'MAE': 1.383704669698845, 'RMSE': 2.5488011667001436}
2026-06-16 05:49:42 - finetune_logger - INFO - Test time: 71.13s
[2026-06-16 05:49:42,758][finetune_logger][INFO] - Test time: 71.13s
2026-06-16 05:49:42 - finetune_logger - INFO - Test memory reserved: 24.00 MB
[2026-06-16 05:49:42,758][finetune_logger][INFO] - Test memory reserved: 24.00 MB
2026-06-16 05:49:42 - finetune_logger - INFO - Test memory allocated: 18.10 MB
[2026-06-16 05:49:42,759][finetune_logger][INFO] - Test memory allocated: 18.10 MB
2026-06-16 05:49:42 - finetune_logger - INFO - Epoch 9/20
[2026-06-16 05:49:42,759][finetune_logger][INFO] - Epoch 9/20
2026-06-16 05:58:12 - finetune_logger - INFO - Train loss: 1.0081097440814637
[2026-06-16 05:58:12,238][finetune_logger][INFO] - Train loss: 1.0081097440814637
2026-06-16 05:58:12 - finetune_logger - INFO - Train time: 509.47902393341064s
[2026-06-16 05:58:12,238][finetune_logger][INFO] - Train time: 509.47902393341064s
2026-06-16 05:58:12 - finetune_logger - INFO - Train memory reserved: 24.00 MB
[2026-06-16 05:58:12,239][finetune_logger][INFO] - Train memory reserved: 24.00 MB
2026-06-16 05:58:12 - finetune_logger - INFO - Train memory allocated: 18.10 MB
[2026-06-16 05:58:12,239][finetune_logger][INFO] - Train memory allocated: 18.10 MB
2026-06-16 05:58:12 - finetune_logger - INFO - Current learning rate: 0.0005
[2026-06-16 05:58:12,239][finetune_logger][INFO] - Current learning rate: 0.0005
2026-06-16 05:59:23 - finetune_logger - INFO - Validation metrics: {'MAE': 1.4884945444726296, 'RMSE': 2.4360569749098606}
[2026-06-16 05:59:23,359][finetune_logger][INFO] - Validation metrics: {'MAE': 1.4884945444726296, 'RMSE': 2.4360569749098606}
2026-06-16 05:59:23 - finetune_logger - INFO - Val time: 71.12s
[2026-06-16 05:59:23,359][finetune_logger][INFO] - Val time: 71.12s
2026-06-16 05:59:23 - finetune_logger - INFO - Val memory reserved: 24.00 MB
[2026-06-16 05:59:23,359][finetune_logger][INFO] - Val memory reserved: 24.00 MB
2026-06-16 05:59:23 - finetune_logger - INFO - Val memory allocated: 18.10 MB
[2026-06-16 05:59:23,359][finetune_logger][INFO] - Val memory allocated: 18.10 MB
2026-06-16 05:59:23 - finetune_logger - INFO - Logged epoch 9 info to /public/home/202411094934/python_project/Spatio-Temporal-Library/time-series/2026-06-16/itransformer/finetune20/ettm1/time-series/seed_2/training_log.json
[2026-06-16 05:59:23,363][finetune_logger][INFO] - Logged epoch 9 info to /public/home/202411094934/python_project/Spatio-Temporal-Library/time-series/2026-06-16/itransformer/finetune20/ettm1/time-series/seed_2/training_log.json
2026-06-16 06:00:34 - finetune_logger - INFO - Test metrics: {'MAE': 1.392378043874447, 'RMSE': 2.5513566861827615}
[2026-06-16 06:00:34,590][finetune_logger][INFO] - Test metrics: {'MAE': 1.392378043874447, 'RMSE': 2.5513566861827615}
2026-06-16 06:00:34 - finetune_logger - INFO - Test time: 71.23s
[2026-06-16 06:00:34,590][finetune_logger][INFO] - Test time: 71.23s
2026-06-16 06:00:34 - finetune_logger - INFO - Test memory reserved: 24.00 MB
[2026-06-16 06:00:34,591][finetune_logger][INFO] - Test memory reserved: 24.00 MB
2026-06-16 06:00:34 - finetune_logger - INFO - Test memory allocated: 18.10 MB
[2026-06-16 06:00:34,591][finetune_logger][INFO] - Test memory allocated: 18.10 MB
2026-06-16 06:00:34 - finetune_logger - INFO - Epoch 10/20
[2026-06-16 06:00:34,591][finetune_logger][INFO] - Epoch 10/20
2026-06-16 06:09:04 - finetune_logger - INFO - Train loss: 0.9971963170404794
[2026-06-16 06:09:04,332][finetune_logger][INFO] - Train loss: 0.9971963170404794
2026-06-16 06:09:04 - finetune_logger - INFO - Train time: 509.74043440818787s
[2026-06-16 06:09:04,332][finetune_logger][INFO] - Train time: 509.74043440818787s
2026-06-16 06:09:04 - finetune_logger - INFO - Train memory reserved: 24.00 MB
[2026-06-16 06:09:04,332][finetune_logger][INFO] - Train memory reserved: 24.00 MB
2026-06-16 06:09:04 - finetune_logger - INFO - Train memory allocated: 18.10 MB
[2026-06-16 06:09:04,332][finetune_logger][INFO] - Train memory allocated: 18.10 MB
2026-06-16 06:09:04 - finetune_logger - INFO - Current learning rate: 0.0005
[2026-06-16 06:09:04,332][finetune_logger][INFO] - Current learning rate: 0.0005
2026-06-16 06:10:15 - finetune_logger - INFO - Validation metrics: {'MAE': 1.4897321594221773, 'RMSE': 2.437867767922992}
[2026-06-16 06:10:15,428][finetune_logger][INFO] - Validation metrics: {'MAE': 1.4897321594221773, 'RMSE': 2.437867767922992}
2026-06-16 06:10:15 - finetune_logger - INFO - Val time: 71.10s
[2026-06-16 06:10:15,429][finetune_logger][INFO] - Val time: 71.10s
2026-06-16 06:10:15 - finetune_logger - INFO - Val memory reserved: 24.00 MB
[2026-06-16 06:10:15,429][finetune_logger][INFO] - Val memory reserved: 24.00 MB
2026-06-16 06:10:15 - finetune_logger - INFO - Val memory allocated: 18.10 MB
[2026-06-16 06:10:15,429][finetune_logger][INFO] - Val memory allocated: 18.10 MB
2026-06-16 06:10:15 - finetune_logger - INFO - Logged epoch 10 info to /public/home/202411094934/python_project/Spatio-Temporal-Library/time-series/2026-06-16/itransformer/finetune20/ettm1/time-series/seed_2/training_log.json
[2026-06-16 06:10:15,432][finetune_logger][INFO] - Logged epoch 10 info to /public/home/202411094934/python_project/Spatio-Temporal-Library/time-series/2026-06-16/itransformer/finetune20/ettm1/time-series/seed_2/training_log.json
2026-06-16 06:11:26 - finetune_logger - INFO - Test metrics: {'MAE': 1.3969852358327601, 'RMSE': 2.568549203883268}
[2026-06-16 06:11:26,603][finetune_logger][INFO] - Test metrics: {'MAE': 1.3969852358327601, 'RMSE': 2.568549203883268}
2026-06-16 06:11:26 - finetune_logger - INFO - Test time: 71.15s
[2026-06-16 06:11:26,604][finetune_logger][INFO] - Test time: 71.15s
2026-06-16 06:11:26 - finetune_logger - INFO - Test memory reserved: 24.00 MB
[2026-06-16 06:11:26,604][finetune_logger][INFO] - Test memory reserved: 24.00 MB
2026-06-16 06:11:26 - finetune_logger - INFO - Test memory allocated: 18.10 MB
[2026-06-16 06:11:26,604][finetune_logger][INFO] - Test memory allocated: 18.10 MB
2026-06-16 06:11:26 - finetune_logger - INFO - Epoch 11/20
[2026-06-16 06:11:26,604][finetune_logger][INFO] - Epoch 11/20
2026-06-16 06:19:55 - finetune_logger - INFO - Train loss: 0.9558632148179101
[2026-06-16 06:19:55,909][finetune_logger][INFO] - Train loss: 0.9558632148179101
2026-06-16 06:19:55 - finetune_logger - INFO - Train time: 509.3049547672272s
[2026-06-16 06:19:55,910][finetune_logger][INFO] - Train time: 509.3049547672272s
2026-06-16 06:19:55 - finetune_logger - INFO - Train memory reserved: 24.00 MB
[2026-06-16 06:19:55,910][finetune_logger][INFO] - Train memory reserved: 24.00 MB
2026-06-16 06:19:55 - finetune_logger - INFO - Train memory allocated: 18.10 MB
[2026-06-16 06:19:55,910][finetune_logger][INFO] - Train memory allocated: 18.10 MB
2026-06-16 06:19:55 - finetune_logger - INFO - Current learning rate: 0.00025
[2026-06-16 06:19:55,910][finetune_logger][INFO] - Current learning rate: 0.00025
2026-06-16 06:21:06 - finetune_logger - INFO - Validation metrics: {'MAE': 1.5047818413904654, 'RMSE': 2.487345599657266}
[2026-06-16 06:21:06,876][finetune_logger][INFO] - Validation metrics: {'MAE': 1.5047818413904654, 'RMSE': 2.487345599657266}
2026-06-16 06:21:06 - finetune_logger - INFO - Val time: 70.97s
[2026-06-16 06:21:06,876][finetune_logger][INFO] - Val time: 70.97s
2026-06-16 06:21:06 - finetune_logger - INFO - Val memory reserved: 24.00 MB
[2026-06-16 06:21:06,877][finetune_logger][INFO] - Val memory reserved: 24.00 MB
2026-06-16 06:21:06 - finetune_logger - INFO - Val memory allocated: 18.10 MB
[2026-06-16 06:21:06,877][finetune_logger][INFO] - Val memory allocated: 18.10 MB
2026-06-16 06:21:06 - finetune_logger - INFO - Logged epoch 11 info to /public/home/202411094934/python_project/Spatio-Temporal-Library/time-series/2026-06-16/itransformer/finetune20/ettm1/time-series/seed_2/training_log.json
[2026-06-16 06:21:06,880][finetune_logger][INFO] - Logged epoch 11 info to /public/home/202411094934/python_project/Spatio-Temporal-Library/time-series/2026-06-16/itransformer/finetune20/ettm1/time-series/seed_2/training_log.json
2026-06-16 06:22:17 - finetune_logger - INFO - Test metrics: {'MAE': 1.3958548639120183, 'RMSE': 2.5721556047148866}
[2026-06-16 06:22:17,786][finetune_logger][INFO] - Test metrics: {'MAE': 1.3958548639120183, 'RMSE': 2.5721556047148866}
2026-06-16 06:22:17 - finetune_logger - INFO - Test time: 70.91s
[2026-06-16 06:22:17,786][finetune_logger][INFO] - Test time: 70.91s
2026-06-16 06:22:17 - finetune_logger - INFO - Test memory reserved: 24.00 MB
[2026-06-16 06:22:17,786][finetune_logger][INFO] - Test memory reserved: 24.00 MB
2026-06-16 06:22:17 - finetune_logger - INFO - Test memory allocated: 18.10 MB
[2026-06-16 06:22:17,786][finetune_logger][INFO] - Test memory allocated: 18.10 MB
2026-06-16 06:22:17 - finetune_logger - INFO - Epoch 12/20
[2026-06-16 06:22:17,787][finetune_logger][INFO] - Epoch 12/20
2026-06-16 06:30:47 - finetune_logger - INFO - Train loss: 0.9425174685630288
[2026-06-16 06:30:47,603][finetune_logger][INFO] - Train loss: 0.9425174685630288
2026-06-16 06:30:47 - finetune_logger - INFO - Train time: 509.81621956825256s
[2026-06-16 06:30:47,604][finetune_logger][INFO] - Train time: 509.81621956825256s
2026-06-16 06:30:47 - finetune_logger - INFO - Train memory reserved: 24.00 MB
[2026-06-16 06:30:47,604][finetune_logger][INFO] - Train memory reserved: 24.00 MB
2026-06-16 06:30:47 - finetune_logger - INFO - Train memory allocated: 18.10 MB
[2026-06-16 06:30:47,604][finetune_logger][INFO] - Train memory allocated: 18.10 MB
2026-06-16 06:30:47 - finetune_logger - INFO - Current learning rate: 0.00025
[2026-06-16 06:30:47,604][finetune_logger][INFO] - Current learning rate: 0.00025
2026-06-16 06:31:58 - finetune_logger - INFO - Validation metrics: {'MAE': 1.4898620734254917, 'RMSE': 2.4622121375770267}
[2026-06-16 06:31:58,570][finetune_logger][INFO] - Validation metrics: {'MAE': 1.4898620734254917, 'RMSE': 2.4622121375770267}
2026-06-16 06:31:58 - finetune_logger - INFO - Val time: 70.97s
[2026-06-16 06:31:58,571][finetune_logger][INFO] - Val time: 70.97s
2026-06-16 06:31:58 - finetune_logger - INFO - Val memory reserved: 24.00 MB
[2026-06-16 06:31:58,571][finetune_logger][INFO] - Val memory reserved: 24.00 MB
2026-06-16 06:31:58 - finetune_logger - INFO - Val memory allocated: 18.10 MB
[2026-06-16 06:31:58,571][finetune_logger][INFO] - Val memory allocated: 18.10 MB
2026-06-16 06:31:58 - finetune_logger - INFO - Logged epoch 12 info to /public/home/202411094934/python_project/Spatio-Temporal-Library/time-series/2026-06-16/itransformer/finetune20/ettm1/time-series/seed_2/training_log.json
[2026-06-16 06:31:58,575][finetune_logger][INFO] - Logged epoch 12 info to /public/home/202411094934/python_project/Spatio-Temporal-Library/time-series/2026-06-16/itransformer/finetune20/ettm1/time-series/seed_2/training_log.json
2026-06-16 06:33:09 - finetune_logger - INFO - Test metrics: {'MAE': 1.3853609770443849, 'RMSE': 2.555824155739768}
[2026-06-16 06:33:09,686][finetune_logger][INFO] - Test metrics: {'MAE': 1.3853609770443849, 'RMSE': 2.555824155739768}
2026-06-16 06:33:09 - finetune_logger - INFO - Test time: 71.11s
[2026-06-16 06:33:09,686][finetune_logger][INFO] - Test time: 71.11s
2026-06-16 06:33:09 - finetune_logger - INFO - Test memory reserved: 24.00 MB
[2026-06-16 06:33:09,686][finetune_logger][INFO] - Test memory reserved: 24.00 MB
2026-06-16 06:33:09 - finetune_logger - INFO - Test memory allocated: 18.10 MB
[2026-06-16 06:33:09,687][finetune_logger][INFO] - Test memory allocated: 18.10 MB
2026-06-16 06:33:09 - finetune_logger - INFO - Epoch 13/20
[2026-06-16 06:33:09,687][finetune_logger][INFO] - Epoch 13/20
2026-06-16 06:41:38 - finetune_logger - INFO - Train loss: 0.9375226686506762
[2026-06-16 06:41:38,992][finetune_logger][INFO] - Train loss: 0.9375226686506762
2026-06-16 06:41:38 - finetune_logger - INFO - Train time: 509.3046815395355s
[2026-06-16 06:41:38,992][finetune_logger][INFO] - Train time: 509.3046815395355s
2026-06-16 06:41:38 - finetune_logger - INFO - Train memory reserved: 24.00 MB
[2026-06-16 06:41:38,992][finetune_logger][INFO] - Train memory reserved: 24.00 MB
2026-06-16 06:41:38 - finetune_logger - INFO - Train memory allocated: 18.10 MB
[2026-06-16 06:41:38,992][finetune_logger][INFO] - Train memory allocated: 18.10 MB
2026-06-16 06:41:38 - finetune_logger - INFO - Current learning rate: 0.00025
[2026-06-16 06:41:38,992][finetune_logger][INFO] - Current learning rate: 0.00025
2026-06-16 06:42:50 - finetune_logger - INFO - Validation metrics: {'MAE': 1.498155691985604, 'RMSE': 2.477514869543484}
[2026-06-16 06:42:50,008][finetune_logger][INFO] - Validation metrics: {'MAE': 1.498155691985604, 'RMSE': 2.477514869543484}
2026-06-16 06:42:50 - finetune_logger - INFO - Val time: 71.01s
[2026-06-16 06:42:50,008][finetune_logger][INFO] - Val time: 71.01s
2026-06-16 06:42:50 - finetune_logger - INFO - Val memory reserved: 24.00 MB
[2026-06-16 06:42:50,008][finetune_logger][INFO] - Val memory reserved: 24.00 MB
2026-06-16 06:42:50 - finetune_logger - INFO - Val memory allocated: 18.10 MB
[2026-06-16 06:42:50,008][finetune_logger][INFO] - Val memory allocated: 18.10 MB
2026-06-16 06:42:50 - finetune_logger - INFO - Logged epoch 13 info to /public/home/202411094934/python_project/Spatio-Temporal-Library/time-series/2026-06-16/itransformer/finetune20/ettm1/time-series/seed_2/training_log.json
[2026-06-16 06:42:50,012][finetune_logger][INFO] - Logged epoch 13 info to /public/home/202411094934/python_project/Spatio-Temporal-Library/time-series/2026-06-16/itransformer/finetune20/ettm1/time-series/seed_2/training_log.json
2026-06-16 06:44:01 - finetune_logger - INFO - Test metrics: {'MAE': 1.4096867272841254, 'RMSE': 2.602039805185621}
[2026-06-16 06:44:01,083][finetune_logger][INFO] - Test metrics: {'MAE': 1.4096867272841254, 'RMSE': 2.602039805185621}
2026-06-16 06:44:01 - finetune_logger - INFO - Test time: 71.07s
[2026-06-16 06:44:01,084][finetune_logger][INFO] - Test time: 71.07s
2026-06-16 06:44:01 - finetune_logger - INFO - Test memory reserved: 24.00 MB
[2026-06-16 06:44:01,084][finetune_logger][INFO] - Test memory reserved: 24.00 MB
2026-06-16 06:44:01 - finetune_logger - INFO - Test memory allocated: 18.10 MB
[2026-06-16 06:44:01,084][finetune_logger][INFO] - Test memory allocated: 18.10 MB
2026-06-16 06:44:01 - finetune_logger - INFO - Epoch 14/20
[2026-06-16 06:44:01,084][finetune_logger][INFO] - Epoch 14/20
2026-06-16 06:52:30 - finetune_logger - INFO - Train loss: 0.9308092496968859
[2026-06-16 06:52:30,468][finetune_logger][INFO] - Train loss: 0.9308092496968859
2026-06-16 06:52:30 - finetune_logger - INFO - Train time: 509.3832540512085s
[2026-06-16 06:52:30,468][finetune_logger][INFO] - Train time: 509.3832540512085s
2026-06-16 06:52:30 - finetune_logger - INFO - Train memory reserved: 24.00 MB
[2026-06-16 06:52:30,468][finetune_logger][INFO] - Train memory reserved: 24.00 MB
2026-06-16 06:52:30 - finetune_logger - INFO - Train memory allocated: 18.10 MB
[2026-06-16 06:52:30,468][finetune_logger][INFO] - Train memory allocated: 18.10 MB
2026-06-16 06:52:30 - finetune_logger - INFO - Current learning rate: 0.00025
[2026-06-16 06:52:30,469][finetune_logger][INFO] - Current learning rate: 0.00025
2026-06-16 06:53:41 - finetune_logger - INFO - Validation metrics: {'MAE': 1.501929777852708, 'RMSE': 2.4807425428748995}
[2026-06-16 06:53:41,580][finetune_logger][INFO] - Validation metrics: {'MAE': 1.501929777852708, 'RMSE': 2.4807425428748995}
2026-06-16 06:53:41 - finetune_logger - INFO - Val time: 71.11s
[2026-06-16 06:53:41,581][finetune_logger][INFO] - Val time: 71.11s
2026-06-16 06:53:41 - finetune_logger - INFO - Val memory reserved: 24.00 MB
[2026-06-16 06:53:41,581][finetune_logger][INFO] - Val memory reserved: 24.00 MB
2026-06-16 06:53:41 - finetune_logger - INFO - Val memory allocated: 18.10 MB
[2026-06-16 06:53:41,581][finetune_logger][INFO] - Val memory allocated: 18.10 MB
2026-06-16 06:53:41 - finetune_logger - INFO - Logged epoch 14 info to /public/home/202411094934/python_project/Spatio-Temporal-Library/time-series/2026-06-16/itransformer/finetune20/ettm1/time-series/seed_2/training_log.json
[2026-06-16 06:53:41,586][finetune_logger][INFO] - Logged epoch 14 info to /public/home/202411094934/python_project/Spatio-Temporal-Library/time-series/2026-06-16/itransformer/finetune20/ettm1/time-series/seed_2/training_log.json
2026-06-16 06:54:52 - finetune_logger - INFO - Test metrics: {'MAE': 1.4026716503470458, 'RMSE': 2.594836662236821}
[2026-06-16 06:54:52,649][finetune_logger][INFO] - Test metrics: {'MAE': 1.4026716503470458, 'RMSE': 2.594836662236821}
2026-06-16 06:54:52 - finetune_logger - INFO - Test time: 71.06s
[2026-06-16 06:54:52,649][finetune_logger][INFO] - Test time: 71.06s
2026-06-16 06:54:52 - finetune_logger - INFO - Test memory reserved: 24.00 MB
[2026-06-16 06:54:52,650][finetune_logger][INFO] - Test memory reserved: 24.00 MB
2026-06-16 06:54:52 - finetune_logger - INFO - Test memory allocated: 18.10 MB
[2026-06-16 06:54:52,650][finetune_logger][INFO] - Test memory allocated: 18.10 MB
2026-06-16 06:54:52 - finetune_logger - INFO - Epoch 15/20
[2026-06-16 06:54:52,650][finetune_logger][INFO] - Epoch 15/20
2026-06-16 07:03:19 - finetune_logger - INFO - Train loss: 0.9238893281195436
[2026-06-16 07:03:19,491][finetune_logger][INFO] - Train loss: 0.9238893281195436
2026-06-16 07:03:19 - finetune_logger - INFO - Train time: 506.84087800979614s
[2026-06-16 07:03:19,491][finetune_logger][INFO] - Train time: 506.84087800979614s
2026-06-16 07:03:19 - finetune_logger - INFO - Train memory reserved: 24.00 MB
[2026-06-16 07:03:19,492][finetune_logger][INFO] - Train memory reserved: 24.00 MB
2026-06-16 07:03:19 - finetune_logger - INFO - Train memory allocated: 18.10 MB
[2026-06-16 07:03:19,492][finetune_logger][INFO] - Train memory allocated: 18.10 MB
2026-06-16 07:03:19 - finetune_logger - INFO - Current learning rate: 0.00025
[2026-06-16 07:03:19,492][finetune_logger][INFO] - Current learning rate: 0.00025
2026-06-16 07:04:30 - finetune_logger - INFO - Validation metrics: {'MAE': 1.4814298423829744, 'RMSE': 2.4362379608501366}
[2026-06-16 07:04:30,421][finetune_logger][INFO] - Validation metrics: {'MAE': 1.4814298423829744, 'RMSE': 2.4362379608501366}
2026-06-16 07:04:30 - finetune_logger - INFO - Val time: 70.93s
[2026-06-16 07:04:30,421][finetune_logger][INFO] - Val time: 70.93s
2026-06-16 07:04:30 - finetune_logger - INFO - Val memory reserved: 24.00 MB
[2026-06-16 07:04:30,421][finetune_logger][INFO] - Val memory reserved: 24.00 MB
2026-06-16 07:04:30 - finetune_logger - INFO - Val memory allocated: 18.10 MB
[2026-06-16 07:04:30,421][finetune_logger][INFO] - Val memory allocated: 18.10 MB
2026-06-16 07:04:30 - finetune_logger - INFO - Logged epoch 15 info to /public/home/202411094934/python_project/Spatio-Temporal-Library/time-series/2026-06-16/itransformer/finetune20/ettm1/time-series/seed_2/training_log.json
[2026-06-16 07:04:30,425][finetune_logger][INFO] - Logged epoch 15 info to /public/home/202411094934/python_project/Spatio-Temporal-Library/time-series/2026-06-16/itransformer/finetune20/ettm1/time-series/seed_2/training_log.json
2026-06-16 07:05:41 - finetune_logger - INFO - Test metrics: {'MAE': 1.3951730897518688, 'RMSE': 2.578981111365016}
[2026-06-16 07:05:41,131][finetune_logger][INFO] - Test metrics: {'MAE': 1.3951730897518688, 'RMSE': 2.578981111365016}
2026-06-16 07:05:41 - finetune_logger - INFO - Test time: 70.71s
[2026-06-16 07:05:41,131][finetune_logger][INFO] - Test time: 70.71s
2026-06-16 07:05:41 - finetune_logger - INFO - Test memory reserved: 24.00 MB
[2026-06-16 07:05:41,131][finetune_logger][INFO] - Test memory reserved: 24.00 MB
2026-06-16 07:05:41 - finetune_logger - INFO - Test memory allocated: 18.10 MB
[2026-06-16 07:05:41,131][finetune_logger][INFO] - Test memory allocated: 18.10 MB
2026-06-16 07:05:41 - finetune_logger - INFO - Epoch 16/20
[2026-06-16 07:05:41,132][finetune_logger][INFO] - Epoch 16/20
2026-06-16 07:14:08 - finetune_logger - INFO - Train loss: 0.9201161199904444
[2026-06-16 07:14:08,236][finetune_logger][INFO] - Train loss: 0.9201161199904444
2026-06-16 07:14:08 - finetune_logger - INFO - Train time: 507.1044635772705s
[2026-06-16 07:14:08,237][finetune_logger][INFO] - Train time: 507.1044635772705s
2026-06-16 07:14:08 - finetune_logger - INFO - Train memory reserved: 24.00 MB
[2026-06-16 07:14:08,237][finetune_logger][INFO] - Train memory reserved: 24.00 MB
2026-06-16 07:14:08 - finetune_logger - INFO - Train memory allocated: 18.10 MB
[2026-06-16 07:14:08,237][finetune_logger][INFO] - Train memory allocated: 18.10 MB
2026-06-16 07:14:08 - finetune_logger - INFO - Current learning rate: 0.00025
[2026-06-16 07:14:08,237][finetune_logger][INFO] - Current learning rate: 0.00025
2026-06-16 07:15:19 - finetune_logger - INFO - Validation metrics: {'MAE': 1.4832106908903395, 'RMSE': 2.4453917615846406}
[2026-06-16 07:15:19,131][finetune_logger][INFO] - Validation metrics: {'MAE': 1.4832106908903395, 'RMSE': 2.4453917615846406}
2026-06-16 07:15:19 - finetune_logger - INFO - Val time: 70.89s
[2026-06-16 07:15:19,131][finetune_logger][INFO] - Val time: 70.89s
2026-06-16 07:15:19 - finetune_logger - INFO - Val memory reserved: 24.00 MB
[2026-06-16 07:15:19,131][finetune_logger][INFO] - Val memory reserved: 24.00 MB
2026-06-16 07:15:19 - finetune_logger - INFO - Val memory allocated: 18.10 MB
[2026-06-16 07:15:19,131][finetune_logger][INFO] - Val memory allocated: 18.10 MB
2026-06-16 07:15:19 - finetune_logger - INFO - Logged epoch 16 info to /public/home/202411094934/python_project/Spatio-Temporal-Library/time-series/2026-06-16/itransformer/finetune20/ettm1/time-series/seed_2/training_log.json
[2026-06-16 07:15:19,134][finetune_logger][INFO] - Logged epoch 16 info to /public/home/202411094934/python_project/Spatio-Temporal-Library/time-series/2026-06-16/itransformer/finetune20/ettm1/time-series/seed_2/training_log.json
2026-06-16 07:16:29 - finetune_logger - INFO - Test metrics: {'MAE': 1.4015335477779425, 'RMSE': 2.5854182255463756}
[2026-06-16 07:16:29,782][finetune_logger][INFO] - Test metrics: {'MAE': 1.4015335477779425, 'RMSE': 2.5854182255463756}
2026-06-16 07:16:29 - finetune_logger - INFO - Test time: 70.65s
[2026-06-16 07:16:29,782][finetune_logger][INFO] - Test time: 70.65s
2026-06-16 07:16:29 - finetune_logger - INFO - Test memory reserved: 24.00 MB
[2026-06-16 07:16:29,782][finetune_logger][INFO] - Test memory reserved: 24.00 MB
2026-06-16 07:16:29 - finetune_logger - INFO - Test memory allocated: 18.10 MB
[2026-06-16 07:16:29,783][finetune_logger][INFO] - Test memory allocated: 18.10 MB
2026-06-16 07:16:29 - finetune_logger - INFO - Epoch 17/20
[2026-06-16 07:16:29,783][finetune_logger][INFO] - Epoch 17/20
2026-06-16 07:24:56 - finetune_logger - INFO - Train loss: 0.914423163418269
[2026-06-16 07:24:56,113][finetune_logger][INFO] - Train loss: 0.914423163418269
2026-06-16 07:24:56 - finetune_logger - INFO - Train time: 506.3296146392822s
[2026-06-16 07:24:56,113][finetune_logger][INFO] - Train time: 506.3296146392822s
2026-06-16 07:24:56 - finetune_logger - INFO - Train memory reserved: 24.00 MB
[2026-06-16 07:24:56,113][finetune_logger][INFO] - Train memory reserved: 24.00 MB
2026-06-16 07:24:56 - finetune_logger - INFO - Train memory allocated: 18.10 MB
[2026-06-16 07:24:56,113][finetune_logger][INFO] - Train memory allocated: 18.10 MB
2026-06-16 07:24:56 - finetune_logger - INFO - Current learning rate: 0.00025
[2026-06-16 07:24:56,114][finetune_logger][INFO] - Current learning rate: 0.00025
2026-06-16 07:26:06 - finetune_logger - INFO - Validation metrics: {'MAE': 1.4918464697153273, 'RMSE': 2.463069535894391}
[2026-06-16 07:26:06,861][finetune_logger][INFO] - Validation metrics: {'MAE': 1.4918464697153273, 'RMSE': 2.463069535894391}
2026-06-16 07:26:06 - finetune_logger - INFO - Val time: 70.75s
[2026-06-16 07:26:06,861][finetune_logger][INFO] - Val time: 70.75s
2026-06-16 07:26:06 - finetune_logger - INFO - Val memory reserved: 24.00 MB
[2026-06-16 07:26:06,861][finetune_logger][INFO] - Val memory reserved: 24.00 MB
2026-06-16 07:26:06 - finetune_logger - INFO - Val memory allocated: 18.10 MB
[2026-06-16 07:26:06,861][finetune_logger][INFO] - Val memory allocated: 18.10 MB
2026-06-16 07:26:06 - finetune_logger - INFO - Logged epoch 17 info to /public/home/202411094934/python_project/Spatio-Temporal-Library/time-series/2026-06-16/itransformer/finetune20/ettm1/time-series/seed_2/training_log.json
[2026-06-16 07:26:06,865][finetune_logger][INFO] - Logged epoch 17 info to /public/home/202411094934/python_project/Spatio-Temporal-Library/time-series/2026-06-16/itransformer/finetune20/ettm1/time-series/seed_2/training_log.json
2026-06-16 07:27:17 - finetune_logger - INFO - Test metrics: {'MAE': 1.3981209782880966, 'RMSE': 2.5826301906725617}
[2026-06-16 07:27:17,759][finetune_logger][INFO] - Test metrics: {'MAE': 1.3981209782880966, 'RMSE': 2.5826301906725617}
2026-06-16 07:27:17 - finetune_logger - INFO - Test time: 70.89s
[2026-06-16 07:27:17,759][finetune_logger][INFO] - Test time: 70.89s
2026-06-16 07:27:17 - finetune_logger - INFO - Test memory reserved: 24.00 MB
[2026-06-16 07:27:17,759][finetune_logger][INFO] - Test memory reserved: 24.00 MB
2026-06-16 07:27:17 - finetune_logger - INFO - Test memory allocated: 18.10 MB
[2026-06-16 07:27:17,759][finetune_logger][INFO] - Test memory allocated: 18.10 MB
2026-06-16 07:27:17 - finetune_logger - INFO - Epoch 18/20
[2026-06-16 07:27:17,759][finetune_logger][INFO] - Epoch 18/20
2026-06-16 07:35:43 - finetune_logger - INFO - Train loss: 0.9104614326313117
[2026-06-16 07:35:43,661][finetune_logger][INFO] - Train loss: 0.9104614326313117
2026-06-16 07:35:43 - finetune_logger - INFO - Train time: 505.9013020992279s
[2026-06-16 07:35:43,661][finetune_logger][INFO] - Train time: 505.9013020992279s
2026-06-16 07:35:43 - finetune_logger - INFO - Train memory reserved: 24.00 MB
[2026-06-16 07:35:43,662][finetune_logger][INFO] - Train memory reserved: 24.00 MB
2026-06-16 07:35:43 - finetune_logger - INFO - Train memory allocated: 18.10 MB
[2026-06-16 07:35:43,662][finetune_logger][INFO] - Train memory allocated: 18.10 MB
2026-06-16 07:35:43 - finetune_logger - INFO - Current learning rate: 0.00025
[2026-06-16 07:35:43,662][finetune_logger][INFO] - Current learning rate: 0.00025
2026-06-16 07:36:54 - finetune_logger - INFO - Validation metrics: {'MAE': 1.4989155802470717, 'RMSE': 2.471281832215848}
[2026-06-16 07:36:54,409][finetune_logger][INFO] - Validation metrics: {'MAE': 1.4989155802470717, 'RMSE': 2.471281832215848}
2026-06-16 07:36:54 - finetune_logger - INFO - Val time: 70.75s
[2026-06-16 07:36:54,410][finetune_logger][INFO] - Val time: 70.75s
2026-06-16 07:36:54 - finetune_logger - INFO - Val memory reserved: 24.00 MB
[2026-06-16 07:36:54,410][finetune_logger][INFO] - Val memory reserved: 24.00 MB
2026-06-16 07:36:54 - finetune_logger - INFO - Val memory allocated: 18.10 MB
[2026-06-16 07:36:54,410][finetune_logger][INFO] - Val memory allocated: 18.10 MB
2026-06-16 07:36:54 - finetune_logger - INFO - Logged epoch 18 info to /public/home/202411094934/python_project/Spatio-Temporal-Library/time-series/2026-06-16/itransformer/finetune20/ettm1/time-series/seed_2/training_log.json
[2026-06-16 07:36:54,414][finetune_logger][INFO] - Logged epoch 18 info to /public/home/202411094934/python_project/Spatio-Temporal-Library/time-series/2026-06-16/itransformer/finetune20/ettm1/time-series/seed_2/training_log.json
2026-06-16 07:38:05 - finetune_logger - INFO - Test metrics: {'MAE': 1.4049179074291225, 'RMSE': 2.590433746547207}
[2026-06-16 07:38:05,223][finetune_logger][INFO] - Test metrics: {'MAE': 1.4049179074291225, 'RMSE': 2.590433746547207}
2026-06-16 07:38:05 - finetune_logger - INFO - Test time: 70.81s
[2026-06-16 07:38:05,224][finetune_logger][INFO] - Test time: 70.81s
2026-06-16 07:38:05 - finetune_logger - INFO - Test memory reserved: 24.00 MB
[2026-06-16 07:38:05,224][finetune_logger][INFO] - Test memory reserved: 24.00 MB
2026-06-16 07:38:05 - finetune_logger - INFO - Test memory allocated: 18.10 MB
[2026-06-16 07:38:05,224][finetune_logger][INFO] - Test memory allocated: 18.10 MB
2026-06-16 07:38:05 - finetune_logger - INFO - Epoch 19/20
[2026-06-16 07:38:05,224][finetune_logger][INFO] - Epoch 19/20
2026-06-16 07:46:31 - finetune_logger - INFO - Train loss: 0.9065705841222835
[2026-06-16 07:46:31,285][finetune_logger][INFO] - Train loss: 0.9065705841222835
2026-06-16 07:46:31 - finetune_logger - INFO - Train time: 506.0602173805237s
[2026-06-16 07:46:31,285][finetune_logger][INFO] - Train time: 506.0602173805237s
2026-06-16 07:46:31 - finetune_logger - INFO - Train memory reserved: 24.00 MB
[2026-06-16 07:46:31,285][finetune_logger][INFO] - Train memory reserved: 24.00 MB
2026-06-16 07:46:31 - finetune_logger - INFO - Train memory allocated: 18.10 MB
[2026-06-16 07:46:31,285][finetune_logger][INFO] - Train memory allocated: 18.10 MB
2026-06-16 07:46:31 - finetune_logger - INFO - Current learning rate: 0.00025
[2026-06-16 07:46:31,285][finetune_logger][INFO] - Current learning rate: 0.00025
2026-06-16 07:47:42 - finetune_logger - INFO - Validation metrics: {'MAE': 1.489077321503145, 'RMSE': 2.4561585716284746}
[2026-06-16 07:47:42,157][finetune_logger][INFO] - Validation metrics: {'MAE': 1.489077321503145, 'RMSE': 2.4561585716284746}
2026-06-16 07:47:42 - finetune_logger - INFO - Val time: 70.87s
[2026-06-16 07:47:42,158][finetune_logger][INFO] - Val time: 70.87s
2026-06-16 07:47:42 - finetune_logger - INFO - Val memory reserved: 24.00 MB
[2026-06-16 07:47:42,158][finetune_logger][INFO] - Val memory reserved: 24.00 MB
2026-06-16 07:47:42 - finetune_logger - INFO - Val memory allocated: 18.10 MB
[2026-06-16 07:47:42,158][finetune_logger][INFO] - Val memory allocated: 18.10 MB
2026-06-16 07:47:42 - finetune_logger - INFO - Logged epoch 19 info to /public/home/202411094934/python_project/Spatio-Temporal-Library/time-series/2026-06-16/itransformer/finetune20/ettm1/time-series/seed_2/training_log.json
[2026-06-16 07:47:42,163][finetune_logger][INFO] - Logged epoch 19 info to /public/home/202411094934/python_project/Spatio-Temporal-Library/time-series/2026-06-16/itransformer/finetune20/ettm1/time-series/seed_2/training_log.json
2026-06-16 07:48:52 - finetune_logger - INFO - Test metrics: {'MAE': 1.395380829341461, 'RMSE': 2.581657289934833}
[2026-06-16 07:48:52,970][finetune_logger][INFO] - Test metrics: {'MAE': 1.395380829341461, 'RMSE': 2.581657289934833}
2026-06-16 07:48:52 - finetune_logger - INFO - Test time: 70.81s
[2026-06-16 07:48:52,971][finetune_logger][INFO] - Test time: 70.81s
2026-06-16 07:48:52 - finetune_logger - INFO - Test memory reserved: 24.00 MB
[2026-06-16 07:48:52,971][finetune_logger][INFO] - Test memory reserved: 24.00 MB
2026-06-16 07:48:52 - finetune_logger - INFO - Test memory allocated: 18.10 MB
[2026-06-16 07:48:52,971][finetune_logger][INFO] - Test memory allocated: 18.10 MB
2026-06-16 07:48:52 - finetune_logger - INFO - Epoch 20/20
[2026-06-16 07:48:52,971][finetune_logger][INFO] - Epoch 20/20
2026-06-16 07:57:19 - finetune_logger - INFO - Train loss: 0.9030901042761093
[2026-06-16 07:57:19,991][finetune_logger][INFO] - Train loss: 0.9030901042761093
2026-06-16 07:57:19 - finetune_logger - INFO - Train time: 507.0199019908905s
[2026-06-16 07:57:19,992][finetune_logger][INFO] - Train time: 507.0199019908905s
2026-06-16 07:57:19 - finetune_logger - INFO - Train memory reserved: 24.00 MB
[2026-06-16 07:57:19,992][finetune_logger][INFO] - Train memory reserved: 24.00 MB
2026-06-16 07:57:19 - finetune_logger - INFO - Train memory allocated: 18.10 MB
[2026-06-16 07:57:19,992][finetune_logger][INFO] - Train memory allocated: 18.10 MB
2026-06-16 07:57:19 - finetune_logger - INFO - Current learning rate: 0.00025
[2026-06-16 07:57:19,992][finetune_logger][INFO] - Current learning rate: 0.00025
2026-06-16 07:58:30 - finetune_logger - INFO - Validation metrics: {'MAE': 1.4950513043511582, 'RMSE': 2.470600805888967}
[2026-06-16 07:58:30,812][finetune_logger][INFO] - Validation metrics: {'MAE': 1.4950513043511582, 'RMSE': 2.470600805888967}
2026-06-16 07:58:30 - finetune_logger - INFO - Val time: 70.82s
[2026-06-16 07:58:30,813][finetune_logger][INFO] - Val time: 70.82s
2026-06-16 07:58:30 - finetune_logger - INFO - Val memory reserved: 24.00 MB
[2026-06-16 07:58:30,813][finetune_logger][INFO] - Val memory reserved: 24.00 MB
2026-06-16 07:58:30 - finetune_logger - INFO - Val memory allocated: 18.10 MB
[2026-06-16 07:58:30,813][finetune_logger][INFO] - Val memory allocated: 18.10 MB
2026-06-16 07:58:30 - finetune_logger - INFO - Logged epoch 20 info to /public/home/202411094934/python_project/Spatio-Temporal-Library/time-series/2026-06-16/itransformer/finetune20/ettm1/time-series/seed_2/training_log.json
[2026-06-16 07:58:30,816][finetune_logger][INFO] - Logged epoch 20 info to /public/home/202411094934/python_project/Spatio-Temporal-Library/time-series/2026-06-16/itransformer/finetune20/ettm1/time-series/seed_2/training_log.json
2026-06-16 07:59:41 - finetune_logger - INFO - Test metrics: {'MAE': 1.4084943448973428, 'RMSE': 2.6024318312096035}
[2026-06-16 07:59:41,542][finetune_logger][INFO] - Test metrics: {'MAE': 1.4084943448973428, 'RMSE': 2.6024318312096035}
2026-06-16 07:59:41 - finetune_logger - INFO - Test time: 70.70s
[2026-06-16 07:59:41,543][finetune_logger][INFO] - Test time: 70.70s
2026-06-16 07:59:41 - finetune_logger - INFO - Test memory reserved: 24.00 MB
[2026-06-16 07:59:41,543][finetune_logger][INFO] - Test memory reserved: 24.00 MB
2026-06-16 07:59:41 - finetune_logger - INFO - Test memory allocated: 18.10 MB
[2026-06-16 07:59:41,543][finetune_logger][INFO] - Test memory allocated: 18.10 MB
2026-06-16 07:59:41 - finetune_logger - INFO - Training completed. Best epoch: 2, Best val loss: 1.432188
[2026-06-16 07:59:41,543][finetune_logger][INFO] - Training completed. Best epoch: 2, Best val loss: 1.432188
2026-06-16 07:59:41 - finetune_logger - INFO - Loaded checkpoint from epoch 2
[2026-06-16 07:59:41,577][finetune_logger][INFO] - Loaded checkpoint from epoch 2
2026-06-16 07:59:41 - finetune_logger - INFO - Evaluating best model on test sets...
[2026-06-16 07:59:41,577][finetune_logger][INFO] - Evaluating best model on test sets...
2026-06-16 08:00:52 - finetune_logger - INFO - Test metrics: {'MAE': 1.3162297411384036, 'RMSE': 2.4021200537099654}
[2026-06-16 08:00:52,407][finetune_logger][INFO] - Test metrics: {'MAE': 1.3162297411384036, 'RMSE': 2.4021200537099654}
2026-06-16 08:00:52 - finetune_logger - INFO - Test time: 70.83s
[2026-06-16 08:00:52,407][finetune_logger][INFO] - Test time: 70.83s
2026-06-16 08:00:52 - finetune_logger - INFO - Test memory reserved: 26.00 MB
[2026-06-16 08:00:52,407][finetune_logger][INFO] - Test memory reserved: 26.00 MB
2026-06-16 08:00:52 - finetune_logger - INFO - Test memory allocated: 18.14 MB
[2026-06-16 08:00:52,407][finetune_logger][INFO] - Test memory allocated: 18.14 MB
2026-06-16 08:00:52 - finetune_logger - INFO - Logged epoch test info to /public/home/202411094934/python_project/Spatio-Temporal-Library/time-series/2026-06-16/itransformer/finetune20/ettm1/time-series/seed_2/training_log.json
[2026-06-16 08:00:52,411][finetune_logger][INFO] - Logged epoch test info to /public/home/202411094934/python_project/Spatio-Temporal-Library/time-series/2026-06-16/itransformer/finetune20/ettm1/time-series/seed_2/training_log.json
2026-06-16 12:45:24 - finetune_logger - INFO - No pretrained checkpoint is provided. Finetuning from scratch.
[2026-06-16 12:45:24,913][finetune_logger][INFO] - No pretrained checkpoint is provided. Finetuning from scratch.
2026-06-16 12:45:24 - finetune_logger - INFO - Model parameters: 158,912
[2026-06-16 12:45:24,916][finetune_logger][INFO] - Model parameters: 158,912
2026-06-16 12:45:24 - finetune_logger - INFO - Log file already exists at /public/home/202411094934/python_project/Spatio-Temporal-Library/time-series/2026-06-16/itransformer/finetune20/ettm1/time-series/seed_2/training_log.json, appending to it.
[2026-06-16 12:45:24,917][finetune_logger][INFO] - Log file already exists at /public/home/202411094934/python_project/Spatio-Temporal-Library/time-series/2026-06-16/itransformer/finetune20/ettm1/time-series/seed_2/training_log.json, appending to it.
2026-06-16 12:45:24 - finetune_logger - INFO - Starting training...
[2026-06-16 12:45:24,917][finetune_logger][INFO] - Starting training...
2026-06-16 12:45:24 - finetune_logger - INFO - Epoch 1/20
[2026-06-16 12:45:24,918][finetune_logger][INFO] - Epoch 1/20
2026-06-16 12:53:55 - finetune_logger - INFO - Train loss: 1.2545209976365603
[2026-06-16 12:53:55,337][finetune_logger][INFO] - Train loss: 1.2545209976365603
2026-06-16 12:53:55 - finetune_logger - INFO - Train time: 510.41912603378296s
[2026-06-16 12:53:55,338][finetune_logger][INFO] - Train time: 510.41912603378296s
2026-06-16 12:53:55 - finetune_logger - INFO - Train memory reserved: 24.00 MB
[2026-06-16 12:53:55,338][finetune_logger][INFO] - Train memory reserved: 24.00 MB
2026-06-16 12:53:55 - finetune_logger - INFO - Train memory allocated: 18.10 MB
[2026-06-16 12:53:55,338][finetune_logger][INFO] - Train memory allocated: 18.10 MB
2026-06-16 12:53:55 - finetune_logger - INFO - Current learning rate: 0.0005
[2026-06-16 12:53:55,338][finetune_logger][INFO] - Current learning rate: 0.0005
2026-06-16 12:55:06 - finetune_logger - INFO - Validation metrics: {'MAE': 1.4690846895092244, 'RMSE': 2.408147742157769}
[2026-06-16 12:55:06,365][finetune_logger][INFO] - Validation metrics: {'MAE': 1.4690846895092244, 'RMSE': 2.408147742157769}
2026-06-16 12:55:06 - finetune_logger - INFO - Val time: 71.03s
[2026-06-16 12:55:06,365][finetune_logger][INFO] - Val time: 71.03s
2026-06-16 12:55:06 - finetune_logger - INFO - Val memory reserved: 24.00 MB
[2026-06-16 12:55:06,365][finetune_logger][INFO] - Val memory reserved: 24.00 MB
2026-06-16 12:55:06 - finetune_logger - INFO - Val memory allocated: 18.10 MB
[2026-06-16 12:55:06,365][finetune_logger][INFO] - Val memory allocated: 18.10 MB
2026-06-16 12:55:06 - finetune_logger - INFO - Logged epoch 1 info to /public/home/202411094934/python_project/Spatio-Temporal-Library/time-series/2026-06-16/itransformer/finetune20/ettm1/time-series/seed_2/training_log.json
[2026-06-16 12:55:06,368][finetune_logger][INFO] - Logged epoch 1 info to /public/home/202411094934/python_project/Spatio-Temporal-Library/time-series/2026-06-16/itransformer/finetune20/ettm1/time-series/seed_2/training_log.json
2026-06-16 12:55:06 - finetune_logger - INFO - New best model! Val loss: 1.469085
[2026-06-16 12:55:06,368][finetune_logger][INFO] - New best model! Val loss: 1.469085
2026-06-16 12:56:17 - finetune_logger - INFO - Test metrics: {'MAE': 1.3184749804228875, 'RMSE': 2.4090848056464815}
[2026-06-16 12:56:17,317][finetune_logger][INFO] - Test metrics: {'MAE': 1.3184749804228875, 'RMSE': 2.4090848056464815}
2026-06-16 12:56:17 - finetune_logger - INFO - Test time: 70.90s
[2026-06-16 12:56:17,317][finetune_logger][INFO] - Test time: 70.90s
2026-06-16 12:56:17 - finetune_logger - INFO - Test memory reserved: 24.00 MB
[2026-06-16 12:56:17,317][finetune_logger][INFO] - Test memory reserved: 24.00 MB
2026-06-16 12:56:17 - finetune_logger - INFO - Test memory allocated: 18.10 MB
[2026-06-16 12:56:17,317][finetune_logger][INFO] - Test memory allocated: 18.10 MB
2026-06-16 12:56:17 - finetune_logger - INFO - Epoch 2/20
[2026-06-16 12:56:17,317][finetune_logger][INFO] - Epoch 2/20
2026-06-16 13:04:48 - finetune_logger - INFO - Train loss: 1.173264258197329
[2026-06-16 13:04:48,768][finetune_logger][INFO] - Train loss: 1.173264258197329
2026-06-16 13:04:48 - finetune_logger - INFO - Train time: 511.4498248100281s
[2026-06-16 13:04:48,768][finetune_logger][INFO] - Train time: 511.4498248100281s
2026-06-16 13:04:48 - finetune_logger - INFO - Train memory reserved: 24.00 MB
[2026-06-16 13:04:48,768][finetune_logger][INFO] - Train memory reserved: 24.00 MB
2026-06-16 13:04:48 - finetune_logger - INFO - Train memory allocated: 18.10 MB
[2026-06-16 13:04:48,768][finetune_logger][INFO] - Train memory allocated: 18.10 MB
2026-06-16 13:04:48 - finetune_logger - INFO - Current learning rate: 0.0005
[2026-06-16 13:04:48,768][finetune_logger][INFO] - Current learning rate: 0.0005
2026-06-16 13:05:59 - finetune_logger - INFO - Validation metrics: {'MAE': 1.4321882347133525, 'RMSE': 2.3444080847874833}
[2026-06-16 13:05:59,493][finetune_logger][INFO] - Validation metrics: {'MAE': 1.4321882347133525, 'RMSE': 2.3444080847874833}
2026-06-16 13:05:59 - finetune_logger - INFO - Val time: 70.72s
[2026-06-16 13:05:59,493][finetune_logger][INFO] - Val time: 70.72s
2026-06-16 13:05:59 - finetune_logger - INFO - Val memory reserved: 24.00 MB
[2026-06-16 13:05:59,493][finetune_logger][INFO] - Val memory reserved: 24.00 MB
2026-06-16 13:05:59 - finetune_logger - INFO - Val memory allocated: 18.10 MB
[2026-06-16 13:05:59,493][finetune_logger][INFO] - Val memory allocated: 18.10 MB
2026-06-16 13:05:59 - finetune_logger - INFO - Logged epoch 2 info to /public/home/202411094934/python_project/Spatio-Temporal-Library/time-series/2026-06-16/itransformer/finetune20/ettm1/time-series/seed_2/training_log.json
[2026-06-16 13:05:59,497][finetune_logger][INFO] - Logged epoch 2 info to /public/home/202411094934/python_project/Spatio-Temporal-Library/time-series/2026-06-16/itransformer/finetune20/ettm1/time-series/seed_2/training_log.json
2026-06-16 13:05:59 - finetune_logger - INFO - New best model! Val loss: 1.432188
[2026-06-16 13:05:59,497][finetune_logger][INFO] - New best model! Val loss: 1.432188
2026-06-16 13:07:10 - finetune_logger - INFO - Test metrics: {'MAE': 1.3162297411384036, 'RMSE': 2.4021200537099654}
[2026-06-16 13:07:10,234][finetune_logger][INFO] - Test metrics: {'MAE': 1.3162297411384036, 'RMSE': 2.4021200537099654}
2026-06-16 13:07:10 - finetune_logger - INFO - Test time: 70.69s
[2026-06-16 13:07:10,234][finetune_logger][INFO] - Test time: 70.69s
2026-06-16 13:07:10 - finetune_logger - INFO - Test memory reserved: 24.00 MB
[2026-06-16 13:07:10,234][finetune_logger][INFO] - Test memory reserved: 24.00 MB
2026-06-16 13:07:10 - finetune_logger - INFO - Test memory allocated: 18.10 MB
[2026-06-16 13:07:10,235][finetune_logger][INFO] - Test memory allocated: 18.10 MB
2026-06-16 13:07:10 - finetune_logger - INFO - Epoch 3/20
[2026-06-16 13:07:10,235][finetune_logger][INFO] - Epoch 3/20
2026-06-16 13:15:40 - finetune_logger - INFO - Train loss: 1.136221570812077
[2026-06-16 13:15:40,046][finetune_logger][INFO] - Train loss: 1.136221570812077
2026-06-16 13:15:40 - finetune_logger - INFO - Train time: 509.8106186389923s
[2026-06-16 13:15:40,046][finetune_logger][INFO] - Train time: 509.8106186389923s
2026-06-16 13:15:40 - finetune_logger - INFO - Train memory reserved: 24.00 MB
[2026-06-16 13:15:40,046][finetune_logger][INFO] - Train memory reserved: 24.00 MB
2026-06-16 13:15:40 - finetune_logger - INFO - Train memory allocated: 18.10 MB
[2026-06-16 13:15:40,046][finetune_logger][INFO] - Train memory allocated: 18.10 MB
2026-06-16 13:15:40 - finetune_logger - INFO - Current learning rate: 0.0005
[2026-06-16 13:15:40,046][finetune_logger][INFO] - Current learning rate: 0.0005
2026-06-16 13:16:51 - finetune_logger - INFO - Validation metrics: {'MAE': 1.4617368449225123, 'RMSE': 2.393479429929472}
[2026-06-16 13:16:51,079][finetune_logger][INFO] - Validation metrics: {'MAE': 1.4617368449225123, 'RMSE': 2.393479429929472}
2026-06-16 13:16:51 - finetune_logger - INFO - Val time: 71.03s
[2026-06-16 13:16:51,079][finetune_logger][INFO] - Val time: 71.03s
2026-06-16 13:16:51 - finetune_logger - INFO - Val memory reserved: 24.00 MB
[2026-06-16 13:16:51,079][finetune_logger][INFO] - Val memory reserved: 24.00 MB
2026-06-16 13:16:51 - finetune_logger - INFO - Val memory allocated: 18.10 MB
[2026-06-16 13:16:51,079][finetune_logger][INFO] - Val memory allocated: 18.10 MB
2026-06-16 13:16:51 - finetune_logger - INFO - Logged epoch 3 info to /public/home/202411094934/python_project/Spatio-Temporal-Library/time-series/2026-06-16/itransformer/finetune20/ettm1/time-series/seed_2/training_log.json
[2026-06-16 13:16:51,083][finetune_logger][INFO] - Logged epoch 3 info to /public/home/202411094934/python_project/Spatio-Temporal-Library/time-series/2026-06-16/itransformer/finetune20/ettm1/time-series/seed_2/training_log.json
2026-06-16 13:18:02 - finetune_logger - INFO - Test metrics: {'MAE': 1.3092243386066271, 'RMSE': 2.388624024830315}
[2026-06-16 13:18:02,132][finetune_logger][INFO] - Test metrics: {'MAE': 1.3092243386066271, 'RMSE': 2.388624024830315}
2026-06-16 13:18:02 - finetune_logger - INFO - Test time: 71.05s
[2026-06-16 13:18:02,132][finetune_logger][INFO] - Test time: 71.05s
2026-06-16 13:18:02 - finetune_logger - INFO - Test memory reserved: 24.00 MB
[2026-06-16 13:18:02,133][finetune_logger][INFO] - Test memory reserved: 24.00 MB
2026-06-16 13:18:02 - finetune_logger - INFO - Test memory allocated: 18.10 MB
[2026-06-16 13:18:02,133][finetune_logger][INFO] - Test memory allocated: 18.10 MB
2026-06-16 13:18:02 - finetune_logger - INFO - Epoch 4/20
[2026-06-16 13:18:02,133][finetune_logger][INFO] - Epoch 4/20
2026-06-16 13:26:32 - finetune_logger - INFO - Train loss: 1.1060438252888767
[2026-06-16 13:26:32,336][finetune_logger][INFO] - Train loss: 1.1060438252888767
2026-06-16 13:26:32 - finetune_logger - INFO - Train time: 510.2019522190094s
[2026-06-16 13:26:32,336][finetune_logger][INFO] - Train time: 510.2019522190094s
2026-06-16 13:26:32 - finetune_logger - INFO - Train memory reserved: 24.00 MB
[2026-06-16 13:26:32,336][finetune_logger][INFO] - Train memory reserved: 24.00 MB
2026-06-16 13:26:32 - finetune_logger - INFO - Train memory allocated: 18.10 MB
[2026-06-16 13:26:32,336][finetune_logger][INFO] - Train memory allocated: 18.10 MB
2026-06-16 13:26:32 - finetune_logger - INFO - Current learning rate: 0.0005
[2026-06-16 13:26:32,336][finetune_logger][INFO] - Current learning rate: 0.0005
2026-06-16 13:27:43 - finetune_logger - INFO - Validation metrics: {'MAE': 1.4806529123942953, 'RMSE': 2.4112322383280542}
[2026-06-16 13:27:43,392][finetune_logger][INFO] - Validation metrics: {'MAE': 1.4806529123942953, 'RMSE': 2.4112322383280542}
2026-06-16 13:27:43 - finetune_logger - INFO - Val time: 71.06s
[2026-06-16 13:27:43,392][finetune_logger][INFO] - Val time: 71.06s
2026-06-16 13:27:43 - finetune_logger - INFO - Val memory reserved: 24.00 MB
[2026-06-16 13:27:43,392][finetune_logger][INFO] - Val memory reserved: 24.00 MB
2026-06-16 13:27:43 - finetune_logger - INFO - Val memory allocated: 18.10 MB
[2026-06-16 13:27:43,392][finetune_logger][INFO] - Val memory allocated: 18.10 MB
2026-06-16 13:27:43 - finetune_logger - INFO - Logged epoch 4 info to /public/home/202411094934/python_project/Spatio-Temporal-Library/time-series/2026-06-16/itransformer/finetune20/ettm1/time-series/seed_2/training_log.json
[2026-06-16 13:27:43,396][finetune_logger][INFO] - Logged epoch 4 info to /public/home/202411094934/python_project/Spatio-Temporal-Library/time-series/2026-06-16/itransformer/finetune20/ettm1/time-series/seed_2/training_log.json
2026-06-16 13:28:54 - finetune_logger - INFO - Test metrics: {'MAE': 1.3532060839523372, 'RMSE': 2.4564373101280155}
[2026-06-16 13:28:54,275][finetune_logger][INFO] - Test metrics: {'MAE': 1.3532060839523372, 'RMSE': 2.4564373101280155}
2026-06-16 13:28:54 - finetune_logger - INFO - Test time: 70.88s
[2026-06-16 13:28:54,276][finetune_logger][INFO] - Test time: 70.88s
2026-06-16 13:28:54 - finetune_logger - INFO - Test memory reserved: 24.00 MB
[2026-06-16 13:28:54,276][finetune_logger][INFO] - Test memory reserved: 24.00 MB
2026-06-16 13:28:54 - finetune_logger - INFO - Test memory allocated: 18.10 MB
[2026-06-16 13:28:54,276][finetune_logger][INFO] - Test memory allocated: 18.10 MB
2026-06-16 13:28:54 - finetune_logger - INFO - Epoch 5/20
[2026-06-16 13:28:54,276][finetune_logger][INFO] - Epoch 5/20
2026-06-16 13:37:24 - finetune_logger - INFO - Train loss: 1.0801118009066943
[2026-06-16 13:37:24,222][finetune_logger][INFO] - Train loss: 1.0801118009066943
2026-06-16 13:37:24 - finetune_logger - INFO - Train time: 509.9455454349518s
[2026-06-16 13:37:24,222][finetune_logger][INFO] - Train time: 509.9455454349518s
2026-06-16 13:37:24 - finetune_logger - INFO - Train memory reserved: 24.00 MB
[2026-06-16 13:37:24,222][finetune_logger][INFO] - Train memory reserved: 24.00 MB
2026-06-16 13:37:24 - finetune_logger - INFO - Train memory allocated: 18.10 MB
[2026-06-16 13:37:24,223][finetune_logger][INFO] - Train memory allocated: 18.10 MB
2026-06-16 13:37:24 - finetune_logger - INFO - Current learning rate: 0.0005
[2026-06-16 13:37:24,223][finetune_logger][INFO] - Current learning rate: 0.0005
2026-06-16 13:38:35 - finetune_logger - INFO - Validation metrics: {'MAE': 1.4625783802719141, 'RMSE': 2.3962148083669}
[2026-06-16 13:38:35,132][finetune_logger][INFO] - Validation metrics: {'MAE': 1.4625783802719141, 'RMSE': 2.3962148083669}
2026-06-16 13:38:35 - finetune_logger - INFO - Val time: 70.91s
[2026-06-16 13:38:35,133][finetune_logger][INFO] - Val time: 70.91s
2026-06-16 13:38:35 - finetune_logger - INFO - Val memory reserved: 24.00 MB
[2026-06-16 13:38:35,133][finetune_logger][INFO] - Val memory reserved: 24.00 MB
2026-06-16 13:38:35 - finetune_logger - INFO - Val memory allocated: 18.10 MB
[2026-06-16 13:38:35,133][finetune_logger][INFO] - Val memory allocated: 18.10 MB
2026-06-16 13:38:35 - finetune_logger - INFO - Logged epoch 5 info to /public/home/202411094934/python_project/Spatio-Temporal-Library/time-series/2026-06-16/itransformer/finetune20/ettm1/time-series/seed_2/training_log.json
[2026-06-16 13:38:35,137][finetune_logger][INFO] - Logged epoch 5 info to /public/home/202411094934/python_project/Spatio-Temporal-Library/time-series/2026-06-16/itransformer/finetune20/ettm1/time-series/seed_2/training_log.json
2026-06-16 13:39:45 - finetune_logger - INFO - Test metrics: {'MAE': 1.3453802674545856, 'RMSE': 2.4571188301443323}
[2026-06-16 13:39:45,977][finetune_logger][INFO] - Test metrics: {'MAE': 1.3453802674545856, 'RMSE': 2.4571188301443323}
2026-06-16 13:39:45 - finetune_logger - INFO - Test time: 70.84s
[2026-06-16 13:39:45,977][finetune_logger][INFO] - Test time: 70.84s
2026-06-16 13:39:45 - finetune_logger - INFO - Test memory reserved: 24.00 MB
[2026-06-16 13:39:45,977][finetune_logger][INFO] - Test memory reserved: 24.00 MB
2026-06-16 13:39:45 - finetune_logger - INFO - Test memory allocated: 18.10 MB
[2026-06-16 13:39:45,978][finetune_logger][INFO] - Test memory allocated: 18.10 MB
2026-06-16 13:39:45 - finetune_logger - INFO - Epoch 6/20
[2026-06-16 13:39:45,978][finetune_logger][INFO] - Epoch 6/20
2026-06-16 13:48:15 - finetune_logger - INFO - Train loss: 1.0583121684710801
[2026-06-16 13:48:15,260][finetune_logger][INFO] - Train loss: 1.0583121684710801
2026-06-16 13:48:15 - finetune_logger - INFO - Train time: 509.281690120697s
[2026-06-16 13:48:15,260][finetune_logger][INFO] - Train time: 509.281690120697s
2026-06-16 13:48:15 - finetune_logger - INFO - Train memory reserved: 24.00 MB
[2026-06-16 13:48:15,260][finetune_logger][INFO] - Train memory reserved: 24.00 MB
2026-06-16 13:48:15 - finetune_logger - INFO - Train memory allocated: 18.10 MB
[2026-06-16 13:48:15,260][finetune_logger][INFO] - Train memory allocated: 18.10 MB
2026-06-16 13:48:15 - finetune_logger - INFO - Current learning rate: 0.0005
[2026-06-16 13:48:15,261][finetune_logger][INFO] - Current learning rate: 0.0005
2026-06-16 13:49:26 - finetune_logger - INFO - Validation metrics: {'MAE': 1.4813063193679816, 'RMSE': 2.4370999911071793}
[2026-06-16 13:49:26,162][finetune_logger][INFO] - Validation metrics: {'MAE': 1.4813063193679816, 'RMSE': 2.4370999911071793}
2026-06-16 13:49:26 - finetune_logger - INFO - Val time: 70.90s
[2026-06-16 13:49:26,162][finetune_logger][INFO] - Val time: 70.90s
2026-06-16 13:49:26 - finetune_logger - INFO - Val memory reserved: 24.00 MB
[2026-06-16 13:49:26,162][finetune_logger][INFO] - Val memory reserved: 24.00 MB
2026-06-16 13:49:26 - finetune_logger - INFO - Val memory allocated: 18.10 MB
[2026-06-16 13:49:26,162][finetune_logger][INFO] - Val memory allocated: 18.10 MB
2026-06-16 13:49:26 - finetune_logger - INFO - Logged epoch 6 info to /public/home/202411094934/python_project/Spatio-Temporal-Library/time-series/2026-06-16/itransformer/finetune20/ettm1/time-series/seed_2/training_log.json
[2026-06-16 13:49:26,166][finetune_logger][INFO] - Logged epoch 6 info to /public/home/202411094934/python_project/Spatio-Temporal-Library/time-series/2026-06-16/itransformer/finetune20/ettm1/time-series/seed_2/training_log.json
2026-06-16 13:50:36 - finetune_logger - INFO - Test metrics: {'MAE': 1.3535308147714809, 'RMSE': 2.4773995776944795}
[2026-06-16 13:50:36,985][finetune_logger][INFO] - Test metrics: {'MAE': 1.3535308147714809, 'RMSE': 2.4773995776944795}
2026-06-16 13:50:36 - finetune_logger - INFO - Test time: 70.82s
[2026-06-16 13:50:36,985][finetune_logger][INFO] - Test time: 70.82s
2026-06-16 13:50:36 - finetune_logger - INFO - Test memory reserved: 24.00 MB
[2026-06-16 13:50:36,985][finetune_logger][INFO] - Test memory reserved: 24.00 MB
2026-06-16 13:50:36 - finetune_logger - INFO - Test memory allocated: 18.10 MB
[2026-06-16 13:50:36,985][finetune_logger][INFO] - Test memory allocated: 18.10 MB
2026-06-16 13:50:36 - finetune_logger - INFO - Epoch 7/20
[2026-06-16 13:50:36,986][finetune_logger][INFO] - Epoch 7/20
2026-06-16 13:59:06 - finetune_logger - INFO - Train loss: 1.0398920663877087
[2026-06-16 13:59:06,177][finetune_logger][INFO] - Train loss: 1.0398920663877087
2026-06-16 13:59:06 - finetune_logger - INFO - Train time: 509.19048833847046s
[2026-06-16 13:59:06,177][finetune_logger][INFO] - Train time: 509.19048833847046s
2026-06-16 13:59:06 - finetune_logger - INFO - Train memory reserved: 24.00 MB
[2026-06-16 13:59:06,177][finetune_logger][INFO] - Train memory reserved: 24.00 MB
2026-06-16 13:59:06 - finetune_logger - INFO - Train memory allocated: 18.10 MB
[2026-06-16 13:59:06,177][finetune_logger][INFO] - Train memory allocated: 18.10 MB
2026-06-16 13:59:06 - finetune_logger - INFO - Current learning rate: 0.0005
[2026-06-16 13:59:06,177][finetune_logger][INFO] - Current learning rate: 0.0005
2026-06-16 14:00:17 - finetune_logger - INFO - Validation metrics: {'MAE': 1.4792782327835687, 'RMSE': 2.430871160311853}
[2026-06-16 14:00:17,272][finetune_logger][INFO] - Validation metrics: {'MAE': 1.4792782327835687, 'RMSE': 2.430871160311853}
2026-06-16 14:00:17 - finetune_logger - INFO - Val time: 71.09s
[2026-06-16 14:00:17,273][finetune_logger][INFO] - Val time: 71.09s
2026-06-16 14:00:17 - finetune_logger - INFO - Val memory reserved: 24.00 MB
[2026-06-16 14:00:17,273][finetune_logger][INFO] - Val memory reserved: 24.00 MB
2026-06-16 14:00:17 - finetune_logger - INFO - Val memory allocated: 18.10 MB
[2026-06-16 14:00:17,273][finetune_logger][INFO] - Val memory allocated: 18.10 MB
2026-06-16 14:00:17 - finetune_logger - INFO - Logged epoch 7 info to /public/home/202411094934/python_project/Spatio-Temporal-Library/time-series/2026-06-16/itransformer/finetune20/ettm1/time-series/seed_2/training_log.json
[2026-06-16 14:00:17,277][finetune_logger][INFO] - Logged epoch 7 info to /public/home/202411094934/python_project/Spatio-Temporal-Library/time-series/2026-06-16/itransformer/finetune20/ettm1/time-series/seed_2/training_log.json
2026-06-16 14:01:28 - finetune_logger - INFO - Test metrics: {'MAE': 1.3815769151111135, 'RMSE': 2.5266890019561936}
[2026-06-16 14:01:28,219][finetune_logger][INFO] - Test metrics: {'MAE': 1.3815769151111135, 'RMSE': 2.5266890019561936}
2026-06-16 14:01:28 - finetune_logger - INFO - Test time: 70.94s
[2026-06-16 14:01:28,219][finetune_logger][INFO] - Test time: 70.94s
2026-06-16 14:01:28 - finetune_logger - INFO - Test memory reserved: 24.00 MB
[2026-06-16 14:01:28,219][finetune_logger][INFO] - Test memory reserved: 24.00 MB
2026-06-16 14:01:28 - finetune_logger - INFO - Test memory allocated: 18.10 MB
[2026-06-16 14:01:28,219][finetune_logger][INFO] - Test memory allocated: 18.10 MB
2026-06-16 14:01:28 - finetune_logger - INFO - Epoch 8/20
[2026-06-16 14:01:28,220][finetune_logger][INFO] - Epoch 8/20
2026-06-16 14:09:58 - finetune_logger - INFO - Train loss: 1.0231434826017811
[2026-06-16 14:09:58,006][finetune_logger][INFO] - Train loss: 1.0231434826017811
2026-06-16 14:09:58 - finetune_logger - INFO - Train time: 509.7859971523285s
[2026-06-16 14:09:58,006][finetune_logger][INFO] - Train time: 509.7859971523285s
2026-06-16 14:09:58 - finetune_logger - INFO - Train memory reserved: 24.00 MB
[2026-06-16 14:09:58,007][finetune_logger][INFO] - Train memory reserved: 24.00 MB
2026-06-16 14:09:58 - finetune_logger - INFO - Train memory allocated: 18.10 MB
[2026-06-16 14:09:58,007][finetune_logger][INFO] - Train memory allocated: 18.10 MB
2026-06-16 14:09:58 - finetune_logger - INFO - Current learning rate: 0.0005
[2026-06-16 14:09:58,007][finetune_logger][INFO] - Current learning rate: 0.0005
2026-06-16 14:11:09 - finetune_logger - INFO - Validation metrics: {'MAE': 1.4797944813847794, 'RMSE': 2.417667231293086}
[2026-06-16 14:11:09,015][finetune_logger][INFO] - Validation metrics: {'MAE': 1.4797944813847794, 'RMSE': 2.417667231293086}
2026-06-16 14:11:09 - finetune_logger - INFO - Val time: 71.01s
[2026-06-16 14:11:09,015][finetune_logger][INFO] - Val time: 71.01s
2026-06-16 14:11:09 - finetune_logger - INFO - Val memory reserved: 24.00 MB
[2026-06-16 14:11:09,015][finetune_logger][INFO] - Val memory reserved: 24.00 MB
2026-06-16 14:11:09 - finetune_logger - INFO - Val memory allocated: 18.10 MB
[2026-06-16 14:11:09,015][finetune_logger][INFO] - Val memory allocated: 18.10 MB
2026-06-16 14:11:09 - finetune_logger - INFO - Logged epoch 8 info to /public/home/202411094934/python_project/Spatio-Temporal-Library/time-series/2026-06-16/itransformer/finetune20/ettm1/time-series/seed_2/training_log.json
[2026-06-16 14:11:09,019][finetune_logger][INFO] - Logged epoch 8 info to /public/home/202411094934/python_project/Spatio-Temporal-Library/time-series/2026-06-16/itransformer/finetune20/ettm1/time-series/seed_2/training_log.json
2026-06-16 14:12:19 - finetune_logger - INFO - Test metrics: {'MAE': 1.383704669698845, 'RMSE': 2.5488011667001436}
[2026-06-16 14:12:19,806][finetune_logger][INFO] - Test metrics: {'MAE': 1.383704669698845, 'RMSE': 2.5488011667001436}
2026-06-16 14:12:19 - finetune_logger - INFO - Test time: 70.79s
[2026-06-16 14:12:19,807][finetune_logger][INFO] - Test time: 70.79s
2026-06-16 14:12:19 - finetune_logger - INFO - Test memory reserved: 24.00 MB
[2026-06-16 14:12:19,807][finetune_logger][INFO] - Test memory reserved: 24.00 MB
2026-06-16 14:12:19 - finetune_logger - INFO - Test memory allocated: 18.10 MB
[2026-06-16 14:12:19,807][finetune_logger][INFO] - Test memory allocated: 18.10 MB
2026-06-16 14:12:19 - finetune_logger - INFO - Epoch 9/20
[2026-06-16 14:12:19,807][finetune_logger][INFO] - Epoch 9/20
2026-06-16 14:20:49 - finetune_logger - INFO - Train loss: 1.0081097440814637
[2026-06-16 14:20:49,229][finetune_logger][INFO] - Train loss: 1.0081097440814637
2026-06-16 14:20:49 - finetune_logger - INFO - Train time: 509.421169757843s
[2026-06-16 14:20:49,229][finetune_logger][INFO] - Train time: 509.421169757843s
2026-06-16 14:20:49 - finetune_logger - INFO - Train memory reserved: 24.00 MB
[2026-06-16 14:20:49,229][finetune_logger][INFO] - Train memory reserved: 24.00 MB
2026-06-16 14:20:49 - finetune_logger - INFO - Train memory allocated: 18.10 MB
[2026-06-16 14:20:49,229][finetune_logger][INFO] - Train memory allocated: 18.10 MB
2026-06-16 14:20:49 - finetune_logger - INFO - Current learning rate: 0.0005
[2026-06-16 14:20:49,229][finetune_logger][INFO] - Current learning rate: 0.0005
2026-06-16 14:21:59 - finetune_logger - INFO - Validation metrics: {'MAE': 1.4884945444726296, 'RMSE': 2.4360569749098606}
[2026-06-16 14:21:59,897][finetune_logger][INFO] - Validation metrics: {'MAE': 1.4884945444726296, 'RMSE': 2.4360569749098606}
2026-06-16 14:21:59 - finetune_logger - INFO - Val time: 70.67s
[2026-06-16 14:21:59,898][finetune_logger][INFO] - Val time: 70.67s
2026-06-16 14:21:59 - finetune_logger - INFO - Val memory reserved: 24.00 MB
[2026-06-16 14:21:59,898][finetune_logger][INFO] - Val memory reserved: 24.00 MB
2026-06-16 14:21:59 - finetune_logger - INFO - Val memory allocated: 18.10 MB
[2026-06-16 14:21:59,898][finetune_logger][INFO] - Val memory allocated: 18.10 MB
2026-06-16 14:21:59 - finetune_logger - INFO - Logged epoch 9 info to /public/home/202411094934/python_project/Spatio-Temporal-Library/time-series/2026-06-16/itransformer/finetune20/ettm1/time-series/seed_2/training_log.json
[2026-06-16 14:21:59,902][finetune_logger][INFO] - Logged epoch 9 info to /public/home/202411094934/python_project/Spatio-Temporal-Library/time-series/2026-06-16/itransformer/finetune20/ettm1/time-series/seed_2/training_log.json
2026-06-16 14:23:10 - finetune_logger - INFO - Test metrics: {'MAE': 1.392378043874447, 'RMSE': 2.5513566861827615}
[2026-06-16 14:23:10,925][finetune_logger][INFO] - Test metrics: {'MAE': 1.392378043874447, 'RMSE': 2.5513566861827615}
2026-06-16 14:23:10 - finetune_logger - INFO - Test time: 71.02s
[2026-06-16 14:23:10,925][finetune_logger][INFO] - Test time: 71.02s
2026-06-16 14:23:10 - finetune_logger - INFO - Test memory reserved: 24.00 MB
[2026-06-16 14:23:10,925][finetune_logger][INFO] - Test memory reserved: 24.00 MB
2026-06-16 14:23:10 - finetune_logger - INFO - Test memory allocated: 18.10 MB
[2026-06-16 14:23:10,925][finetune_logger][INFO] - Test memory allocated: 18.10 MB
2026-06-16 14:23:10 - finetune_logger - INFO - Epoch 10/20
[2026-06-16 14:23:10,925][finetune_logger][INFO] - Epoch 10/20
2026-06-16 14:31:40 - finetune_logger - INFO - Train loss: 0.9971963170404794
[2026-06-16 14:31:40,544][finetune_logger][INFO] - Train loss: 0.9971963170404794
2026-06-16 14:31:40 - finetune_logger - INFO - Train time: 509.6179645061493s
[2026-06-16 14:31:40,544][finetune_logger][INFO] - Train time: 509.6179645061493s
2026-06-16 14:31:40 - finetune_logger - INFO - Train memory reserved: 24.00 MB
[2026-06-16 14:31:40,544][finetune_logger][INFO] - Train memory reserved: 24.00 MB
2026-06-16 14:31:40 - finetune_logger - INFO - Train memory allocated: 18.10 MB
[2026-06-16 14:31:40,544][finetune_logger][INFO] - Train memory allocated: 18.10 MB
2026-06-16 14:31:40 - finetune_logger - INFO - Current learning rate: 0.0005
[2026-06-16 14:31:40,545][finetune_logger][INFO] - Current learning rate: 0.0005
2026-06-16 14:32:51 - finetune_logger - INFO - Validation metrics: {'MAE': 1.4897321594221773, 'RMSE': 2.437867767922992}
[2026-06-16 14:32:51,473][finetune_logger][INFO] - Validation metrics: {'MAE': 1.4897321594221773, 'RMSE': 2.437867767922992}
2026-06-16 14:32:51 - finetune_logger - INFO - Val time: 70.93s
[2026-06-16 14:32:51,473][finetune_logger][INFO] - Val time: 70.93s
2026-06-16 14:32:51 - finetune_logger - INFO - Val memory reserved: 24.00 MB
[2026-06-16 14:32:51,473][finetune_logger][INFO] - Val memory reserved: 24.00 MB
2026-06-16 14:32:51 - finetune_logger - INFO - Val memory allocated: 18.10 MB
[2026-06-16 14:32:51,474][finetune_logger][INFO] - Val memory allocated: 18.10 MB
2026-06-16 14:32:51 - finetune_logger - INFO - Logged epoch 10 info to /public/home/202411094934/python_project/Spatio-Temporal-Library/time-series/2026-06-16/itransformer/finetune20/ettm1/time-series/seed_2/training_log.json
[2026-06-16 14:32:51,477][finetune_logger][INFO] - Logged epoch 10 info to /public/home/202411094934/python_project/Spatio-Temporal-Library/time-series/2026-06-16/itransformer/finetune20/ettm1/time-series/seed_2/training_log.json
2026-06-16 14:34:02 - finetune_logger - INFO - Test metrics: {'MAE': 1.3969852358327601, 'RMSE': 2.568549203883268}
[2026-06-16 14:34:02,181][finetune_logger][INFO] - Test metrics: {'MAE': 1.3969852358327601, 'RMSE': 2.568549203883268}
2026-06-16 14:34:02 - finetune_logger - INFO - Test time: 70.68s
[2026-06-16 14:34:02,181][finetune_logger][INFO] - Test time: 70.68s
2026-06-16 14:34:02 - finetune_logger - INFO - Test memory reserved: 24.00 MB
[2026-06-16 14:34:02,181][finetune_logger][INFO] - Test memory reserved: 24.00 MB
2026-06-16 14:34:02 - finetune_logger - INFO - Test memory allocated: 18.10 MB
[2026-06-16 14:34:02,181][finetune_logger][INFO] - Test memory allocated: 18.10 MB
2026-06-16 14:34:02 - finetune_logger - INFO - Epoch 11/20
[2026-06-16 14:34:02,181][finetune_logger][INFO] - Epoch 11/20
2026-06-16 14:42:30 - finetune_logger - INFO - Train loss: 0.9558632148179101
[2026-06-16 14:42:30,352][finetune_logger][INFO] - Train loss: 0.9558632148179101
2026-06-16 14:42:30 - finetune_logger - INFO - Train time: 508.16998195648193s
[2026-06-16 14:42:30,352][finetune_logger][INFO] - Train time: 508.16998195648193s
2026-06-16 14:42:30 - finetune_logger - INFO - Train memory reserved: 24.00 MB
[2026-06-16 14:42:30,352][finetune_logger][INFO] - Train memory reserved: 24.00 MB
2026-06-16 14:42:30 - finetune_logger - INFO - Train memory allocated: 18.10 MB
[2026-06-16 14:42:30,352][finetune_logger][INFO] - Train memory allocated: 18.10 MB
2026-06-16 14:42:30 - finetune_logger - INFO - Current learning rate: 0.00025
[2026-06-16 14:42:30,352][finetune_logger][INFO] - Current learning rate: 0.00025
2026-06-16 14:43:40 - finetune_logger - INFO - Validation metrics: {'MAE': 1.5047818413904654, 'RMSE': 2.487345599657266}
[2026-06-16 14:43:40,976][finetune_logger][INFO] - Validation metrics: {'MAE': 1.5047818413904654, 'RMSE': 2.487345599657266}
2026-06-16 14:43:40 - finetune_logger - INFO - Val time: 70.62s
[2026-06-16 14:43:40,976][finetune_logger][INFO] - Val time: 70.62s
2026-06-16 14:43:40 - finetune_logger - INFO - Val memory reserved: 24.00 MB
[2026-06-16 14:43:40,976][finetune_logger][INFO] - Val memory reserved: 24.00 MB
2026-06-16 14:43:40 - finetune_logger - INFO - Val memory allocated: 18.10 MB
[2026-06-16 14:43:40,976][finetune_logger][INFO] - Val memory allocated: 18.10 MB
2026-06-16 14:43:40 - finetune_logger - INFO - Logged epoch 11 info to /public/home/202411094934/python_project/Spatio-Temporal-Library/time-series/2026-06-16/itransformer/finetune20/ettm1/time-series/seed_2/training_log.json
[2026-06-16 14:43:40,980][finetune_logger][INFO] - Logged epoch 11 info to /public/home/202411094934/python_project/Spatio-Temporal-Library/time-series/2026-06-16/itransformer/finetune20/ettm1/time-series/seed_2/training_log.json
2026-06-16 14:44:51 - finetune_logger - INFO - Test metrics: {'MAE': 1.3958548639120183, 'RMSE': 2.5721556047148866}
[2026-06-16 14:44:51,664][finetune_logger][INFO] - Test metrics: {'MAE': 1.3958548639120183, 'RMSE': 2.5721556047148866}
2026-06-16 14:44:51 - finetune_logger - INFO - Test time: 70.68s
[2026-06-16 14:44:51,665][finetune_logger][INFO] - Test time: 70.68s
2026-06-16 14:44:51 - finetune_logger - INFO - Test memory reserved: 24.00 MB
[2026-06-16 14:44:51,665][finetune_logger][INFO] - Test memory reserved: 24.00 MB
2026-06-16 14:44:51 - finetune_logger - INFO - Test memory allocated: 18.10 MB
[2026-06-16 14:44:51,665][finetune_logger][INFO] - Test memory allocated: 18.10 MB
2026-06-16 14:44:51 - finetune_logger - INFO - Epoch 12/20
[2026-06-16 14:44:51,665][finetune_logger][INFO] - Epoch 12/20
2026-06-16 14:53:19 - finetune_logger - INFO - Train loss: 0.9425174685630288
[2026-06-16 14:53:19,574][finetune_logger][INFO] - Train loss: 0.9425174685630288
2026-06-16 14:53:19 - finetune_logger - INFO - Train time: 507.9085681438446s
[2026-06-16 14:53:19,574][finetune_logger][INFO] - Train time: 507.9085681438446s
2026-06-16 14:53:19 - finetune_logger - INFO - Train memory reserved: 24.00 MB
[2026-06-16 14:53:19,574][finetune_logger][INFO] - Train memory reserved: 24.00 MB
2026-06-16 14:53:19 - finetune_logger - INFO - Train memory allocated: 18.10 MB
[2026-06-16 14:53:19,575][finetune_logger][INFO] - Train memory allocated: 18.10 MB
2026-06-16 14:53:19 - finetune_logger - INFO - Current learning rate: 0.00025
[2026-06-16 14:53:19,575][finetune_logger][INFO] - Current learning rate: 0.00025
2026-06-16 14:54:30 - finetune_logger - INFO - Validation metrics: {'MAE': 1.4898620734254917, 'RMSE': 2.4622121375770267}
[2026-06-16 14:54:30,221][finetune_logger][INFO] - Validation metrics: {'MAE': 1.4898620734254917, 'RMSE': 2.4622121375770267}
2026-06-16 14:54:30 - finetune_logger - INFO - Val time: 70.65s
[2026-06-16 14:54:30,221][finetune_logger][INFO] - Val time: 70.65s
2026-06-16 14:54:30 - finetune_logger - INFO - Val memory reserved: 24.00 MB
[2026-06-16 14:54:30,221][finetune_logger][INFO] - Val memory reserved: 24.00 MB
2026-06-16 14:54:30 - finetune_logger - INFO - Val memory allocated: 18.10 MB
[2026-06-16 14:54:30,221][finetune_logger][INFO] - Val memory allocated: 18.10 MB
2026-06-16 14:54:30 - finetune_logger - INFO - Logged epoch 12 info to /public/home/202411094934/python_project/Spatio-Temporal-Library/time-series/2026-06-16/itransformer/finetune20/ettm1/time-series/seed_2/training_log.json
[2026-06-16 14:54:30,225][finetune_logger][INFO] - Logged epoch 12 info to /public/home/202411094934/python_project/Spatio-Temporal-Library/time-series/2026-06-16/itransformer/finetune20/ettm1/time-series/seed_2/training_log.json
2026-06-16 14:55:40 - finetune_logger - INFO - Test metrics: {'MAE': 1.3853609770443849, 'RMSE': 2.555824155739768}
[2026-06-16 14:55:40,888][finetune_logger][INFO] - Test metrics: {'MAE': 1.3853609770443849, 'RMSE': 2.555824155739768}
2026-06-16 14:55:40 - finetune_logger - INFO - Test time: 70.66s
[2026-06-16 14:55:40,888][finetune_logger][INFO] - Test time: 70.66s
2026-06-16 14:55:40 - finetune_logger - INFO - Test memory reserved: 24.00 MB
[2026-06-16 14:55:40,888][finetune_logger][INFO] - Test memory reserved: 24.00 MB
2026-06-16 14:55:40 - finetune_logger - INFO - Test memory allocated: 18.10 MB
[2026-06-16 14:55:40,889][finetune_logger][INFO] - Test memory allocated: 18.10 MB
2026-06-16 14:55:40 - finetune_logger - INFO - Epoch 13/20
[2026-06-16 14:55:40,889][finetune_logger][INFO] - Epoch 13/20
2026-06-16 15:04:09 - finetune_logger - INFO - Train loss: 0.9375226686506762
[2026-06-16 15:04:09,255][finetune_logger][INFO] - Train loss: 0.9375226686506762
2026-06-16 15:04:09 - finetune_logger - INFO - Train time: 508.3660259246826s
[2026-06-16 15:04:09,256][finetune_logger][INFO] - Train time: 508.3660259246826s
2026-06-16 15:04:09 - finetune_logger - INFO - Train memory reserved: 24.00 MB
[2026-06-16 15:04:09,256][finetune_logger][INFO] - Train memory reserved: 24.00 MB
2026-06-16 15:04:09 - finetune_logger - INFO - Train memory allocated: 18.10 MB
[2026-06-16 15:04:09,256][finetune_logger][INFO] - Train memory allocated: 18.10 MB
2026-06-16 15:04:09 - finetune_logger - INFO - Current learning rate: 0.00025
[2026-06-16 15:04:09,256][finetune_logger][INFO] - Current learning rate: 0.00025
2026-06-16 15:05:19 - finetune_logger - INFO - Validation metrics: {'MAE': 1.498155691985604, 'RMSE': 2.477514869543484}
[2026-06-16 15:05:19,945][finetune_logger][INFO] - Validation metrics: {'MAE': 1.498155691985604, 'RMSE': 2.477514869543484}
2026-06-16 15:05:19 - finetune_logger - INFO - Val time: 70.69s
[2026-06-16 15:05:19,945][finetune_logger][INFO] - Val time: 70.69s
2026-06-16 15:05:19 - finetune_logger - INFO - Val memory reserved: 24.00 MB
[2026-06-16 15:05:19,945][finetune_logger][INFO] - Val memory reserved: 24.00 MB
2026-06-16 15:05:19 - finetune_logger - INFO - Val memory allocated: 18.10 MB
[2026-06-16 15:05:19,945][finetune_logger][INFO] - Val memory allocated: 18.10 MB
2026-06-16 15:05:19 - finetune_logger - INFO - Logged epoch 13 info to /public/home/202411094934/python_project/Spatio-Temporal-Library/time-series/2026-06-16/itransformer/finetune20/ettm1/time-series/seed_2/training_log.json
[2026-06-16 15:05:19,949][finetune_logger][INFO] - Logged epoch 13 info to /public/home/202411094934/python_project/Spatio-Temporal-Library/time-series/2026-06-16/itransformer/finetune20/ettm1/time-series/seed_2/training_log.json
2026-06-16 15:06:30 - finetune_logger - INFO - Test metrics: {'MAE': 1.4096867272841254, 'RMSE': 2.602039805185621}
[2026-06-16 15:06:30,708][finetune_logger][INFO] - Test metrics: {'MAE': 1.4096867272841254, 'RMSE': 2.602039805185621}
2026-06-16 15:06:30 - finetune_logger - INFO - Test time: 70.76s
[2026-06-16 15:06:30,708][finetune_logger][INFO] - Test time: 70.76s
2026-06-16 15:06:30 - finetune_logger - INFO - Test memory reserved: 24.00 MB
[2026-06-16 15:06:30,708][finetune_logger][INFO] - Test memory reserved: 24.00 MB
2026-06-16 15:06:30 - finetune_logger - INFO - Test memory allocated: 18.10 MB
[2026-06-16 15:06:30,708][finetune_logger][INFO] - Test memory allocated: 18.10 MB
2026-06-16 15:06:30 - finetune_logger - INFO - Epoch 14/20
[2026-06-16 15:06:30,708][finetune_logger][INFO] - Epoch 14/20
2026-06-16 15:14:59 - finetune_logger - INFO - Train loss: 0.9308092496968859
[2026-06-16 15:14:59,275][finetune_logger][INFO] - Train loss: 0.9308092496968859
2026-06-16 15:14:59 - finetune_logger - INFO - Train time: 508.56606101989746s
[2026-06-16 15:14:59,275][finetune_logger][INFO] - Train time: 508.56606101989746s
2026-06-16 15:14:59 - finetune_logger - INFO - Train memory reserved: 24.00 MB
[2026-06-16 15:14:59,275][finetune_logger][INFO] - Train memory reserved: 24.00 MB
2026-06-16 15:14:59 - finetune_logger - INFO - Train memory allocated: 18.10 MB
[2026-06-16 15:14:59,275][finetune_logger][INFO] - Train memory allocated: 18.10 MB
2026-06-16 15:14:59 - finetune_logger - INFO - Current learning rate: 0.00025
[2026-06-16 15:14:59,276][finetune_logger][INFO] - Current learning rate: 0.00025
2026-06-16 15:16:10 - finetune_logger - INFO - Validation metrics: {'MAE': 1.501929777852708, 'RMSE': 2.4807425428748995}
[2026-06-16 15:16:10,107][finetune_logger][INFO] - Validation metrics: {'MAE': 1.501929777852708, 'RMSE': 2.4807425428748995}
2026-06-16 15:16:10 - finetune_logger - INFO - Val time: 70.83s
[2026-06-16 15:16:10,107][finetune_logger][INFO] - Val time: 70.83s
2026-06-16 15:16:10 - finetune_logger - INFO - Val memory reserved: 24.00 MB
[2026-06-16 15:16:10,107][finetune_logger][INFO] - Val memory reserved: 24.00 MB
2026-06-16 15:16:10 - finetune_logger - INFO - Val memory allocated: 18.10 MB
[2026-06-16 15:16:10,107][finetune_logger][INFO] - Val memory allocated: 18.10 MB
2026-06-16 15:16:10 - finetune_logger - INFO - Logged epoch 14 info to /public/home/202411094934/python_project/Spatio-Temporal-Library/time-series/2026-06-16/itransformer/finetune20/ettm1/time-series/seed_2/training_log.json
[2026-06-16 15:16:10,111][finetune_logger][INFO] - Logged epoch 14 info to /public/home/202411094934/python_project/Spatio-Temporal-Library/time-series/2026-06-16/itransformer/finetune20/ettm1/time-series/seed_2/training_log.json
2026-06-16 15:17:20 - finetune_logger - INFO - Test metrics: {'MAE': 1.4026716503470458, 'RMSE': 2.594836662236821}
[2026-06-16 15:17:20,761][finetune_logger][INFO] - Test metrics: {'MAE': 1.4026716503470458, 'RMSE': 2.594836662236821}
2026-06-16 15:17:20 - finetune_logger - INFO - Test time: 70.65s
[2026-06-16 15:17:20,761][finetune_logger][INFO] - Test time: 70.65s
2026-06-16 15:17:20 - finetune_logger - INFO - Test memory reserved: 24.00 MB
[2026-06-16 15:17:20,761][finetune_logger][INFO] - Test memory reserved: 24.00 MB
2026-06-16 15:17:20 - finetune_logger - INFO - Test memory allocated: 18.10 MB
[2026-06-16 15:17:20,761][finetune_logger][INFO] - Test memory allocated: 18.10 MB
2026-06-16 15:17:20 - finetune_logger - INFO - Epoch 15/20
[2026-06-16 15:17:20,762][finetune_logger][INFO] - Epoch 15/20
2026-06-16 15:25:49 - finetune_logger - INFO - Train loss: 0.9238893281195436
[2026-06-16 15:25:49,340][finetune_logger][INFO] - Train loss: 0.9238893281195436
2026-06-16 15:25:49 - finetune_logger - INFO - Train time: 508.5776400566101s
[2026-06-16 15:25:49,340][finetune_logger][INFO] - Train time: 508.5776400566101s
2026-06-16 15:25:49 - finetune_logger - INFO - Train memory reserved: 24.00 MB
[2026-06-16 15:25:49,340][finetune_logger][INFO] - Train memory reserved: 24.00 MB
2026-06-16 15:25:49 - finetune_logger - INFO - Train memory allocated: 18.10 MB
[2026-06-16 15:25:49,340][finetune_logger][INFO] - Train memory allocated: 18.10 MB
2026-06-16 15:25:49 - finetune_logger - INFO - Current learning rate: 0.00025
[2026-06-16 15:25:49,340][finetune_logger][INFO] - Current learning rate: 0.00025
2026-06-16 15:27:00 - finetune_logger - INFO - Validation metrics: {'MAE': 1.4814298423829744, 'RMSE': 2.4362379608501366}
[2026-06-16 15:27:00,078][finetune_logger][INFO] - Validation metrics: {'MAE': 1.4814298423829744, 'RMSE': 2.4362379608501366}
2026-06-16 15:27:00 - finetune_logger - INFO - Val time: 70.74s
[2026-06-16 15:27:00,078][finetune_logger][INFO] - Val time: 70.74s
2026-06-16 15:27:00 - finetune_logger - INFO - Val memory reserved: 24.00 MB
[2026-06-16 15:27:00,079][finetune_logger][INFO] - Val memory reserved: 24.00 MB
2026-06-16 15:27:00 - finetune_logger - INFO - Val memory allocated: 18.10 MB
[2026-06-16 15:27:00,079][finetune_logger][INFO] - Val memory allocated: 18.10 MB
2026-06-16 15:27:00 - finetune_logger - INFO - Logged epoch 15 info to /public/home/202411094934/python_project/Spatio-Temporal-Library/time-series/2026-06-16/itransformer/finetune20/ettm1/time-series/seed_2/training_log.json
[2026-06-16 15:27:00,082][finetune_logger][INFO] - Logged epoch 15 info to /public/home/202411094934/python_project/Spatio-Temporal-Library/time-series/2026-06-16/itransformer/finetune20/ettm1/time-series/seed_2/training_log.json
2026-06-16 15:28:10 - finetune_logger - INFO - Test metrics: {'MAE': 1.3951730897518688, 'RMSE': 2.578981111365016}
[2026-06-16 15:28:10,753][finetune_logger][INFO] - Test metrics: {'MAE': 1.3951730897518688, 'RMSE': 2.578981111365016}
2026-06-16 15:28:10 - finetune_logger - INFO - Test time: 70.67s
[2026-06-16 15:28:10,754][finetune_logger][INFO] - Test time: 70.67s
2026-06-16 15:28:10 - finetune_logger - INFO - Test memory reserved: 24.00 MB
[2026-06-16 15:28:10,754][finetune_logger][INFO] - Test memory reserved: 24.00 MB
2026-06-16 15:28:10 - finetune_logger - INFO - Test memory allocated: 18.10 MB
[2026-06-16 15:28:10,754][finetune_logger][INFO] - Test memory allocated: 18.10 MB
2026-06-16 15:28:10 - finetune_logger - INFO - Epoch 16/20
[2026-06-16 15:28:10,754][finetune_logger][INFO] - Epoch 16/20
2026-06-16 15:36:38 - finetune_logger - INFO - Train loss: 0.9201161199904444
[2026-06-16 15:36:38,323][finetune_logger][INFO] - Train loss: 0.9201161199904444
2026-06-16 15:36:38 - finetune_logger - INFO - Train time: 507.5680570602417s
[2026-06-16 15:36:38,323][finetune_logger][INFO] - Train time: 507.5680570602417s
2026-06-16 15:36:38 - finetune_logger - INFO - Train memory reserved: 24.00 MB
[2026-06-16 15:36:38,323][finetune_logger][INFO] - Train memory reserved: 24.00 MB
2026-06-16 15:36:38 - finetune_logger - INFO - Train memory allocated: 18.10 MB
[2026-06-16 15:36:38,323][finetune_logger][INFO] - Train memory allocated: 18.10 MB
2026-06-16 15:36:38 - finetune_logger - INFO - Current learning rate: 0.00025
[2026-06-16 15:36:38,323][finetune_logger][INFO] - Current learning rate: 0.00025
2026-06-16 15:37:48 - finetune_logger - INFO - Validation metrics: {'MAE': 1.4832106908903395, 'RMSE': 2.4453917615846406}
[2026-06-16 15:37:48,971][finetune_logger][INFO] - Validation metrics: {'MAE': 1.4832106908903395, 'RMSE': 2.4453917615846406}
2026-06-16 15:37:48 - finetune_logger - INFO - Val time: 70.65s
[2026-06-16 15:37:48,971][finetune_logger][INFO] - Val time: 70.65s
2026-06-16 15:37:48 - finetune_logger - INFO - Val memory reserved: 24.00 MB
[2026-06-16 15:37:48,972][finetune_logger][INFO] - Val memory reserved: 24.00 MB
2026-06-16 15:37:48 - finetune_logger - INFO - Val memory allocated: 18.10 MB
[2026-06-16 15:37:48,972][finetune_logger][INFO] - Val memory allocated: 18.10 MB
2026-06-16 15:37:48 - finetune_logger - INFO - Logged epoch 16 info to /public/home/202411094934/python_project/Spatio-Temporal-Library/time-series/2026-06-16/itransformer/finetune20/ettm1/time-series/seed_2/training_log.json
[2026-06-16 15:37:48,975][finetune_logger][INFO] - Logged epoch 16 info to /public/home/202411094934/python_project/Spatio-Temporal-Library/time-series/2026-06-16/itransformer/finetune20/ettm1/time-series/seed_2/training_log.json
2026-06-16 15:38:59 - finetune_logger - INFO - Test metrics: {'MAE': 1.4015335477779425, 'RMSE': 2.5854182255463756}
[2026-06-16 15:38:59,654][finetune_logger][INFO] - Test metrics: {'MAE': 1.4015335477779425, 'RMSE': 2.5854182255463756}
2026-06-16 15:38:59 - finetune_logger - INFO - Test time: 70.68s
[2026-06-16 15:38:59,654][finetune_logger][INFO] - Test time: 70.68s
2026-06-16 15:38:59 - finetune_logger - INFO - Test memory reserved: 24.00 MB
[2026-06-16 15:38:59,654][finetune_logger][INFO] - Test memory reserved: 24.00 MB
2026-06-16 15:38:59 - finetune_logger - INFO - Test memory allocated: 18.10 MB
[2026-06-16 15:38:59,655][finetune_logger][INFO] - Test memory allocated: 18.10 MB
2026-06-16 15:38:59 - finetune_logger - INFO - Epoch 17/20
[2026-06-16 15:38:59,655][finetune_logger][INFO] - Epoch 17/20
2026-06-16 15:47:27 - finetune_logger - INFO - Train loss: 0.914423163418269
[2026-06-16 15:47:27,912][finetune_logger][INFO] - Train loss: 0.914423163418269
2026-06-16 15:47:27 - finetune_logger - INFO - Train time: 508.256676197052s
[2026-06-16 15:47:27,912][finetune_logger][INFO] - Train time: 508.256676197052s
2026-06-16 15:47:27 - finetune_logger - INFO - Train memory reserved: 24.00 MB
[2026-06-16 15:47:27,912][finetune_logger][INFO] - Train memory reserved: 24.00 MB
2026-06-16 15:47:27 - finetune_logger - INFO - Train memory allocated: 18.10 MB
[2026-06-16 15:47:27,912][finetune_logger][INFO] - Train memory allocated: 18.10 MB
2026-06-16 15:47:27 - finetune_logger - INFO - Current learning rate: 0.00025
[2026-06-16 15:47:27,913][finetune_logger][INFO] - Current learning rate: 0.00025
2026-06-16 15:48:38 - finetune_logger - INFO - Validation metrics: {'MAE': 1.4918464697153273, 'RMSE': 2.463069535894391}
[2026-06-16 15:48:38,655][finetune_logger][INFO] - Validation metrics: {'MAE': 1.4918464697153273, 'RMSE': 2.463069535894391}
2026-06-16 15:48:38 - finetune_logger - INFO - Val time: 70.74s
[2026-06-16 15:48:38,655][finetune_logger][INFO] - Val time: 70.74s
2026-06-16 15:48:38 - finetune_logger - INFO - Val memory reserved: 24.00 MB
[2026-06-16 15:48:38,655][finetune_logger][INFO] - Val memory reserved: 24.00 MB
2026-06-16 15:48:38 - finetune_logger - INFO - Val memory allocated: 18.10 MB
[2026-06-16 15:48:38,655][finetune_logger][INFO] - Val memory allocated: 18.10 MB
2026-06-16 15:48:38 - finetune_logger - INFO - Logged epoch 17 info to /public/home/202411094934/python_project/Spatio-Temporal-Library/time-series/2026-06-16/itransformer/finetune20/ettm1/time-series/seed_2/training_log.json
[2026-06-16 15:48:38,659][finetune_logger][INFO] - Logged epoch 17 info to /public/home/202411094934/python_project/Spatio-Temporal-Library/time-series/2026-06-16/itransformer/finetune20/ettm1/time-series/seed_2/training_log.json
2026-06-16 15:49:49 - finetune_logger - INFO - Test metrics: {'MAE': 1.3981209782880966, 'RMSE': 2.5826301906725617}
[2026-06-16 15:49:49,401][finetune_logger][INFO] - Test metrics: {'MAE': 1.3981209782880966, 'RMSE': 2.5826301906725617}
2026-06-16 15:49:49 - finetune_logger - INFO - Test time: 70.74s
[2026-06-16 15:49:49,402][finetune_logger][INFO] - Test time: 70.74s
2026-06-16 15:49:49 - finetune_logger - INFO - Test memory reserved: 24.00 MB
[2026-06-16 15:49:49,402][finetune_logger][INFO] - Test memory reserved: 24.00 MB
2026-06-16 15:49:49 - finetune_logger - INFO - Test memory allocated: 18.10 MB
[2026-06-16 15:49:49,402][finetune_logger][INFO] - Test memory allocated: 18.10 MB
2026-06-16 15:49:49 - finetune_logger - INFO - Epoch 18/20
[2026-06-16 15:49:49,402][finetune_logger][INFO] - Epoch 18/20
2026-06-16 15:58:16 - finetune_logger - INFO - Train loss: 0.9104614326313117
[2026-06-16 15:58:16,825][finetune_logger][INFO] - Train loss: 0.9104614326313117
2026-06-16 15:58:16 - finetune_logger - INFO - Train time: 507.4220323562622s
[2026-06-16 15:58:16,825][finetune_logger][INFO] - Train time: 507.4220323562622s
2026-06-16 15:58:16 - finetune_logger - INFO - Train memory reserved: 24.00 MB
[2026-06-16 15:58:16,825][finetune_logger][INFO] - Train memory reserved: 24.00 MB
2026-06-16 15:58:16 - finetune_logger - INFO - Train memory allocated: 18.10 MB
[2026-06-16 15:58:16,825][finetune_logger][INFO] - Train memory allocated: 18.10 MB
2026-06-16 15:58:16 - finetune_logger - INFO - Current learning rate: 0.00025
[2026-06-16 15:58:16,825][finetune_logger][INFO] - Current learning rate: 0.00025
2026-06-16 15:59:27 - finetune_logger - INFO - Validation metrics: {'MAE': 1.4989155802470717, 'RMSE': 2.471281832215848}
[2026-06-16 15:59:27,590][finetune_logger][INFO] - Validation metrics: {'MAE': 1.4989155802470717, 'RMSE': 2.471281832215848}
2026-06-16 15:59:27 - finetune_logger - INFO - Val time: 70.76s
[2026-06-16 15:59:27,590][finetune_logger][INFO] - Val time: 70.76s
2026-06-16 15:59:27 - finetune_logger - INFO - Val memory reserved: 24.00 MB
[2026-06-16 15:59:27,590][finetune_logger][INFO] - Val memory reserved: 24.00 MB
2026-06-16 15:59:27 - finetune_logger - INFO - Val memory allocated: 18.10 MB
[2026-06-16 15:59:27,590][finetune_logger][INFO] - Val memory allocated: 18.10 MB
2026-06-16 15:59:27 - finetune_logger - INFO - Logged epoch 18 info to /public/home/202411094934/python_project/Spatio-Temporal-Library/time-series/2026-06-16/itransformer/finetune20/ettm1/time-series/seed_2/training_log.json
[2026-06-16 15:59:27,594][finetune_logger][INFO] - Logged epoch 18 info to /public/home/202411094934/python_project/Spatio-Temporal-Library/time-series/2026-06-16/itransformer/finetune20/ettm1/time-series/seed_2/training_log.json
2026-06-16 16:00:38 - finetune_logger - INFO - Test metrics: {'MAE': 1.4049179074291225, 'RMSE': 2.590433746547207}
[2026-06-16 16:00:38,340][finetune_logger][INFO] - Test metrics: {'MAE': 1.4049179074291225, 'RMSE': 2.590433746547207}
2026-06-16 16:00:38 - finetune_logger - INFO - Test time: 70.75s
[2026-06-16 16:00:38,340][finetune_logger][INFO] - Test time: 70.75s
2026-06-16 16:00:38 - finetune_logger - INFO - Test memory reserved: 24.00 MB
[2026-06-16 16:00:38,340][finetune_logger][INFO] - Test memory reserved: 24.00 MB
2026-06-16 16:00:38 - finetune_logger - INFO - Test memory allocated: 18.10 MB
[2026-06-16 16:00:38,340][finetune_logger][INFO] - Test memory allocated: 18.10 MB
2026-06-16 16:00:38 - finetune_logger - INFO - Epoch 19/20
[2026-06-16 16:00:38,341][finetune_logger][INFO] - Epoch 19/20
2026-06-16 16:09:06 - finetune_logger - INFO - Train loss: 0.9065705841222835
[2026-06-16 16:09:06,922][finetune_logger][INFO] - Train loss: 0.9065705841222835
2026-06-16 16:09:06 - finetune_logger - INFO - Train time: 508.58087968826294s
[2026-06-16 16:09:06,922][finetune_logger][INFO] - Train time: 508.58087968826294s
2026-06-16 16:09:06 - finetune_logger - INFO - Train memory reserved: 24.00 MB
[2026-06-16 16:09:06,922][finetune_logger][INFO] - Train memory reserved: 24.00 MB
2026-06-16 16:09:06 - finetune_logger - INFO - Train memory allocated: 18.10 MB
[2026-06-16 16:09:06,922][finetune_logger][INFO] - Train memory allocated: 18.10 MB
2026-06-16 16:09:06 - finetune_logger - INFO - Current learning rate: 0.00025
[2026-06-16 16:09:06,923][finetune_logger][INFO] - Current learning rate: 0.00025
2026-06-16 16:10:17 - finetune_logger - INFO - Validation metrics: {'MAE': 1.489077321503145, 'RMSE': 2.4561585716284746}
[2026-06-16 16:10:17,531][finetune_logger][INFO] - Validation metrics: {'MAE': 1.489077321503145, 'RMSE': 2.4561585716284746}
2026-06-16 16:10:17 - finetune_logger - INFO - Val time: 70.61s
[2026-06-16 16:10:17,531][finetune_logger][INFO] - Val time: 70.61s
2026-06-16 16:10:17 - finetune_logger - INFO - Val memory reserved: 24.00 MB
[2026-06-16 16:10:17,531][finetune_logger][INFO] - Val memory reserved: 24.00 MB
2026-06-16 16:10:17 - finetune_logger - INFO - Val memory allocated: 18.10 MB
[2026-06-16 16:10:17,531][finetune_logger][INFO] - Val memory allocated: 18.10 MB
2026-06-16 16:10:17 - finetune_logger - INFO - Logged epoch 19 info to /public/home/202411094934/python_project/Spatio-Temporal-Library/time-series/2026-06-16/itransformer/finetune20/ettm1/time-series/seed_2/training_log.json
[2026-06-16 16:10:17,535][finetune_logger][INFO] - Logged epoch 19 info to /public/home/202411094934/python_project/Spatio-Temporal-Library/time-series/2026-06-16/itransformer/finetune20/ettm1/time-series/seed_2/training_log.json
2026-06-16 16:11:28 - finetune_logger - INFO - Test metrics: {'MAE': 1.395380829341461, 'RMSE': 2.581657289934833}
[2026-06-16 16:11:28,230][finetune_logger][INFO] - Test metrics: {'MAE': 1.395380829341461, 'RMSE': 2.581657289934833}
2026-06-16 16:11:28 - finetune_logger - INFO - Test time: 70.69s
[2026-06-16 16:11:28,230][finetune_logger][INFO] - Test time: 70.69s
2026-06-16 16:11:28 - finetune_logger - INFO - Test memory reserved: 24.00 MB
[2026-06-16 16:11:28,230][finetune_logger][INFO] - Test memory reserved: 24.00 MB
2026-06-16 16:11:28 - finetune_logger - INFO - Test memory allocated: 18.10 MB
[2026-06-16 16:11:28,230][finetune_logger][INFO] - Test memory allocated: 18.10 MB
2026-06-16 16:11:28 - finetune_logger - INFO - Epoch 20/20
[2026-06-16 16:11:28,230][finetune_logger][INFO] - Epoch 20/20
2026-06-16 16:19:55 - finetune_logger - INFO - Train loss: 0.9030901042761093
[2026-06-16 16:19:55,630][finetune_logger][INFO] - Train loss: 0.9030901042761093
2026-06-16 16:19:55 - finetune_logger - INFO - Train time: 507.3989839553833s
[2026-06-16 16:19:55,630][finetune_logger][INFO] - Train time: 507.3989839553833s
2026-06-16 16:19:55 - finetune_logger - INFO - Train memory reserved: 24.00 MB
[2026-06-16 16:19:55,630][finetune_logger][INFO] - Train memory reserved: 24.00 MB
2026-06-16 16:19:55 - finetune_logger - INFO - Train memory allocated: 18.10 MB
[2026-06-16 16:19:55,630][finetune_logger][INFO] - Train memory allocated: 18.10 MB
2026-06-16 16:19:55 - finetune_logger - INFO - Current learning rate: 0.00025
[2026-06-16 16:19:55,630][finetune_logger][INFO] - Current learning rate: 0.00025
2026-06-16 16:21:06 - finetune_logger - INFO - Validation metrics: {'MAE': 1.4950513043511582, 'RMSE': 2.470600805888967}
[2026-06-16 16:21:06,042][finetune_logger][INFO] - Validation metrics: {'MAE': 1.4950513043511582, 'RMSE': 2.470600805888967}
2026-06-16 16:21:06 - finetune_logger - INFO - Val time: 70.41s
[2026-06-16 16:21:06,042][finetune_logger][INFO] - Val time: 70.41s
2026-06-16 16:21:06 - finetune_logger - INFO - Val memory reserved: 24.00 MB
[2026-06-16 16:21:06,042][finetune_logger][INFO] - Val memory reserved: 24.00 MB
2026-06-16 16:21:06 - finetune_logger - INFO - Val memory allocated: 18.10 MB
[2026-06-16 16:21:06,042][finetune_logger][INFO] - Val memory allocated: 18.10 MB
2026-06-16 16:21:06 - finetune_logger - INFO - Logged epoch 20 info to /public/home/202411094934/python_project/Spatio-Temporal-Library/time-series/2026-06-16/itransformer/finetune20/ettm1/time-series/seed_2/training_log.json
[2026-06-16 16:21:06,046][finetune_logger][INFO] - Logged epoch 20 info to /public/home/202411094934/python_project/Spatio-Temporal-Library/time-series/2026-06-16/itransformer/finetune20/ettm1/time-series/seed_2/training_log.json
2026-06-16 16:22:16 - finetune_logger - INFO - Test metrics: {'MAE': 1.4084943448973428, 'RMSE': 2.6024318312096035}
[2026-06-16 16:22:16,560][finetune_logger][INFO] - Test metrics: {'MAE': 1.4084943448973428, 'RMSE': 2.6024318312096035}
2026-06-16 16:22:16 - finetune_logger - INFO - Test time: 70.49s
[2026-06-16 16:22:16,560][finetune_logger][INFO] - Test time: 70.49s
2026-06-16 16:22:16 - finetune_logger - INFO - Test memory reserved: 24.00 MB
[2026-06-16 16:22:16,560][finetune_logger][INFO] - Test memory reserved: 24.00 MB
2026-06-16 16:22:16 - finetune_logger - INFO - Test memory allocated: 18.10 MB
[2026-06-16 16:22:16,560][finetune_logger][INFO] - Test memory allocated: 18.10 MB
2026-06-16 16:22:16 - finetune_logger - INFO - Training completed. Best epoch: 2, Best val loss: 1.432188
[2026-06-16 16:22:16,560][finetune_logger][INFO] - Training completed. Best epoch: 2, Best val loss: 1.432188
2026-06-16 16:22:16 - finetune_logger - INFO - Loaded checkpoint from epoch 2
[2026-06-16 16:22:16,591][finetune_logger][INFO] - Loaded checkpoint from epoch 2
2026-06-16 16:22:16 - finetune_logger - INFO - Evaluating best model on test sets...
[2026-06-16 16:22:16,591][finetune_logger][INFO] - Evaluating best model on test sets...
2026-06-16 16:23:27 - finetune_logger - INFO - Test metrics: {'MAE': 1.3162297411384036, 'RMSE': 2.4021200537099654}
[2026-06-16 16:23:27,419][finetune_logger][INFO] - Test metrics: {'MAE': 1.3162297411384036, 'RMSE': 2.4021200537099654}
2026-06-16 16:23:27 - finetune_logger - INFO - Test time: 70.83s
[2026-06-16 16:23:27,419][finetune_logger][INFO] - Test time: 70.83s
2026-06-16 16:23:27 - finetune_logger - INFO - Test memory reserved: 26.00 MB
[2026-06-16 16:23:27,420][finetune_logger][INFO] - Test memory reserved: 26.00 MB
2026-06-16 16:23:27 - finetune_logger - INFO - Test memory allocated: 18.14 MB
[2026-06-16 16:23:27,420][finetune_logger][INFO] - Test memory allocated: 18.14 MB
2026-06-16 16:23:27 - finetune_logger - INFO - Logged epoch test info to /public/home/202411094934/python_project/Spatio-Temporal-Library/time-series/2026-06-16/itransformer/finetune20/ettm1/time-series/seed_2/training_log.json
[2026-06-16 16:23:27,423][finetune_logger][INFO] - Logged epoch test info to /public/home/202411094934/python_project/Spatio-Temporal-Library/time-series/2026-06-16/itransformer/finetune20/ettm1/time-series/seed_2/training_log.json
