2026-06-16 05:09:42 - finetune_logger - INFO - No pretrained checkpoint is provided. Finetuning from scratch.
[2026-06-16 05:09:42,190][finetune_logger][INFO] - No pretrained checkpoint is provided. Finetuning from scratch.
2026-06-16 05:09:42 - finetune_logger - INFO - Model parameters: 158,912
[2026-06-16 05:09:42,192][finetune_logger][INFO] - Model parameters: 158,912
2026-06-16 05:09:42 - finetune_logger - INFO - Created new log file at /public/home/202411094934/python_project/Spatio-Temporal-Library/time-series/2026-06-16/itransformer/finetune20/weather/time-series/seed_2/training_log.json
[2026-06-16 05:09:42,195][finetune_logger][INFO] - Created new log file at /public/home/202411094934/python_project/Spatio-Temporal-Library/time-series/2026-06-16/itransformer/finetune20/weather/time-series/seed_2/training_log.json
2026-06-16 05:09:42 - finetune_logger - INFO - Starting training...
[2026-06-16 05:09:42,195][finetune_logger][INFO] - Starting training...
2026-06-16 05:09:42 - finetune_logger - INFO - Epoch 1/20
[2026-06-16 05:09:42,195][finetune_logger][INFO] - Epoch 1/20
2026-06-16 05:18:58 - finetune_logger - INFO - Train loss: 28.066425422414895
[2026-06-16 05:18:58,894][finetune_logger][INFO] - Train loss: 28.066425422414895
2026-06-16 05:18:58 - finetune_logger - INFO - Train time: 556.6975421905518s
[2026-06-16 05:18:58,894][finetune_logger][INFO] - Train time: 556.6975421905518s
2026-06-16 05:18:58 - finetune_logger - INFO - Train memory reserved: 26.00 MB
[2026-06-16 05:18:58,894][finetune_logger][INFO] - Train memory reserved: 26.00 MB
2026-06-16 05:18:58 - finetune_logger - INFO - Train memory allocated: 18.10 MB
[2026-06-16 05:18:58,894][finetune_logger][INFO] - Train memory allocated: 18.10 MB
2026-06-16 05:18:58 - finetune_logger - INFO - Current learning rate: 0.0005
[2026-06-16 05:18:58,894][finetune_logger][INFO] - Current learning rate: 0.0005
2026-06-16 05:19:31 - finetune_logger - INFO - Validation metrics: {'MAE': 22.333611013597274, 'RMSE': 69.78515977368738}
[2026-06-16 05:19:31,778][finetune_logger][INFO] - Validation metrics: {'MAE': 22.333611013597274, 'RMSE': 69.78515977368738}
2026-06-16 05:19:31 - finetune_logger - INFO - Val time: 32.88s
[2026-06-16 05:19:31,778][finetune_logger][INFO] - Val time: 32.88s
2026-06-16 05:19:31 - finetune_logger - INFO - Val memory reserved: 26.00 MB
[2026-06-16 05:19:31,778][finetune_logger][INFO] - Val memory reserved: 26.00 MB
2026-06-16 05:19:31 - finetune_logger - INFO - Val memory allocated: 18.10 MB
[2026-06-16 05:19:31,778][finetune_logger][INFO] - Val memory allocated: 18.10 MB
2026-06-16 05:19:31 - finetune_logger - INFO - Logged epoch 1 info to /public/home/202411094934/python_project/Spatio-Temporal-Library/time-series/2026-06-16/itransformer/finetune20/weather/time-series/seed_2/training_log.json
[2026-06-16 05:19:31,782][finetune_logger][INFO] - Logged epoch 1 info to /public/home/202411094934/python_project/Spatio-Temporal-Library/time-series/2026-06-16/itransformer/finetune20/weather/time-series/seed_2/training_log.json
2026-06-16 05:19:31 - finetune_logger - INFO - New best model! Val loss: 22.333611
[2026-06-16 05:19:31,782][finetune_logger][INFO] - New best model! Val loss: 22.333611
2026-06-16 05:20:38 - finetune_logger - INFO - Test metrics: {'MAE': 12.879673028931027, 'RMSE': 41.06873612628728}
[2026-06-16 05:20:38,272][finetune_logger][INFO] - Test metrics: {'MAE': 12.879673028931027, 'RMSE': 41.06873612628728}
2026-06-16 05:20:38 - finetune_logger - INFO - Test time: 66.45s
[2026-06-16 05:20:38,272][finetune_logger][INFO] - Test time: 66.45s
2026-06-16 05:20:38 - finetune_logger - INFO - Test memory reserved: 26.00 MB
[2026-06-16 05:20:38,272][finetune_logger][INFO] - Test memory reserved: 26.00 MB
2026-06-16 05:20:38 - finetune_logger - INFO - Test memory allocated: 18.10 MB
[2026-06-16 05:20:38,273][finetune_logger][INFO] - Test memory allocated: 18.10 MB
2026-06-16 05:20:38 - finetune_logger - INFO - Epoch 2/20
[2026-06-16 05:20:38,273][finetune_logger][INFO] - Epoch 2/20
2026-06-16 05:29:53 - finetune_logger - INFO - Train loss: 25.511764119118414
[2026-06-16 05:29:53,145][finetune_logger][INFO] - Train loss: 25.511764119118414
2026-06-16 05:29:53 - finetune_logger - INFO - Train time: 554.8718667030334s
[2026-06-16 05:29:53,145][finetune_logger][INFO] - Train time: 554.8718667030334s
2026-06-16 05:29:53 - finetune_logger - INFO - Train memory reserved: 26.00 MB
[2026-06-16 05:29:53,146][finetune_logger][INFO] - Train memory reserved: 26.00 MB
2026-06-16 05:29:53 - finetune_logger - INFO - Train memory allocated: 18.10 MB
[2026-06-16 05:29:53,146][finetune_logger][INFO] - Train memory allocated: 18.10 MB
2026-06-16 05:29:53 - finetune_logger - INFO - Current learning rate: 0.0005
[2026-06-16 05:29:53,146][finetune_logger][INFO] - Current learning rate: 0.0005
2026-06-16 05:30:26 - finetune_logger - INFO - Validation metrics: {'MAE': 21.26780546648252, 'RMSE': 69.32717046863188}
[2026-06-16 05:30:26,097][finetune_logger][INFO] - Validation metrics: {'MAE': 21.26780546648252, 'RMSE': 69.32717046863188}
2026-06-16 05:30:26 - finetune_logger - INFO - Val time: 32.95s
[2026-06-16 05:30:26,097][finetune_logger][INFO] - Val time: 32.95s
2026-06-16 05:30:26 - finetune_logger - INFO - Val memory reserved: 26.00 MB
[2026-06-16 05:30:26,098][finetune_logger][INFO] - Val memory reserved: 26.00 MB
2026-06-16 05:30:26 - finetune_logger - INFO - Val memory allocated: 18.10 MB
[2026-06-16 05:30:26,098][finetune_logger][INFO] - Val memory allocated: 18.10 MB
2026-06-16 05:30:26 - finetune_logger - INFO - Logged epoch 2 info to /public/home/202411094934/python_project/Spatio-Temporal-Library/time-series/2026-06-16/itransformer/finetune20/weather/time-series/seed_2/training_log.json
[2026-06-16 05:30:26,101][finetune_logger][INFO] - Logged epoch 2 info to /public/home/202411094934/python_project/Spatio-Temporal-Library/time-series/2026-06-16/itransformer/finetune20/weather/time-series/seed_2/training_log.json
2026-06-16 05:30:26 - finetune_logger - INFO - New best model! Val loss: 21.267805
[2026-06-16 05:30:26,101][finetune_logger][INFO] - New best model! Val loss: 21.267805
2026-06-16 05:31:32 - finetune_logger - INFO - Test metrics: {'MAE': 12.086570444834951, 'RMSE': 40.37514146267953}
[2026-06-16 05:31:32,708][finetune_logger][INFO] - Test metrics: {'MAE': 12.086570444834951, 'RMSE': 40.37514146267953}
2026-06-16 05:31:32 - finetune_logger - INFO - Test time: 66.56s
[2026-06-16 05:31:32,708][finetune_logger][INFO] - Test time: 66.56s
2026-06-16 05:31:32 - finetune_logger - INFO - Test memory reserved: 26.00 MB
[2026-06-16 05:31:32,708][finetune_logger][INFO] - Test memory reserved: 26.00 MB
2026-06-16 05:31:32 - finetune_logger - INFO - Test memory allocated: 18.10 MB
[2026-06-16 05:31:32,708][finetune_logger][INFO] - Test memory allocated: 18.10 MB
2026-06-16 05:31:32 - finetune_logger - INFO - Epoch 3/20
[2026-06-16 05:31:32,709][finetune_logger][INFO] - Epoch 3/20
2026-06-16 05:40:49 - finetune_logger - INFO - Train loss: 24.377841399561326
[2026-06-16 05:40:49,637][finetune_logger][INFO] - Train loss: 24.377841399561326
2026-06-16 05:40:49 - finetune_logger - INFO - Train time: 556.9278185367584s
[2026-06-16 05:40:49,637][finetune_logger][INFO] - Train time: 556.9278185367584s
2026-06-16 05:40:49 - finetune_logger - INFO - Train memory reserved: 26.00 MB
[2026-06-16 05:40:49,637][finetune_logger][INFO] - Train memory reserved: 26.00 MB
2026-06-16 05:40:49 - finetune_logger - INFO - Train memory allocated: 18.10 MB
[2026-06-16 05:40:49,637][finetune_logger][INFO] - Train memory allocated: 18.10 MB
2026-06-16 05:40:49 - finetune_logger - INFO - Current learning rate: 0.0005
[2026-06-16 05:40:49,638][finetune_logger][INFO] - Current learning rate: 0.0005
2026-06-16 05:41:22 - finetune_logger - INFO - Validation metrics: {'MAE': 21.590575107407854, 'RMSE': 69.85586953819326}
[2026-06-16 05:41:22,477][finetune_logger][INFO] - Validation metrics: {'MAE': 21.590575107407854, 'RMSE': 69.85586953819326}
2026-06-16 05:41:22 - finetune_logger - INFO - Val time: 32.84s
[2026-06-16 05:41:22,478][finetune_logger][INFO] - Val time: 32.84s
2026-06-16 05:41:22 - finetune_logger - INFO - Val memory reserved: 26.00 MB
[2026-06-16 05:41:22,478][finetune_logger][INFO] - Val memory reserved: 26.00 MB
2026-06-16 05:41:22 - finetune_logger - INFO - Val memory allocated: 18.10 MB
[2026-06-16 05:41:22,478][finetune_logger][INFO] - Val memory allocated: 18.10 MB
2026-06-16 05:41:22 - finetune_logger - INFO - Logged epoch 3 info to /public/home/202411094934/python_project/Spatio-Temporal-Library/time-series/2026-06-16/itransformer/finetune20/weather/time-series/seed_2/training_log.json
[2026-06-16 05:41:22,481][finetune_logger][INFO] - Logged epoch 3 info to /public/home/202411094934/python_project/Spatio-Temporal-Library/time-series/2026-06-16/itransformer/finetune20/weather/time-series/seed_2/training_log.json
2026-06-16 05:42:28 - finetune_logger - INFO - Test metrics: {'MAE': 12.753349783702163, 'RMSE': 42.21242490466166}
[2026-06-16 05:42:28,918][finetune_logger][INFO] - Test metrics: {'MAE': 12.753349783702163, 'RMSE': 42.21242490466166}
2026-06-16 05:42:28 - finetune_logger - INFO - Test time: 66.44s
[2026-06-16 05:42:28,919][finetune_logger][INFO] - Test time: 66.44s
2026-06-16 05:42:28 - finetune_logger - INFO - Test memory reserved: 26.00 MB
[2026-06-16 05:42:28,919][finetune_logger][INFO] - Test memory reserved: 26.00 MB
2026-06-16 05:42:28 - finetune_logger - INFO - Test memory allocated: 18.10 MB
[2026-06-16 05:42:28,919][finetune_logger][INFO] - Test memory allocated: 18.10 MB
2026-06-16 05:42:28 - finetune_logger - INFO - Epoch 4/20
[2026-06-16 05:42:28,919][finetune_logger][INFO] - Epoch 4/20
2026-06-16 05:51:45 - finetune_logger - INFO - Train loss: 23.556610011616968
[2026-06-16 05:51:45,789][finetune_logger][INFO] - Train loss: 23.556610011616968
2026-06-16 05:51:45 - finetune_logger - INFO - Train time: 556.8700020313263s
[2026-06-16 05:51:45,790][finetune_logger][INFO] - Train time: 556.8700020313263s
2026-06-16 05:51:45 - finetune_logger - INFO - Train memory reserved: 26.00 MB
[2026-06-16 05:51:45,790][finetune_logger][INFO] - Train memory reserved: 26.00 MB
2026-06-16 05:51:45 - finetune_logger - INFO - Train memory allocated: 18.10 MB
[2026-06-16 05:51:45,790][finetune_logger][INFO] - Train memory allocated: 18.10 MB
2026-06-16 05:51:45 - finetune_logger - INFO - Current learning rate: 0.0005
[2026-06-16 05:51:45,790][finetune_logger][INFO] - Current learning rate: 0.0005
2026-06-16 05:52:18 - finetune_logger - INFO - Validation metrics: {'MAE': 22.385973890606518, 'RMSE': 73.95967799180194}
[2026-06-16 05:52:18,596][finetune_logger][INFO] - Validation metrics: {'MAE': 22.385973890606518, 'RMSE': 73.95967799180194}
2026-06-16 05:52:18 - finetune_logger - INFO - Val time: 32.81s
[2026-06-16 05:52:18,596][finetune_logger][INFO] - Val time: 32.81s
2026-06-16 05:52:18 - finetune_logger - INFO - Val memory reserved: 26.00 MB
[2026-06-16 05:52:18,597][finetune_logger][INFO] - Val memory reserved: 26.00 MB
2026-06-16 05:52:18 - finetune_logger - INFO - Val memory allocated: 18.10 MB
[2026-06-16 05:52:18,597][finetune_logger][INFO] - Val memory allocated: 18.10 MB
2026-06-16 05:52:18 - finetune_logger - INFO - Logged epoch 4 info to /public/home/202411094934/python_project/Spatio-Temporal-Library/time-series/2026-06-16/itransformer/finetune20/weather/time-series/seed_2/training_log.json
[2026-06-16 05:52:18,600][finetune_logger][INFO] - Logged epoch 4 info to /public/home/202411094934/python_project/Spatio-Temporal-Library/time-series/2026-06-16/itransformer/finetune20/weather/time-series/seed_2/training_log.json
2026-06-16 05:53:25 - finetune_logger - INFO - Test metrics: {'MAE': 12.501848388170234, 'RMSE': 42.12752615864172}
[2026-06-16 05:53:25,074][finetune_logger][INFO] - Test metrics: {'MAE': 12.501848388170234, 'RMSE': 42.12752615864172}
2026-06-16 05:53:25 - finetune_logger - INFO - Test time: 66.47s
[2026-06-16 05:53:25,074][finetune_logger][INFO] - Test time: 66.47s
2026-06-16 05:53:25 - finetune_logger - INFO - Test memory reserved: 26.00 MB
[2026-06-16 05:53:25,074][finetune_logger][INFO] - Test memory reserved: 26.00 MB
2026-06-16 05:53:25 - finetune_logger - INFO - Test memory allocated: 18.10 MB
[2026-06-16 05:53:25,074][finetune_logger][INFO] - Test memory allocated: 18.10 MB
2026-06-16 05:53:25 - finetune_logger - INFO - Epoch 5/20
[2026-06-16 05:53:25,074][finetune_logger][INFO] - Epoch 5/20
2026-06-16 06:02:41 - finetune_logger - INFO - Train loss: 22.970450101590572
[2026-06-16 06:02:41,958][finetune_logger][INFO] - Train loss: 22.970450101590572
2026-06-16 06:02:41 - finetune_logger - INFO - Train time: 556.8835487365723s
[2026-06-16 06:02:41,959][finetune_logger][INFO] - Train time: 556.8835487365723s
2026-06-16 06:02:41 - finetune_logger - INFO - Train memory reserved: 26.00 MB
[2026-06-16 06:02:41,959][finetune_logger][INFO] - Train memory reserved: 26.00 MB
2026-06-16 06:02:41 - finetune_logger - INFO - Train memory allocated: 18.10 MB
[2026-06-16 06:02:41,959][finetune_logger][INFO] - Train memory allocated: 18.10 MB
2026-06-16 06:02:41 - finetune_logger - INFO - Current learning rate: 0.0005
[2026-06-16 06:02:41,959][finetune_logger][INFO] - Current learning rate: 0.0005
2026-06-16 06:03:14 - finetune_logger - INFO - Validation metrics: {'MAE': 20.601189216199828, 'RMSE': 68.7664737617725}
[2026-06-16 06:03:14,737][finetune_logger][INFO] - Validation metrics: {'MAE': 20.601189216199828, 'RMSE': 68.7664737617725}
2026-06-16 06:03:14 - finetune_logger - INFO - Val time: 32.78s
[2026-06-16 06:03:14,738][finetune_logger][INFO] - Val time: 32.78s
2026-06-16 06:03:14 - finetune_logger - INFO - Val memory reserved: 26.00 MB
[2026-06-16 06:03:14,738][finetune_logger][INFO] - Val memory reserved: 26.00 MB
2026-06-16 06:03:14 - finetune_logger - INFO - Val memory allocated: 18.10 MB
[2026-06-16 06:03:14,738][finetune_logger][INFO] - Val memory allocated: 18.10 MB
2026-06-16 06:03:14 - finetune_logger - INFO - Logged epoch 5 info to /public/home/202411094934/python_project/Spatio-Temporal-Library/time-series/2026-06-16/itransformer/finetune20/weather/time-series/seed_2/training_log.json
[2026-06-16 06:03:14,741][finetune_logger][INFO] - Logged epoch 5 info to /public/home/202411094934/python_project/Spatio-Temporal-Library/time-series/2026-06-16/itransformer/finetune20/weather/time-series/seed_2/training_log.json
2026-06-16 06:03:14 - finetune_logger - INFO - New best model! Val loss: 20.601189
[2026-06-16 06:03:14,742][finetune_logger][INFO] - New best model! Val loss: 20.601189
2026-06-16 06:04:21 - finetune_logger - INFO - Test metrics: {'MAE': 12.063054593836814, 'RMSE': 41.15560923651922}
[2026-06-16 06:04:21,090][finetune_logger][INFO] - Test metrics: {'MAE': 12.063054593836814, 'RMSE': 41.15560923651922}
2026-06-16 06:04:21 - finetune_logger - INFO - Test time: 66.30s
[2026-06-16 06:04:21,090][finetune_logger][INFO] - Test time: 66.30s
2026-06-16 06:04:21 - finetune_logger - INFO - Test memory reserved: 26.00 MB
[2026-06-16 06:04:21,090][finetune_logger][INFO] - Test memory reserved: 26.00 MB
2026-06-16 06:04:21 - finetune_logger - INFO - Test memory allocated: 18.10 MB
[2026-06-16 06:04:21,090][finetune_logger][INFO] - Test memory allocated: 18.10 MB
2026-06-16 06:04:21 - finetune_logger - INFO - Epoch 6/20
[2026-06-16 06:04:21,091][finetune_logger][INFO] - Epoch 6/20
2026-06-16 06:13:37 - finetune_logger - INFO - Train loss: 22.48891086462758
[2026-06-16 06:13:37,541][finetune_logger][INFO] - Train loss: 22.48891086462758
2026-06-16 06:13:37 - finetune_logger - INFO - Train time: 556.4498996734619s
[2026-06-16 06:13:37,541][finetune_logger][INFO] - Train time: 556.4498996734619s
2026-06-16 06:13:37 - finetune_logger - INFO - Train memory reserved: 26.00 MB
[2026-06-16 06:13:37,541][finetune_logger][INFO] - Train memory reserved: 26.00 MB
2026-06-16 06:13:37 - finetune_logger - INFO - Train memory allocated: 18.10 MB
[2026-06-16 06:13:37,541][finetune_logger][INFO] - Train memory allocated: 18.10 MB
2026-06-16 06:13:37 - finetune_logger - INFO - Current learning rate: 0.0005
[2026-06-16 06:13:37,542][finetune_logger][INFO] - Current learning rate: 0.0005
2026-06-16 06:14:10 - finetune_logger - INFO - Validation metrics: {'MAE': 20.563672201634255, 'RMSE': 68.9258544820683}
[2026-06-16 06:14:10,871][finetune_logger][INFO] - Validation metrics: {'MAE': 20.563672201634255, 'RMSE': 68.9258544820683}
2026-06-16 06:14:10 - finetune_logger - INFO - Val time: 33.33s
[2026-06-16 06:14:10,871][finetune_logger][INFO] - Val time: 33.33s
2026-06-16 06:14:10 - finetune_logger - INFO - Val memory reserved: 26.00 MB
[2026-06-16 06:14:10,871][finetune_logger][INFO] - Val memory reserved: 26.00 MB
2026-06-16 06:14:10 - finetune_logger - INFO - Val memory allocated: 18.10 MB
[2026-06-16 06:14:10,871][finetune_logger][INFO] - Val memory allocated: 18.10 MB
2026-06-16 06:14:10 - finetune_logger - INFO - Logged epoch 6 info to /public/home/202411094934/python_project/Spatio-Temporal-Library/time-series/2026-06-16/itransformer/finetune20/weather/time-series/seed_2/training_log.json
[2026-06-16 06:14:10,875][finetune_logger][INFO] - Logged epoch 6 info to /public/home/202411094934/python_project/Spatio-Temporal-Library/time-series/2026-06-16/itransformer/finetune20/weather/time-series/seed_2/training_log.json
2026-06-16 06:14:10 - finetune_logger - INFO - New best model! Val loss: 20.563672
[2026-06-16 06:14:10,875][finetune_logger][INFO] - New best model! Val loss: 20.563672
2026-06-16 06:15:17 - finetune_logger - INFO - Test metrics: {'MAE': 11.780439930907903, 'RMSE': 40.262316268221795}
[2026-06-16 06:15:17,232][finetune_logger][INFO] - Test metrics: {'MAE': 11.780439930907903, 'RMSE': 40.262316268221795}
2026-06-16 06:15:17 - finetune_logger - INFO - Test time: 66.31s
[2026-06-16 06:15:17,232][finetune_logger][INFO] - Test time: 66.31s
2026-06-16 06:15:17 - finetune_logger - INFO - Test memory reserved: 26.00 MB
[2026-06-16 06:15:17,233][finetune_logger][INFO] - Test memory reserved: 26.00 MB
2026-06-16 06:15:17 - finetune_logger - INFO - Test memory allocated: 18.10 MB
[2026-06-16 06:15:17,233][finetune_logger][INFO] - Test memory allocated: 18.10 MB
2026-06-16 06:15:17 - finetune_logger - INFO - Epoch 7/20
[2026-06-16 06:15:17,233][finetune_logger][INFO] - Epoch 7/20
2026-06-16 06:24:33 - finetune_logger - INFO - Train loss: 22.059881838863667
[2026-06-16 06:24:33,371][finetune_logger][INFO] - Train loss: 22.059881838863667
2026-06-16 06:24:33 - finetune_logger - INFO - Train time: 556.1377642154694s
[2026-06-16 06:24:33,371][finetune_logger][INFO] - Train time: 556.1377642154694s
2026-06-16 06:24:33 - finetune_logger - INFO - Train memory reserved: 26.00 MB
[2026-06-16 06:24:33,372][finetune_logger][INFO] - Train memory reserved: 26.00 MB
2026-06-16 06:24:33 - finetune_logger - INFO - Train memory allocated: 18.10 MB
[2026-06-16 06:24:33,372][finetune_logger][INFO] - Train memory allocated: 18.10 MB
2026-06-16 06:24:33 - finetune_logger - INFO - Current learning rate: 0.0005
[2026-06-16 06:24:33,372][finetune_logger][INFO] - Current learning rate: 0.0005
2026-06-16 06:25:06 - finetune_logger - INFO - Validation metrics: {'MAE': 20.90317228394862, 'RMSE': 69.73514538244909}
[2026-06-16 06:25:06,122][finetune_logger][INFO] - Validation metrics: {'MAE': 20.90317228394862, 'RMSE': 69.73514538244909}
2026-06-16 06:25:06 - finetune_logger - INFO - Val time: 32.75s
[2026-06-16 06:25:06,122][finetune_logger][INFO] - Val time: 32.75s
2026-06-16 06:25:06 - finetune_logger - INFO - Val memory reserved: 26.00 MB
[2026-06-16 06:25:06,122][finetune_logger][INFO] - Val memory reserved: 26.00 MB
2026-06-16 06:25:06 - finetune_logger - INFO - Val memory allocated: 18.10 MB
[2026-06-16 06:25:06,122][finetune_logger][INFO] - Val memory allocated: 18.10 MB
2026-06-16 06:25:06 - finetune_logger - INFO - Logged epoch 7 info to /public/home/202411094934/python_project/Spatio-Temporal-Library/time-series/2026-06-16/itransformer/finetune20/weather/time-series/seed_2/training_log.json
[2026-06-16 06:25:06,126][finetune_logger][INFO] - Logged epoch 7 info to /public/home/202411094934/python_project/Spatio-Temporal-Library/time-series/2026-06-16/itransformer/finetune20/weather/time-series/seed_2/training_log.json
2026-06-16 06:26:12 - finetune_logger - INFO - Test metrics: {'MAE': 12.093865021977807, 'RMSE': 41.505949748599456}
[2026-06-16 06:26:12,714][finetune_logger][INFO] - Test metrics: {'MAE': 12.093865021977807, 'RMSE': 41.505949748599456}
2026-06-16 06:26:12 - finetune_logger - INFO - Test time: 66.59s
[2026-06-16 06:26:12,714][finetune_logger][INFO] - Test time: 66.59s
2026-06-16 06:26:12 - finetune_logger - INFO - Test memory reserved: 26.00 MB
[2026-06-16 06:26:12,715][finetune_logger][INFO] - Test memory reserved: 26.00 MB
2026-06-16 06:26:12 - finetune_logger - INFO - Test memory allocated: 18.10 MB
[2026-06-16 06:26:12,715][finetune_logger][INFO] - Test memory allocated: 18.10 MB
2026-06-16 06:26:12 - finetune_logger - INFO - Epoch 8/20
[2026-06-16 06:26:12,715][finetune_logger][INFO] - Epoch 8/20
2026-06-16 06:35:29 - finetune_logger - INFO - Train loss: 21.763609916681013
[2026-06-16 06:35:29,074][finetune_logger][INFO] - Train loss: 21.763609916681013
2026-06-16 06:35:29 - finetune_logger - INFO - Train time: 556.3582785129547s
[2026-06-16 06:35:29,074][finetune_logger][INFO] - Train time: 556.3582785129547s
2026-06-16 06:35:29 - finetune_logger - INFO - Train memory reserved: 26.00 MB
[2026-06-16 06:35:29,074][finetune_logger][INFO] - Train memory reserved: 26.00 MB
2026-06-16 06:35:29 - finetune_logger - INFO - Train memory allocated: 18.10 MB
[2026-06-16 06:35:29,074][finetune_logger][INFO] - Train memory allocated: 18.10 MB
2026-06-16 06:35:29 - finetune_logger - INFO - Current learning rate: 0.0005
[2026-06-16 06:35:29,074][finetune_logger][INFO] - Current learning rate: 0.0005
2026-06-16 06:36:01 - finetune_logger - INFO - Validation metrics: {'MAE': 20.99745668126702, 'RMSE': 70.1800978207517}
[2026-06-16 06:36:01,842][finetune_logger][INFO] - Validation metrics: {'MAE': 20.99745668126702, 'RMSE': 70.1800978207517}
2026-06-16 06:36:01 - finetune_logger - INFO - Val time: 32.77s
[2026-06-16 06:36:01,842][finetune_logger][INFO] - Val time: 32.77s
2026-06-16 06:36:01 - finetune_logger - INFO - Val memory reserved: 26.00 MB
[2026-06-16 06:36:01,842][finetune_logger][INFO] - Val memory reserved: 26.00 MB
2026-06-16 06:36:01 - finetune_logger - INFO - Val memory allocated: 18.10 MB
[2026-06-16 06:36:01,842][finetune_logger][INFO] - Val memory allocated: 18.10 MB
2026-06-16 06:36:01 - finetune_logger - INFO - Logged epoch 8 info to /public/home/202411094934/python_project/Spatio-Temporal-Library/time-series/2026-06-16/itransformer/finetune20/weather/time-series/seed_2/training_log.json
[2026-06-16 06:36:01,847][finetune_logger][INFO] - Logged epoch 8 info to /public/home/202411094934/python_project/Spatio-Temporal-Library/time-series/2026-06-16/itransformer/finetune20/weather/time-series/seed_2/training_log.json
2026-06-16 06:37:08 - finetune_logger - INFO - Test metrics: {'MAE': 12.393919260941177, 'RMSE': 42.229932448257756}
[2026-06-16 06:37:08,274][finetune_logger][INFO] - Test metrics: {'MAE': 12.393919260941177, 'RMSE': 42.229932448257756}
2026-06-16 06:37:08 - finetune_logger - INFO - Test time: 66.43s
[2026-06-16 06:37:08,274][finetune_logger][INFO] - Test time: 66.43s
2026-06-16 06:37:08 - finetune_logger - INFO - Test memory reserved: 26.00 MB
[2026-06-16 06:37:08,275][finetune_logger][INFO] - Test memory reserved: 26.00 MB
2026-06-16 06:37:08 - finetune_logger - INFO - Test memory allocated: 18.10 MB
[2026-06-16 06:37:08,275][finetune_logger][INFO] - Test memory allocated: 18.10 MB
2026-06-16 06:37:08 - finetune_logger - INFO - Epoch 9/20
[2026-06-16 06:37:08,275][finetune_logger][INFO] - Epoch 9/20
2026-06-16 06:46:24 - finetune_logger - INFO - Train loss: 21.450307248154992
[2026-06-16 06:46:24,651][finetune_logger][INFO] - Train loss: 21.450307248154992
2026-06-16 06:46:24 - finetune_logger - INFO - Train time: 556.375324010849s
[2026-06-16 06:46:24,651][finetune_logger][INFO] - Train time: 556.375324010849s
2026-06-16 06:46:24 - finetune_logger - INFO - Train memory reserved: 26.00 MB
[2026-06-16 06:46:24,651][finetune_logger][INFO] - Train memory reserved: 26.00 MB
2026-06-16 06:46:24 - finetune_logger - INFO - Train memory allocated: 18.10 MB
[2026-06-16 06:46:24,651][finetune_logger][INFO] - Train memory allocated: 18.10 MB
2026-06-16 06:46:24 - finetune_logger - INFO - Current learning rate: 0.0005
[2026-06-16 06:46:24,651][finetune_logger][INFO] - Current learning rate: 0.0005
2026-06-16 06:46:57 - finetune_logger - INFO - Validation metrics: {'MAE': 21.091292583091168, 'RMSE': 71.17538391892305}
[2026-06-16 06:46:57,370][finetune_logger][INFO] - Validation metrics: {'MAE': 21.091292583091168, 'RMSE': 71.17538391892305}
2026-06-16 06:46:57 - finetune_logger - INFO - Val time: 32.72s
[2026-06-16 06:46:57,370][finetune_logger][INFO] - Val time: 32.72s
2026-06-16 06:46:57 - finetune_logger - INFO - Val memory reserved: 26.00 MB
[2026-06-16 06:46:57,370][finetune_logger][INFO] - Val memory reserved: 26.00 MB
2026-06-16 06:46:57 - finetune_logger - INFO - Val memory allocated: 18.10 MB
[2026-06-16 06:46:57,370][finetune_logger][INFO] - Val memory allocated: 18.10 MB
2026-06-16 06:46:57 - finetune_logger - INFO - Logged epoch 9 info to /public/home/202411094934/python_project/Spatio-Temporal-Library/time-series/2026-06-16/itransformer/finetune20/weather/time-series/seed_2/training_log.json
[2026-06-16 06:46:57,374][finetune_logger][INFO] - Logged epoch 9 info to /public/home/202411094934/python_project/Spatio-Temporal-Library/time-series/2026-06-16/itransformer/finetune20/weather/time-series/seed_2/training_log.json
2026-06-16 06:48:03 - finetune_logger - INFO - Test metrics: {'MAE': 12.23075450019579, 'RMSE': 42.1726722644962}
[2026-06-16 06:48:03,577][finetune_logger][INFO] - Test metrics: {'MAE': 12.23075450019579, 'RMSE': 42.1726722644962}
2026-06-16 06:48:03 - finetune_logger - INFO - Test time: 66.20s
[2026-06-16 06:48:03,577][finetune_logger][INFO] - Test time: 66.20s
2026-06-16 06:48:03 - finetune_logger - INFO - Test memory reserved: 26.00 MB
[2026-06-16 06:48:03,577][finetune_logger][INFO] - Test memory reserved: 26.00 MB
2026-06-16 06:48:03 - finetune_logger - INFO - Test memory allocated: 18.10 MB
[2026-06-16 06:48:03,577][finetune_logger][INFO] - Test memory allocated: 18.10 MB
2026-06-16 06:48:03 - finetune_logger - INFO - Epoch 10/20
[2026-06-16 06:48:03,578][finetune_logger][INFO] - Epoch 10/20
2026-06-16 06:57:19 - finetune_logger - INFO - Train loss: 21.173944077980522
[2026-06-16 06:57:19,252][finetune_logger][INFO] - Train loss: 21.173944077980522
2026-06-16 06:57:19 - finetune_logger - INFO - Train time: 555.6740624904633s
[2026-06-16 06:57:19,252][finetune_logger][INFO] - Train time: 555.6740624904633s
2026-06-16 06:57:19 - finetune_logger - INFO - Train memory reserved: 26.00 MB
[2026-06-16 06:57:19,253][finetune_logger][INFO] - Train memory reserved: 26.00 MB
2026-06-16 06:57:19 - finetune_logger - INFO - Train memory allocated: 18.10 MB
[2026-06-16 06:57:19,253][finetune_logger][INFO] - Train memory allocated: 18.10 MB
2026-06-16 06:57:19 - finetune_logger - INFO - Current learning rate: 0.0005
[2026-06-16 06:57:19,253][finetune_logger][INFO] - Current learning rate: 0.0005
2026-06-16 06:57:51 - finetune_logger - INFO - Validation metrics: {'MAE': 21.734804000709993, 'RMSE': 72.65766758913047}
[2026-06-16 06:57:51,976][finetune_logger][INFO] - Validation metrics: {'MAE': 21.734804000709993, 'RMSE': 72.65766758913047}
2026-06-16 06:57:51 - finetune_logger - INFO - Val time: 32.72s
[2026-06-16 06:57:51,976][finetune_logger][INFO] - Val time: 32.72s
2026-06-16 06:57:51 - finetune_logger - INFO - Val memory reserved: 26.00 MB
[2026-06-16 06:57:51,976][finetune_logger][INFO] - Val memory reserved: 26.00 MB
2026-06-16 06:57:51 - finetune_logger - INFO - Val memory allocated: 18.10 MB
[2026-06-16 06:57:51,976][finetune_logger][INFO] - Val memory allocated: 18.10 MB
2026-06-16 06:57:51 - finetune_logger - INFO - Logged epoch 10 info to /public/home/202411094934/python_project/Spatio-Temporal-Library/time-series/2026-06-16/itransformer/finetune20/weather/time-series/seed_2/training_log.json
[2026-06-16 06:57:51,979][finetune_logger][INFO] - Logged epoch 10 info to /public/home/202411094934/python_project/Spatio-Temporal-Library/time-series/2026-06-16/itransformer/finetune20/weather/time-series/seed_2/training_log.json
2026-06-16 06:58:58 - finetune_logger - INFO - Test metrics: {'MAE': 13.058263836894435, 'RMSE': 44.624328587225314}
[2026-06-16 06:58:58,291][finetune_logger][INFO] - Test metrics: {'MAE': 13.058263836894435, 'RMSE': 44.624328587225314}
2026-06-16 06:58:58 - finetune_logger - INFO - Test time: 66.29s
[2026-06-16 06:58:58,291][finetune_logger][INFO] - Test time: 66.29s
2026-06-16 06:58:58 - finetune_logger - INFO - Test memory reserved: 26.00 MB
[2026-06-16 06:58:58,292][finetune_logger][INFO] - Test memory reserved: 26.00 MB
2026-06-16 06:58:58 - finetune_logger - INFO - Test memory allocated: 18.10 MB
[2026-06-16 06:58:58,292][finetune_logger][INFO] - Test memory allocated: 18.10 MB
2026-06-16 06:58:58 - finetune_logger - INFO - Epoch 11/20
[2026-06-16 06:58:58,292][finetune_logger][INFO] - Epoch 11/20
2026-06-16 07:08:14 - finetune_logger - INFO - Train loss: 20.18810126824545
[2026-06-16 07:08:14,176][finetune_logger][INFO] - Train loss: 20.18810126824545
2026-06-16 07:08:14 - finetune_logger - INFO - Train time: 555.8834247589111s
[2026-06-16 07:08:14,176][finetune_logger][INFO] - Train time: 555.8834247589111s
2026-06-16 07:08:14 - finetune_logger - INFO - Train memory reserved: 26.00 MB
[2026-06-16 07:08:14,176][finetune_logger][INFO] - Train memory reserved: 26.00 MB
2026-06-16 07:08:14 - finetune_logger - INFO - Train memory allocated: 18.10 MB
[2026-06-16 07:08:14,176][finetune_logger][INFO] - Train memory allocated: 18.10 MB
2026-06-16 07:08:14 - finetune_logger - INFO - Current learning rate: 0.00025
[2026-06-16 07:08:14,176][finetune_logger][INFO] - Current learning rate: 0.00025
2026-06-16 07:08:46 - finetune_logger - INFO - Validation metrics: {'MAE': 21.21597302963303, 'RMSE': 72.29003182986732}
[2026-06-16 07:08:46,950][finetune_logger][INFO] - Validation metrics: {'MAE': 21.21597302963303, 'RMSE': 72.29003182986732}
2026-06-16 07:08:46 - finetune_logger - INFO - Val time: 32.77s
[2026-06-16 07:08:46,950][finetune_logger][INFO] - Val time: 32.77s
2026-06-16 07:08:46 - finetune_logger - INFO - Val memory reserved: 26.00 MB
[2026-06-16 07:08:46,950][finetune_logger][INFO] - Val memory reserved: 26.00 MB
2026-06-16 07:08:46 - finetune_logger - INFO - Val memory allocated: 18.10 MB
[2026-06-16 07:08:46,950][finetune_logger][INFO] - Val memory allocated: 18.10 MB
2026-06-16 07:08:46 - finetune_logger - INFO - Logged epoch 11 info to /public/home/202411094934/python_project/Spatio-Temporal-Library/time-series/2026-06-16/itransformer/finetune20/weather/time-series/seed_2/training_log.json
[2026-06-16 07:08:46,954][finetune_logger][INFO] - Logged epoch 11 info to /public/home/202411094934/python_project/Spatio-Temporal-Library/time-series/2026-06-16/itransformer/finetune20/weather/time-series/seed_2/training_log.json
2026-06-16 07:09:53 - finetune_logger - INFO - Test metrics: {'MAE': 12.26288336119599, 'RMSE': 42.95996606327927}
[2026-06-16 07:09:53,265][finetune_logger][INFO] - Test metrics: {'MAE': 12.26288336119599, 'RMSE': 42.95996606327927}
2026-06-16 07:09:53 - finetune_logger - INFO - Test time: 66.31s
[2026-06-16 07:09:53,266][finetune_logger][INFO] - Test time: 66.31s
2026-06-16 07:09:53 - finetune_logger - INFO - Test memory reserved: 26.00 MB
[2026-06-16 07:09:53,266][finetune_logger][INFO] - Test memory reserved: 26.00 MB
2026-06-16 07:09:53 - finetune_logger - INFO - Test memory allocated: 18.10 MB
[2026-06-16 07:09:53,266][finetune_logger][INFO] - Test memory allocated: 18.10 MB
2026-06-16 07:09:53 - finetune_logger - INFO - Epoch 12/20
[2026-06-16 07:09:53,266][finetune_logger][INFO] - Epoch 12/20
2026-06-16 07:19:09 - finetune_logger - INFO - Train loss: 19.94977468256078
[2026-06-16 07:19:09,121][finetune_logger][INFO] - Train loss: 19.94977468256078
2026-06-16 07:19:09 - finetune_logger - INFO - Train time: 555.8541803359985s
[2026-06-16 07:19:09,121][finetune_logger][INFO] - Train time: 555.8541803359985s
2026-06-16 07:19:09 - finetune_logger - INFO - Train memory reserved: 26.00 MB
[2026-06-16 07:19:09,121][finetune_logger][INFO] - Train memory reserved: 26.00 MB
2026-06-16 07:19:09 - finetune_logger - INFO - Train memory allocated: 18.10 MB
[2026-06-16 07:19:09,121][finetune_logger][INFO] - Train memory allocated: 18.10 MB
2026-06-16 07:19:09 - finetune_logger - INFO - Current learning rate: 0.00025
[2026-06-16 07:19:09,121][finetune_logger][INFO] - Current learning rate: 0.00025
2026-06-16 07:19:41 - finetune_logger - INFO - Validation metrics: {'MAE': 21.57184509361781, 'RMSE': 73.10927641168254}
[2026-06-16 07:19:41,966][finetune_logger][INFO] - Validation metrics: {'MAE': 21.57184509361781, 'RMSE': 73.10927641168254}
2026-06-16 07:19:41 - finetune_logger - INFO - Val time: 32.84s
[2026-06-16 07:19:41,966][finetune_logger][INFO] - Val time: 32.84s
2026-06-16 07:19:41 - finetune_logger - INFO - Val memory reserved: 26.00 MB
[2026-06-16 07:19:41,966][finetune_logger][INFO] - Val memory reserved: 26.00 MB
2026-06-16 07:19:41 - finetune_logger - INFO - Val memory allocated: 18.10 MB
[2026-06-16 07:19:41,966][finetune_logger][INFO] - Val memory allocated: 18.10 MB
2026-06-16 07:19:41 - finetune_logger - INFO - Logged epoch 12 info to /public/home/202411094934/python_project/Spatio-Temporal-Library/time-series/2026-06-16/itransformer/finetune20/weather/time-series/seed_2/training_log.json
[2026-06-16 07:19:41,970][finetune_logger][INFO] - Logged epoch 12 info to /public/home/202411094934/python_project/Spatio-Temporal-Library/time-series/2026-06-16/itransformer/finetune20/weather/time-series/seed_2/training_log.json
2026-06-16 07:20:48 - finetune_logger - INFO - Test metrics: {'MAE': 12.224300244391207, 'RMSE': 42.360422088917765}
[2026-06-16 07:20:48,352][finetune_logger][INFO] - Test metrics: {'MAE': 12.224300244391207, 'RMSE': 42.360422088917765}
2026-06-16 07:20:48 - finetune_logger - INFO - Test time: 66.38s
[2026-06-16 07:20:48,352][finetune_logger][INFO] - Test time: 66.38s
2026-06-16 07:20:48 - finetune_logger - INFO - Test memory reserved: 26.00 MB
[2026-06-16 07:20:48,352][finetune_logger][INFO] - Test memory reserved: 26.00 MB
2026-06-16 07:20:48 - finetune_logger - INFO - Test memory allocated: 18.10 MB
[2026-06-16 07:20:48,352][finetune_logger][INFO] - Test memory allocated: 18.10 MB
2026-06-16 07:20:48 - finetune_logger - INFO - Epoch 13/20
[2026-06-16 07:20:48,353][finetune_logger][INFO] - Epoch 13/20
2026-06-16 07:30:03 - finetune_logger - INFO - Train loss: 19.790650542424377
[2026-06-16 07:30:03,978][finetune_logger][INFO] - Train loss: 19.790650542424377
2026-06-16 07:30:03 - finetune_logger - INFO - Train time: 555.6250116825104s
[2026-06-16 07:30:03,978][finetune_logger][INFO] - Train time: 555.6250116825104s
2026-06-16 07:30:03 - finetune_logger - INFO - Train memory reserved: 26.00 MB
[2026-06-16 07:30:03,978][finetune_logger][INFO] - Train memory reserved: 26.00 MB
2026-06-16 07:30:03 - finetune_logger - INFO - Train memory allocated: 18.10 MB
[2026-06-16 07:30:03,979][finetune_logger][INFO] - Train memory allocated: 18.10 MB
2026-06-16 07:30:03 - finetune_logger - INFO - Current learning rate: 0.00025
[2026-06-16 07:30:03,979][finetune_logger][INFO] - Current learning rate: 0.00025
2026-06-16 07:30:36 - finetune_logger - INFO - Validation metrics: {'MAE': 21.304827528357333, 'RMSE': 72.56736091032485}
[2026-06-16 07:30:36,706][finetune_logger][INFO] - Validation metrics: {'MAE': 21.304827528357333, 'RMSE': 72.56736091032485}
2026-06-16 07:30:36 - finetune_logger - INFO - Val time: 32.73s
[2026-06-16 07:30:36,707][finetune_logger][INFO] - Val time: 32.73s
2026-06-16 07:30:36 - finetune_logger - INFO - Val memory reserved: 26.00 MB
[2026-06-16 07:30:36,707][finetune_logger][INFO] - Val memory reserved: 26.00 MB
2026-06-16 07:30:36 - finetune_logger - INFO - Val memory allocated: 18.10 MB
[2026-06-16 07:30:36,707][finetune_logger][INFO] - Val memory allocated: 18.10 MB
2026-06-16 07:30:36 - finetune_logger - INFO - Logged epoch 13 info to /public/home/202411094934/python_project/Spatio-Temporal-Library/time-series/2026-06-16/itransformer/finetune20/weather/time-series/seed_2/training_log.json
[2026-06-16 07:30:36,710][finetune_logger][INFO] - Logged epoch 13 info to /public/home/202411094934/python_project/Spatio-Temporal-Library/time-series/2026-06-16/itransformer/finetune20/weather/time-series/seed_2/training_log.json
2026-06-16 07:31:42 - finetune_logger - INFO - Test metrics: {'MAE': 12.583419350251777, 'RMSE': 43.74879064457904}
[2026-06-16 07:31:42,959][finetune_logger][INFO] - Test metrics: {'MAE': 12.583419350251777, 'RMSE': 43.74879064457904}
2026-06-16 07:31:42 - finetune_logger - INFO - Test time: 66.25s
[2026-06-16 07:31:42,960][finetune_logger][INFO] - Test time: 66.25s
2026-06-16 07:31:42 - finetune_logger - INFO - Test memory reserved: 26.00 MB
[2026-06-16 07:31:42,960][finetune_logger][INFO] - Test memory reserved: 26.00 MB
2026-06-16 07:31:42 - finetune_logger - INFO - Test memory allocated: 18.10 MB
[2026-06-16 07:31:42,960][finetune_logger][INFO] - Test memory allocated: 18.10 MB
2026-06-16 07:31:42 - finetune_logger - INFO - Epoch 14/20
[2026-06-16 07:31:42,960][finetune_logger][INFO] - Epoch 14/20
2026-06-16 07:40:58 - finetune_logger - INFO - Train loss: 19.669540123326094
[2026-06-16 07:40:58,762][finetune_logger][INFO] - Train loss: 19.669540123326094
2026-06-16 07:40:58 - finetune_logger - INFO - Train time: 555.8019123077393s
[2026-06-16 07:40:58,763][finetune_logger][INFO] - Train time: 555.8019123077393s
2026-06-16 07:40:58 - finetune_logger - INFO - Train memory reserved: 26.00 MB
[2026-06-16 07:40:58,763][finetune_logger][INFO] - Train memory reserved: 26.00 MB
2026-06-16 07:40:58 - finetune_logger - INFO - Train memory allocated: 18.10 MB
[2026-06-16 07:40:58,763][finetune_logger][INFO] - Train memory allocated: 18.10 MB
2026-06-16 07:40:58 - finetune_logger - INFO - Current learning rate: 0.00025
[2026-06-16 07:40:58,763][finetune_logger][INFO] - Current learning rate: 0.00025
2026-06-16 07:41:31 - finetune_logger - INFO - Validation metrics: {'MAE': 21.06652119571484, 'RMSE': 71.87446762453204}
[2026-06-16 07:41:31,431][finetune_logger][INFO] - Validation metrics: {'MAE': 21.06652119571484, 'RMSE': 71.87446762453204}
2026-06-16 07:41:31 - finetune_logger - INFO - Val time: 32.67s
[2026-06-16 07:41:31,431][finetune_logger][INFO] - Val time: 32.67s
2026-06-16 07:41:31 - finetune_logger - INFO - Val memory reserved: 26.00 MB
[2026-06-16 07:41:31,431][finetune_logger][INFO] - Val memory reserved: 26.00 MB
2026-06-16 07:41:31 - finetune_logger - INFO - Val memory allocated: 18.10 MB
[2026-06-16 07:41:31,431][finetune_logger][INFO] - Val memory allocated: 18.10 MB
2026-06-16 07:41:31 - finetune_logger - INFO - Logged epoch 14 info to /public/home/202411094934/python_project/Spatio-Temporal-Library/time-series/2026-06-16/itransformer/finetune20/weather/time-series/seed_2/training_log.json
[2026-06-16 07:41:31,434][finetune_logger][INFO] - Logged epoch 14 info to /public/home/202411094934/python_project/Spatio-Temporal-Library/time-series/2026-06-16/itransformer/finetune20/weather/time-series/seed_2/training_log.json
2026-06-16 07:42:37 - finetune_logger - INFO - Test metrics: {'MAE': 12.35054530313885, 'RMSE': 42.918221982011104}
[2026-06-16 07:42:37,833][finetune_logger][INFO] - Test metrics: {'MAE': 12.35054530313885, 'RMSE': 42.918221982011104}
2026-06-16 07:42:37 - finetune_logger - INFO - Test time: 66.40s
[2026-06-16 07:42:37,834][finetune_logger][INFO] - Test time: 66.40s
2026-06-16 07:42:37 - finetune_logger - INFO - Test memory reserved: 26.00 MB
[2026-06-16 07:42:37,834][finetune_logger][INFO] - Test memory reserved: 26.00 MB
2026-06-16 07:42:37 - finetune_logger - INFO - Test memory allocated: 18.10 MB
[2026-06-16 07:42:37,834][finetune_logger][INFO] - Test memory allocated: 18.10 MB
2026-06-16 07:42:37 - finetune_logger - INFO - Epoch 15/20
[2026-06-16 07:42:37,834][finetune_logger][INFO] - Epoch 15/20
2026-06-16 07:51:53 - finetune_logger - INFO - Train loss: 19.560478431190813
[2026-06-16 07:51:53,560][finetune_logger][INFO] - Train loss: 19.560478431190813
2026-06-16 07:51:53 - finetune_logger - INFO - Train time: 555.7256791591644s
[2026-06-16 07:51:53,560][finetune_logger][INFO] - Train time: 555.7256791591644s
2026-06-16 07:51:53 - finetune_logger - INFO - Train memory reserved: 26.00 MB
[2026-06-16 07:51:53,561][finetune_logger][INFO] - Train memory reserved: 26.00 MB
2026-06-16 07:51:53 - finetune_logger - INFO - Train memory allocated: 18.10 MB
[2026-06-16 07:51:53,561][finetune_logger][INFO] - Train memory allocated: 18.10 MB
2026-06-16 07:51:53 - finetune_logger - INFO - Current learning rate: 0.00025
[2026-06-16 07:51:53,561][finetune_logger][INFO] - Current learning rate: 0.00025
2026-06-16 07:52:26 - finetune_logger - INFO - Validation metrics: {'MAE': 20.76980810047474, 'RMSE': 71.14594193821067}
[2026-06-16 07:52:26,284][finetune_logger][INFO] - Validation metrics: {'MAE': 20.76980810047474, 'RMSE': 71.14594193821067}
2026-06-16 07:52:26 - finetune_logger - INFO - Val time: 32.72s
[2026-06-16 07:52:26,284][finetune_logger][INFO] - Val time: 32.72s
2026-06-16 07:52:26 - finetune_logger - INFO - Val memory reserved: 26.00 MB
[2026-06-16 07:52:26,284][finetune_logger][INFO] - Val memory reserved: 26.00 MB
2026-06-16 07:52:26 - finetune_logger - INFO - Val memory allocated: 18.10 MB
[2026-06-16 07:52:26,284][finetune_logger][INFO] - Val memory allocated: 18.10 MB
2026-06-16 07:52:26 - finetune_logger - INFO - Logged epoch 15 info to /public/home/202411094934/python_project/Spatio-Temporal-Library/time-series/2026-06-16/itransformer/finetune20/weather/time-series/seed_2/training_log.json
[2026-06-16 07:52:26,288][finetune_logger][INFO] - Logged epoch 15 info to /public/home/202411094934/python_project/Spatio-Temporal-Library/time-series/2026-06-16/itransformer/finetune20/weather/time-series/seed_2/training_log.json
2026-06-16 07:53:32 - finetune_logger - INFO - Test metrics: {'MAE': 11.981232625625577, 'RMSE': 41.78201696834456}
[2026-06-16 07:53:32,563][finetune_logger][INFO] - Test metrics: {'MAE': 11.981232625625577, 'RMSE': 41.78201696834456}
2026-06-16 07:53:32 - finetune_logger - INFO - Test time: 66.27s
[2026-06-16 07:53:32,563][finetune_logger][INFO] - Test time: 66.27s
2026-06-16 07:53:32 - finetune_logger - INFO - Test memory reserved: 26.00 MB
[2026-06-16 07:53:32,563][finetune_logger][INFO] - Test memory reserved: 26.00 MB
2026-06-16 07:53:32 - finetune_logger - INFO - Test memory allocated: 18.10 MB
[2026-06-16 07:53:32,563][finetune_logger][INFO] - Test memory allocated: 18.10 MB
2026-06-16 07:53:32 - finetune_logger - INFO - Epoch 16/20
[2026-06-16 07:53:32,563][finetune_logger][INFO] - Epoch 16/20
2026-06-16 08:02:48 - finetune_logger - INFO - Train loss: 19.459644743717437
[2026-06-16 08:02:48,677][finetune_logger][INFO] - Train loss: 19.459644743717437
2026-06-16 08:02:48 - finetune_logger - INFO - Train time: 556.1133358478546s
[2026-06-16 08:02:48,677][finetune_logger][INFO] - Train time: 556.1133358478546s
2026-06-16 08:02:48 - finetune_logger - INFO - Train memory reserved: 26.00 MB
[2026-06-16 08:02:48,678][finetune_logger][INFO] - Train memory reserved: 26.00 MB
2026-06-16 08:02:48 - finetune_logger - INFO - Train memory allocated: 18.10 MB
[2026-06-16 08:02:48,678][finetune_logger][INFO] - Train memory allocated: 18.10 MB
2026-06-16 08:02:48 - finetune_logger - INFO - Current learning rate: 0.00025
[2026-06-16 08:02:48,678][finetune_logger][INFO] - Current learning rate: 0.00025
2026-06-16 08:03:21 - finetune_logger - INFO - Validation metrics: {'MAE': 21.59343562327766, 'RMSE': 74.44373962058454}
[2026-06-16 08:03:21,473][finetune_logger][INFO] - Validation metrics: {'MAE': 21.59343562327766, 'RMSE': 74.44373962058454}
2026-06-16 08:03:21 - finetune_logger - INFO - Val time: 32.79s
[2026-06-16 08:03:21,473][finetune_logger][INFO] - Val time: 32.79s
2026-06-16 08:03:21 - finetune_logger - INFO - Val memory reserved: 26.00 MB
[2026-06-16 08:03:21,473][finetune_logger][INFO] - Val memory reserved: 26.00 MB
2026-06-16 08:03:21 - finetune_logger - INFO - Val memory allocated: 18.10 MB
[2026-06-16 08:03:21,473][finetune_logger][INFO] - Val memory allocated: 18.10 MB
2026-06-16 08:03:21 - finetune_logger - INFO - Logged epoch 16 info to /public/home/202411094934/python_project/Spatio-Temporal-Library/time-series/2026-06-16/itransformer/finetune20/weather/time-series/seed_2/training_log.json
[2026-06-16 08:03:21,477][finetune_logger][INFO] - Logged epoch 16 info to /public/home/202411094934/python_project/Spatio-Temporal-Library/time-series/2026-06-16/itransformer/finetune20/weather/time-series/seed_2/training_log.json
2026-06-16 08:04:27 - finetune_logger - INFO - Test metrics: {'MAE': 11.946209396734107, 'RMSE': 41.87751116847652}
[2026-06-16 08:04:27,826][finetune_logger][INFO] - Test metrics: {'MAE': 11.946209396734107, 'RMSE': 41.87751116847652}
2026-06-16 08:04:27 - finetune_logger - INFO - Test time: 66.35s
[2026-06-16 08:04:27,826][finetune_logger][INFO] - Test time: 66.35s
2026-06-16 08:04:27 - finetune_logger - INFO - Test memory reserved: 26.00 MB
[2026-06-16 08:04:27,826][finetune_logger][INFO] - Test memory reserved: 26.00 MB
2026-06-16 08:04:27 - finetune_logger - INFO - Test memory allocated: 18.10 MB
[2026-06-16 08:04:27,827][finetune_logger][INFO] - Test memory allocated: 18.10 MB
2026-06-16 08:04:27 - finetune_logger - INFO - Epoch 17/20
[2026-06-16 08:04:27,827][finetune_logger][INFO] - Epoch 17/20
2026-06-16 08:13:43 - finetune_logger - INFO - Train loss: 19.369817206024205
[2026-06-16 08:13:43,778][finetune_logger][INFO] - Train loss: 19.369817206024205
2026-06-16 08:13:43 - finetune_logger - INFO - Train time: 555.950973033905s
[2026-06-16 08:13:43,779][finetune_logger][INFO] - Train time: 555.950973033905s
2026-06-16 08:13:43 - finetune_logger - INFO - Train memory reserved: 26.00 MB
[2026-06-16 08:13:43,779][finetune_logger][INFO] - Train memory reserved: 26.00 MB
2026-06-16 08:13:43 - finetune_logger - INFO - Train memory allocated: 18.10 MB
[2026-06-16 08:13:43,779][finetune_logger][INFO] - Train memory allocated: 18.10 MB
2026-06-16 08:13:43 - finetune_logger - INFO - Current learning rate: 0.00025
[2026-06-16 08:13:43,779][finetune_logger][INFO] - Current learning rate: 0.00025
2026-06-16 08:14:16 - finetune_logger - INFO - Validation metrics: {'MAE': 20.717439697898634, 'RMSE': 71.08330562555011}
[2026-06-16 08:14:16,600][finetune_logger][INFO] - Validation metrics: {'MAE': 20.717439697898634, 'RMSE': 71.08330562555011}
2026-06-16 08:14:16 - finetune_logger - INFO - Val time: 32.82s
[2026-06-16 08:14:16,601][finetune_logger][INFO] - Val time: 32.82s
2026-06-16 08:14:16 - finetune_logger - INFO - Val memory reserved: 26.00 MB
[2026-06-16 08:14:16,601][finetune_logger][INFO] - Val memory reserved: 26.00 MB
2026-06-16 08:14:16 - finetune_logger - INFO - Val memory allocated: 18.10 MB
[2026-06-16 08:14:16,601][finetune_logger][INFO] - Val memory allocated: 18.10 MB
2026-06-16 08:14:16 - finetune_logger - INFO - Logged epoch 17 info to /public/home/202411094934/python_project/Spatio-Temporal-Library/time-series/2026-06-16/itransformer/finetune20/weather/time-series/seed_2/training_log.json
[2026-06-16 08:14:16,604][finetune_logger][INFO] - Logged epoch 17 info to /public/home/202411094934/python_project/Spatio-Temporal-Library/time-series/2026-06-16/itransformer/finetune20/weather/time-series/seed_2/training_log.json
2026-06-16 08:15:22 - finetune_logger - INFO - Test metrics: {'MAE': 11.721440459317723, 'RMSE': 41.123931787079634}
[2026-06-16 08:15:22,864][finetune_logger][INFO] - Test metrics: {'MAE': 11.721440459317723, 'RMSE': 41.123931787079634}
2026-06-16 08:15:22 - finetune_logger - INFO - Test time: 66.26s
[2026-06-16 08:15:22,864][finetune_logger][INFO] - Test time: 66.26s
2026-06-16 08:15:22 - finetune_logger - INFO - Test memory reserved: 26.00 MB
[2026-06-16 08:15:22,864][finetune_logger][INFO] - Test memory reserved: 26.00 MB
2026-06-16 08:15:22 - finetune_logger - INFO - Test memory allocated: 18.10 MB
[2026-06-16 08:15:22,864][finetune_logger][INFO] - Test memory allocated: 18.10 MB
2026-06-16 08:15:22 - finetune_logger - INFO - Epoch 18/20
[2026-06-16 08:15:22,865][finetune_logger][INFO] - Epoch 18/20
2026-06-16 08:24:38 - finetune_logger - INFO - Train loss: 19.30214875460061
[2026-06-16 08:24:38,737][finetune_logger][INFO] - Train loss: 19.30214875460061
2026-06-16 08:24:38 - finetune_logger - INFO - Train time: 555.8721444606781s
[2026-06-16 08:24:38,738][finetune_logger][INFO] - Train time: 555.8721444606781s
2026-06-16 08:24:38 - finetune_logger - INFO - Train memory reserved: 26.00 MB
[2026-06-16 08:24:38,738][finetune_logger][INFO] - Train memory reserved: 26.00 MB
2026-06-16 08:24:38 - finetune_logger - INFO - Train memory allocated: 18.10 MB
[2026-06-16 08:24:38,738][finetune_logger][INFO] - Train memory allocated: 18.10 MB
2026-06-16 08:24:38 - finetune_logger - INFO - Current learning rate: 0.00025
[2026-06-16 08:24:38,738][finetune_logger][INFO] - Current learning rate: 0.00025
2026-06-16 08:25:11 - finetune_logger - INFO - Validation metrics: {'MAE': 21.138667918887318, 'RMSE': 72.26962900028586}
[2026-06-16 08:25:11,439][finetune_logger][INFO] - Validation metrics: {'MAE': 21.138667918887318, 'RMSE': 72.26962900028586}
2026-06-16 08:25:11 - finetune_logger - INFO - Val time: 32.70s
[2026-06-16 08:25:11,440][finetune_logger][INFO] - Val time: 32.70s
2026-06-16 08:25:11 - finetune_logger - INFO - Val memory reserved: 26.00 MB
[2026-06-16 08:25:11,440][finetune_logger][INFO] - Val memory reserved: 26.00 MB
2026-06-16 08:25:11 - finetune_logger - INFO - Val memory allocated: 18.10 MB
[2026-06-16 08:25:11,440][finetune_logger][INFO] - Val memory allocated: 18.10 MB
2026-06-16 08:25:11 - finetune_logger - INFO - Logged epoch 18 info to /public/home/202411094934/python_project/Spatio-Temporal-Library/time-series/2026-06-16/itransformer/finetune20/weather/time-series/seed_2/training_log.json
[2026-06-16 08:25:11,444][finetune_logger][INFO] - Logged epoch 18 info to /public/home/202411094934/python_project/Spatio-Temporal-Library/time-series/2026-06-16/itransformer/finetune20/weather/time-series/seed_2/training_log.json
2026-06-16 08:26:17 - finetune_logger - INFO - Test metrics: {'MAE': 12.450268546295883, 'RMSE': 43.57595296117003}
[2026-06-16 08:26:17,775][finetune_logger][INFO] - Test metrics: {'MAE': 12.450268546295883, 'RMSE': 43.57595296117003}
2026-06-16 08:26:17 - finetune_logger - INFO - Test time: 66.33s
[2026-06-16 08:26:17,775][finetune_logger][INFO] - Test time: 66.33s
2026-06-16 08:26:17 - finetune_logger - INFO - Test memory reserved: 26.00 MB
[2026-06-16 08:26:17,775][finetune_logger][INFO] - Test memory reserved: 26.00 MB
2026-06-16 08:26:17 - finetune_logger - INFO - Test memory allocated: 18.10 MB
[2026-06-16 08:26:17,775][finetune_logger][INFO] - Test memory allocated: 18.10 MB
2026-06-16 08:26:17 - finetune_logger - INFO - Epoch 19/20
[2026-06-16 08:26:17,775][finetune_logger][INFO] - Epoch 19/20
2026-06-16 08:35:33 - finetune_logger - INFO - Train loss: 19.227168996681964
[2026-06-16 08:35:33,178][finetune_logger][INFO] - Train loss: 19.227168996681964
2026-06-16 08:35:33 - finetune_logger - INFO - Train time: 555.4025135040283s
[2026-06-16 08:35:33,179][finetune_logger][INFO] - Train time: 555.4025135040283s
2026-06-16 08:35:33 - finetune_logger - INFO - Train memory reserved: 26.00 MB
[2026-06-16 08:35:33,179][finetune_logger][INFO] - Train memory reserved: 26.00 MB
2026-06-16 08:35:33 - finetune_logger - INFO - Train memory allocated: 18.10 MB
[2026-06-16 08:35:33,179][finetune_logger][INFO] - Train memory allocated: 18.10 MB
2026-06-16 08:35:33 - finetune_logger - INFO - Current learning rate: 0.00025
[2026-06-16 08:35:33,179][finetune_logger][INFO] - Current learning rate: 0.00025
2026-06-16 08:36:05 - finetune_logger - INFO - Validation metrics: {'MAE': 20.83073310753142, 'RMSE': 71.8042863789523}
[2026-06-16 08:36:05,933][finetune_logger][INFO] - Validation metrics: {'MAE': 20.83073310753142, 'RMSE': 71.8042863789523}
2026-06-16 08:36:05 - finetune_logger - INFO - Val time: 32.75s
[2026-06-16 08:36:05,933][finetune_logger][INFO] - Val time: 32.75s
2026-06-16 08:36:05 - finetune_logger - INFO - Val memory reserved: 26.00 MB
[2026-06-16 08:36:05,933][finetune_logger][INFO] - Val memory reserved: 26.00 MB
2026-06-16 08:36:05 - finetune_logger - INFO - Val memory allocated: 18.10 MB
[2026-06-16 08:36:05,933][finetune_logger][INFO] - Val memory allocated: 18.10 MB
2026-06-16 08:36:05 - finetune_logger - INFO - Logged epoch 19 info to /public/home/202411094934/python_project/Spatio-Temporal-Library/time-series/2026-06-16/itransformer/finetune20/weather/time-series/seed_2/training_log.json
[2026-06-16 08:36:05,937][finetune_logger][INFO] - Logged epoch 19 info to /public/home/202411094934/python_project/Spatio-Temporal-Library/time-series/2026-06-16/itransformer/finetune20/weather/time-series/seed_2/training_log.json
2026-06-16 08:37:12 - finetune_logger - INFO - Test metrics: {'MAE': 12.075030272506444, 'RMSE': 42.41661564090244}
[2026-06-16 08:37:12,180][finetune_logger][INFO] - Test metrics: {'MAE': 12.075030272506444, 'RMSE': 42.41661564090244}
2026-06-16 08:37:12 - finetune_logger - INFO - Test time: 66.24s
[2026-06-16 08:37:12,181][finetune_logger][INFO] - Test time: 66.24s
2026-06-16 08:37:12 - finetune_logger - INFO - Test memory reserved: 26.00 MB
[2026-06-16 08:37:12,181][finetune_logger][INFO] - Test memory reserved: 26.00 MB
2026-06-16 08:37:12 - finetune_logger - INFO - Test memory allocated: 18.10 MB
[2026-06-16 08:37:12,181][finetune_logger][INFO] - Test memory allocated: 18.10 MB
2026-06-16 08:37:12 - finetune_logger - INFO - Epoch 20/20
[2026-06-16 08:37:12,181][finetune_logger][INFO] - Epoch 20/20
2026-06-16 08:46:27 - finetune_logger - INFO - Train loss: 19.14333538583145
[2026-06-16 08:46:27,864][finetune_logger][INFO] - Train loss: 19.14333538583145
2026-06-16 08:46:27 - finetune_logger - INFO - Train time: 555.6825482845306s
[2026-06-16 08:46:27,864][finetune_logger][INFO] - Train time: 555.6825482845306s
2026-06-16 08:46:27 - finetune_logger - INFO - Train memory reserved: 26.00 MB
[2026-06-16 08:46:27,864][finetune_logger][INFO] - Train memory reserved: 26.00 MB
2026-06-16 08:46:27 - finetune_logger - INFO - Train memory allocated: 18.10 MB
[2026-06-16 08:46:27,865][finetune_logger][INFO] - Train memory allocated: 18.10 MB
2026-06-16 08:46:27 - finetune_logger - INFO - Current learning rate: 0.00025
[2026-06-16 08:46:27,865][finetune_logger][INFO] - Current learning rate: 0.00025
2026-06-16 08:47:00 - finetune_logger - INFO - Validation metrics: {'MAE': 21.157619379410193, 'RMSE': 73.0439399366218}
[2026-06-16 08:47:00,653][finetune_logger][INFO] - Validation metrics: {'MAE': 21.157619379410193, 'RMSE': 73.0439399366218}
2026-06-16 08:47:00 - finetune_logger - INFO - Val time: 32.79s
[2026-06-16 08:47:00,653][finetune_logger][INFO] - Val time: 32.79s
2026-06-16 08:47:00 - finetune_logger - INFO - Val memory reserved: 26.00 MB
[2026-06-16 08:47:00,653][finetune_logger][INFO] - Val memory reserved: 26.00 MB
2026-06-16 08:47:00 - finetune_logger - INFO - Val memory allocated: 18.10 MB
[2026-06-16 08:47:00,653][finetune_logger][INFO] - Val memory allocated: 18.10 MB
2026-06-16 08:47:00 - finetune_logger - INFO - Logged epoch 20 info to /public/home/202411094934/python_project/Spatio-Temporal-Library/time-series/2026-06-16/itransformer/finetune20/weather/time-series/seed_2/training_log.json
[2026-06-16 08:47:00,657][finetune_logger][INFO] - Logged epoch 20 info to /public/home/202411094934/python_project/Spatio-Temporal-Library/time-series/2026-06-16/itransformer/finetune20/weather/time-series/seed_2/training_log.json
2026-06-16 08:48:07 - finetune_logger - INFO - Test metrics: {'MAE': 12.067975558131126, 'RMSE': 42.73660784806186}
[2026-06-16 08:48:07,095][finetune_logger][INFO] - Test metrics: {'MAE': 12.067975558131126, 'RMSE': 42.73660784806186}
2026-06-16 08:48:07 - finetune_logger - INFO - Test time: 66.41s
[2026-06-16 08:48:07,095][finetune_logger][INFO] - Test time: 66.41s
2026-06-16 08:48:07 - finetune_logger - INFO - Test memory reserved: 26.00 MB
[2026-06-16 08:48:07,095][finetune_logger][INFO] - Test memory reserved: 26.00 MB
2026-06-16 08:48:07 - finetune_logger - INFO - Test memory allocated: 18.10 MB
[2026-06-16 08:48:07,095][finetune_logger][INFO] - Test memory allocated: 18.10 MB
2026-06-16 08:48:07 - finetune_logger - INFO - Training completed. Best epoch: 6, Best val loss: 20.563672
[2026-06-16 08:48:07,095][finetune_logger][INFO] - Training completed. Best epoch: 6, Best val loss: 20.563672
2026-06-16 08:48:07 - finetune_logger - INFO - Loaded checkpoint from epoch 6
[2026-06-16 08:48:07,129][finetune_logger][INFO] - Loaded checkpoint from epoch 6
2026-06-16 08:48:07 - finetune_logger - INFO - Evaluating best model on test sets...
[2026-06-16 08:48:07,129][finetune_logger][INFO] - Evaluating best model on test sets...
2026-06-16 08:49:13 - finetune_logger - INFO - Test metrics: {'MAE': 11.780439930907903, 'RMSE': 40.262316268221795}
[2026-06-16 08:49:13,527][finetune_logger][INFO] - Test metrics: {'MAE': 11.780439930907903, 'RMSE': 40.262316268221795}
2026-06-16 08:49:13 - finetune_logger - INFO - Test time: 66.40s
[2026-06-16 08:49:13,528][finetune_logger][INFO] - Test time: 66.40s
2026-06-16 08:49:13 - finetune_logger - INFO - Test memory reserved: 26.00 MB
[2026-06-16 08:49:13,528][finetune_logger][INFO] - Test memory reserved: 26.00 MB
2026-06-16 08:49:13 - finetune_logger - INFO - Test memory allocated: 18.14 MB
[2026-06-16 08:49:13,528][finetune_logger][INFO] - Test memory allocated: 18.14 MB
2026-06-16 08:49:13 - finetune_logger - INFO - Logged epoch test info to /public/home/202411094934/python_project/Spatio-Temporal-Library/time-series/2026-06-16/itransformer/finetune20/weather/time-series/seed_2/training_log.json
[2026-06-16 08:49:13,531][finetune_logger][INFO] - Logged epoch test info to /public/home/202411094934/python_project/Spatio-Temporal-Library/time-series/2026-06-16/itransformer/finetune20/weather/time-series/seed_2/training_log.json
2026-06-16 13:35:44 - finetune_logger - INFO - No pretrained checkpoint is provided. Finetuning from scratch.
[2026-06-16 13:35:44,754][finetune_logger][INFO] - No pretrained checkpoint is provided. Finetuning from scratch.
2026-06-16 13:35:44 - finetune_logger - INFO - Model parameters: 158,912
[2026-06-16 13:35:44,758][finetune_logger][INFO] - Model parameters: 158,912
2026-06-16 13:35:44 - finetune_logger - INFO - Log file already exists at /public/home/202411094934/python_project/Spatio-Temporal-Library/time-series/2026-06-16/itransformer/finetune20/weather/time-series/seed_2/training_log.json, appending to it.
[2026-06-16 13:35:44,760][finetune_logger][INFO] - Log file already exists at /public/home/202411094934/python_project/Spatio-Temporal-Library/time-series/2026-06-16/itransformer/finetune20/weather/time-series/seed_2/training_log.json, appending to it.
2026-06-16 13:35:44 - finetune_logger - INFO - Starting training...
[2026-06-16 13:35:44,760][finetune_logger][INFO] - Starting training...
2026-06-16 13:35:44 - finetune_logger - INFO - Epoch 1/20
[2026-06-16 13:35:44,760][finetune_logger][INFO] - Epoch 1/20
2026-06-16 13:45:14 - finetune_logger - INFO - Train loss: 28.066425422414895
[2026-06-16 13:45:14,454][finetune_logger][INFO] - Train loss: 28.066425422414895
2026-06-16 13:45:14 - finetune_logger - INFO - Train time: 569.6923925876617s
[2026-06-16 13:45:14,454][finetune_logger][INFO] - Train time: 569.6923925876617s
2026-06-16 13:45:14 - finetune_logger - INFO - Train memory reserved: 26.00 MB
[2026-06-16 13:45:14,454][finetune_logger][INFO] - Train memory reserved: 26.00 MB
2026-06-16 13:45:14 - finetune_logger - INFO - Train memory allocated: 18.10 MB
[2026-06-16 13:45:14,454][finetune_logger][INFO] - Train memory allocated: 18.10 MB
2026-06-16 13:45:14 - finetune_logger - INFO - Current learning rate: 0.0005
[2026-06-16 13:45:14,454][finetune_logger][INFO] - Current learning rate: 0.0005
2026-06-16 13:45:48 - finetune_logger - INFO - Validation metrics: {'MAE': 22.333611013597274, 'RMSE': 69.78515977368738}
[2026-06-16 13:45:48,105][finetune_logger][INFO] - Validation metrics: {'MAE': 22.333611013597274, 'RMSE': 69.78515977368738}
2026-06-16 13:45:48 - finetune_logger - INFO - Val time: 33.65s
[2026-06-16 13:45:48,105][finetune_logger][INFO] - Val time: 33.65s
2026-06-16 13:45:48 - finetune_logger - INFO - Val memory reserved: 26.00 MB
[2026-06-16 13:45:48,105][finetune_logger][INFO] - Val memory reserved: 26.00 MB
2026-06-16 13:45:48 - finetune_logger - INFO - Val memory allocated: 18.10 MB
[2026-06-16 13:45:48,106][finetune_logger][INFO] - Val memory allocated: 18.10 MB
2026-06-16 13:45:48 - finetune_logger - INFO - Logged epoch 1 info to /public/home/202411094934/python_project/Spatio-Temporal-Library/time-series/2026-06-16/itransformer/finetune20/weather/time-series/seed_2/training_log.json
[2026-06-16 13:45:48,112][finetune_logger][INFO] - Logged epoch 1 info to /public/home/202411094934/python_project/Spatio-Temporal-Library/time-series/2026-06-16/itransformer/finetune20/weather/time-series/seed_2/training_log.json
2026-06-16 13:45:48 - finetune_logger - INFO - New best model! Val loss: 22.333611
[2026-06-16 13:45:48,112][finetune_logger][INFO] - New best model! Val loss: 22.333611
2026-06-16 13:46:56 - finetune_logger - INFO - Test metrics: {'MAE': 12.879673028931027, 'RMSE': 41.06873612628728}
[2026-06-16 13:46:56,173][finetune_logger][INFO] - Test metrics: {'MAE': 12.879673028931027, 'RMSE': 41.06873612628728}
2026-06-16 13:46:56 - finetune_logger - INFO - Test time: 68.01s
[2026-06-16 13:46:56,173][finetune_logger][INFO] - Test time: 68.01s
2026-06-16 13:46:56 - finetune_logger - INFO - Test memory reserved: 26.00 MB
[2026-06-16 13:46:56,173][finetune_logger][INFO] - Test memory reserved: 26.00 MB
2026-06-16 13:46:56 - finetune_logger - INFO - Test memory allocated: 18.10 MB
[2026-06-16 13:46:56,173][finetune_logger][INFO] - Test memory allocated: 18.10 MB
2026-06-16 13:46:56 - finetune_logger - INFO - Epoch 2/20
[2026-06-16 13:46:56,174][finetune_logger][INFO] - Epoch 2/20
2026-06-16 13:56:25 - finetune_logger - INFO - Train loss: 25.511764119118414
[2026-06-16 13:56:25,952][finetune_logger][INFO] - Train loss: 25.511764119118414
2026-06-16 13:56:25 - finetune_logger - INFO - Train time: 569.7780528068542s
[2026-06-16 13:56:25,952][finetune_logger][INFO] - Train time: 569.7780528068542s
2026-06-16 13:56:25 - finetune_logger - INFO - Train memory reserved: 26.00 MB
[2026-06-16 13:56:25,953][finetune_logger][INFO] - Train memory reserved: 26.00 MB
2026-06-16 13:56:25 - finetune_logger - INFO - Train memory allocated: 18.10 MB
[2026-06-16 13:56:25,953][finetune_logger][INFO] - Train memory allocated: 18.10 MB
2026-06-16 13:56:25 - finetune_logger - INFO - Current learning rate: 0.0005
[2026-06-16 13:56:25,953][finetune_logger][INFO] - Current learning rate: 0.0005
2026-06-16 13:56:59 - finetune_logger - INFO - Validation metrics: {'MAE': 21.26780546648252, 'RMSE': 69.32717046863188}
[2026-06-16 13:56:59,570][finetune_logger][INFO] - Validation metrics: {'MAE': 21.26780546648252, 'RMSE': 69.32717046863188}
2026-06-16 13:56:59 - finetune_logger - INFO - Val time: 33.62s
[2026-06-16 13:56:59,571][finetune_logger][INFO] - Val time: 33.62s
2026-06-16 13:56:59 - finetune_logger - INFO - Val memory reserved: 26.00 MB
[2026-06-16 13:56:59,571][finetune_logger][INFO] - Val memory reserved: 26.00 MB
2026-06-16 13:56:59 - finetune_logger - INFO - Val memory allocated: 18.10 MB
[2026-06-16 13:56:59,571][finetune_logger][INFO] - Val memory allocated: 18.10 MB
2026-06-16 13:56:59 - finetune_logger - INFO - Logged epoch 2 info to /public/home/202411094934/python_project/Spatio-Temporal-Library/time-series/2026-06-16/itransformer/finetune20/weather/time-series/seed_2/training_log.json
[2026-06-16 13:56:59,575][finetune_logger][INFO] - Logged epoch 2 info to /public/home/202411094934/python_project/Spatio-Temporal-Library/time-series/2026-06-16/itransformer/finetune20/weather/time-series/seed_2/training_log.json
2026-06-16 13:56:59 - finetune_logger - INFO - New best model! Val loss: 21.267805
[2026-06-16 13:56:59,575][finetune_logger][INFO] - New best model! Val loss: 21.267805
2026-06-16 13:58:07 - finetune_logger - INFO - Test metrics: {'MAE': 12.086570444834951, 'RMSE': 40.37514146267953}
[2026-06-16 13:58:07,601][finetune_logger][INFO] - Test metrics: {'MAE': 12.086570444834951, 'RMSE': 40.37514146267953}
2026-06-16 13:58:07 - finetune_logger - INFO - Test time: 67.98s
[2026-06-16 13:58:07,601][finetune_logger][INFO] - Test time: 67.98s
2026-06-16 13:58:07 - finetune_logger - INFO - Test memory reserved: 26.00 MB
[2026-06-16 13:58:07,601][finetune_logger][INFO] - Test memory reserved: 26.00 MB
2026-06-16 13:58:07 - finetune_logger - INFO - Test memory allocated: 18.10 MB
[2026-06-16 13:58:07,601][finetune_logger][INFO] - Test memory allocated: 18.10 MB
2026-06-16 13:58:07 - finetune_logger - INFO - Epoch 3/20
[2026-06-16 13:58:07,601][finetune_logger][INFO] - Epoch 3/20
2026-06-16 14:07:38 - finetune_logger - INFO - Train loss: 24.377841399561326
[2026-06-16 14:07:38,920][finetune_logger][INFO] - Train loss: 24.377841399561326
2026-06-16 14:07:38 - finetune_logger - INFO - Train time: 571.3180255889893s
[2026-06-16 14:07:38,920][finetune_logger][INFO] - Train time: 571.3180255889893s
2026-06-16 14:07:38 - finetune_logger - INFO - Train memory reserved: 26.00 MB
[2026-06-16 14:07:38,920][finetune_logger][INFO] - Train memory reserved: 26.00 MB
2026-06-16 14:07:38 - finetune_logger - INFO - Train memory allocated: 18.10 MB
[2026-06-16 14:07:38,920][finetune_logger][INFO] - Train memory allocated: 18.10 MB
2026-06-16 14:07:38 - finetune_logger - INFO - Current learning rate: 0.0005
[2026-06-16 14:07:38,920][finetune_logger][INFO] - Current learning rate: 0.0005
2026-06-16 14:08:12 - finetune_logger - INFO - Validation metrics: {'MAE': 21.590575107407854, 'RMSE': 69.85586953819326}
[2026-06-16 14:08:12,498][finetune_logger][INFO] - Validation metrics: {'MAE': 21.590575107407854, 'RMSE': 69.85586953819326}
2026-06-16 14:08:12 - finetune_logger - INFO - Val time: 33.58s
[2026-06-16 14:08:12,498][finetune_logger][INFO] - Val time: 33.58s
2026-06-16 14:08:12 - finetune_logger - INFO - Val memory reserved: 26.00 MB
[2026-06-16 14:08:12,498][finetune_logger][INFO] - Val memory reserved: 26.00 MB
2026-06-16 14:08:12 - finetune_logger - INFO - Val memory allocated: 18.10 MB
[2026-06-16 14:08:12,498][finetune_logger][INFO] - Val memory allocated: 18.10 MB
2026-06-16 14:08:12 - finetune_logger - INFO - Logged epoch 3 info to /public/home/202411094934/python_project/Spatio-Temporal-Library/time-series/2026-06-16/itransformer/finetune20/weather/time-series/seed_2/training_log.json
[2026-06-16 14:08:12,502][finetune_logger][INFO] - Logged epoch 3 info to /public/home/202411094934/python_project/Spatio-Temporal-Library/time-series/2026-06-16/itransformer/finetune20/weather/time-series/seed_2/training_log.json
2026-06-16 14:09:20 - finetune_logger - INFO - Test metrics: {'MAE': 12.753349783702163, 'RMSE': 42.21242490466166}
[2026-06-16 14:09:20,425][finetune_logger][INFO] - Test metrics: {'MAE': 12.753349783702163, 'RMSE': 42.21242490466166}
2026-06-16 14:09:20 - finetune_logger - INFO - Test time: 67.92s
[2026-06-16 14:09:20,425][finetune_logger][INFO] - Test time: 67.92s
2026-06-16 14:09:20 - finetune_logger - INFO - Test memory reserved: 26.00 MB
[2026-06-16 14:09:20,425][finetune_logger][INFO] - Test memory reserved: 26.00 MB
2026-06-16 14:09:20 - finetune_logger - INFO - Test memory allocated: 18.10 MB
[2026-06-16 14:09:20,425][finetune_logger][INFO] - Test memory allocated: 18.10 MB
2026-06-16 14:09:20 - finetune_logger - INFO - Epoch 4/20
[2026-06-16 14:09:20,426][finetune_logger][INFO] - Epoch 4/20
2026-06-16 14:18:50 - finetune_logger - INFO - Train loss: 23.556610011616968
[2026-06-16 14:18:50,106][finetune_logger][INFO] - Train loss: 23.556610011616968
2026-06-16 14:18:50 - finetune_logger - INFO - Train time: 569.680207490921s
[2026-06-16 14:18:50,107][finetune_logger][INFO] - Train time: 569.680207490921s
2026-06-16 14:18:50 - finetune_logger - INFO - Train memory reserved: 26.00 MB
[2026-06-16 14:18:50,107][finetune_logger][INFO] - Train memory reserved: 26.00 MB
2026-06-16 14:18:50 - finetune_logger - INFO - Train memory allocated: 18.10 MB
[2026-06-16 14:18:50,107][finetune_logger][INFO] - Train memory allocated: 18.10 MB
2026-06-16 14:18:50 - finetune_logger - INFO - Current learning rate: 0.0005
[2026-06-16 14:18:50,107][finetune_logger][INFO] - Current learning rate: 0.0005
2026-06-16 14:19:23 - finetune_logger - INFO - Validation metrics: {'MAE': 22.385973890606518, 'RMSE': 73.95967799180194}
[2026-06-16 14:19:23,642][finetune_logger][INFO] - Validation metrics: {'MAE': 22.385973890606518, 'RMSE': 73.95967799180194}
2026-06-16 14:19:23 - finetune_logger - INFO - Val time: 33.53s
[2026-06-16 14:19:23,642][finetune_logger][INFO] - Val time: 33.53s
2026-06-16 14:19:23 - finetune_logger - INFO - Val memory reserved: 26.00 MB
[2026-06-16 14:19:23,642][finetune_logger][INFO] - Val memory reserved: 26.00 MB
2026-06-16 14:19:23 - finetune_logger - INFO - Val memory allocated: 18.10 MB
[2026-06-16 14:19:23,643][finetune_logger][INFO] - Val memory allocated: 18.10 MB
2026-06-16 14:19:23 - finetune_logger - INFO - Logged epoch 4 info to /public/home/202411094934/python_project/Spatio-Temporal-Library/time-series/2026-06-16/itransformer/finetune20/weather/time-series/seed_2/training_log.json
[2026-06-16 14:19:23,646][finetune_logger][INFO] - Logged epoch 4 info to /public/home/202411094934/python_project/Spatio-Temporal-Library/time-series/2026-06-16/itransformer/finetune20/weather/time-series/seed_2/training_log.json
2026-06-16 14:20:31 - finetune_logger - INFO - Test metrics: {'MAE': 12.501848388170234, 'RMSE': 42.12752615864172}
[2026-06-16 14:20:31,720][finetune_logger][INFO] - Test metrics: {'MAE': 12.501848388170234, 'RMSE': 42.12752615864172}
2026-06-16 14:20:31 - finetune_logger - INFO - Test time: 68.07s
[2026-06-16 14:20:31,721][finetune_logger][INFO] - Test time: 68.07s
2026-06-16 14:20:31 - finetune_logger - INFO - Test memory reserved: 26.00 MB
[2026-06-16 14:20:31,721][finetune_logger][INFO] - Test memory reserved: 26.00 MB
2026-06-16 14:20:31 - finetune_logger - INFO - Test memory allocated: 18.10 MB
[2026-06-16 14:20:31,721][finetune_logger][INFO] - Test memory allocated: 18.10 MB
2026-06-16 14:20:31 - finetune_logger - INFO - Epoch 5/20
[2026-06-16 14:20:31,721][finetune_logger][INFO] - Epoch 5/20
2026-06-16 14:30:01 - finetune_logger - INFO - Train loss: 22.970450101590572
[2026-06-16 14:30:01,689][finetune_logger][INFO] - Train loss: 22.970450101590572
2026-06-16 14:30:01 - finetune_logger - INFO - Train time: 569.9678530693054s
[2026-06-16 14:30:01,690][finetune_logger][INFO] - Train time: 569.9678530693054s
2026-06-16 14:30:01 - finetune_logger - INFO - Train memory reserved: 26.00 MB
[2026-06-16 14:30:01,690][finetune_logger][INFO] - Train memory reserved: 26.00 MB
2026-06-16 14:30:01 - finetune_logger - INFO - Train memory allocated: 18.10 MB
[2026-06-16 14:30:01,690][finetune_logger][INFO] - Train memory allocated: 18.10 MB
2026-06-16 14:30:01 - finetune_logger - INFO - Current learning rate: 0.0005
[2026-06-16 14:30:01,690][finetune_logger][INFO] - Current learning rate: 0.0005
2026-06-16 14:30:35 - finetune_logger - INFO - Validation metrics: {'MAE': 20.601189216199828, 'RMSE': 68.7664737617725}
[2026-06-16 14:30:35,242][finetune_logger][INFO] - Validation metrics: {'MAE': 20.601189216199828, 'RMSE': 68.7664737617725}
2026-06-16 14:30:35 - finetune_logger - INFO - Val time: 33.55s
[2026-06-16 14:30:35,242][finetune_logger][INFO] - Val time: 33.55s
2026-06-16 14:30:35 - finetune_logger - INFO - Val memory reserved: 26.00 MB
[2026-06-16 14:30:35,242][finetune_logger][INFO] - Val memory reserved: 26.00 MB
2026-06-16 14:30:35 - finetune_logger - INFO - Val memory allocated: 18.10 MB
[2026-06-16 14:30:35,242][finetune_logger][INFO] - Val memory allocated: 18.10 MB
2026-06-16 14:30:35 - finetune_logger - INFO - Logged epoch 5 info to /public/home/202411094934/python_project/Spatio-Temporal-Library/time-series/2026-06-16/itransformer/finetune20/weather/time-series/seed_2/training_log.json
[2026-06-16 14:30:35,246][finetune_logger][INFO] - Logged epoch 5 info to /public/home/202411094934/python_project/Spatio-Temporal-Library/time-series/2026-06-16/itransformer/finetune20/weather/time-series/seed_2/training_log.json
2026-06-16 14:30:35 - finetune_logger - INFO - New best model! Val loss: 20.601189
[2026-06-16 14:30:35,246][finetune_logger][INFO] - New best model! Val loss: 20.601189
2026-06-16 14:31:43 - finetune_logger - INFO - Test metrics: {'MAE': 12.063054593836814, 'RMSE': 41.15560923651922}
[2026-06-16 14:31:43,078][finetune_logger][INFO] - Test metrics: {'MAE': 12.063054593836814, 'RMSE': 41.15560923651922}
2026-06-16 14:31:43 - finetune_logger - INFO - Test time: 67.78s
[2026-06-16 14:31:43,079][finetune_logger][INFO] - Test time: 67.78s
2026-06-16 14:31:43 - finetune_logger - INFO - Test memory reserved: 26.00 MB
[2026-06-16 14:31:43,079][finetune_logger][INFO] - Test memory reserved: 26.00 MB
2026-06-16 14:31:43 - finetune_logger - INFO - Test memory allocated: 18.10 MB
[2026-06-16 14:31:43,079][finetune_logger][INFO] - Test memory allocated: 18.10 MB
2026-06-16 14:31:43 - finetune_logger - INFO - Epoch 6/20
[2026-06-16 14:31:43,079][finetune_logger][INFO] - Epoch 6/20
2026-06-16 14:41:13 - finetune_logger - INFO - Train loss: 22.48891086462758
[2026-06-16 14:41:13,375][finetune_logger][INFO] - Train loss: 22.48891086462758
2026-06-16 14:41:13 - finetune_logger - INFO - Train time: 570.2951941490173s
[2026-06-16 14:41:13,375][finetune_logger][INFO] - Train time: 570.2951941490173s
2026-06-16 14:41:13 - finetune_logger - INFO - Train memory reserved: 26.00 MB
[2026-06-16 14:41:13,375][finetune_logger][INFO] - Train memory reserved: 26.00 MB
2026-06-16 14:41:13 - finetune_logger - INFO - Train memory allocated: 18.10 MB
[2026-06-16 14:41:13,375][finetune_logger][INFO] - Train memory allocated: 18.10 MB
2026-06-16 14:41:13 - finetune_logger - INFO - Current learning rate: 0.0005
[2026-06-16 14:41:13,375][finetune_logger][INFO] - Current learning rate: 0.0005
2026-06-16 14:41:46 - finetune_logger - INFO - Validation metrics: {'MAE': 20.563672201634255, 'RMSE': 68.9258544820683}
[2026-06-16 14:41:46,897][finetune_logger][INFO] - Validation metrics: {'MAE': 20.563672201634255, 'RMSE': 68.9258544820683}
2026-06-16 14:41:46 - finetune_logger - INFO - Val time: 33.52s
[2026-06-16 14:41:46,897][finetune_logger][INFO] - Val time: 33.52s
2026-06-16 14:41:46 - finetune_logger - INFO - Val memory reserved: 26.00 MB
[2026-06-16 14:41:46,897][finetune_logger][INFO] - Val memory reserved: 26.00 MB
2026-06-16 14:41:46 - finetune_logger - INFO - Val memory allocated: 18.10 MB
[2026-06-16 14:41:46,897][finetune_logger][INFO] - Val memory allocated: 18.10 MB
2026-06-16 14:41:46 - finetune_logger - INFO - Logged epoch 6 info to /public/home/202411094934/python_project/Spatio-Temporal-Library/time-series/2026-06-16/itransformer/finetune20/weather/time-series/seed_2/training_log.json
[2026-06-16 14:41:46,901][finetune_logger][INFO] - Logged epoch 6 info to /public/home/202411094934/python_project/Spatio-Temporal-Library/time-series/2026-06-16/itransformer/finetune20/weather/time-series/seed_2/training_log.json
2026-06-16 14:41:46 - finetune_logger - INFO - New best model! Val loss: 20.563672
[2026-06-16 14:41:46,901][finetune_logger][INFO] - New best model! Val loss: 20.563672
2026-06-16 14:42:54 - finetune_logger - INFO - Test metrics: {'MAE': 11.780439930907903, 'RMSE': 40.262316268221795}
[2026-06-16 14:42:54,929][finetune_logger][INFO] - Test metrics: {'MAE': 11.780439930907903, 'RMSE': 40.262316268221795}
2026-06-16 14:42:54 - finetune_logger - INFO - Test time: 67.98s
[2026-06-16 14:42:54,930][finetune_logger][INFO] - Test time: 67.98s
2026-06-16 14:42:54 - finetune_logger - INFO - Test memory reserved: 26.00 MB
[2026-06-16 14:42:54,930][finetune_logger][INFO] - Test memory reserved: 26.00 MB
2026-06-16 14:42:54 - finetune_logger - INFO - Test memory allocated: 18.10 MB
[2026-06-16 14:42:54,930][finetune_logger][INFO] - Test memory allocated: 18.10 MB
2026-06-16 14:42:54 - finetune_logger - INFO - Epoch 7/20
[2026-06-16 14:42:54,930][finetune_logger][INFO] - Epoch 7/20
2026-06-16 14:52:25 - finetune_logger - INFO - Train loss: 22.059881838863667
[2026-06-16 14:52:25,166][finetune_logger][INFO] - Train loss: 22.059881838863667
2026-06-16 14:52:25 - finetune_logger - INFO - Train time: 570.2353119850159s
[2026-06-16 14:52:25,166][finetune_logger][INFO] - Train time: 570.2353119850159s
2026-06-16 14:52:25 - finetune_logger - INFO - Train memory reserved: 26.00 MB
[2026-06-16 14:52:25,166][finetune_logger][INFO] - Train memory reserved: 26.00 MB
2026-06-16 14:52:25 - finetune_logger - INFO - Train memory allocated: 18.10 MB
[2026-06-16 14:52:25,166][finetune_logger][INFO] - Train memory allocated: 18.10 MB
2026-06-16 14:52:25 - finetune_logger - INFO - Current learning rate: 0.0005
[2026-06-16 14:52:25,166][finetune_logger][INFO] - Current learning rate: 0.0005
2026-06-16 14:52:58 - finetune_logger - INFO - Validation metrics: {'MAE': 20.90317228394862, 'RMSE': 69.73514538244909}
[2026-06-16 14:52:58,805][finetune_logger][INFO] - Validation metrics: {'MAE': 20.90317228394862, 'RMSE': 69.73514538244909}
2026-06-16 14:52:58 - finetune_logger - INFO - Val time: 33.64s
[2026-06-16 14:52:58,806][finetune_logger][INFO] - Val time: 33.64s
2026-06-16 14:52:58 - finetune_logger - INFO - Val memory reserved: 26.00 MB
[2026-06-16 14:52:58,806][finetune_logger][INFO] - Val memory reserved: 26.00 MB
2026-06-16 14:52:58 - finetune_logger - INFO - Val memory allocated: 18.10 MB
[2026-06-16 14:52:58,806][finetune_logger][INFO] - Val memory allocated: 18.10 MB
2026-06-16 14:52:58 - finetune_logger - INFO - Logged epoch 7 info to /public/home/202411094934/python_project/Spatio-Temporal-Library/time-series/2026-06-16/itransformer/finetune20/weather/time-series/seed_2/training_log.json
[2026-06-16 14:52:58,809][finetune_logger][INFO] - Logged epoch 7 info to /public/home/202411094934/python_project/Spatio-Temporal-Library/time-series/2026-06-16/itransformer/finetune20/weather/time-series/seed_2/training_log.json
2026-06-16 14:54:06 - finetune_logger - INFO - Test metrics: {'MAE': 12.093865021977807, 'RMSE': 41.505949748599456}
[2026-06-16 14:54:06,690][finetune_logger][INFO] - Test metrics: {'MAE': 12.093865021977807, 'RMSE': 41.505949748599456}
2026-06-16 14:54:06 - finetune_logger - INFO - Test time: 67.88s
[2026-06-16 14:54:06,691][finetune_logger][INFO] - Test time: 67.88s
2026-06-16 14:54:06 - finetune_logger - INFO - Test memory reserved: 26.00 MB
[2026-06-16 14:54:06,691][finetune_logger][INFO] - Test memory reserved: 26.00 MB
2026-06-16 14:54:06 - finetune_logger - INFO - Test memory allocated: 18.10 MB
[2026-06-16 14:54:06,691][finetune_logger][INFO] - Test memory allocated: 18.10 MB
2026-06-16 14:54:06 - finetune_logger - INFO - Epoch 8/20
[2026-06-16 14:54:06,691][finetune_logger][INFO] - Epoch 8/20
2026-06-16 15:03:36 - finetune_logger - INFO - Train loss: 21.763609916681013
[2026-06-16 15:03:36,653][finetune_logger][INFO] - Train loss: 21.763609916681013
2026-06-16 15:03:36 - finetune_logger - INFO - Train time: 569.9613683223724s
[2026-06-16 15:03:36,653][finetune_logger][INFO] - Train time: 569.9613683223724s
2026-06-16 15:03:36 - finetune_logger - INFO - Train memory reserved: 26.00 MB
[2026-06-16 15:03:36,653][finetune_logger][INFO] - Train memory reserved: 26.00 MB
2026-06-16 15:03:36 - finetune_logger - INFO - Train memory allocated: 18.10 MB
[2026-06-16 15:03:36,653][finetune_logger][INFO] - Train memory allocated: 18.10 MB
2026-06-16 15:03:36 - finetune_logger - INFO - Current learning rate: 0.0005
[2026-06-16 15:03:36,654][finetune_logger][INFO] - Current learning rate: 0.0005
2026-06-16 15:04:10 - finetune_logger - INFO - Validation metrics: {'MAE': 20.99745668126702, 'RMSE': 70.1800978207517}
[2026-06-16 15:04:10,165][finetune_logger][INFO] - Validation metrics: {'MAE': 20.99745668126702, 'RMSE': 70.1800978207517}
2026-06-16 15:04:10 - finetune_logger - INFO - Val time: 33.51s
[2026-06-16 15:04:10,166][finetune_logger][INFO] - Val time: 33.51s
2026-06-16 15:04:10 - finetune_logger - INFO - Val memory reserved: 26.00 MB
[2026-06-16 15:04:10,166][finetune_logger][INFO] - Val memory reserved: 26.00 MB
2026-06-16 15:04:10 - finetune_logger - INFO - Val memory allocated: 18.10 MB
[2026-06-16 15:04:10,166][finetune_logger][INFO] - Val memory allocated: 18.10 MB
2026-06-16 15:04:10 - finetune_logger - INFO - Logged epoch 8 info to /public/home/202411094934/python_project/Spatio-Temporal-Library/time-series/2026-06-16/itransformer/finetune20/weather/time-series/seed_2/training_log.json
[2026-06-16 15:04:10,169][finetune_logger][INFO] - Logged epoch 8 info to /public/home/202411094934/python_project/Spatio-Temporal-Library/time-series/2026-06-16/itransformer/finetune20/weather/time-series/seed_2/training_log.json
2026-06-16 15:05:18 - finetune_logger - INFO - Test metrics: {'MAE': 12.393919260941177, 'RMSE': 42.229932448257756}
[2026-06-16 15:05:18,143][finetune_logger][INFO] - Test metrics: {'MAE': 12.393919260941177, 'RMSE': 42.229932448257756}
2026-06-16 15:05:18 - finetune_logger - INFO - Test time: 67.97s
[2026-06-16 15:05:18,143][finetune_logger][INFO] - Test time: 67.97s
2026-06-16 15:05:18 - finetune_logger - INFO - Test memory reserved: 26.00 MB
[2026-06-16 15:05:18,143][finetune_logger][INFO] - Test memory reserved: 26.00 MB
2026-06-16 15:05:18 - finetune_logger - INFO - Test memory allocated: 18.10 MB
[2026-06-16 15:05:18,143][finetune_logger][INFO] - Test memory allocated: 18.10 MB
2026-06-16 15:05:18 - finetune_logger - INFO - Epoch 9/20
[2026-06-16 15:05:18,144][finetune_logger][INFO] - Epoch 9/20
2026-06-16 15:14:47 - finetune_logger - INFO - Train loss: 21.450307248154992
[2026-06-16 15:14:47,820][finetune_logger][INFO] - Train loss: 21.450307248154992
2026-06-16 15:14:47 - finetune_logger - INFO - Train time: 569.6762073040009s
[2026-06-16 15:14:47,820][finetune_logger][INFO] - Train time: 569.6762073040009s
2026-06-16 15:14:47 - finetune_logger - INFO - Train memory reserved: 26.00 MB
[2026-06-16 15:14:47,821][finetune_logger][INFO] - Train memory reserved: 26.00 MB
2026-06-16 15:14:47 - finetune_logger - INFO - Train memory allocated: 18.10 MB
[2026-06-16 15:14:47,821][finetune_logger][INFO] - Train memory allocated: 18.10 MB
2026-06-16 15:14:47 - finetune_logger - INFO - Current learning rate: 0.0005
[2026-06-16 15:14:47,821][finetune_logger][INFO] - Current learning rate: 0.0005
2026-06-16 15:15:21 - finetune_logger - INFO - Validation metrics: {'MAE': 21.091292583091168, 'RMSE': 71.17538391892305}
[2026-06-16 15:15:21,352][finetune_logger][INFO] - Validation metrics: {'MAE': 21.091292583091168, 'RMSE': 71.17538391892305}
2026-06-16 15:15:21 - finetune_logger - INFO - Val time: 33.53s
[2026-06-16 15:15:21,353][finetune_logger][INFO] - Val time: 33.53s
2026-06-16 15:15:21 - finetune_logger - INFO - Val memory reserved: 26.00 MB
[2026-06-16 15:15:21,353][finetune_logger][INFO] - Val memory reserved: 26.00 MB
2026-06-16 15:15:21 - finetune_logger - INFO - Val memory allocated: 18.10 MB
[2026-06-16 15:15:21,353][finetune_logger][INFO] - Val memory allocated: 18.10 MB
2026-06-16 15:15:21 - finetune_logger - INFO - Logged epoch 9 info to /public/home/202411094934/python_project/Spatio-Temporal-Library/time-series/2026-06-16/itransformer/finetune20/weather/time-series/seed_2/training_log.json
[2026-06-16 15:15:21,356][finetune_logger][INFO] - Logged epoch 9 info to /public/home/202411094934/python_project/Spatio-Temporal-Library/time-series/2026-06-16/itransformer/finetune20/weather/time-series/seed_2/training_log.json
2026-06-16 15:16:29 - finetune_logger - INFO - Test metrics: {'MAE': 12.23075450019579, 'RMSE': 42.1726722644962}
[2026-06-16 15:16:29,943][finetune_logger][INFO] - Test metrics: {'MAE': 12.23075450019579, 'RMSE': 42.1726722644962}
2026-06-16 15:16:29 - finetune_logger - INFO - Test time: 68.59s
[2026-06-16 15:16:29,943][finetune_logger][INFO] - Test time: 68.59s
2026-06-16 15:16:29 - finetune_logger - INFO - Test memory reserved: 26.00 MB
[2026-06-16 15:16:29,943][finetune_logger][INFO] - Test memory reserved: 26.00 MB
2026-06-16 15:16:29 - finetune_logger - INFO - Test memory allocated: 18.10 MB
[2026-06-16 15:16:29,944][finetune_logger][INFO] - Test memory allocated: 18.10 MB
2026-06-16 15:16:29 - finetune_logger - INFO - Epoch 10/20
[2026-06-16 15:16:29,944][finetune_logger][INFO] - Epoch 10/20
2026-06-16 15:25:59 - finetune_logger - INFO - Train loss: 21.173944077980522
[2026-06-16 15:25:59,574][finetune_logger][INFO] - Train loss: 21.173944077980522
2026-06-16 15:25:59 - finetune_logger - INFO - Train time: 569.6301021575928s
[2026-06-16 15:25:59,575][finetune_logger][INFO] - Train time: 569.6301021575928s
2026-06-16 15:25:59 - finetune_logger - INFO - Train memory reserved: 26.00 MB
[2026-06-16 15:25:59,575][finetune_logger][INFO] - Train memory reserved: 26.00 MB
2026-06-16 15:25:59 - finetune_logger - INFO - Train memory allocated: 18.10 MB
[2026-06-16 15:25:59,575][finetune_logger][INFO] - Train memory allocated: 18.10 MB
2026-06-16 15:25:59 - finetune_logger - INFO - Current learning rate: 0.0005
[2026-06-16 15:25:59,575][finetune_logger][INFO] - Current learning rate: 0.0005
2026-06-16 15:26:33 - finetune_logger - INFO - Validation metrics: {'MAE': 21.734804000709993, 'RMSE': 72.65766758913047}
[2026-06-16 15:26:33,058][finetune_logger][INFO] - Validation metrics: {'MAE': 21.734804000709993, 'RMSE': 72.65766758913047}
2026-06-16 15:26:33 - finetune_logger - INFO - Val time: 33.48s
[2026-06-16 15:26:33,058][finetune_logger][INFO] - Val time: 33.48s
2026-06-16 15:26:33 - finetune_logger - INFO - Val memory reserved: 26.00 MB
[2026-06-16 15:26:33,058][finetune_logger][INFO] - Val memory reserved: 26.00 MB
2026-06-16 15:26:33 - finetune_logger - INFO - Val memory allocated: 18.10 MB
[2026-06-16 15:26:33,058][finetune_logger][INFO] - Val memory allocated: 18.10 MB
2026-06-16 15:26:33 - finetune_logger - INFO - Logged epoch 10 info to /public/home/202411094934/python_project/Spatio-Temporal-Library/time-series/2026-06-16/itransformer/finetune20/weather/time-series/seed_2/training_log.json
[2026-06-16 15:26:33,062][finetune_logger][INFO] - Logged epoch 10 info to /public/home/202411094934/python_project/Spatio-Temporal-Library/time-series/2026-06-16/itransformer/finetune20/weather/time-series/seed_2/training_log.json
2026-06-16 15:27:40 - finetune_logger - INFO - Test metrics: {'MAE': 13.058263836894435, 'RMSE': 44.624328587225314}
[2026-06-16 15:27:40,890][finetune_logger][INFO] - Test metrics: {'MAE': 13.058263836894435, 'RMSE': 44.624328587225314}
2026-06-16 15:27:40 - finetune_logger - INFO - Test time: 67.80s
[2026-06-16 15:27:40,890][finetune_logger][INFO] - Test time: 67.80s
2026-06-16 15:27:40 - finetune_logger - INFO - Test memory reserved: 26.00 MB
[2026-06-16 15:27:40,890][finetune_logger][INFO] - Test memory reserved: 26.00 MB
2026-06-16 15:27:40 - finetune_logger - INFO - Test memory allocated: 18.10 MB
[2026-06-16 15:27:40,890][finetune_logger][INFO] - Test memory allocated: 18.10 MB
2026-06-16 15:27:40 - finetune_logger - INFO - Epoch 11/20
[2026-06-16 15:27:40,890][finetune_logger][INFO] - Epoch 11/20
2026-06-16 15:37:10 - finetune_logger - INFO - Train loss: 20.18810126824545
[2026-06-16 15:37:10,362][finetune_logger][INFO] - Train loss: 20.18810126824545
2026-06-16 15:37:10 - finetune_logger - INFO - Train time: 569.4710898399353s
[2026-06-16 15:37:10,362][finetune_logger][INFO] - Train time: 569.4710898399353s
2026-06-16 15:37:10 - finetune_logger - INFO - Train memory reserved: 26.00 MB
[2026-06-16 15:37:10,362][finetune_logger][INFO] - Train memory reserved: 26.00 MB
2026-06-16 15:37:10 - finetune_logger - INFO - Train memory allocated: 18.10 MB
[2026-06-16 15:37:10,362][finetune_logger][INFO] - Train memory allocated: 18.10 MB
2026-06-16 15:37:10 - finetune_logger - INFO - Current learning rate: 0.00025
[2026-06-16 15:37:10,363][finetune_logger][INFO] - Current learning rate: 0.00025
2026-06-16 15:37:43 - finetune_logger - INFO - Validation metrics: {'MAE': 21.21597302963303, 'RMSE': 72.29003182986732}
[2026-06-16 15:37:43,808][finetune_logger][INFO] - Validation metrics: {'MAE': 21.21597302963303, 'RMSE': 72.29003182986732}
2026-06-16 15:37:43 - finetune_logger - INFO - Val time: 33.44s
[2026-06-16 15:37:43,808][finetune_logger][INFO] - Val time: 33.44s
2026-06-16 15:37:43 - finetune_logger - INFO - Val memory reserved: 26.00 MB
[2026-06-16 15:37:43,808][finetune_logger][INFO] - Val memory reserved: 26.00 MB
2026-06-16 15:37:43 - finetune_logger - INFO - Val memory allocated: 18.10 MB
[2026-06-16 15:37:43,808][finetune_logger][INFO] - Val memory allocated: 18.10 MB
2026-06-16 15:37:43 - finetune_logger - INFO - Logged epoch 11 info to /public/home/202411094934/python_project/Spatio-Temporal-Library/time-series/2026-06-16/itransformer/finetune20/weather/time-series/seed_2/training_log.json
[2026-06-16 15:37:43,812][finetune_logger][INFO] - Logged epoch 11 info to /public/home/202411094934/python_project/Spatio-Temporal-Library/time-series/2026-06-16/itransformer/finetune20/weather/time-series/seed_2/training_log.json
2026-06-16 15:38:51 - finetune_logger - INFO - Test metrics: {'MAE': 12.26288336119599, 'RMSE': 42.95996606327927}
[2026-06-16 15:38:51,646][finetune_logger][INFO] - Test metrics: {'MAE': 12.26288336119599, 'RMSE': 42.95996606327927}
2026-06-16 15:38:51 - finetune_logger - INFO - Test time: 67.83s
[2026-06-16 15:38:51,646][finetune_logger][INFO] - Test time: 67.83s
2026-06-16 15:38:51 - finetune_logger - INFO - Test memory reserved: 26.00 MB
[2026-06-16 15:38:51,646][finetune_logger][INFO] - Test memory reserved: 26.00 MB
2026-06-16 15:38:51 - finetune_logger - INFO - Test memory allocated: 18.10 MB
[2026-06-16 15:38:51,646][finetune_logger][INFO] - Test memory allocated: 18.10 MB
2026-06-16 15:38:51 - finetune_logger - INFO - Epoch 12/20
[2026-06-16 15:38:51,646][finetune_logger][INFO] - Epoch 12/20
2026-06-16 15:48:21 - finetune_logger - INFO - Train loss: 19.94977468256078
[2026-06-16 15:48:21,388][finetune_logger][INFO] - Train loss: 19.94977468256078
2026-06-16 15:48:21 - finetune_logger - INFO - Train time: 569.741087436676s
[2026-06-16 15:48:21,388][finetune_logger][INFO] - Train time: 569.741087436676s
2026-06-16 15:48:21 - finetune_logger - INFO - Train memory reserved: 26.00 MB
[2026-06-16 15:48:21,388][finetune_logger][INFO] - Train memory reserved: 26.00 MB
2026-06-16 15:48:21 - finetune_logger - INFO - Train memory allocated: 18.10 MB
[2026-06-16 15:48:21,388][finetune_logger][INFO] - Train memory allocated: 18.10 MB
2026-06-16 15:48:21 - finetune_logger - INFO - Current learning rate: 0.00025
[2026-06-16 15:48:21,388][finetune_logger][INFO] - Current learning rate: 0.00025
2026-06-16 15:48:54 - finetune_logger - INFO - Validation metrics: {'MAE': 21.57184509361781, 'RMSE': 73.10927641168254}
[2026-06-16 15:48:54,992][finetune_logger][INFO] - Validation metrics: {'MAE': 21.57184509361781, 'RMSE': 73.10927641168254}
2026-06-16 15:48:54 - finetune_logger - INFO - Val time: 33.60s
[2026-06-16 15:48:54,992][finetune_logger][INFO] - Val time: 33.60s
2026-06-16 15:48:54 - finetune_logger - INFO - Val memory reserved: 26.00 MB
[2026-06-16 15:48:54,992][finetune_logger][INFO] - Val memory reserved: 26.00 MB
2026-06-16 15:48:54 - finetune_logger - INFO - Val memory allocated: 18.10 MB
[2026-06-16 15:48:54,992][finetune_logger][INFO] - Val memory allocated: 18.10 MB
2026-06-16 15:48:54 - finetune_logger - INFO - Logged epoch 12 info to /public/home/202411094934/python_project/Spatio-Temporal-Library/time-series/2026-06-16/itransformer/finetune20/weather/time-series/seed_2/training_log.json
[2026-06-16 15:48:54,996][finetune_logger][INFO] - Logged epoch 12 info to /public/home/202411094934/python_project/Spatio-Temporal-Library/time-series/2026-06-16/itransformer/finetune20/weather/time-series/seed_2/training_log.json
2026-06-16 15:50:02 - finetune_logger - INFO - Test metrics: {'MAE': 12.224300244391207, 'RMSE': 42.360422088917765}
[2026-06-16 15:50:02,836][finetune_logger][INFO] - Test metrics: {'MAE': 12.224300244391207, 'RMSE': 42.360422088917765}
2026-06-16 15:50:02 - finetune_logger - INFO - Test time: 67.84s
[2026-06-16 15:50:02,836][finetune_logger][INFO] - Test time: 67.84s
2026-06-16 15:50:02 - finetune_logger - INFO - Test memory reserved: 26.00 MB
[2026-06-16 15:50:02,836][finetune_logger][INFO] - Test memory reserved: 26.00 MB
2026-06-16 15:50:02 - finetune_logger - INFO - Test memory allocated: 18.10 MB
[2026-06-16 15:50:02,836][finetune_logger][INFO] - Test memory allocated: 18.10 MB
2026-06-16 15:50:02 - finetune_logger - INFO - Epoch 13/20
[2026-06-16 15:50:02,836][finetune_logger][INFO] - Epoch 13/20
2026-06-16 15:59:32 - finetune_logger - INFO - Train loss: 19.790650542424377
[2026-06-16 15:59:32,854][finetune_logger][INFO] - Train loss: 19.790650542424377
2026-06-16 15:59:32 - finetune_logger - INFO - Train time: 570.0168170928955s
[2026-06-16 15:59:32,854][finetune_logger][INFO] - Train time: 570.0168170928955s
2026-06-16 15:59:32 - finetune_logger - INFO - Train memory reserved: 26.00 MB
[2026-06-16 15:59:32,854][finetune_logger][INFO] - Train memory reserved: 26.00 MB
2026-06-16 15:59:32 - finetune_logger - INFO - Train memory allocated: 18.10 MB
[2026-06-16 15:59:32,854][finetune_logger][INFO] - Train memory allocated: 18.10 MB
2026-06-16 15:59:32 - finetune_logger - INFO - Current learning rate: 0.00025
[2026-06-16 15:59:32,854][finetune_logger][INFO] - Current learning rate: 0.00025
2026-06-16 16:00:06 - finetune_logger - INFO - Validation metrics: {'MAE': 21.304827528357333, 'RMSE': 72.56736091032485}
[2026-06-16 16:00:06,346][finetune_logger][INFO] - Validation metrics: {'MAE': 21.304827528357333, 'RMSE': 72.56736091032485}
2026-06-16 16:00:06 - finetune_logger - INFO - Val time: 33.49s
[2026-06-16 16:00:06,346][finetune_logger][INFO] - Val time: 33.49s
2026-06-16 16:00:06 - finetune_logger - INFO - Val memory reserved: 26.00 MB
[2026-06-16 16:00:06,346][finetune_logger][INFO] - Val memory reserved: 26.00 MB
2026-06-16 16:00:06 - finetune_logger - INFO - Val memory allocated: 18.10 MB
[2026-06-16 16:00:06,346][finetune_logger][INFO] - Val memory allocated: 18.10 MB
2026-06-16 16:00:06 - finetune_logger - INFO - Logged epoch 13 info to /public/home/202411094934/python_project/Spatio-Temporal-Library/time-series/2026-06-16/itransformer/finetune20/weather/time-series/seed_2/training_log.json
[2026-06-16 16:00:06,349][finetune_logger][INFO] - Logged epoch 13 info to /public/home/202411094934/python_project/Spatio-Temporal-Library/time-series/2026-06-16/itransformer/finetune20/weather/time-series/seed_2/training_log.json
2026-06-16 16:01:14 - finetune_logger - INFO - Test metrics: {'MAE': 12.583419350251777, 'RMSE': 43.74879064457904}
[2026-06-16 16:01:14,156][finetune_logger][INFO] - Test metrics: {'MAE': 12.583419350251777, 'RMSE': 43.74879064457904}
2026-06-16 16:01:14 - finetune_logger - INFO - Test time: 67.81s
[2026-06-16 16:01:14,156][finetune_logger][INFO] - Test time: 67.81s
2026-06-16 16:01:14 - finetune_logger - INFO - Test memory reserved: 26.00 MB
[2026-06-16 16:01:14,156][finetune_logger][INFO] - Test memory reserved: 26.00 MB
2026-06-16 16:01:14 - finetune_logger - INFO - Test memory allocated: 18.10 MB
[2026-06-16 16:01:14,156][finetune_logger][INFO] - Test memory allocated: 18.10 MB
2026-06-16 16:01:14 - finetune_logger - INFO - Epoch 14/20
[2026-06-16 16:01:14,156][finetune_logger][INFO] - Epoch 14/20
2026-06-16 16:10:43 - finetune_logger - INFO - Train loss: 19.669540123326094
[2026-06-16 16:10:43,552][finetune_logger][INFO] - Train loss: 19.669540123326094
2026-06-16 16:10:43 - finetune_logger - INFO - Train time: 569.395366191864s
[2026-06-16 16:10:43,552][finetune_logger][INFO] - Train time: 569.395366191864s
2026-06-16 16:10:43 - finetune_logger - INFO - Train memory reserved: 26.00 MB
[2026-06-16 16:10:43,553][finetune_logger][INFO] - Train memory reserved: 26.00 MB
2026-06-16 16:10:43 - finetune_logger - INFO - Train memory allocated: 18.10 MB
[2026-06-16 16:10:43,553][finetune_logger][INFO] - Train memory allocated: 18.10 MB
2026-06-16 16:10:43 - finetune_logger - INFO - Current learning rate: 0.00025
[2026-06-16 16:10:43,553][finetune_logger][INFO] - Current learning rate: 0.00025
2026-06-16 16:11:17 - finetune_logger - INFO - Validation metrics: {'MAE': 21.06652119571484, 'RMSE': 71.87446762453204}
[2026-06-16 16:11:17,161][finetune_logger][INFO] - Validation metrics: {'MAE': 21.06652119571484, 'RMSE': 71.87446762453204}
2026-06-16 16:11:17 - finetune_logger - INFO - Val time: 33.61s
[2026-06-16 16:11:17,162][finetune_logger][INFO] - Val time: 33.61s
2026-06-16 16:11:17 - finetune_logger - INFO - Val memory reserved: 26.00 MB
[2026-06-16 16:11:17,162][finetune_logger][INFO] - Val memory reserved: 26.00 MB
2026-06-16 16:11:17 - finetune_logger - INFO - Val memory allocated: 18.10 MB
[2026-06-16 16:11:17,162][finetune_logger][INFO] - Val memory allocated: 18.10 MB
2026-06-16 16:11:17 - finetune_logger - INFO - Logged epoch 14 info to /public/home/202411094934/python_project/Spatio-Temporal-Library/time-series/2026-06-16/itransformer/finetune20/weather/time-series/seed_2/training_log.json
[2026-06-16 16:11:17,165][finetune_logger][INFO] - Logged epoch 14 info to /public/home/202411094934/python_project/Spatio-Temporal-Library/time-series/2026-06-16/itransformer/finetune20/weather/time-series/seed_2/training_log.json
2026-06-16 16:12:25 - finetune_logger - INFO - Test metrics: {'MAE': 12.35054530313885, 'RMSE': 42.918221982011104}
[2026-06-16 16:12:25,170][finetune_logger][INFO] - Test metrics: {'MAE': 12.35054530313885, 'RMSE': 42.918221982011104}
2026-06-16 16:12:25 - finetune_logger - INFO - Test time: 68.00s
[2026-06-16 16:12:25,170][finetune_logger][INFO] - Test time: 68.00s
2026-06-16 16:12:25 - finetune_logger - INFO - Test memory reserved: 26.00 MB
[2026-06-16 16:12:25,171][finetune_logger][INFO] - Test memory reserved: 26.00 MB
2026-06-16 16:12:25 - finetune_logger - INFO - Test memory allocated: 18.10 MB
[2026-06-16 16:12:25,171][finetune_logger][INFO] - Test memory allocated: 18.10 MB
2026-06-16 16:12:25 - finetune_logger - INFO - Epoch 15/20
[2026-06-16 16:12:25,171][finetune_logger][INFO] - Epoch 15/20
2026-06-16 16:21:55 - finetune_logger - INFO - Train loss: 19.560478431190813
[2026-06-16 16:21:55,348][finetune_logger][INFO] - Train loss: 19.560478431190813
2026-06-16 16:21:55 - finetune_logger - INFO - Train time: 570.1768088340759s
[2026-06-16 16:21:55,348][finetune_logger][INFO] - Train time: 570.1768088340759s
2026-06-16 16:21:55 - finetune_logger - INFO - Train memory reserved: 26.00 MB
[2026-06-16 16:21:55,349][finetune_logger][INFO] - Train memory reserved: 26.00 MB
2026-06-16 16:21:55 - finetune_logger - INFO - Train memory allocated: 18.10 MB
[2026-06-16 16:21:55,349][finetune_logger][INFO] - Train memory allocated: 18.10 MB
2026-06-16 16:21:55 - finetune_logger - INFO - Current learning rate: 0.00025
[2026-06-16 16:21:55,349][finetune_logger][INFO] - Current learning rate: 0.00025
2026-06-16 16:22:28 - finetune_logger - INFO - Validation metrics: {'MAE': 20.76980810047474, 'RMSE': 71.14594193821067}
[2026-06-16 16:22:28,837][finetune_logger][INFO] - Validation metrics: {'MAE': 20.76980810047474, 'RMSE': 71.14594193821067}
2026-06-16 16:22:28 - finetune_logger - INFO - Val time: 33.49s
[2026-06-16 16:22:28,837][finetune_logger][INFO] - Val time: 33.49s
2026-06-16 16:22:28 - finetune_logger - INFO - Val memory reserved: 26.00 MB
[2026-06-16 16:22:28,837][finetune_logger][INFO] - Val memory reserved: 26.00 MB
2026-06-16 16:22:28 - finetune_logger - INFO - Val memory allocated: 18.10 MB
[2026-06-16 16:22:28,838][finetune_logger][INFO] - Val memory allocated: 18.10 MB
2026-06-16 16:22:28 - finetune_logger - INFO - Logged epoch 15 info to /public/home/202411094934/python_project/Spatio-Temporal-Library/time-series/2026-06-16/itransformer/finetune20/weather/time-series/seed_2/training_log.json
[2026-06-16 16:22:28,841][finetune_logger][INFO] - Logged epoch 15 info to /public/home/202411094934/python_project/Spatio-Temporal-Library/time-series/2026-06-16/itransformer/finetune20/weather/time-series/seed_2/training_log.json
2026-06-16 16:23:38 - finetune_logger - INFO - Test metrics: {'MAE': 11.981232625625577, 'RMSE': 41.78201696834456}
[2026-06-16 16:23:38,414][finetune_logger][INFO] - Test metrics: {'MAE': 11.981232625625577, 'RMSE': 41.78201696834456}
2026-06-16 16:23:38 - finetune_logger - INFO - Test time: 69.57s
[2026-06-16 16:23:38,414][finetune_logger][INFO] - Test time: 69.57s
2026-06-16 16:23:38 - finetune_logger - INFO - Test memory reserved: 26.00 MB
[2026-06-16 16:23:38,414][finetune_logger][INFO] - Test memory reserved: 26.00 MB
2026-06-16 16:23:38 - finetune_logger - INFO - Test memory allocated: 18.10 MB
[2026-06-16 16:23:38,414][finetune_logger][INFO] - Test memory allocated: 18.10 MB
2026-06-16 16:23:38 - finetune_logger - INFO - Epoch 16/20
[2026-06-16 16:23:38,414][finetune_logger][INFO] - Epoch 16/20
2026-06-16 16:33:08 - finetune_logger - INFO - Train loss: 19.459644743717437
[2026-06-16 16:33:08,219][finetune_logger][INFO] - Train loss: 19.459644743717437
2026-06-16 16:33:08 - finetune_logger - INFO - Train time: 569.8044943809509s
[2026-06-16 16:33:08,220][finetune_logger][INFO] - Train time: 569.8044943809509s
2026-06-16 16:33:08 - finetune_logger - INFO - Train memory reserved: 26.00 MB
[2026-06-16 16:33:08,220][finetune_logger][INFO] - Train memory reserved: 26.00 MB
2026-06-16 16:33:08 - finetune_logger - INFO - Train memory allocated: 18.10 MB
[2026-06-16 16:33:08,220][finetune_logger][INFO] - Train memory allocated: 18.10 MB
2026-06-16 16:33:08 - finetune_logger - INFO - Current learning rate: 0.00025
[2026-06-16 16:33:08,220][finetune_logger][INFO] - Current learning rate: 0.00025
2026-06-16 16:33:41 - finetune_logger - INFO - Validation metrics: {'MAE': 21.59343562327766, 'RMSE': 74.44373962058454}
[2026-06-16 16:33:41,663][finetune_logger][INFO] - Validation metrics: {'MAE': 21.59343562327766, 'RMSE': 74.44373962058454}
2026-06-16 16:33:41 - finetune_logger - INFO - Val time: 33.44s
[2026-06-16 16:33:41,663][finetune_logger][INFO] - Val time: 33.44s
2026-06-16 16:33:41 - finetune_logger - INFO - Val memory reserved: 26.00 MB
[2026-06-16 16:33:41,663][finetune_logger][INFO] - Val memory reserved: 26.00 MB
2026-06-16 16:33:41 - finetune_logger - INFO - Val memory allocated: 18.10 MB
[2026-06-16 16:33:41,664][finetune_logger][INFO] - Val memory allocated: 18.10 MB
2026-06-16 16:33:41 - finetune_logger - INFO - Logged epoch 16 info to /public/home/202411094934/python_project/Spatio-Temporal-Library/time-series/2026-06-16/itransformer/finetune20/weather/time-series/seed_2/training_log.json
[2026-06-16 16:33:41,667][finetune_logger][INFO] - Logged epoch 16 info to /public/home/202411094934/python_project/Spatio-Temporal-Library/time-series/2026-06-16/itransformer/finetune20/weather/time-series/seed_2/training_log.json
2026-06-16 16:34:49 - finetune_logger - INFO - Test metrics: {'MAE': 11.946209396734107, 'RMSE': 41.87751116847652}
[2026-06-16 16:34:49,585][finetune_logger][INFO] - Test metrics: {'MAE': 11.946209396734107, 'RMSE': 41.87751116847652}
2026-06-16 16:34:49 - finetune_logger - INFO - Test time: 67.92s
[2026-06-16 16:34:49,585][finetune_logger][INFO] - Test time: 67.92s
2026-06-16 16:34:49 - finetune_logger - INFO - Test memory reserved: 26.00 MB
[2026-06-16 16:34:49,585][finetune_logger][INFO] - Test memory reserved: 26.00 MB
2026-06-16 16:34:49 - finetune_logger - INFO - Test memory allocated: 18.10 MB
[2026-06-16 16:34:49,585][finetune_logger][INFO] - Test memory allocated: 18.10 MB
2026-06-16 16:34:49 - finetune_logger - INFO - Epoch 17/20
[2026-06-16 16:34:49,586][finetune_logger][INFO] - Epoch 17/20
2026-06-16 16:44:18 - finetune_logger - INFO - Train loss: 19.369817206024205
[2026-06-16 16:44:18,771][finetune_logger][INFO] - Train loss: 19.369817206024205
2026-06-16 16:44:18 - finetune_logger - INFO - Train time: 569.1850624084473s
[2026-06-16 16:44:18,771][finetune_logger][INFO] - Train time: 569.1850624084473s
2026-06-16 16:44:18 - finetune_logger - INFO - Train memory reserved: 26.00 MB
[2026-06-16 16:44:18,772][finetune_logger][INFO] - Train memory reserved: 26.00 MB
2026-06-16 16:44:18 - finetune_logger - INFO - Train memory allocated: 18.10 MB
[2026-06-16 16:44:18,772][finetune_logger][INFO] - Train memory allocated: 18.10 MB
2026-06-16 16:44:18 - finetune_logger - INFO - Current learning rate: 0.00025
[2026-06-16 16:44:18,772][finetune_logger][INFO] - Current learning rate: 0.00025
2026-06-16 16:44:52 - finetune_logger - INFO - Validation metrics: {'MAE': 20.717439697898634, 'RMSE': 71.08330562555011}
[2026-06-16 16:44:52,227][finetune_logger][INFO] - Validation metrics: {'MAE': 20.717439697898634, 'RMSE': 71.08330562555011}
2026-06-16 16:44:52 - finetune_logger - INFO - Val time: 33.45s
[2026-06-16 16:44:52,227][finetune_logger][INFO] - Val time: 33.45s
2026-06-16 16:44:52 - finetune_logger - INFO - Val memory reserved: 26.00 MB
[2026-06-16 16:44:52,227][finetune_logger][INFO] - Val memory reserved: 26.00 MB
2026-06-16 16:44:52 - finetune_logger - INFO - Val memory allocated: 18.10 MB
[2026-06-16 16:44:52,227][finetune_logger][INFO] - Val memory allocated: 18.10 MB
2026-06-16 16:44:52 - finetune_logger - INFO - Logged epoch 17 info to /public/home/202411094934/python_project/Spatio-Temporal-Library/time-series/2026-06-16/itransformer/finetune20/weather/time-series/seed_2/training_log.json
[2026-06-16 16:44:52,230][finetune_logger][INFO] - Logged epoch 17 info to /public/home/202411094934/python_project/Spatio-Temporal-Library/time-series/2026-06-16/itransformer/finetune20/weather/time-series/seed_2/training_log.json
2026-06-16 16:46:00 - finetune_logger - INFO - Test metrics: {'MAE': 11.721440459317723, 'RMSE': 41.123931787079634}
[2026-06-16 16:46:00,043][finetune_logger][INFO] - Test metrics: {'MAE': 11.721440459317723, 'RMSE': 41.123931787079634}
2026-06-16 16:46:00 - finetune_logger - INFO - Test time: 67.81s
[2026-06-16 16:46:00,043][finetune_logger][INFO] - Test time: 67.81s
2026-06-16 16:46:00 - finetune_logger - INFO - Test memory reserved: 26.00 MB
[2026-06-16 16:46:00,043][finetune_logger][INFO] - Test memory reserved: 26.00 MB
2026-06-16 16:46:00 - finetune_logger - INFO - Test memory allocated: 18.10 MB
[2026-06-16 16:46:00,043][finetune_logger][INFO] - Test memory allocated: 18.10 MB
2026-06-16 16:46:00 - finetune_logger - INFO - Epoch 18/20
[2026-06-16 16:46:00,044][finetune_logger][INFO] - Epoch 18/20
2026-06-16 16:55:28 - finetune_logger - INFO - Train loss: 19.30214875460061
[2026-06-16 16:55:28,995][finetune_logger][INFO] - Train loss: 19.30214875460061
2026-06-16 16:55:28 - finetune_logger - INFO - Train time: 568.9506027698517s
[2026-06-16 16:55:28,995][finetune_logger][INFO] - Train time: 568.9506027698517s
2026-06-16 16:55:28 - finetune_logger - INFO - Train memory reserved: 26.00 MB
[2026-06-16 16:55:28,995][finetune_logger][INFO] - Train memory reserved: 26.00 MB
2026-06-16 16:55:28 - finetune_logger - INFO - Train memory allocated: 18.10 MB
[2026-06-16 16:55:28,995][finetune_logger][INFO] - Train memory allocated: 18.10 MB
2026-06-16 16:55:28 - finetune_logger - INFO - Current learning rate: 0.00025
[2026-06-16 16:55:28,995][finetune_logger][INFO] - Current learning rate: 0.00025
2026-06-16 16:56:02 - finetune_logger - INFO - Validation metrics: {'MAE': 21.138667918887318, 'RMSE': 72.26962900028586}
[2026-06-16 16:56:02,406][finetune_logger][INFO] - Validation metrics: {'MAE': 21.138667918887318, 'RMSE': 72.26962900028586}
2026-06-16 16:56:02 - finetune_logger - INFO - Val time: 33.41s
[2026-06-16 16:56:02,406][finetune_logger][INFO] - Val time: 33.41s
2026-06-16 16:56:02 - finetune_logger - INFO - Val memory reserved: 26.00 MB
[2026-06-16 16:56:02,406][finetune_logger][INFO] - Val memory reserved: 26.00 MB
2026-06-16 16:56:02 - finetune_logger - INFO - Val memory allocated: 18.10 MB
[2026-06-16 16:56:02,406][finetune_logger][INFO] - Val memory allocated: 18.10 MB
2026-06-16 16:56:02 - finetune_logger - INFO - Logged epoch 18 info to /public/home/202411094934/python_project/Spatio-Temporal-Library/time-series/2026-06-16/itransformer/finetune20/weather/time-series/seed_2/training_log.json
[2026-06-16 16:56:02,409][finetune_logger][INFO] - Logged epoch 18 info to /public/home/202411094934/python_project/Spatio-Temporal-Library/time-series/2026-06-16/itransformer/finetune20/weather/time-series/seed_2/training_log.json
2026-06-16 16:57:10 - finetune_logger - INFO - Test metrics: {'MAE': 12.450268546295883, 'RMSE': 43.57595296117003}
[2026-06-16 16:57:10,167][finetune_logger][INFO] - Test metrics: {'MAE': 12.450268546295883, 'RMSE': 43.57595296117003}
2026-06-16 16:57:10 - finetune_logger - INFO - Test time: 67.76s
[2026-06-16 16:57:10,167][finetune_logger][INFO] - Test time: 67.76s
2026-06-16 16:57:10 - finetune_logger - INFO - Test memory reserved: 26.00 MB
[2026-06-16 16:57:10,167][finetune_logger][INFO] - Test memory reserved: 26.00 MB
2026-06-16 16:57:10 - finetune_logger - INFO - Test memory allocated: 18.10 MB
[2026-06-16 16:57:10,167][finetune_logger][INFO] - Test memory allocated: 18.10 MB
2026-06-16 16:57:10 - finetune_logger - INFO - Epoch 19/20
[2026-06-16 16:57:10,167][finetune_logger][INFO] - Epoch 19/20
2026-06-16 17:06:38 - finetune_logger - INFO - Train loss: 19.227168996681964
[2026-06-16 17:06:38,656][finetune_logger][INFO] - Train loss: 19.227168996681964
2026-06-16 17:06:38 - finetune_logger - INFO - Train time: 568.4886031150818s
[2026-06-16 17:06:38,657][finetune_logger][INFO] - Train time: 568.4886031150818s
2026-06-16 17:06:38 - finetune_logger - INFO - Train memory reserved: 26.00 MB
[2026-06-16 17:06:38,657][finetune_logger][INFO] - Train memory reserved: 26.00 MB
2026-06-16 17:06:38 - finetune_logger - INFO - Train memory allocated: 18.10 MB
[2026-06-16 17:06:38,657][finetune_logger][INFO] - Train memory allocated: 18.10 MB
2026-06-16 17:06:38 - finetune_logger - INFO - Current learning rate: 0.00025
[2026-06-16 17:06:38,657][finetune_logger][INFO] - Current learning rate: 0.00025
2026-06-16 17:07:12 - finetune_logger - INFO - Validation metrics: {'MAE': 20.83073310753142, 'RMSE': 71.8042863789523}
[2026-06-16 17:07:12,120][finetune_logger][INFO] - Validation metrics: {'MAE': 20.83073310753142, 'RMSE': 71.8042863789523}
2026-06-16 17:07:12 - finetune_logger - INFO - Val time: 33.46s
[2026-06-16 17:07:12,120][finetune_logger][INFO] - Val time: 33.46s
2026-06-16 17:07:12 - finetune_logger - INFO - Val memory reserved: 26.00 MB
[2026-06-16 17:07:12,120][finetune_logger][INFO] - Val memory reserved: 26.00 MB
2026-06-16 17:07:12 - finetune_logger - INFO - Val memory allocated: 18.10 MB
[2026-06-16 17:07:12,120][finetune_logger][INFO] - Val memory allocated: 18.10 MB
2026-06-16 17:07:12 - finetune_logger - INFO - Logged epoch 19 info to /public/home/202411094934/python_project/Spatio-Temporal-Library/time-series/2026-06-16/itransformer/finetune20/weather/time-series/seed_2/training_log.json
[2026-06-16 17:07:12,124][finetune_logger][INFO] - Logged epoch 19 info to /public/home/202411094934/python_project/Spatio-Temporal-Library/time-series/2026-06-16/itransformer/finetune20/weather/time-series/seed_2/training_log.json
2026-06-16 17:08:19 - finetune_logger - INFO - Test metrics: {'MAE': 12.075030272506444, 'RMSE': 42.41661564090244}
[2026-06-16 17:08:19,933][finetune_logger][INFO] - Test metrics: {'MAE': 12.075030272506444, 'RMSE': 42.41661564090244}
2026-06-16 17:08:19 - finetune_logger - INFO - Test time: 67.81s
[2026-06-16 17:08:19,933][finetune_logger][INFO] - Test time: 67.81s
2026-06-16 17:08:19 - finetune_logger - INFO - Test memory reserved: 26.00 MB
[2026-06-16 17:08:19,933][finetune_logger][INFO] - Test memory reserved: 26.00 MB
2026-06-16 17:08:19 - finetune_logger - INFO - Test memory allocated: 18.10 MB
[2026-06-16 17:08:19,933][finetune_logger][INFO] - Test memory allocated: 18.10 MB
2026-06-16 17:08:19 - finetune_logger - INFO - Epoch 20/20
[2026-06-16 17:08:19,934][finetune_logger][INFO] - Epoch 20/20
2026-06-16 17:17:49 - finetune_logger - INFO - Train loss: 19.14333538583145
[2026-06-16 17:17:49,330][finetune_logger][INFO] - Train loss: 19.14333538583145
2026-06-16 17:17:49 - finetune_logger - INFO - Train time: 569.3956911563873s
[2026-06-16 17:17:49,330][finetune_logger][INFO] - Train time: 569.3956911563873s
2026-06-16 17:17:49 - finetune_logger - INFO - Train memory reserved: 26.00 MB
[2026-06-16 17:17:49,330][finetune_logger][INFO] - Train memory reserved: 26.00 MB
2026-06-16 17:17:49 - finetune_logger - INFO - Train memory allocated: 18.10 MB
[2026-06-16 17:17:49,330][finetune_logger][INFO] - Train memory allocated: 18.10 MB
2026-06-16 17:17:49 - finetune_logger - INFO - Current learning rate: 0.00025
[2026-06-16 17:17:49,330][finetune_logger][INFO] - Current learning rate: 0.00025
2026-06-16 17:18:22 - finetune_logger - INFO - Validation metrics: {'MAE': 21.157619379410193, 'RMSE': 73.0439399366218}
[2026-06-16 17:18:22,786][finetune_logger][INFO] - Validation metrics: {'MAE': 21.157619379410193, 'RMSE': 73.0439399366218}
2026-06-16 17:18:22 - finetune_logger - INFO - Val time: 33.45s
[2026-06-16 17:18:22,786][finetune_logger][INFO] - Val time: 33.45s
2026-06-16 17:18:22 - finetune_logger - INFO - Val memory reserved: 26.00 MB
[2026-06-16 17:18:22,786][finetune_logger][INFO] - Val memory reserved: 26.00 MB
2026-06-16 17:18:22 - finetune_logger - INFO - Val memory allocated: 18.10 MB
[2026-06-16 17:18:22,786][finetune_logger][INFO] - Val memory allocated: 18.10 MB
2026-06-16 17:18:22 - finetune_logger - INFO - Logged epoch 20 info to /public/home/202411094934/python_project/Spatio-Temporal-Library/time-series/2026-06-16/itransformer/finetune20/weather/time-series/seed_2/training_log.json
[2026-06-16 17:18:22,790][finetune_logger][INFO] - Logged epoch 20 info to /public/home/202411094934/python_project/Spatio-Temporal-Library/time-series/2026-06-16/itransformer/finetune20/weather/time-series/seed_2/training_log.json
2026-06-16 17:19:30 - finetune_logger - INFO - Test metrics: {'MAE': 12.067975558131126, 'RMSE': 42.73660784806186}
[2026-06-16 17:19:30,433][finetune_logger][INFO] - Test metrics: {'MAE': 12.067975558131126, 'RMSE': 42.73660784806186}
2026-06-16 17:19:30 - finetune_logger - INFO - Test time: 67.62s
[2026-06-16 17:19:30,433][finetune_logger][INFO] - Test time: 67.62s
2026-06-16 17:19:30 - finetune_logger - INFO - Test memory reserved: 26.00 MB
[2026-06-16 17:19:30,433][finetune_logger][INFO] - Test memory reserved: 26.00 MB
2026-06-16 17:19:30 - finetune_logger - INFO - Test memory allocated: 18.10 MB
[2026-06-16 17:19:30,433][finetune_logger][INFO] - Test memory allocated: 18.10 MB
2026-06-16 17:19:30 - finetune_logger - INFO - Training completed. Best epoch: 6, Best val loss: 20.563672
[2026-06-16 17:19:30,434][finetune_logger][INFO] - Training completed. Best epoch: 6, Best val loss: 20.563672
2026-06-16 17:19:30 - finetune_logger - INFO - Loaded checkpoint from epoch 6
[2026-06-16 17:19:30,465][finetune_logger][INFO] - Loaded checkpoint from epoch 6
2026-06-16 17:19:30 - finetune_logger - INFO - Evaluating best model on test sets...
[2026-06-16 17:19:30,465][finetune_logger][INFO] - Evaluating best model on test sets...
2026-06-16 17:20:38 - finetune_logger - INFO - Test metrics: {'MAE': 11.780439930907903, 'RMSE': 40.262316268221795}
[2026-06-16 17:20:38,229][finetune_logger][INFO] - Test metrics: {'MAE': 11.780439930907903, 'RMSE': 40.262316268221795}
2026-06-16 17:20:38 - finetune_logger - INFO - Test time: 67.76s
[2026-06-16 17:20:38,229][finetune_logger][INFO] - Test time: 67.76s
2026-06-16 17:20:38 - finetune_logger - INFO - Test memory reserved: 26.00 MB
[2026-06-16 17:20:38,229][finetune_logger][INFO] - Test memory reserved: 26.00 MB
2026-06-16 17:20:38 - finetune_logger - INFO - Test memory allocated: 18.14 MB
[2026-06-16 17:20:38,229][finetune_logger][INFO] - Test memory allocated: 18.14 MB
2026-06-16 17:20:38 - finetune_logger - INFO - Logged epoch test info to /public/home/202411094934/python_project/Spatio-Temporal-Library/time-series/2026-06-16/itransformer/finetune20/weather/time-series/seed_2/training_log.json
[2026-06-16 17:20:38,232][finetune_logger][INFO] - Logged epoch test info to /public/home/202411094934/python_project/Spatio-Temporal-Library/time-series/2026-06-16/itransformer/finetune20/weather/time-series/seed_2/training_log.json
