2026-06-16 03:55:42 - finetune_logger - INFO - No pretrained checkpoint is provided. Finetuning from scratch.
[2026-06-16 03:55:42,881][finetune_logger][INFO] - No pretrained checkpoint is provided. Finetuning from scratch.
2026-06-16 03:55:42 - finetune_logger - INFO - Model parameters: 158,912
[2026-06-16 03:55:42,883][finetune_logger][INFO] - Model parameters: 158,912
2026-06-16 03:55:42 - finetune_logger - INFO - Created new log file at /public/home/202411094934/python_project/Spatio-Temporal-Library/time-series/2026-06-16/itransformer/finetune20/etth1/time-series/seed_2/training_log.json
[2026-06-16 03:55:42,885][finetune_logger][INFO] - Created new log file at /public/home/202411094934/python_project/Spatio-Temporal-Library/time-series/2026-06-16/itransformer/finetune20/etth1/time-series/seed_2/training_log.json
2026-06-16 03:55:42 - finetune_logger - INFO - Starting training...
[2026-06-16 03:55:42,886][finetune_logger][INFO] - Starting training...
2026-06-16 03:55:42 - finetune_logger - INFO - Epoch 1/20
[2026-06-16 03:55:42,886][finetune_logger][INFO] - Epoch 1/20
2026-06-16 03:57:51 - finetune_logger - INFO - Train loss: 1.497170695372841
[2026-06-16 03:57:51,672][finetune_logger][INFO] - Train loss: 1.497170695372841
2026-06-16 03:57:51 - finetune_logger - INFO - Train time: 128.7857370376587s
[2026-06-16 03:57:51,672][finetune_logger][INFO] - Train time: 128.7857370376587s
2026-06-16 03:57:51 - finetune_logger - INFO - Train memory reserved: 24.00 MB
[2026-06-16 03:57:51,672][finetune_logger][INFO] - Train memory reserved: 24.00 MB
2026-06-16 03:57:51 - finetune_logger - INFO - Train memory allocated: 18.10 MB
[2026-06-16 03:57:51,672][finetune_logger][INFO] - Train memory allocated: 18.10 MB
2026-06-16 03:57:51 - finetune_logger - INFO - Current learning rate: 0.0005
[2026-06-16 03:57:51,673][finetune_logger][INFO] - Current learning rate: 0.0005
2026-06-16 03:58:09 - finetune_logger - INFO - Validation metrics: {'MAE': 1.8658625416528594, 'RMSE': 2.9171292936688373}
[2026-06-16 03:58:09,236][finetune_logger][INFO] - Validation metrics: {'MAE': 1.8658625416528594, 'RMSE': 2.9171292936688373}
2026-06-16 03:58:09 - finetune_logger - INFO - Val time: 17.56s
[2026-06-16 03:58:09,236][finetune_logger][INFO] - Val time: 17.56s
2026-06-16 03:58:09 - finetune_logger - INFO - Val memory reserved: 24.00 MB
[2026-06-16 03:58:09,236][finetune_logger][INFO] - Val memory reserved: 24.00 MB
2026-06-16 03:58:09 - finetune_logger - INFO - Val memory allocated: 18.10 MB
[2026-06-16 03:58:09,236][finetune_logger][INFO] - Val memory allocated: 18.10 MB
2026-06-16 03:58:09 - finetune_logger - INFO - Logged epoch 1 info to /public/home/202411094934/python_project/Spatio-Temporal-Library/time-series/2026-06-16/itransformer/finetune20/etth1/time-series/seed_2/training_log.json
[2026-06-16 03:58:09,240][finetune_logger][INFO] - Logged epoch 1 info to /public/home/202411094934/python_project/Spatio-Temporal-Library/time-series/2026-06-16/itransformer/finetune20/etth1/time-series/seed_2/training_log.json
2026-06-16 03:58:09 - finetune_logger - INFO - New best model! Val loss: 1.865863
[2026-06-16 03:58:09,240][finetune_logger][INFO] - New best model! Val loss: 1.865863
2026-06-16 03:58:26 - finetune_logger - INFO - Test metrics: {'MAE': 1.5696369192032598, 'RMSE': 2.9640259206408452}
[2026-06-16 03:58:26,730][finetune_logger][INFO] - Test metrics: {'MAE': 1.5696369192032598, 'RMSE': 2.9640259206408452}
2026-06-16 03:58:26 - finetune_logger - INFO - Test time: 17.45s
[2026-06-16 03:58:26,731][finetune_logger][INFO] - Test time: 17.45s
2026-06-16 03:58:26 - finetune_logger - INFO - Test memory reserved: 24.00 MB
[2026-06-16 03:58:26,731][finetune_logger][INFO] - Test memory reserved: 24.00 MB
2026-06-16 03:58:26 - finetune_logger - INFO - Test memory allocated: 18.10 MB
[2026-06-16 03:58:26,731][finetune_logger][INFO] - Test memory allocated: 18.10 MB
2026-06-16 03:58:26 - finetune_logger - INFO - Epoch 2/20
[2026-06-16 03:58:26,731][finetune_logger][INFO] - Epoch 2/20
2026-06-16 04:00:34 - finetune_logger - INFO - Train loss: 1.4156998956494913
[2026-06-16 04:00:34,720][finetune_logger][INFO] - Train loss: 1.4156998956494913
2026-06-16 04:00:34 - finetune_logger - INFO - Train time: 127.98817825317383s
[2026-06-16 04:00:34,720][finetune_logger][INFO] - Train time: 127.98817825317383s
2026-06-16 04:00:34 - finetune_logger - INFO - Train memory reserved: 24.00 MB
[2026-06-16 04:00:34,720][finetune_logger][INFO] - Train memory reserved: 24.00 MB
2026-06-16 04:00:34 - finetune_logger - INFO - Train memory allocated: 18.10 MB
[2026-06-16 04:00:34,720][finetune_logger][INFO] - Train memory allocated: 18.10 MB
2026-06-16 04:00:34 - finetune_logger - INFO - Current learning rate: 0.0005
[2026-06-16 04:00:34,720][finetune_logger][INFO] - Current learning rate: 0.0005
2026-06-16 04:00:52 - finetune_logger - INFO - Validation metrics: {'MAE': 1.867752631300965, 'RMSE': 2.9137109203338643}
[2026-06-16 04:00:52,158][finetune_logger][INFO] - Validation metrics: {'MAE': 1.867752631300965, 'RMSE': 2.9137109203338643}
2026-06-16 04:00:52 - finetune_logger - INFO - Val time: 17.44s
[2026-06-16 04:00:52,158][finetune_logger][INFO] - Val time: 17.44s
2026-06-16 04:00:52 - finetune_logger - INFO - Val memory reserved: 24.00 MB
[2026-06-16 04:00:52,158][finetune_logger][INFO] - Val memory reserved: 24.00 MB
2026-06-16 04:00:52 - finetune_logger - INFO - Val memory allocated: 18.10 MB
[2026-06-16 04:00:52,158][finetune_logger][INFO] - Val memory allocated: 18.10 MB
2026-06-16 04:00:52 - finetune_logger - INFO - Logged epoch 2 info to /public/home/202411094934/python_project/Spatio-Temporal-Library/time-series/2026-06-16/itransformer/finetune20/etth1/time-series/seed_2/training_log.json
[2026-06-16 04:00:52,161][finetune_logger][INFO] - Logged epoch 2 info to /public/home/202411094934/python_project/Spatio-Temporal-Library/time-series/2026-06-16/itransformer/finetune20/etth1/time-series/seed_2/training_log.json
2026-06-16 04:01:09 - finetune_logger - INFO - Test metrics: {'MAE': 1.5587680987857653, 'RMSE': 2.949297066143582}
[2026-06-16 04:01:09,649][finetune_logger][INFO] - Test metrics: {'MAE': 1.5587680987857653, 'RMSE': 2.949297066143582}
2026-06-16 04:01:09 - finetune_logger - INFO - Test time: 17.49s
[2026-06-16 04:01:09,649][finetune_logger][INFO] - Test time: 17.49s
2026-06-16 04:01:09 - finetune_logger - INFO - Test memory reserved: 24.00 MB
[2026-06-16 04:01:09,650][finetune_logger][INFO] - Test memory reserved: 24.00 MB
2026-06-16 04:01:09 - finetune_logger - INFO - Test memory allocated: 18.10 MB
[2026-06-16 04:01:09,650][finetune_logger][INFO] - Test memory allocated: 18.10 MB
2026-06-16 04:01:09 - finetune_logger - INFO - Epoch 3/20
[2026-06-16 04:01:09,650][finetune_logger][INFO] - Epoch 3/20
2026-06-16 04:03:17 - finetune_logger - INFO - Train loss: 1.380680141686401
[2026-06-16 04:03:17,822][finetune_logger][INFO] - Train loss: 1.380680141686401
2026-06-16 04:03:17 - finetune_logger - INFO - Train time: 128.1712827682495s
[2026-06-16 04:03:17,822][finetune_logger][INFO] - Train time: 128.1712827682495s
2026-06-16 04:03:17 - finetune_logger - INFO - Train memory reserved: 24.00 MB
[2026-06-16 04:03:17,822][finetune_logger][INFO] - Train memory reserved: 24.00 MB
2026-06-16 04:03:17 - finetune_logger - INFO - Train memory allocated: 18.10 MB
[2026-06-16 04:03:17,822][finetune_logger][INFO] - Train memory allocated: 18.10 MB
2026-06-16 04:03:17 - finetune_logger - INFO - Current learning rate: 0.0005
[2026-06-16 04:03:17,822][finetune_logger][INFO] - Current learning rate: 0.0005
2026-06-16 04:03:35 - finetune_logger - INFO - Validation metrics: {'MAE': 1.8759383398010618, 'RMSE': 2.912097374053225}
[2026-06-16 04:03:35,387][finetune_logger][INFO] - Validation metrics: {'MAE': 1.8759383398010618, 'RMSE': 2.912097374053225}
2026-06-16 04:03:35 - finetune_logger - INFO - Val time: 17.56s
[2026-06-16 04:03:35,388][finetune_logger][INFO] - Val time: 17.56s
2026-06-16 04:03:35 - finetune_logger - INFO - Val memory reserved: 24.00 MB
[2026-06-16 04:03:35,388][finetune_logger][INFO] - Val memory reserved: 24.00 MB
2026-06-16 04:03:35 - finetune_logger - INFO - Val memory allocated: 18.10 MB
[2026-06-16 04:03:35,388][finetune_logger][INFO] - Val memory allocated: 18.10 MB
2026-06-16 04:03:35 - finetune_logger - INFO - Logged epoch 3 info to /public/home/202411094934/python_project/Spatio-Temporal-Library/time-series/2026-06-16/itransformer/finetune20/etth1/time-series/seed_2/training_log.json
[2026-06-16 04:03:35,391][finetune_logger][INFO] - Logged epoch 3 info to /public/home/202411094934/python_project/Spatio-Temporal-Library/time-series/2026-06-16/itransformer/finetune20/etth1/time-series/seed_2/training_log.json
2026-06-16 04:03:52 - finetune_logger - INFO - Test metrics: {'MAE': 1.5755595970153804, 'RMSE': 2.95980335585275}
[2026-06-16 04:03:52,843][finetune_logger][INFO] - Test metrics: {'MAE': 1.5755595970153804, 'RMSE': 2.95980335585275}
2026-06-16 04:03:52 - finetune_logger - INFO - Test time: 17.45s
[2026-06-16 04:03:52,843][finetune_logger][INFO] - Test time: 17.45s
2026-06-16 04:03:52 - finetune_logger - INFO - Test memory reserved: 24.00 MB
[2026-06-16 04:03:52,843][finetune_logger][INFO] - Test memory reserved: 24.00 MB
2026-06-16 04:03:52 - finetune_logger - INFO - Test memory allocated: 18.10 MB
[2026-06-16 04:03:52,843][finetune_logger][INFO] - Test memory allocated: 18.10 MB
2026-06-16 04:03:52 - finetune_logger - INFO - Epoch 4/20
[2026-06-16 04:03:52,844][finetune_logger][INFO] - Epoch 4/20
2026-06-16 04:06:00 - finetune_logger - INFO - Train loss: 1.3521723691522802
[2026-06-16 04:06:00,662][finetune_logger][INFO] - Train loss: 1.3521723691522802
2026-06-16 04:06:00 - finetune_logger - INFO - Train time: 127.81823801994324s
[2026-06-16 04:06:00,663][finetune_logger][INFO] - Train time: 127.81823801994324s
2026-06-16 04:06:00 - finetune_logger - INFO - Train memory reserved: 24.00 MB
[2026-06-16 04:06:00,663][finetune_logger][INFO] - Train memory reserved: 24.00 MB
2026-06-16 04:06:00 - finetune_logger - INFO - Train memory allocated: 18.10 MB
[2026-06-16 04:06:00,663][finetune_logger][INFO] - Train memory allocated: 18.10 MB
2026-06-16 04:06:00 - finetune_logger - INFO - Current learning rate: 0.0005
[2026-06-16 04:06:00,663][finetune_logger][INFO] - Current learning rate: 0.0005
2026-06-16 04:06:18 - finetune_logger - INFO - Validation metrics: {'MAE': 1.8951355549721463, 'RMSE': 2.9315296567735234}
[2026-06-16 04:06:18,155][finetune_logger][INFO] - Validation metrics: {'MAE': 1.8951355549721463, 'RMSE': 2.9315296567735234}
2026-06-16 04:06:18 - finetune_logger - INFO - Val time: 17.49s
[2026-06-16 04:06:18,155][finetune_logger][INFO] - Val time: 17.49s
2026-06-16 04:06:18 - finetune_logger - INFO - Val memory reserved: 24.00 MB
[2026-06-16 04:06:18,155][finetune_logger][INFO] - Val memory reserved: 24.00 MB
2026-06-16 04:06:18 - finetune_logger - INFO - Val memory allocated: 18.10 MB
[2026-06-16 04:06:18,155][finetune_logger][INFO] - Val memory allocated: 18.10 MB
2026-06-16 04:06:18 - finetune_logger - INFO - Logged epoch 4 info to /public/home/202411094934/python_project/Spatio-Temporal-Library/time-series/2026-06-16/itransformer/finetune20/etth1/time-series/seed_2/training_log.json
[2026-06-16 04:06:18,158][finetune_logger][INFO] - Logged epoch 4 info to /public/home/202411094934/python_project/Spatio-Temporal-Library/time-series/2026-06-16/itransformer/finetune20/etth1/time-series/seed_2/training_log.json
2026-06-16 04:06:35 - finetune_logger - INFO - Test metrics: {'MAE': 1.5846175703775305, 'RMSE': 2.994742388634457}
[2026-06-16 04:06:35,696][finetune_logger][INFO] - Test metrics: {'MAE': 1.5846175703775305, 'RMSE': 2.994742388634457}
2026-06-16 04:06:35 - finetune_logger - INFO - Test time: 17.54s
[2026-06-16 04:06:35,697][finetune_logger][INFO] - Test time: 17.54s
2026-06-16 04:06:35 - finetune_logger - INFO - Test memory reserved: 24.00 MB
[2026-06-16 04:06:35,697][finetune_logger][INFO] - Test memory reserved: 24.00 MB
2026-06-16 04:06:35 - finetune_logger - INFO - Test memory allocated: 18.10 MB
[2026-06-16 04:06:35,697][finetune_logger][INFO] - Test memory allocated: 18.10 MB
2026-06-16 04:06:35 - finetune_logger - INFO - Epoch 5/20
[2026-06-16 04:06:35,697][finetune_logger][INFO] - Epoch 5/20
2026-06-16 04:08:43 - finetune_logger - INFO - Train loss: 1.3247173249188406
[2026-06-16 04:08:43,961][finetune_logger][INFO] - Train loss: 1.3247173249188406
2026-06-16 04:08:43 - finetune_logger - INFO - Train time: 128.26374435424805s
[2026-06-16 04:08:43,962][finetune_logger][INFO] - Train time: 128.26374435424805s
2026-06-16 04:08:43 - finetune_logger - INFO - Train memory reserved: 24.00 MB
[2026-06-16 04:08:43,962][finetune_logger][INFO] - Train memory reserved: 24.00 MB
2026-06-16 04:08:43 - finetune_logger - INFO - Train memory allocated: 18.10 MB
[2026-06-16 04:08:43,962][finetune_logger][INFO] - Train memory allocated: 18.10 MB
2026-06-16 04:08:43 - finetune_logger - INFO - Current learning rate: 0.0005
[2026-06-16 04:08:43,962][finetune_logger][INFO] - Current learning rate: 0.0005
2026-06-16 04:09:01 - finetune_logger - INFO - Validation metrics: {'MAE': 1.9051155508132103, 'RMSE': 2.9662862014316467}
[2026-06-16 04:09:01,468][finetune_logger][INFO] - Validation metrics: {'MAE': 1.9051155508132103, 'RMSE': 2.9662862014316467}
2026-06-16 04:09:01 - finetune_logger - INFO - Val time: 17.51s
[2026-06-16 04:09:01,468][finetune_logger][INFO] - Val time: 17.51s
2026-06-16 04:09:01 - finetune_logger - INFO - Val memory reserved: 24.00 MB
[2026-06-16 04:09:01,468][finetune_logger][INFO] - Val memory reserved: 24.00 MB
2026-06-16 04:09:01 - finetune_logger - INFO - Val memory allocated: 18.10 MB
[2026-06-16 04:09:01,468][finetune_logger][INFO] - Val memory allocated: 18.10 MB
2026-06-16 04:09:01 - finetune_logger - INFO - Logged epoch 5 info to /public/home/202411094934/python_project/Spatio-Temporal-Library/time-series/2026-06-16/itransformer/finetune20/etth1/time-series/seed_2/training_log.json
[2026-06-16 04:09:01,471][finetune_logger][INFO] - Logged epoch 5 info to /public/home/202411094934/python_project/Spatio-Temporal-Library/time-series/2026-06-16/itransformer/finetune20/etth1/time-series/seed_2/training_log.json
2026-06-16 04:09:19 - finetune_logger - INFO - Test metrics: {'MAE': 1.595229185717445, 'RMSE': 3.023681558427355}
[2026-06-16 04:09:19,027][finetune_logger][INFO] - Test metrics: {'MAE': 1.595229185717445, 'RMSE': 3.023681558427355}
2026-06-16 04:09:19 - finetune_logger - INFO - Test time: 17.56s
[2026-06-16 04:09:19,027][finetune_logger][INFO] - Test time: 17.56s
2026-06-16 04:09:19 - finetune_logger - INFO - Test memory reserved: 24.00 MB
[2026-06-16 04:09:19,027][finetune_logger][INFO] - Test memory reserved: 24.00 MB
2026-06-16 04:09:19 - finetune_logger - INFO - Test memory allocated: 18.10 MB
[2026-06-16 04:09:19,027][finetune_logger][INFO] - Test memory allocated: 18.10 MB
2026-06-16 04:09:19 - finetune_logger - INFO - Epoch 6/20
[2026-06-16 04:09:19,027][finetune_logger][INFO] - Epoch 6/20
2026-06-16 04:11:27 - finetune_logger - INFO - Train loss: 1.297123368545593
[2026-06-16 04:11:27,082][finetune_logger][INFO] - Train loss: 1.297123368545593
2026-06-16 04:11:27 - finetune_logger - INFO - Train time: 128.05408692359924s
[2026-06-16 04:11:27,082][finetune_logger][INFO] - Train time: 128.05408692359924s
2026-06-16 04:11:27 - finetune_logger - INFO - Train memory reserved: 24.00 MB
[2026-06-16 04:11:27,082][finetune_logger][INFO] - Train memory reserved: 24.00 MB
2026-06-16 04:11:27 - finetune_logger - INFO - Train memory allocated: 18.10 MB
[2026-06-16 04:11:27,082][finetune_logger][INFO] - Train memory allocated: 18.10 MB
2026-06-16 04:11:27 - finetune_logger - INFO - Current learning rate: 0.0005
[2026-06-16 04:11:27,083][finetune_logger][INFO] - Current learning rate: 0.0005
2026-06-16 04:11:44 - finetune_logger - INFO - Validation metrics: {'MAE': 1.9348909020650933, 'RMSE': 3.009252150081451}
[2026-06-16 04:11:44,554][finetune_logger][INFO] - Validation metrics: {'MAE': 1.9348909020650933, 'RMSE': 3.009252150081451}
2026-06-16 04:11:44 - finetune_logger - INFO - Val time: 17.47s
[2026-06-16 04:11:44,554][finetune_logger][INFO] - Val time: 17.47s
2026-06-16 04:11:44 - finetune_logger - INFO - Val memory reserved: 24.00 MB
[2026-06-16 04:11:44,554][finetune_logger][INFO] - Val memory reserved: 24.00 MB
2026-06-16 04:11:44 - finetune_logger - INFO - Val memory allocated: 18.10 MB
[2026-06-16 04:11:44,554][finetune_logger][INFO] - Val memory allocated: 18.10 MB
2026-06-16 04:11:44 - finetune_logger - INFO - Logged epoch 6 info to /public/home/202411094934/python_project/Spatio-Temporal-Library/time-series/2026-06-16/itransformer/finetune20/etth1/time-series/seed_2/training_log.json
[2026-06-16 04:11:44,557][finetune_logger][INFO] - Logged epoch 6 info to /public/home/202411094934/python_project/Spatio-Temporal-Library/time-series/2026-06-16/itransformer/finetune20/etth1/time-series/seed_2/training_log.json
2026-06-16 04:12:02 - finetune_logger - INFO - Test metrics: {'MAE': 1.6566120237168744, 'RMSE': 3.155235013553073}
[2026-06-16 04:12:02,051][finetune_logger][INFO] - Test metrics: {'MAE': 1.6566120237168744, 'RMSE': 3.155235013553073}
2026-06-16 04:12:02 - finetune_logger - INFO - Test time: 17.49s
[2026-06-16 04:12:02,051][finetune_logger][INFO] - Test time: 17.49s
2026-06-16 04:12:02 - finetune_logger - INFO - Test memory reserved: 24.00 MB
[2026-06-16 04:12:02,051][finetune_logger][INFO] - Test memory reserved: 24.00 MB
2026-06-16 04:12:02 - finetune_logger - INFO - Test memory allocated: 18.10 MB
[2026-06-16 04:12:02,051][finetune_logger][INFO] - Test memory allocated: 18.10 MB
2026-06-16 04:12:02 - finetune_logger - INFO - Epoch 7/20
[2026-06-16 04:12:02,052][finetune_logger][INFO] - Epoch 7/20
2026-06-16 04:14:10 - finetune_logger - INFO - Train loss: 1.2786868953036619
[2026-06-16 04:14:10,536][finetune_logger][INFO] - Train loss: 1.2786868953036619
2026-06-16 04:14:10 - finetune_logger - INFO - Train time: 128.4837930202484s
[2026-06-16 04:14:10,536][finetune_logger][INFO] - Train time: 128.4837930202484s
2026-06-16 04:14:10 - finetune_logger - INFO - Train memory reserved: 24.00 MB
[2026-06-16 04:14:10,536][finetune_logger][INFO] - Train memory reserved: 24.00 MB
2026-06-16 04:14:10 - finetune_logger - INFO - Train memory allocated: 18.10 MB
[2026-06-16 04:14:10,536][finetune_logger][INFO] - Train memory allocated: 18.10 MB
2026-06-16 04:14:10 - finetune_logger - INFO - Current learning rate: 0.0005
[2026-06-16 04:14:10,537][finetune_logger][INFO] - Current learning rate: 0.0005
2026-06-16 04:14:28 - finetune_logger - INFO - Validation metrics: {'MAE': 1.9091454824038931, 'RMSE': 2.957608462924046}
[2026-06-16 04:14:28,180][finetune_logger][INFO] - Validation metrics: {'MAE': 1.9091454824038931, 'RMSE': 2.957608462924046}
2026-06-16 04:14:28 - finetune_logger - INFO - Val time: 17.64s
[2026-06-16 04:14:28,180][finetune_logger][INFO] - Val time: 17.64s
2026-06-16 04:14:28 - finetune_logger - INFO - Val memory reserved: 24.00 MB
[2026-06-16 04:14:28,180][finetune_logger][INFO] - Val memory reserved: 24.00 MB
2026-06-16 04:14:28 - finetune_logger - INFO - Val memory allocated: 18.10 MB
[2026-06-16 04:14:28,180][finetune_logger][INFO] - Val memory allocated: 18.10 MB
2026-06-16 04:14:28 - finetune_logger - INFO - Logged epoch 7 info to /public/home/202411094934/python_project/Spatio-Temporal-Library/time-series/2026-06-16/itransformer/finetune20/etth1/time-series/seed_2/training_log.json
[2026-06-16 04:14:28,183][finetune_logger][INFO] - Logged epoch 7 info to /public/home/202411094934/python_project/Spatio-Temporal-Library/time-series/2026-06-16/itransformer/finetune20/etth1/time-series/seed_2/training_log.json
2026-06-16 04:14:45 - finetune_logger - INFO - Test metrics: {'MAE': 1.6215440105710675, 'RMSE': 3.0799690212522184}
[2026-06-16 04:14:45,608][finetune_logger][INFO] - Test metrics: {'MAE': 1.6215440105710675, 'RMSE': 3.0799690212522184}
2026-06-16 04:14:45 - finetune_logger - INFO - Test time: 17.42s
[2026-06-16 04:14:45,608][finetune_logger][INFO] - Test time: 17.42s
2026-06-16 04:14:45 - finetune_logger - INFO - Test memory reserved: 24.00 MB
[2026-06-16 04:14:45,608][finetune_logger][INFO] - Test memory reserved: 24.00 MB
2026-06-16 04:14:45 - finetune_logger - INFO - Test memory allocated: 18.10 MB
[2026-06-16 04:14:45,608][finetune_logger][INFO] - Test memory allocated: 18.10 MB
2026-06-16 04:14:45 - finetune_logger - INFO - Epoch 8/20
[2026-06-16 04:14:45,608][finetune_logger][INFO] - Epoch 8/20
2026-06-16 04:16:53 - finetune_logger - INFO - Train loss: 1.2566548346762232
[2026-06-16 04:16:53,942][finetune_logger][INFO] - Train loss: 1.2566548346762232
2026-06-16 04:16:53 - finetune_logger - INFO - Train time: 128.33352136611938s
[2026-06-16 04:16:53,943][finetune_logger][INFO] - Train time: 128.33352136611938s
2026-06-16 04:16:53 - finetune_logger - INFO - Train memory reserved: 24.00 MB
[2026-06-16 04:16:53,943][finetune_logger][INFO] - Train memory reserved: 24.00 MB
2026-06-16 04:16:53 - finetune_logger - INFO - Train memory allocated: 18.10 MB
[2026-06-16 04:16:53,943][finetune_logger][INFO] - Train memory allocated: 18.10 MB
2026-06-16 04:16:53 - finetune_logger - INFO - Current learning rate: 0.0005
[2026-06-16 04:16:53,943][finetune_logger][INFO] - Current learning rate: 0.0005
2026-06-16 04:17:11 - finetune_logger - INFO - Validation metrics: {'MAE': 1.9178362197421808, 'RMSE': 2.9715305698031385}
[2026-06-16 04:17:11,502][finetune_logger][INFO] - Validation metrics: {'MAE': 1.9178362197421808, 'RMSE': 2.9715305698031385}
2026-06-16 04:17:11 - finetune_logger - INFO - Val time: 17.56s
[2026-06-16 04:17:11,502][finetune_logger][INFO] - Val time: 17.56s
2026-06-16 04:17:11 - finetune_logger - INFO - Val memory reserved: 24.00 MB
[2026-06-16 04:17:11,502][finetune_logger][INFO] - Val memory reserved: 24.00 MB
2026-06-16 04:17:11 - finetune_logger - INFO - Val memory allocated: 18.10 MB
[2026-06-16 04:17:11,503][finetune_logger][INFO] - Val memory allocated: 18.10 MB
2026-06-16 04:17:11 - finetune_logger - INFO - Logged epoch 8 info to /public/home/202411094934/python_project/Spatio-Temporal-Library/time-series/2026-06-16/itransformer/finetune20/etth1/time-series/seed_2/training_log.json
[2026-06-16 04:17:11,505][finetune_logger][INFO] - Logged epoch 8 info to /public/home/202411094934/python_project/Spatio-Temporal-Library/time-series/2026-06-16/itransformer/finetune20/etth1/time-series/seed_2/training_log.json
2026-06-16 04:17:29 - finetune_logger - INFO - Test metrics: {'MAE': 1.6633747447785858, 'RMSE': 3.1913726432436915}
[2026-06-16 04:17:29,045][finetune_logger][INFO] - Test metrics: {'MAE': 1.6633747447785858, 'RMSE': 3.1913726432436915}
2026-06-16 04:17:29 - finetune_logger - INFO - Test time: 17.54s
[2026-06-16 04:17:29,045][finetune_logger][INFO] - Test time: 17.54s
2026-06-16 04:17:29 - finetune_logger - INFO - Test memory reserved: 24.00 MB
[2026-06-16 04:17:29,046][finetune_logger][INFO] - Test memory reserved: 24.00 MB
2026-06-16 04:17:29 - finetune_logger - INFO - Test memory allocated: 18.10 MB
[2026-06-16 04:17:29,046][finetune_logger][INFO] - Test memory allocated: 18.10 MB
2026-06-16 04:17:29 - finetune_logger - INFO - Epoch 9/20
[2026-06-16 04:17:29,046][finetune_logger][INFO] - Epoch 9/20
2026-06-16 04:19:37 - finetune_logger - INFO - Train loss: 1.2421979518966066
[2026-06-16 04:19:37,393][finetune_logger][INFO] - Train loss: 1.2421979518966066
2026-06-16 04:19:37 - finetune_logger - INFO - Train time: 128.34705781936646s
[2026-06-16 04:19:37,394][finetune_logger][INFO] - Train time: 128.34705781936646s
2026-06-16 04:19:37 - finetune_logger - INFO - Train memory reserved: 24.00 MB
[2026-06-16 04:19:37,394][finetune_logger][INFO] - Train memory reserved: 24.00 MB
2026-06-16 04:19:37 - finetune_logger - INFO - Train memory allocated: 18.10 MB
[2026-06-16 04:19:37,394][finetune_logger][INFO] - Train memory allocated: 18.10 MB
2026-06-16 04:19:37 - finetune_logger - INFO - Current learning rate: 0.0005
[2026-06-16 04:19:37,394][finetune_logger][INFO] - Current learning rate: 0.0005
2026-06-16 04:19:54 - finetune_logger - INFO - Validation metrics: {'MAE': 1.9219886552719836, 'RMSE': 2.9841861106327494}
[2026-06-16 04:19:54,827][finetune_logger][INFO] - Validation metrics: {'MAE': 1.9219886552719836, 'RMSE': 2.9841861106327494}
2026-06-16 04:19:54 - finetune_logger - INFO - Val time: 17.43s
[2026-06-16 04:19:54,827][finetune_logger][INFO] - Val time: 17.43s
2026-06-16 04:19:54 - finetune_logger - INFO - Val memory reserved: 24.00 MB
[2026-06-16 04:19:54,827][finetune_logger][INFO] - Val memory reserved: 24.00 MB
2026-06-16 04:19:54 - finetune_logger - INFO - Val memory allocated: 18.10 MB
[2026-06-16 04:19:54,827][finetune_logger][INFO] - Val memory allocated: 18.10 MB
2026-06-16 04:19:54 - finetune_logger - INFO - Logged epoch 9 info to /public/home/202411094934/python_project/Spatio-Temporal-Library/time-series/2026-06-16/itransformer/finetune20/etth1/time-series/seed_2/training_log.json
[2026-06-16 04:19:54,830][finetune_logger][INFO] - Logged epoch 9 info to /public/home/202411094934/python_project/Spatio-Temporal-Library/time-series/2026-06-16/itransformer/finetune20/etth1/time-series/seed_2/training_log.json
2026-06-16 04:20:12 - finetune_logger - INFO - Test metrics: {'MAE': 1.6398566049848269, 'RMSE': 3.126917452585121}
[2026-06-16 04:20:12,352][finetune_logger][INFO] - Test metrics: {'MAE': 1.6398566049848269, 'RMSE': 3.126917452585121}
2026-06-16 04:20:12 - finetune_logger - INFO - Test time: 17.52s
[2026-06-16 04:20:12,353][finetune_logger][INFO] - Test time: 17.52s
2026-06-16 04:20:12 - finetune_logger - INFO - Test memory reserved: 24.00 MB
[2026-06-16 04:20:12,353][finetune_logger][INFO] - Test memory reserved: 24.00 MB
2026-06-16 04:20:12 - finetune_logger - INFO - Test memory allocated: 18.10 MB
[2026-06-16 04:20:12,353][finetune_logger][INFO] - Test memory allocated: 18.10 MB
2026-06-16 04:20:12 - finetune_logger - INFO - Epoch 10/20
[2026-06-16 04:20:12,353][finetune_logger][INFO] - Epoch 10/20
2026-06-16 04:22:20 - finetune_logger - INFO - Train loss: 1.224054358470411
[2026-06-16 04:22:20,391][finetune_logger][INFO] - Train loss: 1.224054358470411
2026-06-16 04:22:20 - finetune_logger - INFO - Train time: 128.0371057987213s
[2026-06-16 04:22:20,391][finetune_logger][INFO] - Train time: 128.0371057987213s
2026-06-16 04:22:20 - finetune_logger - INFO - Train memory reserved: 24.00 MB
[2026-06-16 04:22:20,391][finetune_logger][INFO] - Train memory reserved: 24.00 MB
2026-06-16 04:22:20 - finetune_logger - INFO - Train memory allocated: 18.10 MB
[2026-06-16 04:22:20,391][finetune_logger][INFO] - Train memory allocated: 18.10 MB
2026-06-16 04:22:20 - finetune_logger - INFO - Current learning rate: 0.0005
[2026-06-16 04:22:20,391][finetune_logger][INFO] - Current learning rate: 0.0005
2026-06-16 04:22:37 - finetune_logger - INFO - Validation metrics: {'MAE': 1.943839110851285, 'RMSE': 3.030286446026395}
[2026-06-16 04:22:37,870][finetune_logger][INFO] - Validation metrics: {'MAE': 1.943839110851285, 'RMSE': 3.030286446026395}
2026-06-16 04:22:37 - finetune_logger - INFO - Val time: 17.48s
[2026-06-16 04:22:37,870][finetune_logger][INFO] - Val time: 17.48s
2026-06-16 04:22:37 - finetune_logger - INFO - Val memory reserved: 24.00 MB
[2026-06-16 04:22:37,870][finetune_logger][INFO] - Val memory reserved: 24.00 MB
2026-06-16 04:22:37 - finetune_logger - INFO - Val memory allocated: 18.10 MB
[2026-06-16 04:22:37,871][finetune_logger][INFO] - Val memory allocated: 18.10 MB
2026-06-16 04:22:37 - finetune_logger - INFO - Logged epoch 10 info to /public/home/202411094934/python_project/Spatio-Temporal-Library/time-series/2026-06-16/itransformer/finetune20/etth1/time-series/seed_2/training_log.json
[2026-06-16 04:22:37,873][finetune_logger][INFO] - Logged epoch 10 info to /public/home/202411094934/python_project/Spatio-Temporal-Library/time-series/2026-06-16/itransformer/finetune20/etth1/time-series/seed_2/training_log.json
2026-06-16 04:22:55 - finetune_logger - INFO - Test metrics: {'MAE': 1.6736896802357257, 'RMSE': 3.1776787598019625}
[2026-06-16 04:22:55,436][finetune_logger][INFO] - Test metrics: {'MAE': 1.6736896802357257, 'RMSE': 3.1776787598019625}
2026-06-16 04:22:55 - finetune_logger - INFO - Test time: 17.54s
[2026-06-16 04:22:55,436][finetune_logger][INFO] - Test time: 17.54s
2026-06-16 04:22:55 - finetune_logger - INFO - Test memory reserved: 24.00 MB
[2026-06-16 04:22:55,436][finetune_logger][INFO] - Test memory reserved: 24.00 MB
2026-06-16 04:22:55 - finetune_logger - INFO - Test memory allocated: 18.10 MB
[2026-06-16 04:22:55,436][finetune_logger][INFO] - Test memory allocated: 18.10 MB
2026-06-16 04:22:55 - finetune_logger - INFO - Epoch 11/20
[2026-06-16 04:22:55,436][finetune_logger][INFO] - Epoch 11/20
2026-06-16 04:25:03 - finetune_logger - INFO - Train loss: 1.1927730925039062
[2026-06-16 04:25:03,292][finetune_logger][INFO] - Train loss: 1.1927730925039062
2026-06-16 04:25:03 - finetune_logger - INFO - Train time: 127.85563325881958s
[2026-06-16 04:25:03,293][finetune_logger][INFO] - Train time: 127.85563325881958s
2026-06-16 04:25:03 - finetune_logger - INFO - Train memory reserved: 24.00 MB
[2026-06-16 04:25:03,293][finetune_logger][INFO] - Train memory reserved: 24.00 MB
2026-06-16 04:25:03 - finetune_logger - INFO - Train memory allocated: 18.10 MB
[2026-06-16 04:25:03,293][finetune_logger][INFO] - Train memory allocated: 18.10 MB
2026-06-16 04:25:03 - finetune_logger - INFO - Current learning rate: 0.00025
[2026-06-16 04:25:03,293][finetune_logger][INFO] - Current learning rate: 0.00025
2026-06-16 04:25:20 - finetune_logger - INFO - Validation metrics: {'MAE': 1.9318564267158522, 'RMSE': 3.003454627718247}
[2026-06-16 04:25:20,818][finetune_logger][INFO] - Validation metrics: {'MAE': 1.9318564267158522, 'RMSE': 3.003454627718247}
2026-06-16 04:25:20 - finetune_logger - INFO - Val time: 17.52s
[2026-06-16 04:25:20,818][finetune_logger][INFO] - Val time: 17.52s
2026-06-16 04:25:20 - finetune_logger - INFO - Val memory reserved: 24.00 MB
[2026-06-16 04:25:20,818][finetune_logger][INFO] - Val memory reserved: 24.00 MB
2026-06-16 04:25:20 - finetune_logger - INFO - Val memory allocated: 18.10 MB
[2026-06-16 04:25:20,818][finetune_logger][INFO] - Val memory allocated: 18.10 MB
2026-06-16 04:25:20 - finetune_logger - INFO - Logged epoch 11 info to /public/home/202411094934/python_project/Spatio-Temporal-Library/time-series/2026-06-16/itransformer/finetune20/etth1/time-series/seed_2/training_log.json
[2026-06-16 04:25:20,821][finetune_logger][INFO] - Logged epoch 11 info to /public/home/202411094934/python_project/Spatio-Temporal-Library/time-series/2026-06-16/itransformer/finetune20/etth1/time-series/seed_2/training_log.json
2026-06-16 04:25:38 - finetune_logger - INFO - Test metrics: {'MAE': 1.6838346561704365, 'RMSE': 3.199886620067412}
[2026-06-16 04:25:38,262][finetune_logger][INFO] - Test metrics: {'MAE': 1.6838346561704365, 'RMSE': 3.199886620067412}
2026-06-16 04:25:38 - finetune_logger - INFO - Test time: 17.44s
[2026-06-16 04:25:38,262][finetune_logger][INFO] - Test time: 17.44s
2026-06-16 04:25:38 - finetune_logger - INFO - Test memory reserved: 24.00 MB
[2026-06-16 04:25:38,262][finetune_logger][INFO] - Test memory reserved: 24.00 MB
2026-06-16 04:25:38 - finetune_logger - INFO - Test memory allocated: 18.10 MB
[2026-06-16 04:25:38,262][finetune_logger][INFO] - Test memory allocated: 18.10 MB
2026-06-16 04:25:38 - finetune_logger - INFO - Epoch 12/20
[2026-06-16 04:25:38,262][finetune_logger][INFO] - Epoch 12/20
2026-06-16 04:27:46 - finetune_logger - INFO - Train loss: 1.1794380777921376
[2026-06-16 04:27:46,583][finetune_logger][INFO] - Train loss: 1.1794380777921376
2026-06-16 04:27:46 - finetune_logger - INFO - Train time: 128.31962490081787s
[2026-06-16 04:27:46,583][finetune_logger][INFO] - Train time: 128.31962490081787s
2026-06-16 04:27:46 - finetune_logger - INFO - Train memory reserved: 24.00 MB
[2026-06-16 04:27:46,583][finetune_logger][INFO] - Train memory reserved: 24.00 MB
2026-06-16 04:27:46 - finetune_logger - INFO - Train memory allocated: 18.10 MB
[2026-06-16 04:27:46,583][finetune_logger][INFO] - Train memory allocated: 18.10 MB
2026-06-16 04:27:46 - finetune_logger - INFO - Current learning rate: 0.00025
[2026-06-16 04:27:46,583][finetune_logger][INFO] - Current learning rate: 0.00025
2026-06-16 04:28:04 - finetune_logger - INFO - Validation metrics: {'MAE': 1.9420219792638493, 'RMSE': 3.0142309865497463}
[2026-06-16 04:28:04,116][finetune_logger][INFO] - Validation metrics: {'MAE': 1.9420219792638493, 'RMSE': 3.0142309865497463}
2026-06-16 04:28:04 - finetune_logger - INFO - Val time: 17.53s
[2026-06-16 04:28:04,116][finetune_logger][INFO] - Val time: 17.53s
2026-06-16 04:28:04 - finetune_logger - INFO - Val memory reserved: 24.00 MB
[2026-06-16 04:28:04,116][finetune_logger][INFO] - Val memory reserved: 24.00 MB
2026-06-16 04:28:04 - finetune_logger - INFO - Val memory allocated: 18.10 MB
[2026-06-16 04:28:04,117][finetune_logger][INFO] - Val memory allocated: 18.10 MB
2026-06-16 04:28:04 - finetune_logger - INFO - Logged epoch 12 info to /public/home/202411094934/python_project/Spatio-Temporal-Library/time-series/2026-06-16/itransformer/finetune20/etth1/time-series/seed_2/training_log.json
[2026-06-16 04:28:04,120][finetune_logger][INFO] - Logged epoch 12 info to /public/home/202411094934/python_project/Spatio-Temporal-Library/time-series/2026-06-16/itransformer/finetune20/etth1/time-series/seed_2/training_log.json
2026-06-16 04:28:21 - finetune_logger - INFO - Test metrics: {'MAE': 1.7202014467602635, 'RMSE': 3.276048398971556}
[2026-06-16 04:28:21,536][finetune_logger][INFO] - Test metrics: {'MAE': 1.7202014467602635, 'RMSE': 3.276048398971556}
2026-06-16 04:28:21 - finetune_logger - INFO - Test time: 17.42s
[2026-06-16 04:28:21,536][finetune_logger][INFO] - Test time: 17.42s
2026-06-16 04:28:21 - finetune_logger - INFO - Test memory reserved: 24.00 MB
[2026-06-16 04:28:21,536][finetune_logger][INFO] - Test memory reserved: 24.00 MB
2026-06-16 04:28:21 - finetune_logger - INFO - Test memory allocated: 18.10 MB
[2026-06-16 04:28:21,536][finetune_logger][INFO] - Test memory allocated: 18.10 MB
2026-06-16 04:28:21 - finetune_logger - INFO - Epoch 13/20
[2026-06-16 04:28:21,536][finetune_logger][INFO] - Epoch 13/20
2026-06-16 04:30:29 - finetune_logger - INFO - Train loss: 1.1710430168792756
[2026-06-16 04:30:29,802][finetune_logger][INFO] - Train loss: 1.1710430168792756
2026-06-16 04:30:29 - finetune_logger - INFO - Train time: 128.26481342315674s
[2026-06-16 04:30:29,802][finetune_logger][INFO] - Train time: 128.26481342315674s
2026-06-16 04:30:29 - finetune_logger - INFO - Train memory reserved: 24.00 MB
[2026-06-16 04:30:29,802][finetune_logger][INFO] - Train memory reserved: 24.00 MB
2026-06-16 04:30:29 - finetune_logger - INFO - Train memory allocated: 18.10 MB
[2026-06-16 04:30:29,802][finetune_logger][INFO] - Train memory allocated: 18.10 MB
2026-06-16 04:30:29 - finetune_logger - INFO - Current learning rate: 0.00025
[2026-06-16 04:30:29,802][finetune_logger][INFO] - Current learning rate: 0.00025
2026-06-16 04:30:47 - finetune_logger - INFO - Validation metrics: {'MAE': 1.9425284323238208, 'RMSE': 3.013048464230118}
[2026-06-16 04:30:47,285][finetune_logger][INFO] - Validation metrics: {'MAE': 1.9425284323238208, 'RMSE': 3.013048464230118}
2026-06-16 04:30:47 - finetune_logger - INFO - Val time: 17.48s
[2026-06-16 04:30:47,285][finetune_logger][INFO] - Val time: 17.48s
2026-06-16 04:30:47 - finetune_logger - INFO - Val memory reserved: 24.00 MB
[2026-06-16 04:30:47,285][finetune_logger][INFO] - Val memory reserved: 24.00 MB
2026-06-16 04:30:47 - finetune_logger - INFO - Val memory allocated: 18.10 MB
[2026-06-16 04:30:47,285][finetune_logger][INFO] - Val memory allocated: 18.10 MB
2026-06-16 04:30:47 - finetune_logger - INFO - Logged epoch 13 info to /public/home/202411094934/python_project/Spatio-Temporal-Library/time-series/2026-06-16/itransformer/finetune20/etth1/time-series/seed_2/training_log.json
[2026-06-16 04:30:47,288][finetune_logger][INFO] - Logged epoch 13 info to /public/home/202411094934/python_project/Spatio-Temporal-Library/time-series/2026-06-16/itransformer/finetune20/etth1/time-series/seed_2/training_log.json
2026-06-16 04:31:04 - finetune_logger - INFO - Test metrics: {'MAE': 1.6989835292725297, 'RMSE': 3.2230335307348206}
[2026-06-16 04:31:04,827][finetune_logger][INFO] - Test metrics: {'MAE': 1.6989835292725297, 'RMSE': 3.2230335307348206}
2026-06-16 04:31:04 - finetune_logger - INFO - Test time: 17.54s
[2026-06-16 04:31:04,827][finetune_logger][INFO] - Test time: 17.54s
2026-06-16 04:31:04 - finetune_logger - INFO - Test memory reserved: 24.00 MB
[2026-06-16 04:31:04,827][finetune_logger][INFO] - Test memory reserved: 24.00 MB
2026-06-16 04:31:04 - finetune_logger - INFO - Test memory allocated: 18.10 MB
[2026-06-16 04:31:04,827][finetune_logger][INFO] - Test memory allocated: 18.10 MB
2026-06-16 04:31:04 - finetune_logger - INFO - Epoch 14/20
[2026-06-16 04:31:04,827][finetune_logger][INFO] - Epoch 14/20
2026-06-16 04:33:13 - finetune_logger - INFO - Train loss: 1.164637553350656
[2026-06-16 04:33:13,474][finetune_logger][INFO] - Train loss: 1.164637553350656
2026-06-16 04:33:13 - finetune_logger - INFO - Train time: 128.6462652683258s
[2026-06-16 04:33:13,474][finetune_logger][INFO] - Train time: 128.6462652683258s
2026-06-16 04:33:13 - finetune_logger - INFO - Train memory reserved: 24.00 MB
[2026-06-16 04:33:13,474][finetune_logger][INFO] - Train memory reserved: 24.00 MB
2026-06-16 04:33:13 - finetune_logger - INFO - Train memory allocated: 18.10 MB
[2026-06-16 04:33:13,474][finetune_logger][INFO] - Train memory allocated: 18.10 MB
2026-06-16 04:33:13 - finetune_logger - INFO - Current learning rate: 0.00025
[2026-06-16 04:33:13,475][finetune_logger][INFO] - Current learning rate: 0.00025
2026-06-16 04:33:30 - finetune_logger - INFO - Validation metrics: {'MAE': 1.9567812639191002, 'RMSE': 3.0479461050487804}
[2026-06-16 04:33:30,955][finetune_logger][INFO] - Validation metrics: {'MAE': 1.9567812639191002, 'RMSE': 3.0479461050487804}
2026-06-16 04:33:30 - finetune_logger - INFO - Val time: 17.48s
[2026-06-16 04:33:30,955][finetune_logger][INFO] - Val time: 17.48s
2026-06-16 04:33:30 - finetune_logger - INFO - Val memory reserved: 24.00 MB
[2026-06-16 04:33:30,955][finetune_logger][INFO] - Val memory reserved: 24.00 MB
2026-06-16 04:33:30 - finetune_logger - INFO - Val memory allocated: 18.10 MB
[2026-06-16 04:33:30,955][finetune_logger][INFO] - Val memory allocated: 18.10 MB
2026-06-16 04:33:30 - finetune_logger - INFO - Logged epoch 14 info to /public/home/202411094934/python_project/Spatio-Temporal-Library/time-series/2026-06-16/itransformer/finetune20/etth1/time-series/seed_2/training_log.json
[2026-06-16 04:33:30,958][finetune_logger][INFO] - Logged epoch 14 info to /public/home/202411094934/python_project/Spatio-Temporal-Library/time-series/2026-06-16/itransformer/finetune20/etth1/time-series/seed_2/training_log.json
2026-06-16 04:33:48 - finetune_logger - INFO - Test metrics: {'MAE': 1.6917305777413478, 'RMSE': 3.2106984355563215}
[2026-06-16 04:33:48,457][finetune_logger][INFO] - Test metrics: {'MAE': 1.6917305777413478, 'RMSE': 3.2106984355563215}
2026-06-16 04:33:48 - finetune_logger - INFO - Test time: 17.50s
[2026-06-16 04:33:48,457][finetune_logger][INFO] - Test time: 17.50s
2026-06-16 04:33:48 - finetune_logger - INFO - Test memory reserved: 24.00 MB
[2026-06-16 04:33:48,457][finetune_logger][INFO] - Test memory reserved: 24.00 MB
2026-06-16 04:33:48 - finetune_logger - INFO - Test memory allocated: 18.10 MB
[2026-06-16 04:33:48,457][finetune_logger][INFO] - Test memory allocated: 18.10 MB
2026-06-16 04:33:48 - finetune_logger - INFO - Epoch 15/20
[2026-06-16 04:33:48,457][finetune_logger][INFO] - Epoch 15/20
2026-06-16 04:35:56 - finetune_logger - INFO - Train loss: 1.1572243334426648
[2026-06-16 04:35:56,673][finetune_logger][INFO] - Train loss: 1.1572243334426648
2026-06-16 04:35:56 - finetune_logger - INFO - Train time: 128.21527647972107s
[2026-06-16 04:35:56,673][finetune_logger][INFO] - Train time: 128.21527647972107s
2026-06-16 04:35:56 - finetune_logger - INFO - Train memory reserved: 24.00 MB
[2026-06-16 04:35:56,673][finetune_logger][INFO] - Train memory reserved: 24.00 MB
2026-06-16 04:35:56 - finetune_logger - INFO - Train memory allocated: 18.10 MB
[2026-06-16 04:35:56,673][finetune_logger][INFO] - Train memory allocated: 18.10 MB
2026-06-16 04:35:56 - finetune_logger - INFO - Current learning rate: 0.00025
[2026-06-16 04:35:56,674][finetune_logger][INFO] - Current learning rate: 0.00025
2026-06-16 04:36:14 - finetune_logger - INFO - Validation metrics: {'MAE': 1.959636131786163, 'RMSE': 3.045419291087552}
[2026-06-16 04:36:14,198][finetune_logger][INFO] - Validation metrics: {'MAE': 1.959636131786163, 'RMSE': 3.045419291087552}
2026-06-16 04:36:14 - finetune_logger - INFO - Val time: 17.52s
[2026-06-16 04:36:14,199][finetune_logger][INFO] - Val time: 17.52s
2026-06-16 04:36:14 - finetune_logger - INFO - Val memory reserved: 24.00 MB
[2026-06-16 04:36:14,199][finetune_logger][INFO] - Val memory reserved: 24.00 MB
2026-06-16 04:36:14 - finetune_logger - INFO - Val memory allocated: 18.10 MB
[2026-06-16 04:36:14,199][finetune_logger][INFO] - Val memory allocated: 18.10 MB
2026-06-16 04:36:14 - finetune_logger - INFO - Logged epoch 15 info to /public/home/202411094934/python_project/Spatio-Temporal-Library/time-series/2026-06-16/itransformer/finetune20/etth1/time-series/seed_2/training_log.json
[2026-06-16 04:36:14,202][finetune_logger][INFO] - Logged epoch 15 info to /public/home/202411094934/python_project/Spatio-Temporal-Library/time-series/2026-06-16/itransformer/finetune20/etth1/time-series/seed_2/training_log.json
2026-06-16 04:36:31 - finetune_logger - INFO - Test metrics: {'MAE': 1.7075306688944494, 'RMSE': 3.2295536691120645}
[2026-06-16 04:36:31,601][finetune_logger][INFO] - Test metrics: {'MAE': 1.7075306688944494, 'RMSE': 3.2295536691120645}
2026-06-16 04:36:31 - finetune_logger - INFO - Test time: 17.40s
[2026-06-16 04:36:31,602][finetune_logger][INFO] - Test time: 17.40s
2026-06-16 04:36:31 - finetune_logger - INFO - Test memory reserved: 24.00 MB
[2026-06-16 04:36:31,602][finetune_logger][INFO] - Test memory reserved: 24.00 MB
2026-06-16 04:36:31 - finetune_logger - INFO - Test memory allocated: 18.10 MB
[2026-06-16 04:36:31,602][finetune_logger][INFO] - Test memory allocated: 18.10 MB
2026-06-16 04:36:31 - finetune_logger - INFO - Epoch 16/20
[2026-06-16 04:36:31,602][finetune_logger][INFO] - Epoch 16/20
2026-06-16 04:38:39 - finetune_logger - INFO - Train loss: 1.1522045603449627
[2026-06-16 04:38:39,973][finetune_logger][INFO] - Train loss: 1.1522045603449627
2026-06-16 04:38:39 - finetune_logger - INFO - Train time: 128.3701889514923s
[2026-06-16 04:38:39,973][finetune_logger][INFO] - Train time: 128.3701889514923s
2026-06-16 04:38:39 - finetune_logger - INFO - Train memory reserved: 24.00 MB
[2026-06-16 04:38:39,973][finetune_logger][INFO] - Train memory reserved: 24.00 MB
2026-06-16 04:38:39 - finetune_logger - INFO - Train memory allocated: 18.10 MB
[2026-06-16 04:38:39,973][finetune_logger][INFO] - Train memory allocated: 18.10 MB
2026-06-16 04:38:39 - finetune_logger - INFO - Current learning rate: 0.00025
[2026-06-16 04:38:39,973][finetune_logger][INFO] - Current learning rate: 0.00025
2026-06-16 04:38:57 - finetune_logger - INFO - Validation metrics: {'MAE': 1.961264958744953, 'RMSE': 3.05700372051058}
[2026-06-16 04:38:57,475][finetune_logger][INFO] - Validation metrics: {'MAE': 1.961264958744953, 'RMSE': 3.05700372051058}
2026-06-16 04:38:57 - finetune_logger - INFO - Val time: 17.50s
[2026-06-16 04:38:57,476][finetune_logger][INFO] - Val time: 17.50s
2026-06-16 04:38:57 - finetune_logger - INFO - Val memory reserved: 24.00 MB
[2026-06-16 04:38:57,476][finetune_logger][INFO] - Val memory reserved: 24.00 MB
2026-06-16 04:38:57 - finetune_logger - INFO - Val memory allocated: 18.10 MB
[2026-06-16 04:38:57,476][finetune_logger][INFO] - Val memory allocated: 18.10 MB
2026-06-16 04:38:57 - finetune_logger - INFO - Logged epoch 16 info to /public/home/202411094934/python_project/Spatio-Temporal-Library/time-series/2026-06-16/itransformer/finetune20/etth1/time-series/seed_2/training_log.json
[2026-06-16 04:38:57,479][finetune_logger][INFO] - Logged epoch 16 info to /public/home/202411094934/python_project/Spatio-Temporal-Library/time-series/2026-06-16/itransformer/finetune20/etth1/time-series/seed_2/training_log.json
2026-06-16 04:39:14 - finetune_logger - INFO - Test metrics: {'MAE': 1.6915831518173203, 'RMSE': 3.1949605747404606}
[2026-06-16 04:39:14,973][finetune_logger][INFO] - Test metrics: {'MAE': 1.6915831518173203, 'RMSE': 3.1949605747404606}
2026-06-16 04:39:14 - finetune_logger - INFO - Test time: 17.49s
[2026-06-16 04:39:14,973][finetune_logger][INFO] - Test time: 17.49s
2026-06-16 04:39:14 - finetune_logger - INFO - Test memory reserved: 24.00 MB
[2026-06-16 04:39:14,973][finetune_logger][INFO] - Test memory reserved: 24.00 MB
2026-06-16 04:39:14 - finetune_logger - INFO - Test memory allocated: 18.10 MB
[2026-06-16 04:39:14,973][finetune_logger][INFO] - Test memory allocated: 18.10 MB
2026-06-16 04:39:14 - finetune_logger - INFO - Epoch 17/20
[2026-06-16 04:39:14,973][finetune_logger][INFO] - Epoch 17/20
2026-06-16 04:41:23 - finetune_logger - INFO - Train loss: 1.1475100211323703
[2026-06-16 04:41:23,278][finetune_logger][INFO] - Train loss: 1.1475100211323703
2026-06-16 04:41:23 - finetune_logger - INFO - Train time: 128.30377650260925s
[2026-06-16 04:41:23,278][finetune_logger][INFO] - Train time: 128.30377650260925s
2026-06-16 04:41:23 - finetune_logger - INFO - Train memory reserved: 24.00 MB
[2026-06-16 04:41:23,278][finetune_logger][INFO] - Train memory reserved: 24.00 MB
2026-06-16 04:41:23 - finetune_logger - INFO - Train memory allocated: 18.10 MB
[2026-06-16 04:41:23,278][finetune_logger][INFO] - Train memory allocated: 18.10 MB
2026-06-16 04:41:23 - finetune_logger - INFO - Current learning rate: 0.00025
[2026-06-16 04:41:23,278][finetune_logger][INFO] - Current learning rate: 0.00025
2026-06-16 04:41:40 - finetune_logger - INFO - Validation metrics: {'MAE': 1.9641115112077543, 'RMSE': 3.0573228985014427}
[2026-06-16 04:41:40,831][finetune_logger][INFO] - Validation metrics: {'MAE': 1.9641115112077543, 'RMSE': 3.0573228985014427}
2026-06-16 04:41:40 - finetune_logger - INFO - Val time: 17.55s
[2026-06-16 04:41:40,831][finetune_logger][INFO] - Val time: 17.55s
2026-06-16 04:41:40 - finetune_logger - INFO - Val memory reserved: 24.00 MB
[2026-06-16 04:41:40,831][finetune_logger][INFO] - Val memory reserved: 24.00 MB
2026-06-16 04:41:40 - finetune_logger - INFO - Val memory allocated: 18.10 MB
[2026-06-16 04:41:40,832][finetune_logger][INFO] - Val memory allocated: 18.10 MB
2026-06-16 04:41:40 - finetune_logger - INFO - Logged epoch 17 info to /public/home/202411094934/python_project/Spatio-Temporal-Library/time-series/2026-06-16/itransformer/finetune20/etth1/time-series/seed_2/training_log.json
[2026-06-16 04:41:40,835][finetune_logger][INFO] - Logged epoch 17 info to /public/home/202411094934/python_project/Spatio-Temporal-Library/time-series/2026-06-16/itransformer/finetune20/etth1/time-series/seed_2/training_log.json
2026-06-16 04:41:58 - finetune_logger - INFO - Test metrics: {'MAE': 1.69841063692456, 'RMSE': 3.215604897771569}
[2026-06-16 04:41:58,374][finetune_logger][INFO] - Test metrics: {'MAE': 1.69841063692456, 'RMSE': 3.215604897771569}
2026-06-16 04:41:58 - finetune_logger - INFO - Test time: 17.54s
[2026-06-16 04:41:58,374][finetune_logger][INFO] - Test time: 17.54s
2026-06-16 04:41:58 - finetune_logger - INFO - Test memory reserved: 24.00 MB
[2026-06-16 04:41:58,374][finetune_logger][INFO] - Test memory reserved: 24.00 MB
2026-06-16 04:41:58 - finetune_logger - INFO - Test memory allocated: 18.10 MB
[2026-06-16 04:41:58,374][finetune_logger][INFO] - Test memory allocated: 18.10 MB
2026-06-16 04:41:58 - finetune_logger - INFO - Epoch 18/20
[2026-06-16 04:41:58,374][finetune_logger][INFO] - Epoch 18/20
2026-06-16 04:44:06 - finetune_logger - INFO - Train loss: 1.1380625259115595
[2026-06-16 04:44:06,902][finetune_logger][INFO] - Train loss: 1.1380625259115595
2026-06-16 04:44:06 - finetune_logger - INFO - Train time: 128.5271451473236s
[2026-06-16 04:44:06,902][finetune_logger][INFO] - Train time: 128.5271451473236s
2026-06-16 04:44:06 - finetune_logger - INFO - Train memory reserved: 24.00 MB
[2026-06-16 04:44:06,903][finetune_logger][INFO] - Train memory reserved: 24.00 MB
2026-06-16 04:44:06 - finetune_logger - INFO - Train memory allocated: 18.10 MB
[2026-06-16 04:44:06,903][finetune_logger][INFO] - Train memory allocated: 18.10 MB
2026-06-16 04:44:06 - finetune_logger - INFO - Current learning rate: 0.00025
[2026-06-16 04:44:06,903][finetune_logger][INFO] - Current learning rate: 0.00025
2026-06-16 04:44:24 - finetune_logger - INFO - Validation metrics: {'MAE': 1.9680864346822067, 'RMSE': 3.057544623783653}
[2026-06-16 04:44:24,503][finetune_logger][INFO] - Validation metrics: {'MAE': 1.9680864346822067, 'RMSE': 3.057544623783653}
2026-06-16 04:44:24 - finetune_logger - INFO - Val time: 17.60s
[2026-06-16 04:44:24,504][finetune_logger][INFO] - Val time: 17.60s
2026-06-16 04:44:24 - finetune_logger - INFO - Val memory reserved: 24.00 MB
[2026-06-16 04:44:24,504][finetune_logger][INFO] - Val memory reserved: 24.00 MB
2026-06-16 04:44:24 - finetune_logger - INFO - Val memory allocated: 18.10 MB
[2026-06-16 04:44:24,504][finetune_logger][INFO] - Val memory allocated: 18.10 MB
2026-06-16 04:44:24 - finetune_logger - INFO - Logged epoch 18 info to /public/home/202411094934/python_project/Spatio-Temporal-Library/time-series/2026-06-16/itransformer/finetune20/etth1/time-series/seed_2/training_log.json
[2026-06-16 04:44:24,507][finetune_logger][INFO] - Logged epoch 18 info to /public/home/202411094934/python_project/Spatio-Temporal-Library/time-series/2026-06-16/itransformer/finetune20/etth1/time-series/seed_2/training_log.json
2026-06-16 04:44:42 - finetune_logger - INFO - Test metrics: {'MAE': 1.7314115604673155, 'RMSE': 3.2814865159988433}
[2026-06-16 04:44:42,012][finetune_logger][INFO] - Test metrics: {'MAE': 1.7314115604673155, 'RMSE': 3.2814865159988433}
2026-06-16 04:44:42 - finetune_logger - INFO - Test time: 17.50s
[2026-06-16 04:44:42,012][finetune_logger][INFO] - Test time: 17.50s
2026-06-16 04:44:42 - finetune_logger - INFO - Test memory reserved: 24.00 MB
[2026-06-16 04:44:42,012][finetune_logger][INFO] - Test memory reserved: 24.00 MB
2026-06-16 04:44:42 - finetune_logger - INFO - Test memory allocated: 18.10 MB
[2026-06-16 04:44:42,012][finetune_logger][INFO] - Test memory allocated: 18.10 MB
2026-06-16 04:44:42 - finetune_logger - INFO - Epoch 19/20
[2026-06-16 04:44:42,012][finetune_logger][INFO] - Epoch 19/20
2026-06-16 04:46:50 - finetune_logger - INFO - Train loss: 1.1339541967951465
[2026-06-16 04:46:50,240][finetune_logger][INFO] - Train loss: 1.1339541967951465
2026-06-16 04:46:50 - finetune_logger - INFO - Train time: 128.2267677783966s
[2026-06-16 04:46:50,240][finetune_logger][INFO] - Train time: 128.2267677783966s
2026-06-16 04:46:50 - finetune_logger - INFO - Train memory reserved: 24.00 MB
[2026-06-16 04:46:50,240][finetune_logger][INFO] - Train memory reserved: 24.00 MB
2026-06-16 04:46:50 - finetune_logger - INFO - Train memory allocated: 18.10 MB
[2026-06-16 04:46:50,240][finetune_logger][INFO] - Train memory allocated: 18.10 MB
2026-06-16 04:46:50 - finetune_logger - INFO - Current learning rate: 0.00025
[2026-06-16 04:46:50,240][finetune_logger][INFO] - Current learning rate: 0.00025
2026-06-16 04:47:07 - finetune_logger - INFO - Validation metrics: {'MAE': 1.9469728634470942, 'RMSE': 3.028416639509659}
[2026-06-16 04:47:07,779][finetune_logger][INFO] - Validation metrics: {'MAE': 1.9469728634470942, 'RMSE': 3.028416639509659}
2026-06-16 04:47:07 - finetune_logger - INFO - Val time: 17.54s
[2026-06-16 04:47:07,780][finetune_logger][INFO] - Val time: 17.54s
2026-06-16 04:47:07 - finetune_logger - INFO - Val memory reserved: 24.00 MB
[2026-06-16 04:47:07,780][finetune_logger][INFO] - Val memory reserved: 24.00 MB
2026-06-16 04:47:07 - finetune_logger - INFO - Val memory allocated: 18.10 MB
[2026-06-16 04:47:07,780][finetune_logger][INFO] - Val memory allocated: 18.10 MB
2026-06-16 04:47:07 - finetune_logger - INFO - Logged epoch 19 info to /public/home/202411094934/python_project/Spatio-Temporal-Library/time-series/2026-06-16/itransformer/finetune20/etth1/time-series/seed_2/training_log.json
[2026-06-16 04:47:07,783][finetune_logger][INFO] - Logged epoch 19 info to /public/home/202411094934/python_project/Spatio-Temporal-Library/time-series/2026-06-16/itransformer/finetune20/etth1/time-series/seed_2/training_log.json
2026-06-16 04:47:25 - finetune_logger - INFO - Test metrics: {'MAE': 1.6860773859024, 'RMSE': 3.184626710937131}
[2026-06-16 04:47:25,293][finetune_logger][INFO] - Test metrics: {'MAE': 1.6860773859024, 'RMSE': 3.184626710937131}
2026-06-16 04:47:25 - finetune_logger - INFO - Test time: 17.51s
[2026-06-16 04:47:25,293][finetune_logger][INFO] - Test time: 17.51s
2026-06-16 04:47:25 - finetune_logger - INFO - Test memory reserved: 24.00 MB
[2026-06-16 04:47:25,293][finetune_logger][INFO] - Test memory reserved: 24.00 MB
2026-06-16 04:47:25 - finetune_logger - INFO - Test memory allocated: 18.10 MB
[2026-06-16 04:47:25,294][finetune_logger][INFO] - Test memory allocated: 18.10 MB
2026-06-16 04:47:25 - finetune_logger - INFO - Epoch 20/20
[2026-06-16 04:47:25,294][finetune_logger][INFO] - Epoch 20/20
2026-06-16 04:49:33 - finetune_logger - INFO - Train loss: 1.128393207167894
[2026-06-16 04:49:33,600][finetune_logger][INFO] - Train loss: 1.128393207167894
2026-06-16 04:49:33 - finetune_logger - INFO - Train time: 128.30556654930115s
[2026-06-16 04:49:33,600][finetune_logger][INFO] - Train time: 128.30556654930115s
2026-06-16 04:49:33 - finetune_logger - INFO - Train memory reserved: 24.00 MB
[2026-06-16 04:49:33,600][finetune_logger][INFO] - Train memory reserved: 24.00 MB
2026-06-16 04:49:33 - finetune_logger - INFO - Train memory allocated: 18.10 MB
[2026-06-16 04:49:33,600][finetune_logger][INFO] - Train memory allocated: 18.10 MB
2026-06-16 04:49:33 - finetune_logger - INFO - Current learning rate: 0.00025
[2026-06-16 04:49:33,600][finetune_logger][INFO] - Current learning rate: 0.00025
2026-06-16 04:49:51 - finetune_logger - INFO - Validation metrics: {'MAE': 1.9426643321173527, 'RMSE': 3.0270180322102136}
[2026-06-16 04:49:51,074][finetune_logger][INFO] - Validation metrics: {'MAE': 1.9426643321173527, 'RMSE': 3.0270180322102136}
2026-06-16 04:49:51 - finetune_logger - INFO - Val time: 17.47s
[2026-06-16 04:49:51,074][finetune_logger][INFO] - Val time: 17.47s
2026-06-16 04:49:51 - finetune_logger - INFO - Val memory reserved: 24.00 MB
[2026-06-16 04:49:51,074][finetune_logger][INFO] - Val memory reserved: 24.00 MB
2026-06-16 04:49:51 - finetune_logger - INFO - Val memory allocated: 18.10 MB
[2026-06-16 04:49:51,075][finetune_logger][INFO] - Val memory allocated: 18.10 MB
2026-06-16 04:49:51 - finetune_logger - INFO - Logged epoch 20 info to /public/home/202411094934/python_project/Spatio-Temporal-Library/time-series/2026-06-16/itransformer/finetune20/etth1/time-series/seed_2/training_log.json
[2026-06-16 04:49:51,077][finetune_logger][INFO] - Logged epoch 20 info to /public/home/202411094934/python_project/Spatio-Temporal-Library/time-series/2026-06-16/itransformer/finetune20/etth1/time-series/seed_2/training_log.json
2026-06-16 04:50:08 - finetune_logger - INFO - Test metrics: {'MAE': 1.6999346555528214, 'RMSE': 3.2347009271894103}
[2026-06-16 04:50:08,700][finetune_logger][INFO] - Test metrics: {'MAE': 1.6999346555528214, 'RMSE': 3.2347009271894103}
2026-06-16 04:50:08 - finetune_logger - INFO - Test time: 17.60s
[2026-06-16 04:50:08,701][finetune_logger][INFO] - Test time: 17.60s
2026-06-16 04:50:08 - finetune_logger - INFO - Test memory reserved: 24.00 MB
[2026-06-16 04:50:08,701][finetune_logger][INFO] - Test memory reserved: 24.00 MB
2026-06-16 04:50:08 - finetune_logger - INFO - Test memory allocated: 18.10 MB
[2026-06-16 04:50:08,701][finetune_logger][INFO] - Test memory allocated: 18.10 MB
2026-06-16 04:50:08 - finetune_logger - INFO - Training completed. Best epoch: 1, Best val loss: 1.865863
[2026-06-16 04:50:08,701][finetune_logger][INFO] - Training completed. Best epoch: 1, Best val loss: 1.865863
2026-06-16 04:50:08 - finetune_logger - INFO - Loaded checkpoint from epoch 1
[2026-06-16 04:50:08,734][finetune_logger][INFO] - Loaded checkpoint from epoch 1
2026-06-16 04:50:08 - finetune_logger - INFO - Evaluating best model on test sets...
[2026-06-16 04:50:08,734][finetune_logger][INFO] - Evaluating best model on test sets...
2026-06-16 04:50:26 - finetune_logger - INFO - Test metrics: {'MAE': 1.5696369192032598, 'RMSE': 2.9640259206408452}
[2026-06-16 04:50:26,284][finetune_logger][INFO] - Test metrics: {'MAE': 1.5696369192032598, 'RMSE': 2.9640259206408452}
2026-06-16 04:50:26 - finetune_logger - INFO - Test time: 17.55s
[2026-06-16 04:50:26,284][finetune_logger][INFO] - Test time: 17.55s
2026-06-16 04:50:26 - finetune_logger - INFO - Test memory reserved: 26.00 MB
[2026-06-16 04:50:26,284][finetune_logger][INFO] - Test memory reserved: 26.00 MB
2026-06-16 04:50:26 - finetune_logger - INFO - Test memory allocated: 18.14 MB
[2026-06-16 04:50:26,284][finetune_logger][INFO] - Test memory allocated: 18.14 MB
2026-06-16 04:50:26 - finetune_logger - INFO - Logged epoch test info to /public/home/202411094934/python_project/Spatio-Temporal-Library/time-series/2026-06-16/itransformer/finetune20/etth1/time-series/seed_2/training_log.json
[2026-06-16 04:50:26,288][finetune_logger][INFO] - Logged epoch test info to /public/home/202411094934/python_project/Spatio-Temporal-Library/time-series/2026-06-16/itransformer/finetune20/etth1/time-series/seed_2/training_log.json
2026-06-16 12:17:44 - finetune_logger - INFO - No pretrained checkpoint is provided. Finetuning from scratch.
[2026-06-16 12:17:44,503][finetune_logger][INFO] - No pretrained checkpoint is provided. Finetuning from scratch.
2026-06-16 12:17:44 - finetune_logger - INFO - Model parameters: 158,912
[2026-06-16 12:17:44,506][finetune_logger][INFO] - Model parameters: 158,912
2026-06-16 12:17:44 - finetune_logger - INFO - Log file already exists at /public/home/202411094934/python_project/Spatio-Temporal-Library/time-series/2026-06-16/itransformer/finetune20/etth1/time-series/seed_2/training_log.json, appending to it.
[2026-06-16 12:17:44,509][finetune_logger][INFO] - Log file already exists at /public/home/202411094934/python_project/Spatio-Temporal-Library/time-series/2026-06-16/itransformer/finetune20/etth1/time-series/seed_2/training_log.json, appending to it.
2026-06-16 12:17:44 - finetune_logger - INFO - Starting training...
[2026-06-16 12:17:44,509][finetune_logger][INFO] - Starting training...
2026-06-16 12:17:44 - finetune_logger - INFO - Epoch 1/20
[2026-06-16 12:17:44,509][finetune_logger][INFO] - Epoch 1/20
2026-06-16 12:19:51 - finetune_logger - INFO - Train loss: 1.497170695372841
[2026-06-16 12:19:51,647][finetune_logger][INFO] - Train loss: 1.497170695372841
2026-06-16 12:19:51 - finetune_logger - INFO - Train time: 127.13712501525879s
[2026-06-16 12:19:51,647][finetune_logger][INFO] - Train time: 127.13712501525879s
2026-06-16 12:19:51 - finetune_logger - INFO - Train memory reserved: 24.00 MB
[2026-06-16 12:19:51,647][finetune_logger][INFO] - Train memory reserved: 24.00 MB
2026-06-16 12:19:51 - finetune_logger - INFO - Train memory allocated: 18.10 MB
[2026-06-16 12:19:51,648][finetune_logger][INFO] - Train memory allocated: 18.10 MB
2026-06-16 12:19:51 - finetune_logger - INFO - Current learning rate: 0.0005
[2026-06-16 12:19:51,648][finetune_logger][INFO] - Current learning rate: 0.0005
2026-06-16 12:20:09 - finetune_logger - INFO - Validation metrics: {'MAE': 1.8658625416528594, 'RMSE': 2.9171292936688373}
[2026-06-16 12:20:09,022][finetune_logger][INFO] - Validation metrics: {'MAE': 1.8658625416528594, 'RMSE': 2.9171292936688373}
2026-06-16 12:20:09 - finetune_logger - INFO - Val time: 17.37s
[2026-06-16 12:20:09,022][finetune_logger][INFO] - Val time: 17.37s
2026-06-16 12:20:09 - finetune_logger - INFO - Val memory reserved: 24.00 MB
[2026-06-16 12:20:09,022][finetune_logger][INFO] - Val memory reserved: 24.00 MB
2026-06-16 12:20:09 - finetune_logger - INFO - Val memory allocated: 18.10 MB
[2026-06-16 12:20:09,022][finetune_logger][INFO] - Val memory allocated: 18.10 MB
2026-06-16 12:20:09 - finetune_logger - INFO - Logged epoch 1 info to /public/home/202411094934/python_project/Spatio-Temporal-Library/time-series/2026-06-16/itransformer/finetune20/etth1/time-series/seed_2/training_log.json
[2026-06-16 12:20:09,026][finetune_logger][INFO] - Logged epoch 1 info to /public/home/202411094934/python_project/Spatio-Temporal-Library/time-series/2026-06-16/itransformer/finetune20/etth1/time-series/seed_2/training_log.json
2026-06-16 12:20:09 - finetune_logger - INFO - New best model! Val loss: 1.865863
[2026-06-16 12:20:09,026][finetune_logger][INFO] - New best model! Val loss: 1.865863
2026-06-16 12:20:26 - finetune_logger - INFO - Test metrics: {'MAE': 1.5696369192032598, 'RMSE': 2.9640259206408452}
[2026-06-16 12:20:26,463][finetune_logger][INFO] - Test metrics: {'MAE': 1.5696369192032598, 'RMSE': 2.9640259206408452}
2026-06-16 12:20:26 - finetune_logger - INFO - Test time: 17.39s
[2026-06-16 12:20:26,464][finetune_logger][INFO] - Test time: 17.39s
2026-06-16 12:20:26 - finetune_logger - INFO - Test memory reserved: 24.00 MB
[2026-06-16 12:20:26,464][finetune_logger][INFO] - Test memory reserved: 24.00 MB
2026-06-16 12:20:26 - finetune_logger - INFO - Test memory allocated: 18.10 MB
[2026-06-16 12:20:26,464][finetune_logger][INFO] - Test memory allocated: 18.10 MB
2026-06-16 12:20:26 - finetune_logger - INFO - Epoch 2/20
[2026-06-16 12:20:26,464][finetune_logger][INFO] - Epoch 2/20
2026-06-16 12:22:33 - finetune_logger - INFO - Train loss: 1.4156998956494913
[2026-06-16 12:22:33,010][finetune_logger][INFO] - Train loss: 1.4156998956494913
2026-06-16 12:22:33 - finetune_logger - INFO - Train time: 126.54569149017334s
[2026-06-16 12:22:33,010][finetune_logger][INFO] - Train time: 126.54569149017334s
2026-06-16 12:22:33 - finetune_logger - INFO - Train memory reserved: 24.00 MB
[2026-06-16 12:22:33,011][finetune_logger][INFO] - Train memory reserved: 24.00 MB
2026-06-16 12:22:33 - finetune_logger - INFO - Train memory allocated: 18.10 MB
[2026-06-16 12:22:33,011][finetune_logger][INFO] - Train memory allocated: 18.10 MB
2026-06-16 12:22:33 - finetune_logger - INFO - Current learning rate: 0.0005
[2026-06-16 12:22:33,011][finetune_logger][INFO] - Current learning rate: 0.0005
2026-06-16 12:22:50 - finetune_logger - INFO - Validation metrics: {'MAE': 1.867752631300965, 'RMSE': 2.9137109203338643}
[2026-06-16 12:22:50,387][finetune_logger][INFO] - Validation metrics: {'MAE': 1.867752631300965, 'RMSE': 2.9137109203338643}
2026-06-16 12:22:50 - finetune_logger - INFO - Val time: 17.38s
[2026-06-16 12:22:50,388][finetune_logger][INFO] - Val time: 17.38s
2026-06-16 12:22:50 - finetune_logger - INFO - Val memory reserved: 24.00 MB
[2026-06-16 12:22:50,388][finetune_logger][INFO] - Val memory reserved: 24.00 MB
2026-06-16 12:22:50 - finetune_logger - INFO - Val memory allocated: 18.10 MB
[2026-06-16 12:22:50,388][finetune_logger][INFO] - Val memory allocated: 18.10 MB
2026-06-16 12:22:50 - finetune_logger - INFO - Logged epoch 2 info to /public/home/202411094934/python_project/Spatio-Temporal-Library/time-series/2026-06-16/itransformer/finetune20/etth1/time-series/seed_2/training_log.json
[2026-06-16 12:22:50,391][finetune_logger][INFO] - Logged epoch 2 info to /public/home/202411094934/python_project/Spatio-Temporal-Library/time-series/2026-06-16/itransformer/finetune20/etth1/time-series/seed_2/training_log.json
2026-06-16 12:23:07 - finetune_logger - INFO - Test metrics: {'MAE': 1.5587680987857653, 'RMSE': 2.949297066143582}
[2026-06-16 12:23:07,935][finetune_logger][INFO] - Test metrics: {'MAE': 1.5587680987857653, 'RMSE': 2.949297066143582}
2026-06-16 12:23:07 - finetune_logger - INFO - Test time: 17.54s
[2026-06-16 12:23:07,935][finetune_logger][INFO] - Test time: 17.54s
2026-06-16 12:23:07 - finetune_logger - INFO - Test memory reserved: 24.00 MB
[2026-06-16 12:23:07,935][finetune_logger][INFO] - Test memory reserved: 24.00 MB
2026-06-16 12:23:07 - finetune_logger - INFO - Test memory allocated: 18.10 MB
[2026-06-16 12:23:07,935][finetune_logger][INFO] - Test memory allocated: 18.10 MB
2026-06-16 12:23:07 - finetune_logger - INFO - Epoch 3/20
[2026-06-16 12:23:07,936][finetune_logger][INFO] - Epoch 3/20
2026-06-16 12:25:14 - finetune_logger - INFO - Train loss: 1.380680141686401
[2026-06-16 12:25:14,403][finetune_logger][INFO] - Train loss: 1.380680141686401
2026-06-16 12:25:14 - finetune_logger - INFO - Train time: 126.46729373931885s
[2026-06-16 12:25:14,404][finetune_logger][INFO] - Train time: 126.46729373931885s
2026-06-16 12:25:14 - finetune_logger - INFO - Train memory reserved: 24.00 MB
[2026-06-16 12:25:14,404][finetune_logger][INFO] - Train memory reserved: 24.00 MB
2026-06-16 12:25:14 - finetune_logger - INFO - Train memory allocated: 18.10 MB
[2026-06-16 12:25:14,404][finetune_logger][INFO] - Train memory allocated: 18.10 MB
2026-06-16 12:25:14 - finetune_logger - INFO - Current learning rate: 0.0005
[2026-06-16 12:25:14,404][finetune_logger][INFO] - Current learning rate: 0.0005
2026-06-16 12:25:31 - finetune_logger - INFO - Validation metrics: {'MAE': 1.8759383398010618, 'RMSE': 2.912097374053225}
[2026-06-16 12:25:31,764][finetune_logger][INFO] - Validation metrics: {'MAE': 1.8759383398010618, 'RMSE': 2.912097374053225}
2026-06-16 12:25:31 - finetune_logger - INFO - Val time: 17.36s
[2026-06-16 12:25:31,765][finetune_logger][INFO] - Val time: 17.36s
2026-06-16 12:25:31 - finetune_logger - INFO - Val memory reserved: 24.00 MB
[2026-06-16 12:25:31,765][finetune_logger][INFO] - Val memory reserved: 24.00 MB
2026-06-16 12:25:31 - finetune_logger - INFO - Val memory allocated: 18.10 MB
[2026-06-16 12:25:31,765][finetune_logger][INFO] - Val memory allocated: 18.10 MB
2026-06-16 12:25:31 - finetune_logger - INFO - Logged epoch 3 info to /public/home/202411094934/python_project/Spatio-Temporal-Library/time-series/2026-06-16/itransformer/finetune20/etth1/time-series/seed_2/training_log.json
[2026-06-16 12:25:31,768][finetune_logger][INFO] - Logged epoch 3 info to /public/home/202411094934/python_project/Spatio-Temporal-Library/time-series/2026-06-16/itransformer/finetune20/etth1/time-series/seed_2/training_log.json
2026-06-16 12:25:49 - finetune_logger - INFO - Test metrics: {'MAE': 1.5755595970153804, 'RMSE': 2.95980335585275}
[2026-06-16 12:25:49,169][finetune_logger][INFO] - Test metrics: {'MAE': 1.5755595970153804, 'RMSE': 2.95980335585275}
2026-06-16 12:25:49 - finetune_logger - INFO - Test time: 17.40s
[2026-06-16 12:25:49,169][finetune_logger][INFO] - Test time: 17.40s
2026-06-16 12:25:49 - finetune_logger - INFO - Test memory reserved: 24.00 MB
[2026-06-16 12:25:49,170][finetune_logger][INFO] - Test memory reserved: 24.00 MB
2026-06-16 12:25:49 - finetune_logger - INFO - Test memory allocated: 18.10 MB
[2026-06-16 12:25:49,170][finetune_logger][INFO] - Test memory allocated: 18.10 MB
2026-06-16 12:25:49 - finetune_logger - INFO - Epoch 4/20
[2026-06-16 12:25:49,170][finetune_logger][INFO] - Epoch 4/20
2026-06-16 12:27:56 - finetune_logger - INFO - Train loss: 1.3521723691522802
[2026-06-16 12:27:56,099][finetune_logger][INFO] - Train loss: 1.3521723691522802
2026-06-16 12:27:56 - finetune_logger - INFO - Train time: 126.92893981933594s
[2026-06-16 12:27:56,099][finetune_logger][INFO] - Train time: 126.92893981933594s
2026-06-16 12:27:56 - finetune_logger - INFO - Train memory reserved: 24.00 MB
[2026-06-16 12:27:56,100][finetune_logger][INFO] - Train memory reserved: 24.00 MB
2026-06-16 12:27:56 - finetune_logger - INFO - Train memory allocated: 18.10 MB
[2026-06-16 12:27:56,100][finetune_logger][INFO] - Train memory allocated: 18.10 MB
2026-06-16 12:27:56 - finetune_logger - INFO - Current learning rate: 0.0005
[2026-06-16 12:27:56,100][finetune_logger][INFO] - Current learning rate: 0.0005
2026-06-16 12:28:13 - finetune_logger - INFO - Validation metrics: {'MAE': 1.8951355549721463, 'RMSE': 2.9315296567735234}
[2026-06-16 12:28:13,474][finetune_logger][INFO] - Validation metrics: {'MAE': 1.8951355549721463, 'RMSE': 2.9315296567735234}
2026-06-16 12:28:13 - finetune_logger - INFO - Val time: 17.37s
[2026-06-16 12:28:13,474][finetune_logger][INFO] - Val time: 17.37s
2026-06-16 12:28:13 - finetune_logger - INFO - Val memory reserved: 24.00 MB
[2026-06-16 12:28:13,474][finetune_logger][INFO] - Val memory reserved: 24.00 MB
2026-06-16 12:28:13 - finetune_logger - INFO - Val memory allocated: 18.10 MB
[2026-06-16 12:28:13,474][finetune_logger][INFO] - Val memory allocated: 18.10 MB
2026-06-16 12:28:13 - finetune_logger - INFO - Logged epoch 4 info to /public/home/202411094934/python_project/Spatio-Temporal-Library/time-series/2026-06-16/itransformer/finetune20/etth1/time-series/seed_2/training_log.json
[2026-06-16 12:28:13,477][finetune_logger][INFO] - Logged epoch 4 info to /public/home/202411094934/python_project/Spatio-Temporal-Library/time-series/2026-06-16/itransformer/finetune20/etth1/time-series/seed_2/training_log.json
2026-06-16 12:28:30 - finetune_logger - INFO - Test metrics: {'MAE': 1.5846175703775305, 'RMSE': 2.994742388634457}
[2026-06-16 12:28:30,883][finetune_logger][INFO] - Test metrics: {'MAE': 1.5846175703775305, 'RMSE': 2.994742388634457}
2026-06-16 12:28:30 - finetune_logger - INFO - Test time: 17.41s
[2026-06-16 12:28:30,884][finetune_logger][INFO] - Test time: 17.41s
2026-06-16 12:28:30 - finetune_logger - INFO - Test memory reserved: 24.00 MB
[2026-06-16 12:28:30,884][finetune_logger][INFO] - Test memory reserved: 24.00 MB
2026-06-16 12:28:30 - finetune_logger - INFO - Test memory allocated: 18.10 MB
[2026-06-16 12:28:30,884][finetune_logger][INFO] - Test memory allocated: 18.10 MB
2026-06-16 12:28:30 - finetune_logger - INFO - Epoch 5/20
[2026-06-16 12:28:30,884][finetune_logger][INFO] - Epoch 5/20
2026-06-16 12:30:37 - finetune_logger - INFO - Train loss: 1.3247173249188406
[2026-06-16 12:30:37,449][finetune_logger][INFO] - Train loss: 1.3247173249188406
2026-06-16 12:30:37 - finetune_logger - INFO - Train time: 126.56413865089417s
[2026-06-16 12:30:37,449][finetune_logger][INFO] - Train time: 126.56413865089417s
2026-06-16 12:30:37 - finetune_logger - INFO - Train memory reserved: 24.00 MB
[2026-06-16 12:30:37,449][finetune_logger][INFO] - Train memory reserved: 24.00 MB
2026-06-16 12:30:37 - finetune_logger - INFO - Train memory allocated: 18.10 MB
[2026-06-16 12:30:37,449][finetune_logger][INFO] - Train memory allocated: 18.10 MB
2026-06-16 12:30:37 - finetune_logger - INFO - Current learning rate: 0.0005
[2026-06-16 12:30:37,449][finetune_logger][INFO] - Current learning rate: 0.0005
2026-06-16 12:30:54 - finetune_logger - INFO - Validation metrics: {'MAE': 1.9051155508132103, 'RMSE': 2.9662862014316467}
[2026-06-16 12:30:54,719][finetune_logger][INFO] - Validation metrics: {'MAE': 1.9051155508132103, 'RMSE': 2.9662862014316467}
2026-06-16 12:30:54 - finetune_logger - INFO - Val time: 17.27s
[2026-06-16 12:30:54,720][finetune_logger][INFO] - Val time: 17.27s
2026-06-16 12:30:54 - finetune_logger - INFO - Val memory reserved: 24.00 MB
[2026-06-16 12:30:54,720][finetune_logger][INFO] - Val memory reserved: 24.00 MB
2026-06-16 12:30:54 - finetune_logger - INFO - Val memory allocated: 18.10 MB
[2026-06-16 12:30:54,720][finetune_logger][INFO] - Val memory allocated: 18.10 MB
2026-06-16 12:30:54 - finetune_logger - INFO - Logged epoch 5 info to /public/home/202411094934/python_project/Spatio-Temporal-Library/time-series/2026-06-16/itransformer/finetune20/etth1/time-series/seed_2/training_log.json
[2026-06-16 12:30:54,723][finetune_logger][INFO] - Logged epoch 5 info to /public/home/202411094934/python_project/Spatio-Temporal-Library/time-series/2026-06-16/itransformer/finetune20/etth1/time-series/seed_2/training_log.json
2026-06-16 12:31:12 - finetune_logger - INFO - Test metrics: {'MAE': 1.595229185717445, 'RMSE': 3.023681558427355}
[2026-06-16 12:31:12,051][finetune_logger][INFO] - Test metrics: {'MAE': 1.595229185717445, 'RMSE': 3.023681558427355}
2026-06-16 12:31:12 - finetune_logger - INFO - Test time: 17.33s
[2026-06-16 12:31:12,051][finetune_logger][INFO] - Test time: 17.33s
2026-06-16 12:31:12 - finetune_logger - INFO - Test memory reserved: 24.00 MB
[2026-06-16 12:31:12,051][finetune_logger][INFO] - Test memory reserved: 24.00 MB
2026-06-16 12:31:12 - finetune_logger - INFO - Test memory allocated: 18.10 MB
[2026-06-16 12:31:12,051][finetune_logger][INFO] - Test memory allocated: 18.10 MB
2026-06-16 12:31:12 - finetune_logger - INFO - Epoch 6/20
[2026-06-16 12:31:12,051][finetune_logger][INFO] - Epoch 6/20
2026-06-16 12:33:18 - finetune_logger - INFO - Train loss: 1.297123368545593
[2026-06-16 12:33:18,766][finetune_logger][INFO] - Train loss: 1.297123368545593
2026-06-16 12:33:18 - finetune_logger - INFO - Train time: 126.71469116210938s
[2026-06-16 12:33:18,767][finetune_logger][INFO] - Train time: 126.71469116210938s
2026-06-16 12:33:18 - finetune_logger - INFO - Train memory reserved: 24.00 MB
[2026-06-16 12:33:18,767][finetune_logger][INFO] - Train memory reserved: 24.00 MB
2026-06-16 12:33:18 - finetune_logger - INFO - Train memory allocated: 18.10 MB
[2026-06-16 12:33:18,767][finetune_logger][INFO] - Train memory allocated: 18.10 MB
2026-06-16 12:33:18 - finetune_logger - INFO - Current learning rate: 0.0005
[2026-06-16 12:33:18,767][finetune_logger][INFO] - Current learning rate: 0.0005
2026-06-16 12:33:36 - finetune_logger - INFO - Validation metrics: {'MAE': 1.9348909020650933, 'RMSE': 3.009252150081451}
[2026-06-16 12:33:36,429][finetune_logger][INFO] - Validation metrics: {'MAE': 1.9348909020650933, 'RMSE': 3.009252150081451}
2026-06-16 12:33:36 - finetune_logger - INFO - Val time: 17.66s
[2026-06-16 12:33:36,429][finetune_logger][INFO] - Val time: 17.66s
2026-06-16 12:33:36 - finetune_logger - INFO - Val memory reserved: 24.00 MB
[2026-06-16 12:33:36,429][finetune_logger][INFO] - Val memory reserved: 24.00 MB
2026-06-16 12:33:36 - finetune_logger - INFO - Val memory allocated: 18.10 MB
[2026-06-16 12:33:36,430][finetune_logger][INFO] - Val memory allocated: 18.10 MB
2026-06-16 12:33:36 - finetune_logger - INFO - Logged epoch 6 info to /public/home/202411094934/python_project/Spatio-Temporal-Library/time-series/2026-06-16/itransformer/finetune20/etth1/time-series/seed_2/training_log.json
[2026-06-16 12:33:36,433][finetune_logger][INFO] - Logged epoch 6 info to /public/home/202411094934/python_project/Spatio-Temporal-Library/time-series/2026-06-16/itransformer/finetune20/etth1/time-series/seed_2/training_log.json
2026-06-16 12:33:53 - finetune_logger - INFO - Test metrics: {'MAE': 1.6566120237168744, 'RMSE': 3.155235013553073}
[2026-06-16 12:33:53,849][finetune_logger][INFO] - Test metrics: {'MAE': 1.6566120237168744, 'RMSE': 3.155235013553073}
2026-06-16 12:33:53 - finetune_logger - INFO - Test time: 17.42s
[2026-06-16 12:33:53,850][finetune_logger][INFO] - Test time: 17.42s
2026-06-16 12:33:53 - finetune_logger - INFO - Test memory reserved: 24.00 MB
[2026-06-16 12:33:53,850][finetune_logger][INFO] - Test memory reserved: 24.00 MB
2026-06-16 12:33:53 - finetune_logger - INFO - Test memory allocated: 18.10 MB
[2026-06-16 12:33:53,850][finetune_logger][INFO] - Test memory allocated: 18.10 MB
2026-06-16 12:33:53 - finetune_logger - INFO - Epoch 7/20
[2026-06-16 12:33:53,850][finetune_logger][INFO] - Epoch 7/20
2026-06-16 12:36:00 - finetune_logger - INFO - Train loss: 1.2786868953036619
[2026-06-16 12:36:00,399][finetune_logger][INFO] - Train loss: 1.2786868953036619
2026-06-16 12:36:00 - finetune_logger - INFO - Train time: 126.54895043373108s
[2026-06-16 12:36:00,400][finetune_logger][INFO] - Train time: 126.54895043373108s
2026-06-16 12:36:00 - finetune_logger - INFO - Train memory reserved: 24.00 MB
[2026-06-16 12:36:00,400][finetune_logger][INFO] - Train memory reserved: 24.00 MB
2026-06-16 12:36:00 - finetune_logger - INFO - Train memory allocated: 18.10 MB
[2026-06-16 12:36:00,400][finetune_logger][INFO] - Train memory allocated: 18.10 MB
2026-06-16 12:36:00 - finetune_logger - INFO - Current learning rate: 0.0005
[2026-06-16 12:36:00,400][finetune_logger][INFO] - Current learning rate: 0.0005
2026-06-16 12:36:17 - finetune_logger - INFO - Validation metrics: {'MAE': 1.9091454824038931, 'RMSE': 2.957608462924046}
[2026-06-16 12:36:17,807][finetune_logger][INFO] - Validation metrics: {'MAE': 1.9091454824038931, 'RMSE': 2.957608462924046}
2026-06-16 12:36:17 - finetune_logger - INFO - Val time: 17.41s
[2026-06-16 12:36:17,808][finetune_logger][INFO] - Val time: 17.41s
2026-06-16 12:36:17 - finetune_logger - INFO - Val memory reserved: 24.00 MB
[2026-06-16 12:36:17,808][finetune_logger][INFO] - Val memory reserved: 24.00 MB
2026-06-16 12:36:17 - finetune_logger - INFO - Val memory allocated: 18.10 MB
[2026-06-16 12:36:17,808][finetune_logger][INFO] - Val memory allocated: 18.10 MB
2026-06-16 12:36:17 - finetune_logger - INFO - Logged epoch 7 info to /public/home/202411094934/python_project/Spatio-Temporal-Library/time-series/2026-06-16/itransformer/finetune20/etth1/time-series/seed_2/training_log.json
[2026-06-16 12:36:17,811][finetune_logger][INFO] - Logged epoch 7 info to /public/home/202411094934/python_project/Spatio-Temporal-Library/time-series/2026-06-16/itransformer/finetune20/etth1/time-series/seed_2/training_log.json
2026-06-16 12:36:35 - finetune_logger - INFO - Test metrics: {'MAE': 1.6215440105710675, 'RMSE': 3.0799690212522184}
[2026-06-16 12:36:35,166][finetune_logger][INFO] - Test metrics: {'MAE': 1.6215440105710675, 'RMSE': 3.0799690212522184}
2026-06-16 12:36:35 - finetune_logger - INFO - Test time: 17.35s
[2026-06-16 12:36:35,166][finetune_logger][INFO] - Test time: 17.35s
2026-06-16 12:36:35 - finetune_logger - INFO - Test memory reserved: 24.00 MB
[2026-06-16 12:36:35,166][finetune_logger][INFO] - Test memory reserved: 24.00 MB
2026-06-16 12:36:35 - finetune_logger - INFO - Test memory allocated: 18.10 MB
[2026-06-16 12:36:35,166][finetune_logger][INFO] - Test memory allocated: 18.10 MB
2026-06-16 12:36:35 - finetune_logger - INFO - Epoch 8/20
[2026-06-16 12:36:35,166][finetune_logger][INFO] - Epoch 8/20
2026-06-16 12:38:42 - finetune_logger - INFO - Train loss: 1.2566548346762232
[2026-06-16 12:38:42,022][finetune_logger][INFO] - Train loss: 1.2566548346762232
2026-06-16 12:38:42 - finetune_logger - INFO - Train time: 126.85531425476074s
[2026-06-16 12:38:42,022][finetune_logger][INFO] - Train time: 126.85531425476074s
2026-06-16 12:38:42 - finetune_logger - INFO - Train memory reserved: 24.00 MB
[2026-06-16 12:38:42,023][finetune_logger][INFO] - Train memory reserved: 24.00 MB
2026-06-16 12:38:42 - finetune_logger - INFO - Train memory allocated: 18.10 MB
[2026-06-16 12:38:42,023][finetune_logger][INFO] - Train memory allocated: 18.10 MB
2026-06-16 12:38:42 - finetune_logger - INFO - Current learning rate: 0.0005
[2026-06-16 12:38:42,023][finetune_logger][INFO] - Current learning rate: 0.0005
2026-06-16 12:38:59 - finetune_logger - INFO - Validation metrics: {'MAE': 1.9178362197421808, 'RMSE': 2.9715305698031385}
[2026-06-16 12:38:59,388][finetune_logger][INFO] - Validation metrics: {'MAE': 1.9178362197421808, 'RMSE': 2.9715305698031385}
2026-06-16 12:38:59 - finetune_logger - INFO - Val time: 17.37s
[2026-06-16 12:38:59,389][finetune_logger][INFO] - Val time: 17.37s
2026-06-16 12:38:59 - finetune_logger - INFO - Val memory reserved: 24.00 MB
[2026-06-16 12:38:59,389][finetune_logger][INFO] - Val memory reserved: 24.00 MB
2026-06-16 12:38:59 - finetune_logger - INFO - Val memory allocated: 18.10 MB
[2026-06-16 12:38:59,389][finetune_logger][INFO] - Val memory allocated: 18.10 MB
2026-06-16 12:38:59 - finetune_logger - INFO - Logged epoch 8 info to /public/home/202411094934/python_project/Spatio-Temporal-Library/time-series/2026-06-16/itransformer/finetune20/etth1/time-series/seed_2/training_log.json
[2026-06-16 12:38:59,392][finetune_logger][INFO] - Logged epoch 8 info to /public/home/202411094934/python_project/Spatio-Temporal-Library/time-series/2026-06-16/itransformer/finetune20/etth1/time-series/seed_2/training_log.json
2026-06-16 12:39:16 - finetune_logger - INFO - Test metrics: {'MAE': 1.6633747447785858, 'RMSE': 3.1913726432436915}
[2026-06-16 12:39:16,853][finetune_logger][INFO] - Test metrics: {'MAE': 1.6633747447785858, 'RMSE': 3.1913726432436915}
2026-06-16 12:39:16 - finetune_logger - INFO - Test time: 17.46s
[2026-06-16 12:39:16,853][finetune_logger][INFO] - Test time: 17.46s
2026-06-16 12:39:16 - finetune_logger - INFO - Test memory reserved: 24.00 MB
[2026-06-16 12:39:16,853][finetune_logger][INFO] - Test memory reserved: 24.00 MB
2026-06-16 12:39:16 - finetune_logger - INFO - Test memory allocated: 18.10 MB
[2026-06-16 12:39:16,853][finetune_logger][INFO] - Test memory allocated: 18.10 MB
2026-06-16 12:39:16 - finetune_logger - INFO - Epoch 9/20
[2026-06-16 12:39:16,853][finetune_logger][INFO] - Epoch 9/20
2026-06-16 12:41:23 - finetune_logger - INFO - Train loss: 1.2421979518966066
[2026-06-16 12:41:23,368][finetune_logger][INFO] - Train loss: 1.2421979518966066
2026-06-16 12:41:23 - finetune_logger - INFO - Train time: 126.51419162750244s
[2026-06-16 12:41:23,368][finetune_logger][INFO] - Train time: 126.51419162750244s
2026-06-16 12:41:23 - finetune_logger - INFO - Train memory reserved: 24.00 MB
[2026-06-16 12:41:23,369][finetune_logger][INFO] - Train memory reserved: 24.00 MB
2026-06-16 12:41:23 - finetune_logger - INFO - Train memory allocated: 18.10 MB
[2026-06-16 12:41:23,369][finetune_logger][INFO] - Train memory allocated: 18.10 MB
2026-06-16 12:41:23 - finetune_logger - INFO - Current learning rate: 0.0005
[2026-06-16 12:41:23,369][finetune_logger][INFO] - Current learning rate: 0.0005
2026-06-16 12:41:40 - finetune_logger - INFO - Validation metrics: {'MAE': 1.9219886552719836, 'RMSE': 2.9841861106327494}
[2026-06-16 12:41:40,707][finetune_logger][INFO] - Validation metrics: {'MAE': 1.9219886552719836, 'RMSE': 2.9841861106327494}
2026-06-16 12:41:40 - finetune_logger - INFO - Val time: 17.34s
[2026-06-16 12:41:40,707][finetune_logger][INFO] - Val time: 17.34s
2026-06-16 12:41:40 - finetune_logger - INFO - Val memory reserved: 24.00 MB
[2026-06-16 12:41:40,707][finetune_logger][INFO] - Val memory reserved: 24.00 MB
2026-06-16 12:41:40 - finetune_logger - INFO - Val memory allocated: 18.10 MB
[2026-06-16 12:41:40,708][finetune_logger][INFO] - Val memory allocated: 18.10 MB
2026-06-16 12:41:40 - finetune_logger - INFO - Logged epoch 9 info to /public/home/202411094934/python_project/Spatio-Temporal-Library/time-series/2026-06-16/itransformer/finetune20/etth1/time-series/seed_2/training_log.json
[2026-06-16 12:41:40,711][finetune_logger][INFO] - Logged epoch 9 info to /public/home/202411094934/python_project/Spatio-Temporal-Library/time-series/2026-06-16/itransformer/finetune20/etth1/time-series/seed_2/training_log.json
2026-06-16 12:41:58 - finetune_logger - INFO - Test metrics: {'MAE': 1.6398566049848269, 'RMSE': 3.126917452585121}
[2026-06-16 12:41:58,058][finetune_logger][INFO] - Test metrics: {'MAE': 1.6398566049848269, 'RMSE': 3.126917452585121}
2026-06-16 12:41:58 - finetune_logger - INFO - Test time: 17.35s
[2026-06-16 12:41:58,058][finetune_logger][INFO] - Test time: 17.35s
2026-06-16 12:41:58 - finetune_logger - INFO - Test memory reserved: 24.00 MB
[2026-06-16 12:41:58,058][finetune_logger][INFO] - Test memory reserved: 24.00 MB
2026-06-16 12:41:58 - finetune_logger - INFO - Test memory allocated: 18.10 MB
[2026-06-16 12:41:58,058][finetune_logger][INFO] - Test memory allocated: 18.10 MB
2026-06-16 12:41:58 - finetune_logger - INFO - Epoch 10/20
[2026-06-16 12:41:58,058][finetune_logger][INFO] - Epoch 10/20
2026-06-16 12:44:04 - finetune_logger - INFO - Train loss: 1.224054358470411
[2026-06-16 12:44:04,900][finetune_logger][INFO] - Train loss: 1.224054358470411
2026-06-16 12:44:04 - finetune_logger - INFO - Train time: 126.8410279750824s
[2026-06-16 12:44:04,900][finetune_logger][INFO] - Train time: 126.8410279750824s
2026-06-16 12:44:04 - finetune_logger - INFO - Train memory reserved: 24.00 MB
[2026-06-16 12:44:04,900][finetune_logger][INFO] - Train memory reserved: 24.00 MB
2026-06-16 12:44:04 - finetune_logger - INFO - Train memory allocated: 18.10 MB
[2026-06-16 12:44:04,900][finetune_logger][INFO] - Train memory allocated: 18.10 MB
2026-06-16 12:44:04 - finetune_logger - INFO - Current learning rate: 0.0005
[2026-06-16 12:44:04,900][finetune_logger][INFO] - Current learning rate: 0.0005
2026-06-16 12:44:22 - finetune_logger - INFO - Validation metrics: {'MAE': 1.943839110851285, 'RMSE': 3.030286446026395}
[2026-06-16 12:44:22,295][finetune_logger][INFO] - Validation metrics: {'MAE': 1.943839110851285, 'RMSE': 3.030286446026395}
2026-06-16 12:44:22 - finetune_logger - INFO - Val time: 17.39s
[2026-06-16 12:44:22,295][finetune_logger][INFO] - Val time: 17.39s
2026-06-16 12:44:22 - finetune_logger - INFO - Val memory reserved: 24.00 MB
[2026-06-16 12:44:22,295][finetune_logger][INFO] - Val memory reserved: 24.00 MB
2026-06-16 12:44:22 - finetune_logger - INFO - Val memory allocated: 18.10 MB
[2026-06-16 12:44:22,295][finetune_logger][INFO] - Val memory allocated: 18.10 MB
2026-06-16 12:44:22 - finetune_logger - INFO - Logged epoch 10 info to /public/home/202411094934/python_project/Spatio-Temporal-Library/time-series/2026-06-16/itransformer/finetune20/etth1/time-series/seed_2/training_log.json
[2026-06-16 12:44:22,298][finetune_logger][INFO] - Logged epoch 10 info to /public/home/202411094934/python_project/Spatio-Temporal-Library/time-series/2026-06-16/itransformer/finetune20/etth1/time-series/seed_2/training_log.json
2026-06-16 12:44:39 - finetune_logger - INFO - Test metrics: {'MAE': 1.6736896802357257, 'RMSE': 3.1776787598019625}
[2026-06-16 12:44:39,861][finetune_logger][INFO] - Test metrics: {'MAE': 1.6736896802357257, 'RMSE': 3.1776787598019625}
2026-06-16 12:44:39 - finetune_logger - INFO - Test time: 17.54s
[2026-06-16 12:44:39,861][finetune_logger][INFO] - Test time: 17.54s
2026-06-16 12:44:39 - finetune_logger - INFO - Test memory reserved: 24.00 MB
[2026-06-16 12:44:39,862][finetune_logger][INFO] - Test memory reserved: 24.00 MB
2026-06-16 12:44:39 - finetune_logger - INFO - Test memory allocated: 18.10 MB
[2026-06-16 12:44:39,862][finetune_logger][INFO] - Test memory allocated: 18.10 MB
2026-06-16 12:44:39 - finetune_logger - INFO - Epoch 11/20
[2026-06-16 12:44:39,862][finetune_logger][INFO] - Epoch 11/20
2026-06-16 12:46:46 - finetune_logger - INFO - Train loss: 1.1927730925039062
[2026-06-16 12:46:46,889][finetune_logger][INFO] - Train loss: 1.1927730925039062
2026-06-16 12:46:46 - finetune_logger - INFO - Train time: 127.02719759941101s
[2026-06-16 12:46:46,890][finetune_logger][INFO] - Train time: 127.02719759941101s
2026-06-16 12:46:46 - finetune_logger - INFO - Train memory reserved: 24.00 MB
[2026-06-16 12:46:46,890][finetune_logger][INFO] - Train memory reserved: 24.00 MB
2026-06-16 12:46:46 - finetune_logger - INFO - Train memory allocated: 18.10 MB
[2026-06-16 12:46:46,890][finetune_logger][INFO] - Train memory allocated: 18.10 MB
2026-06-16 12:46:46 - finetune_logger - INFO - Current learning rate: 0.00025
[2026-06-16 12:46:46,890][finetune_logger][INFO] - Current learning rate: 0.00025
2026-06-16 12:47:04 - finetune_logger - INFO - Validation metrics: {'MAE': 1.9318564267158522, 'RMSE': 3.003454627718247}
[2026-06-16 12:47:04,288][finetune_logger][INFO] - Validation metrics: {'MAE': 1.9318564267158522, 'RMSE': 3.003454627718247}
2026-06-16 12:47:04 - finetune_logger - INFO - Val time: 17.40s
[2026-06-16 12:47:04,288][finetune_logger][INFO] - Val time: 17.40s
2026-06-16 12:47:04 - finetune_logger - INFO - Val memory reserved: 24.00 MB
[2026-06-16 12:47:04,288][finetune_logger][INFO] - Val memory reserved: 24.00 MB
2026-06-16 12:47:04 - finetune_logger - INFO - Val memory allocated: 18.10 MB
[2026-06-16 12:47:04,288][finetune_logger][INFO] - Val memory allocated: 18.10 MB
2026-06-16 12:47:04 - finetune_logger - INFO - Logged epoch 11 info to /public/home/202411094934/python_project/Spatio-Temporal-Library/time-series/2026-06-16/itransformer/finetune20/etth1/time-series/seed_2/training_log.json
[2026-06-16 12:47:04,292][finetune_logger][INFO] - Logged epoch 11 info to /public/home/202411094934/python_project/Spatio-Temporal-Library/time-series/2026-06-16/itransformer/finetune20/etth1/time-series/seed_2/training_log.json
2026-06-16 12:47:21 - finetune_logger - INFO - Test metrics: {'MAE': 1.6838346561704365, 'RMSE': 3.199886620067412}
[2026-06-16 12:47:21,758][finetune_logger][INFO] - Test metrics: {'MAE': 1.6838346561704365, 'RMSE': 3.199886620067412}
2026-06-16 12:47:21 - finetune_logger - INFO - Test time: 17.47s
[2026-06-16 12:47:21,758][finetune_logger][INFO] - Test time: 17.47s
2026-06-16 12:47:21 - finetune_logger - INFO - Test memory reserved: 24.00 MB
[2026-06-16 12:47:21,758][finetune_logger][INFO] - Test memory reserved: 24.00 MB
2026-06-16 12:47:21 - finetune_logger - INFO - Test memory allocated: 18.10 MB
[2026-06-16 12:47:21,758][finetune_logger][INFO] - Test memory allocated: 18.10 MB
2026-06-16 12:47:21 - finetune_logger - INFO - Epoch 12/20
[2026-06-16 12:47:21,758][finetune_logger][INFO] - Epoch 12/20
2026-06-16 12:49:28 - finetune_logger - INFO - Train loss: 1.1794380777921376
[2026-06-16 12:49:28,380][finetune_logger][INFO] - Train loss: 1.1794380777921376
2026-06-16 12:49:28 - finetune_logger - INFO - Train time: 126.62111115455627s
[2026-06-16 12:49:28,380][finetune_logger][INFO] - Train time: 126.62111115455627s
2026-06-16 12:49:28 - finetune_logger - INFO - Train memory reserved: 24.00 MB
[2026-06-16 12:49:28,380][finetune_logger][INFO] - Train memory reserved: 24.00 MB
2026-06-16 12:49:28 - finetune_logger - INFO - Train memory allocated: 18.10 MB
[2026-06-16 12:49:28,381][finetune_logger][INFO] - Train memory allocated: 18.10 MB
2026-06-16 12:49:28 - finetune_logger - INFO - Current learning rate: 0.00025
[2026-06-16 12:49:28,381][finetune_logger][INFO] - Current learning rate: 0.00025
2026-06-16 12:49:45 - finetune_logger - INFO - Validation metrics: {'MAE': 1.9420219792638493, 'RMSE': 3.0142309865497463}
[2026-06-16 12:49:45,704][finetune_logger][INFO] - Validation metrics: {'MAE': 1.9420219792638493, 'RMSE': 3.0142309865497463}
2026-06-16 12:49:45 - finetune_logger - INFO - Val time: 17.32s
[2026-06-16 12:49:45,704][finetune_logger][INFO] - Val time: 17.32s
2026-06-16 12:49:45 - finetune_logger - INFO - Val memory reserved: 24.00 MB
[2026-06-16 12:49:45,704][finetune_logger][INFO] - Val memory reserved: 24.00 MB
2026-06-16 12:49:45 - finetune_logger - INFO - Val memory allocated: 18.10 MB
[2026-06-16 12:49:45,704][finetune_logger][INFO] - Val memory allocated: 18.10 MB
2026-06-16 12:49:45 - finetune_logger - INFO - Logged epoch 12 info to /public/home/202411094934/python_project/Spatio-Temporal-Library/time-series/2026-06-16/itransformer/finetune20/etth1/time-series/seed_2/training_log.json
[2026-06-16 12:49:45,707][finetune_logger][INFO] - Logged epoch 12 info to /public/home/202411094934/python_project/Spatio-Temporal-Library/time-series/2026-06-16/itransformer/finetune20/etth1/time-series/seed_2/training_log.json
2026-06-16 12:50:03 - finetune_logger - INFO - Test metrics: {'MAE': 1.7202014467602635, 'RMSE': 3.276048398971556}
[2026-06-16 12:50:03,119][finetune_logger][INFO] - Test metrics: {'MAE': 1.7202014467602635, 'RMSE': 3.276048398971556}
2026-06-16 12:50:03 - finetune_logger - INFO - Test time: 17.41s
[2026-06-16 12:50:03,120][finetune_logger][INFO] - Test time: 17.41s
2026-06-16 12:50:03 - finetune_logger - INFO - Test memory reserved: 24.00 MB
[2026-06-16 12:50:03,120][finetune_logger][INFO] - Test memory reserved: 24.00 MB
2026-06-16 12:50:03 - finetune_logger - INFO - Test memory allocated: 18.10 MB
[2026-06-16 12:50:03,120][finetune_logger][INFO] - Test memory allocated: 18.10 MB
2026-06-16 12:50:03 - finetune_logger - INFO - Epoch 13/20
[2026-06-16 12:50:03,120][finetune_logger][INFO] - Epoch 13/20
2026-06-16 12:52:09 - finetune_logger - INFO - Train loss: 1.1710430168792756
[2026-06-16 12:52:09,677][finetune_logger][INFO] - Train loss: 1.1710430168792756
2026-06-16 12:52:09 - finetune_logger - INFO - Train time: 126.55693531036377s
[2026-06-16 12:52:09,678][finetune_logger][INFO] - Train time: 126.55693531036377s
2026-06-16 12:52:09 - finetune_logger - INFO - Train memory reserved: 24.00 MB
[2026-06-16 12:52:09,678][finetune_logger][INFO] - Train memory reserved: 24.00 MB
2026-06-16 12:52:09 - finetune_logger - INFO - Train memory allocated: 18.10 MB
[2026-06-16 12:52:09,678][finetune_logger][INFO] - Train memory allocated: 18.10 MB
2026-06-16 12:52:09 - finetune_logger - INFO - Current learning rate: 0.00025
[2026-06-16 12:52:09,678][finetune_logger][INFO] - Current learning rate: 0.00025
2026-06-16 12:52:27 - finetune_logger - INFO - Validation metrics: {'MAE': 1.9425284323238208, 'RMSE': 3.013048464230118}
[2026-06-16 12:52:27,098][finetune_logger][INFO] - Validation metrics: {'MAE': 1.9425284323238208, 'RMSE': 3.013048464230118}
2026-06-16 12:52:27 - finetune_logger - INFO - Val time: 17.42s
[2026-06-16 12:52:27,099][finetune_logger][INFO] - Val time: 17.42s
2026-06-16 12:52:27 - finetune_logger - INFO - Val memory reserved: 24.00 MB
[2026-06-16 12:52:27,099][finetune_logger][INFO] - Val memory reserved: 24.00 MB
2026-06-16 12:52:27 - finetune_logger - INFO - Val memory allocated: 18.10 MB
[2026-06-16 12:52:27,099][finetune_logger][INFO] - Val memory allocated: 18.10 MB
2026-06-16 12:52:27 - finetune_logger - INFO - Logged epoch 13 info to /public/home/202411094934/python_project/Spatio-Temporal-Library/time-series/2026-06-16/itransformer/finetune20/etth1/time-series/seed_2/training_log.json
[2026-06-16 12:52:27,102][finetune_logger][INFO] - Logged epoch 13 info to /public/home/202411094934/python_project/Spatio-Temporal-Library/time-series/2026-06-16/itransformer/finetune20/etth1/time-series/seed_2/training_log.json
2026-06-16 12:52:44 - finetune_logger - INFO - Test metrics: {'MAE': 1.6989835292725297, 'RMSE': 3.2230335307348206}
[2026-06-16 12:52:44,392][finetune_logger][INFO] - Test metrics: {'MAE': 1.6989835292725297, 'RMSE': 3.2230335307348206}
2026-06-16 12:52:44 - finetune_logger - INFO - Test time: 17.29s
[2026-06-16 12:52:44,392][finetune_logger][INFO] - Test time: 17.29s
2026-06-16 12:52:44 - finetune_logger - INFO - Test memory reserved: 24.00 MB
[2026-06-16 12:52:44,392][finetune_logger][INFO] - Test memory reserved: 24.00 MB
2026-06-16 12:52:44 - finetune_logger - INFO - Test memory allocated: 18.10 MB
[2026-06-16 12:52:44,392][finetune_logger][INFO] - Test memory allocated: 18.10 MB
2026-06-16 12:52:44 - finetune_logger - INFO - Epoch 14/20
[2026-06-16 12:52:44,393][finetune_logger][INFO] - Epoch 14/20
2026-06-16 12:54:51 - finetune_logger - INFO - Train loss: 1.164637553350656
[2026-06-16 12:54:51,025][finetune_logger][INFO] - Train loss: 1.164637553350656
2026-06-16 12:54:51 - finetune_logger - INFO - Train time: 126.63157844543457s
[2026-06-16 12:54:51,025][finetune_logger][INFO] - Train time: 126.63157844543457s
2026-06-16 12:54:51 - finetune_logger - INFO - Train memory reserved: 24.00 MB
[2026-06-16 12:54:51,025][finetune_logger][INFO] - Train memory reserved: 24.00 MB
2026-06-16 12:54:51 - finetune_logger - INFO - Train memory allocated: 18.10 MB
[2026-06-16 12:54:51,025][finetune_logger][INFO] - Train memory allocated: 18.10 MB
2026-06-16 12:54:51 - finetune_logger - INFO - Current learning rate: 0.00025
[2026-06-16 12:54:51,025][finetune_logger][INFO] - Current learning rate: 0.00025
2026-06-16 12:55:08 - finetune_logger - INFO - Validation metrics: {'MAE': 1.9567812639191002, 'RMSE': 3.0479461050487804}
[2026-06-16 12:55:08,355][finetune_logger][INFO] - Validation metrics: {'MAE': 1.9567812639191002, 'RMSE': 3.0479461050487804}
2026-06-16 12:55:08 - finetune_logger - INFO - Val time: 17.33s
[2026-06-16 12:55:08,355][finetune_logger][INFO] - Val time: 17.33s
2026-06-16 12:55:08 - finetune_logger - INFO - Val memory reserved: 24.00 MB
[2026-06-16 12:55:08,355][finetune_logger][INFO] - Val memory reserved: 24.00 MB
2026-06-16 12:55:08 - finetune_logger - INFO - Val memory allocated: 18.10 MB
[2026-06-16 12:55:08,355][finetune_logger][INFO] - Val memory allocated: 18.10 MB
2026-06-16 12:55:08 - finetune_logger - INFO - Logged epoch 14 info to /public/home/202411094934/python_project/Spatio-Temporal-Library/time-series/2026-06-16/itransformer/finetune20/etth1/time-series/seed_2/training_log.json
[2026-06-16 12:55:08,359][finetune_logger][INFO] - Logged epoch 14 info to /public/home/202411094934/python_project/Spatio-Temporal-Library/time-series/2026-06-16/itransformer/finetune20/etth1/time-series/seed_2/training_log.json
2026-06-16 12:55:25 - finetune_logger - INFO - Test metrics: {'MAE': 1.6917305777413478, 'RMSE': 3.2106984355563215}
[2026-06-16 12:55:25,702][finetune_logger][INFO] - Test metrics: {'MAE': 1.6917305777413478, 'RMSE': 3.2106984355563215}
2026-06-16 12:55:25 - finetune_logger - INFO - Test time: 17.34s
[2026-06-16 12:55:25,702][finetune_logger][INFO] - Test time: 17.34s
2026-06-16 12:55:25 - finetune_logger - INFO - Test memory reserved: 24.00 MB
[2026-06-16 12:55:25,702][finetune_logger][INFO] - Test memory reserved: 24.00 MB
2026-06-16 12:55:25 - finetune_logger - INFO - Test memory allocated: 18.10 MB
[2026-06-16 12:55:25,702][finetune_logger][INFO] - Test memory allocated: 18.10 MB
2026-06-16 12:55:25 - finetune_logger - INFO - Epoch 15/20
[2026-06-16 12:55:25,702][finetune_logger][INFO] - Epoch 15/20
2026-06-16 12:57:32 - finetune_logger - INFO - Train loss: 1.1572243334426648
[2026-06-16 12:57:32,862][finetune_logger][INFO] - Train loss: 1.1572243334426648
2026-06-16 12:57:32 - finetune_logger - INFO - Train time: 127.15940165519714s
[2026-06-16 12:57:32,863][finetune_logger][INFO] - Train time: 127.15940165519714s
2026-06-16 12:57:32 - finetune_logger - INFO - Train memory reserved: 24.00 MB
[2026-06-16 12:57:32,863][finetune_logger][INFO] - Train memory reserved: 24.00 MB
2026-06-16 12:57:32 - finetune_logger - INFO - Train memory allocated: 18.10 MB
[2026-06-16 12:57:32,863][finetune_logger][INFO] - Train memory allocated: 18.10 MB
2026-06-16 12:57:32 - finetune_logger - INFO - Current learning rate: 0.00025
[2026-06-16 12:57:32,863][finetune_logger][INFO] - Current learning rate: 0.00025
2026-06-16 12:57:50 - finetune_logger - INFO - Validation metrics: {'MAE': 1.959636131786163, 'RMSE': 3.045419291087552}
[2026-06-16 12:57:50,312][finetune_logger][INFO] - Validation metrics: {'MAE': 1.959636131786163, 'RMSE': 3.045419291087552}
2026-06-16 12:57:50 - finetune_logger - INFO - Val time: 17.45s
[2026-06-16 12:57:50,312][finetune_logger][INFO] - Val time: 17.45s
2026-06-16 12:57:50 - finetune_logger - INFO - Val memory reserved: 24.00 MB
[2026-06-16 12:57:50,312][finetune_logger][INFO] - Val memory reserved: 24.00 MB
2026-06-16 12:57:50 - finetune_logger - INFO - Val memory allocated: 18.10 MB
[2026-06-16 12:57:50,312][finetune_logger][INFO] - Val memory allocated: 18.10 MB
2026-06-16 12:57:50 - finetune_logger - INFO - Logged epoch 15 info to /public/home/202411094934/python_project/Spatio-Temporal-Library/time-series/2026-06-16/itransformer/finetune20/etth1/time-series/seed_2/training_log.json
[2026-06-16 12:57:50,316][finetune_logger][INFO] - Logged epoch 15 info to /public/home/202411094934/python_project/Spatio-Temporal-Library/time-series/2026-06-16/itransformer/finetune20/etth1/time-series/seed_2/training_log.json
2026-06-16 12:58:07 - finetune_logger - INFO - Test metrics: {'MAE': 1.7075306688944494, 'RMSE': 3.2295536691120645}
[2026-06-16 12:58:07,727][finetune_logger][INFO] - Test metrics: {'MAE': 1.7075306688944494, 'RMSE': 3.2295536691120645}
2026-06-16 12:58:07 - finetune_logger - INFO - Test time: 17.41s
[2026-06-16 12:58:07,727][finetune_logger][INFO] - Test time: 17.41s
2026-06-16 12:58:07 - finetune_logger - INFO - Test memory reserved: 24.00 MB
[2026-06-16 12:58:07,727][finetune_logger][INFO] - Test memory reserved: 24.00 MB
2026-06-16 12:58:07 - finetune_logger - INFO - Test memory allocated: 18.10 MB
[2026-06-16 12:58:07,728][finetune_logger][INFO] - Test memory allocated: 18.10 MB
2026-06-16 12:58:07 - finetune_logger - INFO - Epoch 16/20
[2026-06-16 12:58:07,728][finetune_logger][INFO] - Epoch 16/20
2026-06-16 13:00:13 - finetune_logger - INFO - Train loss: 1.1522045603449627
[2026-06-16 13:00:13,915][finetune_logger][INFO] - Train loss: 1.1522045603449627
2026-06-16 13:00:13 - finetune_logger - INFO - Train time: 126.18687319755554s
[2026-06-16 13:00:13,915][finetune_logger][INFO] - Train time: 126.18687319755554s
2026-06-16 13:00:13 - finetune_logger - INFO - Train memory reserved: 24.00 MB
[2026-06-16 13:00:13,915][finetune_logger][INFO] - Train memory reserved: 24.00 MB
2026-06-16 13:00:13 - finetune_logger - INFO - Train memory allocated: 18.10 MB
[2026-06-16 13:00:13,916][finetune_logger][INFO] - Train memory allocated: 18.10 MB
2026-06-16 13:00:13 - finetune_logger - INFO - Current learning rate: 0.00025
[2026-06-16 13:00:13,916][finetune_logger][INFO] - Current learning rate: 0.00025
2026-06-16 13:00:31 - finetune_logger - INFO - Validation metrics: {'MAE': 1.961264958744953, 'RMSE': 3.05700372051058}
[2026-06-16 13:00:31,305][finetune_logger][INFO] - Validation metrics: {'MAE': 1.961264958744953, 'RMSE': 3.05700372051058}
2026-06-16 13:00:31 - finetune_logger - INFO - Val time: 17.39s
[2026-06-16 13:00:31,305][finetune_logger][INFO] - Val time: 17.39s
2026-06-16 13:00:31 - finetune_logger - INFO - Val memory reserved: 24.00 MB
[2026-06-16 13:00:31,306][finetune_logger][INFO] - Val memory reserved: 24.00 MB
2026-06-16 13:00:31 - finetune_logger - INFO - Val memory allocated: 18.10 MB
[2026-06-16 13:00:31,306][finetune_logger][INFO] - Val memory allocated: 18.10 MB
2026-06-16 13:00:31 - finetune_logger - INFO - Logged epoch 16 info to /public/home/202411094934/python_project/Spatio-Temporal-Library/time-series/2026-06-16/itransformer/finetune20/etth1/time-series/seed_2/training_log.json
[2026-06-16 13:00:31,310][finetune_logger][INFO] - Logged epoch 16 info to /public/home/202411094934/python_project/Spatio-Temporal-Library/time-series/2026-06-16/itransformer/finetune20/etth1/time-series/seed_2/training_log.json
2026-06-16 13:00:48 - finetune_logger - INFO - Test metrics: {'MAE': 1.6915831518173203, 'RMSE': 3.1949605747404606}
[2026-06-16 13:00:48,680][finetune_logger][INFO] - Test metrics: {'MAE': 1.6915831518173203, 'RMSE': 3.1949605747404606}
2026-06-16 13:00:48 - finetune_logger - INFO - Test time: 17.37s
[2026-06-16 13:00:48,681][finetune_logger][INFO] - Test time: 17.37s
2026-06-16 13:00:48 - finetune_logger - INFO - Test memory reserved: 24.00 MB
[2026-06-16 13:00:48,681][finetune_logger][INFO] - Test memory reserved: 24.00 MB
2026-06-16 13:00:48 - finetune_logger - INFO - Test memory allocated: 18.10 MB
[2026-06-16 13:00:48,681][finetune_logger][INFO] - Test memory allocated: 18.10 MB
2026-06-16 13:00:48 - finetune_logger - INFO - Epoch 17/20
[2026-06-16 13:00:48,681][finetune_logger][INFO] - Epoch 17/20
2026-06-16 13:02:55 - finetune_logger - INFO - Train loss: 1.1475100211323703
[2026-06-16 13:02:55,357][finetune_logger][INFO] - Train loss: 1.1475100211323703
2026-06-16 13:02:55 - finetune_logger - INFO - Train time: 126.675466299057s
[2026-06-16 13:02:55,357][finetune_logger][INFO] - Train time: 126.675466299057s
2026-06-16 13:02:55 - finetune_logger - INFO - Train memory reserved: 24.00 MB
[2026-06-16 13:02:55,357][finetune_logger][INFO] - Train memory reserved: 24.00 MB
2026-06-16 13:02:55 - finetune_logger - INFO - Train memory allocated: 18.10 MB
[2026-06-16 13:02:55,357][finetune_logger][INFO] - Train memory allocated: 18.10 MB
2026-06-16 13:02:55 - finetune_logger - INFO - Current learning rate: 0.00025
[2026-06-16 13:02:55,358][finetune_logger][INFO] - Current learning rate: 0.00025
2026-06-16 13:03:12 - finetune_logger - INFO - Validation metrics: {'MAE': 1.9641115112077543, 'RMSE': 3.0573228985014427}
[2026-06-16 13:03:12,726][finetune_logger][INFO] - Validation metrics: {'MAE': 1.9641115112077543, 'RMSE': 3.0573228985014427}
2026-06-16 13:03:12 - finetune_logger - INFO - Val time: 17.37s
[2026-06-16 13:03:12,726][finetune_logger][INFO] - Val time: 17.37s
2026-06-16 13:03:12 - finetune_logger - INFO - Val memory reserved: 24.00 MB
[2026-06-16 13:03:12,726][finetune_logger][INFO] - Val memory reserved: 24.00 MB
2026-06-16 13:03:12 - finetune_logger - INFO - Val memory allocated: 18.10 MB
[2026-06-16 13:03:12,726][finetune_logger][INFO] - Val memory allocated: 18.10 MB
2026-06-16 13:03:12 - finetune_logger - INFO - Logged epoch 17 info to /public/home/202411094934/python_project/Spatio-Temporal-Library/time-series/2026-06-16/itransformer/finetune20/etth1/time-series/seed_2/training_log.json
[2026-06-16 13:03:12,730][finetune_logger][INFO] - Logged epoch 17 info to /public/home/202411094934/python_project/Spatio-Temporal-Library/time-series/2026-06-16/itransformer/finetune20/etth1/time-series/seed_2/training_log.json
2026-06-16 13:03:30 - finetune_logger - INFO - Test metrics: {'MAE': 1.69841063692456, 'RMSE': 3.215604897771569}
[2026-06-16 13:03:30,139][finetune_logger][INFO] - Test metrics: {'MAE': 1.69841063692456, 'RMSE': 3.215604897771569}
2026-06-16 13:03:30 - finetune_logger - INFO - Test time: 17.41s
[2026-06-16 13:03:30,139][finetune_logger][INFO] - Test time: 17.41s
2026-06-16 13:03:30 - finetune_logger - INFO - Test memory reserved: 24.00 MB
[2026-06-16 13:03:30,140][finetune_logger][INFO] - Test memory reserved: 24.00 MB
2026-06-16 13:03:30 - finetune_logger - INFO - Test memory allocated: 18.10 MB
[2026-06-16 13:03:30,140][finetune_logger][INFO] - Test memory allocated: 18.10 MB
2026-06-16 13:03:30 - finetune_logger - INFO - Epoch 18/20
[2026-06-16 13:03:30,140][finetune_logger][INFO] - Epoch 18/20
2026-06-16 13:05:36 - finetune_logger - INFO - Train loss: 1.1380625259115595
[2026-06-16 13:05:36,822][finetune_logger][INFO] - Train loss: 1.1380625259115595
2026-06-16 13:05:36 - finetune_logger - INFO - Train time: 126.68171095848083s
[2026-06-16 13:05:36,822][finetune_logger][INFO] - Train time: 126.68171095848083s
2026-06-16 13:05:36 - finetune_logger - INFO - Train memory reserved: 24.00 MB
[2026-06-16 13:05:36,822][finetune_logger][INFO] - Train memory reserved: 24.00 MB
2026-06-16 13:05:36 - finetune_logger - INFO - Train memory allocated: 18.10 MB
[2026-06-16 13:05:36,823][finetune_logger][INFO] - Train memory allocated: 18.10 MB
2026-06-16 13:05:36 - finetune_logger - INFO - Current learning rate: 0.00025
[2026-06-16 13:05:36,823][finetune_logger][INFO] - Current learning rate: 0.00025
2026-06-16 13:05:54 - finetune_logger - INFO - Validation metrics: {'MAE': 1.9680864346822067, 'RMSE': 3.057544623783653}
[2026-06-16 13:05:54,277][finetune_logger][INFO] - Validation metrics: {'MAE': 1.9680864346822067, 'RMSE': 3.057544623783653}
2026-06-16 13:05:54 - finetune_logger - INFO - Val time: 17.45s
[2026-06-16 13:05:54,278][finetune_logger][INFO] - Val time: 17.45s
2026-06-16 13:05:54 - finetune_logger - INFO - Val memory reserved: 24.00 MB
[2026-06-16 13:05:54,278][finetune_logger][INFO] - Val memory reserved: 24.00 MB
2026-06-16 13:05:54 - finetune_logger - INFO - Val memory allocated: 18.10 MB
[2026-06-16 13:05:54,278][finetune_logger][INFO] - Val memory allocated: 18.10 MB
2026-06-16 13:05:54 - finetune_logger - INFO - Logged epoch 18 info to /public/home/202411094934/python_project/Spatio-Temporal-Library/time-series/2026-06-16/itransformer/finetune20/etth1/time-series/seed_2/training_log.json
[2026-06-16 13:05:54,281][finetune_logger][INFO] - Logged epoch 18 info to /public/home/202411094934/python_project/Spatio-Temporal-Library/time-series/2026-06-16/itransformer/finetune20/etth1/time-series/seed_2/training_log.json
2026-06-16 13:06:11 - finetune_logger - INFO - Test metrics: {'MAE': 1.7314115604673155, 'RMSE': 3.2814865159988433}
[2026-06-16 13:06:11,727][finetune_logger][INFO] - Test metrics: {'MAE': 1.7314115604673155, 'RMSE': 3.2814865159988433}
2026-06-16 13:06:11 - finetune_logger - INFO - Test time: 17.45s
[2026-06-16 13:06:11,728][finetune_logger][INFO] - Test time: 17.45s
2026-06-16 13:06:11 - finetune_logger - INFO - Test memory reserved: 24.00 MB
[2026-06-16 13:06:11,728][finetune_logger][INFO] - Test memory reserved: 24.00 MB
2026-06-16 13:06:11 - finetune_logger - INFO - Test memory allocated: 18.10 MB
[2026-06-16 13:06:11,728][finetune_logger][INFO] - Test memory allocated: 18.10 MB
2026-06-16 13:06:11 - finetune_logger - INFO - Epoch 19/20
[2026-06-16 13:06:11,728][finetune_logger][INFO] - Epoch 19/20
2026-06-16 13:08:18 - finetune_logger - INFO - Train loss: 1.1339541967951465
[2026-06-16 13:08:18,247][finetune_logger][INFO] - Train loss: 1.1339541967951465
2026-06-16 13:08:18 - finetune_logger - INFO - Train time: 126.51868605613708s
[2026-06-16 13:08:18,247][finetune_logger][INFO] - Train time: 126.51868605613708s
2026-06-16 13:08:18 - finetune_logger - INFO - Train memory reserved: 24.00 MB
[2026-06-16 13:08:18,248][finetune_logger][INFO] - Train memory reserved: 24.00 MB
2026-06-16 13:08:18 - finetune_logger - INFO - Train memory allocated: 18.10 MB
[2026-06-16 13:08:18,248][finetune_logger][INFO] - Train memory allocated: 18.10 MB
2026-06-16 13:08:18 - finetune_logger - INFO - Current learning rate: 0.00025
[2026-06-16 13:08:18,248][finetune_logger][INFO] - Current learning rate: 0.00025
2026-06-16 13:08:35 - finetune_logger - INFO - Validation metrics: {'MAE': 1.9469728634470942, 'RMSE': 3.028416639509659}
[2026-06-16 13:08:35,635][finetune_logger][INFO] - Validation metrics: {'MAE': 1.9469728634470942, 'RMSE': 3.028416639509659}
2026-06-16 13:08:35 - finetune_logger - INFO - Val time: 17.39s
[2026-06-16 13:08:35,635][finetune_logger][INFO] - Val time: 17.39s
2026-06-16 13:08:35 - finetune_logger - INFO - Val memory reserved: 24.00 MB
[2026-06-16 13:08:35,635][finetune_logger][INFO] - Val memory reserved: 24.00 MB
2026-06-16 13:08:35 - finetune_logger - INFO - Val memory allocated: 18.10 MB
[2026-06-16 13:08:35,635][finetune_logger][INFO] - Val memory allocated: 18.10 MB
2026-06-16 13:08:35 - finetune_logger - INFO - Logged epoch 19 info to /public/home/202411094934/python_project/Spatio-Temporal-Library/time-series/2026-06-16/itransformer/finetune20/etth1/time-series/seed_2/training_log.json
[2026-06-16 13:08:35,639][finetune_logger][INFO] - Logged epoch 19 info to /public/home/202411094934/python_project/Spatio-Temporal-Library/time-series/2026-06-16/itransformer/finetune20/etth1/time-series/seed_2/training_log.json
2026-06-16 13:08:52 - finetune_logger - INFO - Test metrics: {'MAE': 1.6860773859024, 'RMSE': 3.184626710937131}
[2026-06-16 13:08:52,956][finetune_logger][INFO] - Test metrics: {'MAE': 1.6860773859024, 'RMSE': 3.184626710937131}
2026-06-16 13:08:52 - finetune_logger - INFO - Test time: 17.32s
[2026-06-16 13:08:52,956][finetune_logger][INFO] - Test time: 17.32s
2026-06-16 13:08:52 - finetune_logger - INFO - Test memory reserved: 24.00 MB
[2026-06-16 13:08:52,956][finetune_logger][INFO] - Test memory reserved: 24.00 MB
2026-06-16 13:08:52 - finetune_logger - INFO - Test memory allocated: 18.10 MB
[2026-06-16 13:08:52,957][finetune_logger][INFO] - Test memory allocated: 18.10 MB
2026-06-16 13:08:52 - finetune_logger - INFO - Epoch 20/20
[2026-06-16 13:08:52,957][finetune_logger][INFO] - Epoch 20/20
2026-06-16 13:10:59 - finetune_logger - INFO - Train loss: 1.128393207167894
[2026-06-16 13:10:59,760][finetune_logger][INFO] - Train loss: 1.128393207167894
2026-06-16 13:10:59 - finetune_logger - INFO - Train time: 126.8026134967804s
[2026-06-16 13:10:59,760][finetune_logger][INFO] - Train time: 126.8026134967804s
2026-06-16 13:10:59 - finetune_logger - INFO - Train memory reserved: 24.00 MB
[2026-06-16 13:10:59,760][finetune_logger][INFO] - Train memory reserved: 24.00 MB
2026-06-16 13:10:59 - finetune_logger - INFO - Train memory allocated: 18.10 MB
[2026-06-16 13:10:59,760][finetune_logger][INFO] - Train memory allocated: 18.10 MB
2026-06-16 13:10:59 - finetune_logger - INFO - Current learning rate: 0.00025
[2026-06-16 13:10:59,760][finetune_logger][INFO] - Current learning rate: 0.00025
2026-06-16 13:11:17 - finetune_logger - INFO - Validation metrics: {'MAE': 1.9426643321173527, 'RMSE': 3.0270180322102136}
[2026-06-16 13:11:17,099][finetune_logger][INFO] - Validation metrics: {'MAE': 1.9426643321173527, 'RMSE': 3.0270180322102136}
2026-06-16 13:11:17 - finetune_logger - INFO - Val time: 17.34s
[2026-06-16 13:11:17,099][finetune_logger][INFO] - Val time: 17.34s
2026-06-16 13:11:17 - finetune_logger - INFO - Val memory reserved: 24.00 MB
[2026-06-16 13:11:17,099][finetune_logger][INFO] - Val memory reserved: 24.00 MB
2026-06-16 13:11:17 - finetune_logger - INFO - Val memory allocated: 18.10 MB
[2026-06-16 13:11:17,099][finetune_logger][INFO] - Val memory allocated: 18.10 MB
2026-06-16 13:11:17 - finetune_logger - INFO - Logged epoch 20 info to /public/home/202411094934/python_project/Spatio-Temporal-Library/time-series/2026-06-16/itransformer/finetune20/etth1/time-series/seed_2/training_log.json
[2026-06-16 13:11:17,103][finetune_logger][INFO] - Logged epoch 20 info to /public/home/202411094934/python_project/Spatio-Temporal-Library/time-series/2026-06-16/itransformer/finetune20/etth1/time-series/seed_2/training_log.json
2026-06-16 13:11:34 - finetune_logger - INFO - Test metrics: {'MAE': 1.6999346555528214, 'RMSE': 3.2347009271894103}
[2026-06-16 13:11:34,517][finetune_logger][INFO] - Test metrics: {'MAE': 1.6999346555528214, 'RMSE': 3.2347009271894103}
2026-06-16 13:11:34 - finetune_logger - INFO - Test time: 17.39s
[2026-06-16 13:11:34,517][finetune_logger][INFO] - Test time: 17.39s
2026-06-16 13:11:34 - finetune_logger - INFO - Test memory reserved: 24.00 MB
[2026-06-16 13:11:34,517][finetune_logger][INFO] - Test memory reserved: 24.00 MB
2026-06-16 13:11:34 - finetune_logger - INFO - Test memory allocated: 18.10 MB
[2026-06-16 13:11:34,518][finetune_logger][INFO] - Test memory allocated: 18.10 MB
2026-06-16 13:11:34 - finetune_logger - INFO - Training completed. Best epoch: 1, Best val loss: 1.865863
[2026-06-16 13:11:34,518][finetune_logger][INFO] - Training completed. Best epoch: 1, Best val loss: 1.865863
2026-06-16 13:11:34 - finetune_logger - INFO - Loaded checkpoint from epoch 1
[2026-06-16 13:11:34,550][finetune_logger][INFO] - Loaded checkpoint from epoch 1
2026-06-16 13:11:34 - finetune_logger - INFO - Evaluating best model on test sets...
[2026-06-16 13:11:34,550][finetune_logger][INFO] - Evaluating best model on test sets...
2026-06-16 13:11:51 - finetune_logger - INFO - Test metrics: {'MAE': 1.5696369192032598, 'RMSE': 2.9640259206408452}
[2026-06-16 13:11:51,949][finetune_logger][INFO] - Test metrics: {'MAE': 1.5696369192032598, 'RMSE': 2.9640259206408452}
2026-06-16 13:11:51 - finetune_logger - INFO - Test time: 17.40s
[2026-06-16 13:11:51,949][finetune_logger][INFO] - Test time: 17.40s
2026-06-16 13:11:51 - finetune_logger - INFO - Test memory reserved: 26.00 MB
[2026-06-16 13:11:51,949][finetune_logger][INFO] - Test memory reserved: 26.00 MB
2026-06-16 13:11:51 - finetune_logger - INFO - Test memory allocated: 18.14 MB
[2026-06-16 13:11:51,950][finetune_logger][INFO] - Test memory allocated: 18.14 MB
2026-06-16 13:11:51 - finetune_logger - INFO - Logged epoch test info to /public/home/202411094934/python_project/Spatio-Temporal-Library/time-series/2026-06-16/itransformer/finetune20/etth1/time-series/seed_2/training_log.json
[2026-06-16 13:11:51,953][finetune_logger][INFO] - Logged epoch test info to /public/home/202411094934/python_project/Spatio-Temporal-Library/time-series/2026-06-16/itransformer/finetune20/etth1/time-series/seed_2/training_log.json
