2026-06-16 00:42:57 - finetune_logger - INFO - No pretrained checkpoint is provided. Finetuning from scratch.
[2026-06-16 00:42:57,186][finetune_logger][INFO] - No pretrained checkpoint is provided. Finetuning from scratch.
2026-06-16 00:42:57 - finetune_logger - INFO - Model parameters: 158,912
[2026-06-16 00:42:57,189][finetune_logger][INFO] - Model parameters: 158,912
2026-06-16 00:42:57 - finetune_logger - INFO - Created new log file at /public/home/202411094934/python_project/Spatio-Temporal-Library/time-series/2026-06-16/itransformer/finetune20/electricity/time-series/seed_0/training_log.json
[2026-06-16 00:42:57,191][finetune_logger][INFO] - Created new log file at /public/home/202411094934/python_project/Spatio-Temporal-Library/time-series/2026-06-16/itransformer/finetune20/electricity/time-series/seed_0/training_log.json
2026-06-16 00:42:57 - finetune_logger - INFO - Starting training...
[2026-06-16 00:42:57,191][finetune_logger][INFO] - Starting training...
2026-06-16 00:42:57 - finetune_logger - INFO - Epoch 1/20
[2026-06-16 00:42:57,191][finetune_logger][INFO] - Epoch 1/20
2026-06-16 00:48:20 - finetune_logger - INFO - Train loss: 289.37730391831445
[2026-06-16 00:48:20,890][finetune_logger][INFO] - Train loss: 289.37730391831445
2026-06-16 00:48:20 - finetune_logger - INFO - Train time: 323.6980323791504s
[2026-06-16 00:48:20,890][finetune_logger][INFO] - Train time: 323.6980323791504s
2026-06-16 00:48:20 - finetune_logger - INFO - Train memory reserved: 54.00 MB
[2026-06-16 00:48:20,890][finetune_logger][INFO] - Train memory reserved: 54.00 MB
2026-06-16 00:48:20 - finetune_logger - INFO - Train memory allocated: 18.10 MB
[2026-06-16 00:48:20,891][finetune_logger][INFO] - Train memory allocated: 18.10 MB
2026-06-16 00:48:20 - finetune_logger - INFO - Current learning rate: 0.0005
[2026-06-16 00:48:20,891][finetune_logger][INFO] - Current learning rate: 0.0005
2026-06-16 00:48:38 - finetune_logger - INFO - Validation metrics: {'MAE': 204.4962769518399, 'RMSE': 1393.5336577405405}
[2026-06-16 00:48:38,573][finetune_logger][INFO] - Validation metrics: {'MAE': 204.4962769518399, 'RMSE': 1393.5336577405405}
2026-06-16 00:48:38 - finetune_logger - INFO - Val time: 17.68s
[2026-06-16 00:48:38,573][finetune_logger][INFO] - Val time: 17.68s
2026-06-16 00:48:38 - finetune_logger - INFO - Val memory reserved: 54.00 MB
[2026-06-16 00:48:38,573][finetune_logger][INFO] - Val memory reserved: 54.00 MB
2026-06-16 00:48:38 - finetune_logger - INFO - Val memory allocated: 18.10 MB
[2026-06-16 00:48:38,574][finetune_logger][INFO] - Val memory allocated: 18.10 MB
2026-06-16 00:48:38 - finetune_logger - INFO - Logged epoch 1 info to /public/home/202411094934/python_project/Spatio-Temporal-Library/time-series/2026-06-16/itransformer/finetune20/electricity/time-series/seed_0/training_log.json
[2026-06-16 00:48:38,578][finetune_logger][INFO] - Logged epoch 1 info to /public/home/202411094934/python_project/Spatio-Temporal-Library/time-series/2026-06-16/itransformer/finetune20/electricity/time-series/seed_0/training_log.json
2026-06-16 00:48:38 - finetune_logger - INFO - New best model! Val loss: 204.496277
[2026-06-16 00:48:38,578][finetune_logger][INFO] - New best model! Val loss: 204.496277
2026-06-16 00:49:14 - finetune_logger - INFO - Test metrics: {'MAE': 269.25828913373687, 'RMSE': 2300.0451530698815}
[2026-06-16 00:49:14,999][finetune_logger][INFO] - Test metrics: {'MAE': 269.25828913373687, 'RMSE': 2300.0451530698815}
2026-06-16 00:49:14 - finetune_logger - INFO - Test time: 36.38s
[2026-06-16 00:49:14,999][finetune_logger][INFO] - Test time: 36.38s
2026-06-16 00:49:14 - finetune_logger - INFO - Test memory reserved: 54.00 MB
[2026-06-16 00:49:14,999][finetune_logger][INFO] - Test memory reserved: 54.00 MB
2026-06-16 00:49:14 - finetune_logger - INFO - Test memory allocated: 18.10 MB
[2026-06-16 00:49:14,999][finetune_logger][INFO] - Test memory allocated: 18.10 MB
2026-06-16 00:49:14 - finetune_logger - INFO - Epoch 2/20
[2026-06-16 00:49:14,999][finetune_logger][INFO] - Epoch 2/20
2026-06-16 00:54:36 - finetune_logger - INFO - Train loss: 252.31890330372508
[2026-06-16 00:54:36,744][finetune_logger][INFO] - Train loss: 252.31890330372508
2026-06-16 00:54:36 - finetune_logger - INFO - Train time: 321.7438735961914s
[2026-06-16 00:54:36,744][finetune_logger][INFO] - Train time: 321.7438735961914s
2026-06-16 00:54:36 - finetune_logger - INFO - Train memory reserved: 54.00 MB
[2026-06-16 00:54:36,744][finetune_logger][INFO] - Train memory reserved: 54.00 MB
2026-06-16 00:54:36 - finetune_logger - INFO - Train memory allocated: 18.10 MB
[2026-06-16 00:54:36,744][finetune_logger][INFO] - Train memory allocated: 18.10 MB
2026-06-16 00:54:36 - finetune_logger - INFO - Current learning rate: 0.0005
[2026-06-16 00:54:36,744][finetune_logger][INFO] - Current learning rate: 0.0005
2026-06-16 00:54:54 - finetune_logger - INFO - Validation metrics: {'MAE': 196.80949473170188, 'RMSE': 1357.4429085115119}
[2026-06-16 00:54:54,488][finetune_logger][INFO] - Validation metrics: {'MAE': 196.80949473170188, 'RMSE': 1357.4429085115119}
2026-06-16 00:54:54 - finetune_logger - INFO - Val time: 17.74s
[2026-06-16 00:54:54,488][finetune_logger][INFO] - Val time: 17.74s
2026-06-16 00:54:54 - finetune_logger - INFO - Val memory reserved: 54.00 MB
[2026-06-16 00:54:54,488][finetune_logger][INFO] - Val memory reserved: 54.00 MB
2026-06-16 00:54:54 - finetune_logger - INFO - Val memory allocated: 18.10 MB
[2026-06-16 00:54:54,488][finetune_logger][INFO] - Val memory allocated: 18.10 MB
2026-06-16 00:54:54 - finetune_logger - INFO - Logged epoch 2 info to /public/home/202411094934/python_project/Spatio-Temporal-Library/time-series/2026-06-16/itransformer/finetune20/electricity/time-series/seed_0/training_log.json
[2026-06-16 00:54:54,491][finetune_logger][INFO] - Logged epoch 2 info to /public/home/202411094934/python_project/Spatio-Temporal-Library/time-series/2026-06-16/itransformer/finetune20/electricity/time-series/seed_0/training_log.json
2026-06-16 00:54:54 - finetune_logger - INFO - New best model! Val loss: 196.809495
[2026-06-16 00:54:54,491][finetune_logger][INFO] - New best model! Val loss: 196.809495
2026-06-16 00:55:30 - finetune_logger - INFO - Test metrics: {'MAE': 256.3869570363947, 'RMSE': 2200.5637146446925}
[2026-06-16 00:55:30,913][finetune_logger][INFO] - Test metrics: {'MAE': 256.3869570363947, 'RMSE': 2200.5637146446925}
2026-06-16 00:55:30 - finetune_logger - INFO - Test time: 36.38s
[2026-06-16 00:55:30,913][finetune_logger][INFO] - Test time: 36.38s
2026-06-16 00:55:30 - finetune_logger - INFO - Test memory reserved: 54.00 MB
[2026-06-16 00:55:30,914][finetune_logger][INFO] - Test memory reserved: 54.00 MB
2026-06-16 00:55:30 - finetune_logger - INFO - Test memory allocated: 18.10 MB
[2026-06-16 00:55:30,914][finetune_logger][INFO] - Test memory allocated: 18.10 MB
2026-06-16 00:55:30 - finetune_logger - INFO - Epoch 3/20
[2026-06-16 00:55:30,914][finetune_logger][INFO] - Epoch 3/20
2026-06-16 01:00:52 - finetune_logger - INFO - Train loss: 243.1900375625882
[2026-06-16 01:00:52,751][finetune_logger][INFO] - Train loss: 243.1900375625882
2026-06-16 01:00:52 - finetune_logger - INFO - Train time: 321.83651852607727s
[2026-06-16 01:00:52,751][finetune_logger][INFO] - Train time: 321.83651852607727s
2026-06-16 01:00:52 - finetune_logger - INFO - Train memory reserved: 54.00 MB
[2026-06-16 01:00:52,751][finetune_logger][INFO] - Train memory reserved: 54.00 MB
2026-06-16 01:00:52 - finetune_logger - INFO - Train memory allocated: 18.10 MB
[2026-06-16 01:00:52,751][finetune_logger][INFO] - Train memory allocated: 18.10 MB
2026-06-16 01:00:52 - finetune_logger - INFO - Current learning rate: 0.0005
[2026-06-16 01:00:52,751][finetune_logger][INFO] - Current learning rate: 0.0005
2026-06-16 01:01:10 - finetune_logger - INFO - Validation metrics: {'MAE': 193.57349722450633, 'RMSE': 1344.8946240748332}
[2026-06-16 01:01:10,384][finetune_logger][INFO] - Validation metrics: {'MAE': 193.57349722450633, 'RMSE': 1344.8946240748332}
2026-06-16 01:01:10 - finetune_logger - INFO - Val time: 17.63s
[2026-06-16 01:01:10,384][finetune_logger][INFO] - Val time: 17.63s
2026-06-16 01:01:10 - finetune_logger - INFO - Val memory reserved: 54.00 MB
[2026-06-16 01:01:10,384][finetune_logger][INFO] - Val memory reserved: 54.00 MB
2026-06-16 01:01:10 - finetune_logger - INFO - Val memory allocated: 18.10 MB
[2026-06-16 01:01:10,384][finetune_logger][INFO] - Val memory allocated: 18.10 MB
2026-06-16 01:01:10 - finetune_logger - INFO - Logged epoch 3 info to /public/home/202411094934/python_project/Spatio-Temporal-Library/time-series/2026-06-16/itransformer/finetune20/electricity/time-series/seed_0/training_log.json
[2026-06-16 01:01:10,387][finetune_logger][INFO] - Logged epoch 3 info to /public/home/202411094934/python_project/Spatio-Temporal-Library/time-series/2026-06-16/itransformer/finetune20/electricity/time-series/seed_0/training_log.json
2026-06-16 01:01:10 - finetune_logger - INFO - New best model! Val loss: 193.573497
[2026-06-16 01:01:10,387][finetune_logger][INFO] - New best model! Val loss: 193.573497
2026-06-16 01:01:46 - finetune_logger - INFO - Test metrics: {'MAE': 250.91682512097603, 'RMSE': 2163.0330091338824}
[2026-06-16 01:01:46,925][finetune_logger][INFO] - Test metrics: {'MAE': 250.91682512097603, 'RMSE': 2163.0330091338824}
2026-06-16 01:01:46 - finetune_logger - INFO - Test time: 36.49s
[2026-06-16 01:01:46,925][finetune_logger][INFO] - Test time: 36.49s
2026-06-16 01:01:46 - finetune_logger - INFO - Test memory reserved: 54.00 MB
[2026-06-16 01:01:46,925][finetune_logger][INFO] - Test memory reserved: 54.00 MB
2026-06-16 01:01:46 - finetune_logger - INFO - Test memory allocated: 18.10 MB
[2026-06-16 01:01:46,925][finetune_logger][INFO] - Test memory allocated: 18.10 MB
2026-06-16 01:01:46 - finetune_logger - INFO - Epoch 4/20
[2026-06-16 01:01:46,926][finetune_logger][INFO] - Epoch 4/20
2026-06-16 01:07:08 - finetune_logger - INFO - Train loss: 238.66172175536636
[2026-06-16 01:07:08,509][finetune_logger][INFO] - Train loss: 238.66172175536636
2026-06-16 01:07:08 - finetune_logger - INFO - Train time: 321.58288741111755s
[2026-06-16 01:07:08,509][finetune_logger][INFO] - Train time: 321.58288741111755s
2026-06-16 01:07:08 - finetune_logger - INFO - Train memory reserved: 54.00 MB
[2026-06-16 01:07:08,509][finetune_logger][INFO] - Train memory reserved: 54.00 MB
2026-06-16 01:07:08 - finetune_logger - INFO - Train memory allocated: 18.10 MB
[2026-06-16 01:07:08,509][finetune_logger][INFO] - Train memory allocated: 18.10 MB
2026-06-16 01:07:08 - finetune_logger - INFO - Current learning rate: 0.0005
[2026-06-16 01:07:08,510][finetune_logger][INFO] - Current learning rate: 0.0005
2026-06-16 01:07:26 - finetune_logger - INFO - Validation metrics: {'MAE': 189.79716147011197, 'RMSE': 1324.8391098632803}
[2026-06-16 01:07:26,201][finetune_logger][INFO] - Validation metrics: {'MAE': 189.79716147011197, 'RMSE': 1324.8391098632803}
2026-06-16 01:07:26 - finetune_logger - INFO - Val time: 17.69s
[2026-06-16 01:07:26,201][finetune_logger][INFO] - Val time: 17.69s
2026-06-16 01:07:26 - finetune_logger - INFO - Val memory reserved: 54.00 MB
[2026-06-16 01:07:26,201][finetune_logger][INFO] - Val memory reserved: 54.00 MB
2026-06-16 01:07:26 - finetune_logger - INFO - Val memory allocated: 18.10 MB
[2026-06-16 01:07:26,201][finetune_logger][INFO] - Val memory allocated: 18.10 MB
2026-06-16 01:07:26 - finetune_logger - INFO - Logged epoch 4 info to /public/home/202411094934/python_project/Spatio-Temporal-Library/time-series/2026-06-16/itransformer/finetune20/electricity/time-series/seed_0/training_log.json
[2026-06-16 01:07:26,204][finetune_logger][INFO] - Logged epoch 4 info to /public/home/202411094934/python_project/Spatio-Temporal-Library/time-series/2026-06-16/itransformer/finetune20/electricity/time-series/seed_0/training_log.json
2026-06-16 01:07:26 - finetune_logger - INFO - New best model! Val loss: 189.797161
[2026-06-16 01:07:26,204][finetune_logger][INFO] - New best model! Val loss: 189.797161
2026-06-16 01:08:02 - finetune_logger - INFO - Test metrics: {'MAE': 249.31211886549679, 'RMSE': 2145.6154642167858}
[2026-06-16 01:08:02,754][finetune_logger][INFO] - Test metrics: {'MAE': 249.31211886549679, 'RMSE': 2145.6154642167858}
2026-06-16 01:08:02 - finetune_logger - INFO - Test time: 36.51s
[2026-06-16 01:08:02,754][finetune_logger][INFO] - Test time: 36.51s
2026-06-16 01:08:02 - finetune_logger - INFO - Test memory reserved: 54.00 MB
[2026-06-16 01:08:02,754][finetune_logger][INFO] - Test memory reserved: 54.00 MB
2026-06-16 01:08:02 - finetune_logger - INFO - Test memory allocated: 18.10 MB
[2026-06-16 01:08:02,754][finetune_logger][INFO] - Test memory allocated: 18.10 MB
2026-06-16 01:08:02 - finetune_logger - INFO - Epoch 5/20
[2026-06-16 01:08:02,754][finetune_logger][INFO] - Epoch 5/20
2026-06-16 01:13:24 - finetune_logger - INFO - Train loss: 234.29137287411874
[2026-06-16 01:13:24,792][finetune_logger][INFO] - Train loss: 234.29137287411874
2026-06-16 01:13:24 - finetune_logger - INFO - Train time: 322.036865234375s
[2026-06-16 01:13:24,792][finetune_logger][INFO] - Train time: 322.036865234375s
2026-06-16 01:13:24 - finetune_logger - INFO - Train memory reserved: 54.00 MB
[2026-06-16 01:13:24,792][finetune_logger][INFO] - Train memory reserved: 54.00 MB
2026-06-16 01:13:24 - finetune_logger - INFO - Train memory allocated: 18.10 MB
[2026-06-16 01:13:24,792][finetune_logger][INFO] - Train memory allocated: 18.10 MB
2026-06-16 01:13:24 - finetune_logger - INFO - Current learning rate: 0.0005
[2026-06-16 01:13:24,792][finetune_logger][INFO] - Current learning rate: 0.0005
2026-06-16 01:13:42 - finetune_logger - INFO - Validation metrics: {'MAE': 182.520812191612, 'RMSE': 1275.948437217309}
[2026-06-16 01:13:42,514][finetune_logger][INFO] - Validation metrics: {'MAE': 182.520812191612, 'RMSE': 1275.948437217309}
2026-06-16 01:13:42 - finetune_logger - INFO - Val time: 17.72s
[2026-06-16 01:13:42,515][finetune_logger][INFO] - Val time: 17.72s
2026-06-16 01:13:42 - finetune_logger - INFO - Val memory reserved: 54.00 MB
[2026-06-16 01:13:42,515][finetune_logger][INFO] - Val memory reserved: 54.00 MB
2026-06-16 01:13:42 - finetune_logger - INFO - Val memory allocated: 18.10 MB
[2026-06-16 01:13:42,515][finetune_logger][INFO] - Val memory allocated: 18.10 MB
2026-06-16 01:13:42 - finetune_logger - INFO - Logged epoch 5 info to /public/home/202411094934/python_project/Spatio-Temporal-Library/time-series/2026-06-16/itransformer/finetune20/electricity/time-series/seed_0/training_log.json
[2026-06-16 01:13:42,518][finetune_logger][INFO] - Logged epoch 5 info to /public/home/202411094934/python_project/Spatio-Temporal-Library/time-series/2026-06-16/itransformer/finetune20/electricity/time-series/seed_0/training_log.json
2026-06-16 01:13:42 - finetune_logger - INFO - New best model! Val loss: 182.520812
[2026-06-16 01:13:42,518][finetune_logger][INFO] - New best model! Val loss: 182.520812
2026-06-16 01:14:18 - finetune_logger - INFO - Test metrics: {'MAE': 241.35087355973076, 'RMSE': 2103.1122288537094}
[2026-06-16 01:14:18,893][finetune_logger][INFO] - Test metrics: {'MAE': 241.35087355973076, 'RMSE': 2103.1122288537094}
2026-06-16 01:14:18 - finetune_logger - INFO - Test time: 36.33s
[2026-06-16 01:14:18,893][finetune_logger][INFO] - Test time: 36.33s
2026-06-16 01:14:18 - finetune_logger - INFO - Test memory reserved: 54.00 MB
[2026-06-16 01:14:18,893][finetune_logger][INFO] - Test memory reserved: 54.00 MB
2026-06-16 01:14:18 - finetune_logger - INFO - Test memory allocated: 18.10 MB
[2026-06-16 01:14:18,893][finetune_logger][INFO] - Test memory allocated: 18.10 MB
2026-06-16 01:14:18 - finetune_logger - INFO - Epoch 6/20
[2026-06-16 01:14:18,893][finetune_logger][INFO] - Epoch 6/20
2026-06-16 01:19:40 - finetune_logger - INFO - Train loss: 231.10722176106927
[2026-06-16 01:19:40,277][finetune_logger][INFO] - Train loss: 231.10722176106927
2026-06-16 01:19:40 - finetune_logger - INFO - Train time: 321.38290905952454s
[2026-06-16 01:19:40,277][finetune_logger][INFO] - Train time: 321.38290905952454s
2026-06-16 01:19:40 - finetune_logger - INFO - Train memory reserved: 54.00 MB
[2026-06-16 01:19:40,277][finetune_logger][INFO] - Train memory reserved: 54.00 MB
2026-06-16 01:19:40 - finetune_logger - INFO - Train memory allocated: 18.10 MB
[2026-06-16 01:19:40,277][finetune_logger][INFO] - Train memory allocated: 18.10 MB
2026-06-16 01:19:40 - finetune_logger - INFO - Current learning rate: 0.0005
[2026-06-16 01:19:40,277][finetune_logger][INFO] - Current learning rate: 0.0005
2026-06-16 01:19:57 - finetune_logger - INFO - Validation metrics: {'MAE': 180.2508472932513, 'RMSE': 1271.0144214895151}
[2026-06-16 01:19:57,948][finetune_logger][INFO] - Validation metrics: {'MAE': 180.2508472932513, 'RMSE': 1271.0144214895151}
2026-06-16 01:19:57 - finetune_logger - INFO - Val time: 17.67s
[2026-06-16 01:19:57,949][finetune_logger][INFO] - Val time: 17.67s
2026-06-16 01:19:57 - finetune_logger - INFO - Val memory reserved: 54.00 MB
[2026-06-16 01:19:57,949][finetune_logger][INFO] - Val memory reserved: 54.00 MB
2026-06-16 01:19:57 - finetune_logger - INFO - Val memory allocated: 18.10 MB
[2026-06-16 01:19:57,949][finetune_logger][INFO] - Val memory allocated: 18.10 MB
2026-06-16 01:19:57 - finetune_logger - INFO - Logged epoch 6 info to /public/home/202411094934/python_project/Spatio-Temporal-Library/time-series/2026-06-16/itransformer/finetune20/electricity/time-series/seed_0/training_log.json
[2026-06-16 01:19:57,952][finetune_logger][INFO] - Logged epoch 6 info to /public/home/202411094934/python_project/Spatio-Temporal-Library/time-series/2026-06-16/itransformer/finetune20/electricity/time-series/seed_0/training_log.json
2026-06-16 01:19:57 - finetune_logger - INFO - New best model! Val loss: 180.250847
[2026-06-16 01:19:57,952][finetune_logger][INFO] - New best model! Val loss: 180.250847
2026-06-16 01:20:34 - finetune_logger - INFO - Test metrics: {'MAE': 238.13172936672814, 'RMSE': 2077.779133151563}
[2026-06-16 01:20:34,385][finetune_logger][INFO] - Test metrics: {'MAE': 238.13172936672814, 'RMSE': 2077.779133151563}
2026-06-16 01:20:34 - finetune_logger - INFO - Test time: 36.39s
[2026-06-16 01:20:34,386][finetune_logger][INFO] - Test time: 36.39s
2026-06-16 01:20:34 - finetune_logger - INFO - Test memory reserved: 54.00 MB
[2026-06-16 01:20:34,386][finetune_logger][INFO] - Test memory reserved: 54.00 MB
2026-06-16 01:20:34 - finetune_logger - INFO - Test memory allocated: 18.10 MB
[2026-06-16 01:20:34,386][finetune_logger][INFO] - Test memory allocated: 18.10 MB
2026-06-16 01:20:34 - finetune_logger - INFO - Epoch 7/20
[2026-06-16 01:20:34,386][finetune_logger][INFO] - Epoch 7/20
2026-06-16 01:25:55 - finetune_logger - INFO - Train loss: 228.53120465894867
[2026-06-16 01:25:55,306][finetune_logger][INFO] - Train loss: 228.53120465894867
2026-06-16 01:25:55 - finetune_logger - INFO - Train time: 320.91932678222656s
[2026-06-16 01:25:55,306][finetune_logger][INFO] - Train time: 320.91932678222656s
2026-06-16 01:25:55 - finetune_logger - INFO - Train memory reserved: 54.00 MB
[2026-06-16 01:25:55,306][finetune_logger][INFO] - Train memory reserved: 54.00 MB
2026-06-16 01:25:55 - finetune_logger - INFO - Train memory allocated: 18.10 MB
[2026-06-16 01:25:55,306][finetune_logger][INFO] - Train memory allocated: 18.10 MB
2026-06-16 01:25:55 - finetune_logger - INFO - Current learning rate: 0.0005
[2026-06-16 01:25:55,307][finetune_logger][INFO] - Current learning rate: 0.0005
2026-06-16 01:26:12 - finetune_logger - INFO - Validation metrics: {'MAE': 178.02996255332508, 'RMSE': 1259.026747918379}
[2026-06-16 01:26:12,985][finetune_logger][INFO] - Validation metrics: {'MAE': 178.02996255332508, 'RMSE': 1259.026747918379}
2026-06-16 01:26:12 - finetune_logger - INFO - Val time: 17.68s
[2026-06-16 01:26:12,986][finetune_logger][INFO] - Val time: 17.68s
2026-06-16 01:26:12 - finetune_logger - INFO - Val memory reserved: 54.00 MB
[2026-06-16 01:26:12,986][finetune_logger][INFO] - Val memory reserved: 54.00 MB
2026-06-16 01:26:12 - finetune_logger - INFO - Val memory allocated: 18.10 MB
[2026-06-16 01:26:12,986][finetune_logger][INFO] - Val memory allocated: 18.10 MB
2026-06-16 01:26:12 - finetune_logger - INFO - Logged epoch 7 info to /public/home/202411094934/python_project/Spatio-Temporal-Library/time-series/2026-06-16/itransformer/finetune20/electricity/time-series/seed_0/training_log.json
[2026-06-16 01:26:12,989][finetune_logger][INFO] - Logged epoch 7 info to /public/home/202411094934/python_project/Spatio-Temporal-Library/time-series/2026-06-16/itransformer/finetune20/electricity/time-series/seed_0/training_log.json
2026-06-16 01:26:12 - finetune_logger - INFO - New best model! Val loss: 178.029963
[2026-06-16 01:26:12,989][finetune_logger][INFO] - New best model! Val loss: 178.029963
2026-06-16 01:26:49 - finetune_logger - INFO - Test metrics: {'MAE': 234.32236387002433, 'RMSE': 2052.2929639349513}
[2026-06-16 01:26:49,396][finetune_logger][INFO] - Test metrics: {'MAE': 234.32236387002433, 'RMSE': 2052.2929639349513}
2026-06-16 01:26:49 - finetune_logger - INFO - Test time: 36.36s
[2026-06-16 01:26:49,396][finetune_logger][INFO] - Test time: 36.36s
2026-06-16 01:26:49 - finetune_logger - INFO - Test memory reserved: 54.00 MB
[2026-06-16 01:26:49,396][finetune_logger][INFO] - Test memory reserved: 54.00 MB
2026-06-16 01:26:49 - finetune_logger - INFO - Test memory allocated: 18.10 MB
[2026-06-16 01:26:49,396][finetune_logger][INFO] - Test memory allocated: 18.10 MB
2026-06-16 01:26:49 - finetune_logger - INFO - Epoch 8/20
[2026-06-16 01:26:49,396][finetune_logger][INFO] - Epoch 8/20
2026-06-16 01:32:10 - finetune_logger - INFO - Train loss: 226.08319115495487
[2026-06-16 01:32:10,271][finetune_logger][INFO] - Train loss: 226.08319115495487
2026-06-16 01:32:10 - finetune_logger - INFO - Train time: 320.87467074394226s
[2026-06-16 01:32:10,272][finetune_logger][INFO] - Train time: 320.87467074394226s
2026-06-16 01:32:10 - finetune_logger - INFO - Train memory reserved: 54.00 MB
[2026-06-16 01:32:10,272][finetune_logger][INFO] - Train memory reserved: 54.00 MB
2026-06-16 01:32:10 - finetune_logger - INFO - Train memory allocated: 18.10 MB
[2026-06-16 01:32:10,272][finetune_logger][INFO] - Train memory allocated: 18.10 MB
2026-06-16 01:32:10 - finetune_logger - INFO - Current learning rate: 0.0005
[2026-06-16 01:32:10,272][finetune_logger][INFO] - Current learning rate: 0.0005
2026-06-16 01:32:27 - finetune_logger - INFO - Validation metrics: {'MAE': 176.58487570351056, 'RMSE': 1257.068709331314}
[2026-06-16 01:32:27,986][finetune_logger][INFO] - Validation metrics: {'MAE': 176.58487570351056, 'RMSE': 1257.068709331314}
2026-06-16 01:32:27 - finetune_logger - INFO - Val time: 17.71s
[2026-06-16 01:32:27,986][finetune_logger][INFO] - Val time: 17.71s
2026-06-16 01:32:27 - finetune_logger - INFO - Val memory reserved: 54.00 MB
[2026-06-16 01:32:27,987][finetune_logger][INFO] - Val memory reserved: 54.00 MB
2026-06-16 01:32:27 - finetune_logger - INFO - Val memory allocated: 18.10 MB
[2026-06-16 01:32:27,987][finetune_logger][INFO] - Val memory allocated: 18.10 MB
2026-06-16 01:32:27 - finetune_logger - INFO - Logged epoch 8 info to /public/home/202411094934/python_project/Spatio-Temporal-Library/time-series/2026-06-16/itransformer/finetune20/electricity/time-series/seed_0/training_log.json
[2026-06-16 01:32:27,990][finetune_logger][INFO] - Logged epoch 8 info to /public/home/202411094934/python_project/Spatio-Temporal-Library/time-series/2026-06-16/itransformer/finetune20/electricity/time-series/seed_0/training_log.json
2026-06-16 01:32:27 - finetune_logger - INFO - New best model! Val loss: 176.584876
[2026-06-16 01:32:27,990][finetune_logger][INFO] - New best model! Val loss: 176.584876
2026-06-16 01:33:04 - finetune_logger - INFO - Test metrics: {'MAE': 232.58166088837854, 'RMSE': 2045.1755959259413}
[2026-06-16 01:33:04,411][finetune_logger][INFO] - Test metrics: {'MAE': 232.58166088837854, 'RMSE': 2045.1755959259413}
2026-06-16 01:33:04 - finetune_logger - INFO - Test time: 36.38s
[2026-06-16 01:33:04,412][finetune_logger][INFO] - Test time: 36.38s
2026-06-16 01:33:04 - finetune_logger - INFO - Test memory reserved: 54.00 MB
[2026-06-16 01:33:04,412][finetune_logger][INFO] - Test memory reserved: 54.00 MB
2026-06-16 01:33:04 - finetune_logger - INFO - Test memory allocated: 18.10 MB
[2026-06-16 01:33:04,412][finetune_logger][INFO] - Test memory allocated: 18.10 MB
2026-06-16 01:33:04 - finetune_logger - INFO - Epoch 9/20
[2026-06-16 01:33:04,412][finetune_logger][INFO] - Epoch 9/20
2026-06-16 01:38:26 - finetune_logger - INFO - Train loss: 224.3040784854824
[2026-06-16 01:38:26,011][finetune_logger][INFO] - Train loss: 224.3040784854824
2026-06-16 01:38:26 - finetune_logger - INFO - Train time: 321.59844851493835s
[2026-06-16 01:38:26,011][finetune_logger][INFO] - Train time: 321.59844851493835s
2026-06-16 01:38:26 - finetune_logger - INFO - Train memory reserved: 54.00 MB
[2026-06-16 01:38:26,011][finetune_logger][INFO] - Train memory reserved: 54.00 MB
2026-06-16 01:38:26 - finetune_logger - INFO - Train memory allocated: 18.10 MB
[2026-06-16 01:38:26,012][finetune_logger][INFO] - Train memory allocated: 18.10 MB
2026-06-16 01:38:26 - finetune_logger - INFO - Current learning rate: 0.0005
[2026-06-16 01:38:26,012][finetune_logger][INFO] - Current learning rate: 0.0005
2026-06-16 01:38:43 - finetune_logger - INFO - Validation metrics: {'MAE': 179.47613302451668, 'RMSE': 1280.894118266862}
[2026-06-16 01:38:43,678][finetune_logger][INFO] - Validation metrics: {'MAE': 179.47613302451668, 'RMSE': 1280.894118266862}
2026-06-16 01:38:43 - finetune_logger - INFO - Val time: 17.67s
[2026-06-16 01:38:43,678][finetune_logger][INFO] - Val time: 17.67s
2026-06-16 01:38:43 - finetune_logger - INFO - Val memory reserved: 54.00 MB
[2026-06-16 01:38:43,678][finetune_logger][INFO] - Val memory reserved: 54.00 MB
2026-06-16 01:38:43 - finetune_logger - INFO - Val memory allocated: 18.10 MB
[2026-06-16 01:38:43,678][finetune_logger][INFO] - Val memory allocated: 18.10 MB
2026-06-16 01:38:43 - finetune_logger - INFO - Logged epoch 9 info to /public/home/202411094934/python_project/Spatio-Temporal-Library/time-series/2026-06-16/itransformer/finetune20/electricity/time-series/seed_0/training_log.json
[2026-06-16 01:38:43,681][finetune_logger][INFO] - Logged epoch 9 info to /public/home/202411094934/python_project/Spatio-Temporal-Library/time-series/2026-06-16/itransformer/finetune20/electricity/time-series/seed_0/training_log.json
2026-06-16 01:39:21 - finetune_logger - INFO - Test metrics: {'MAE': 235.8436115158986, 'RMSE': 2086.157045907195}
[2026-06-16 01:39:21,247][finetune_logger][INFO] - Test metrics: {'MAE': 235.8436115158986, 'RMSE': 2086.157045907195}
2026-06-16 01:39:21 - finetune_logger - INFO - Test time: 37.57s
[2026-06-16 01:39:21,247][finetune_logger][INFO] - Test time: 37.57s
2026-06-16 01:39:21 - finetune_logger - INFO - Test memory reserved: 54.00 MB
[2026-06-16 01:39:21,247][finetune_logger][INFO] - Test memory reserved: 54.00 MB
2026-06-16 01:39:21 - finetune_logger - INFO - Test memory allocated: 18.10 MB
[2026-06-16 01:39:21,247][finetune_logger][INFO] - Test memory allocated: 18.10 MB
2026-06-16 01:39:21 - finetune_logger - INFO - Epoch 10/20
[2026-06-16 01:39:21,247][finetune_logger][INFO] - Epoch 10/20
2026-06-16 01:44:42 - finetune_logger - INFO - Train loss: 222.53517605440575
[2026-06-16 01:44:42,818][finetune_logger][INFO] - Train loss: 222.53517605440575
2026-06-16 01:44:42 - finetune_logger - INFO - Train time: 321.56984663009644s
[2026-06-16 01:44:42,818][finetune_logger][INFO] - Train time: 321.56984663009644s
2026-06-16 01:44:42 - finetune_logger - INFO - Train memory reserved: 54.00 MB
[2026-06-16 01:44:42,818][finetune_logger][INFO] - Train memory reserved: 54.00 MB
2026-06-16 01:44:42 - finetune_logger - INFO - Train memory allocated: 18.10 MB
[2026-06-16 01:44:42,818][finetune_logger][INFO] - Train memory allocated: 18.10 MB
2026-06-16 01:44:42 - finetune_logger - INFO - Current learning rate: 0.0005
[2026-06-16 01:44:42,818][finetune_logger][INFO] - Current learning rate: 0.0005
2026-06-16 01:45:01 - finetune_logger - INFO - Validation metrics: {'MAE': 174.43763703035114, 'RMSE': 1234.5126503006768}
[2026-06-16 01:45:01,699][finetune_logger][INFO] - Validation metrics: {'MAE': 174.43763703035114, 'RMSE': 1234.5126503006768}
2026-06-16 01:45:01 - finetune_logger - INFO - Val time: 18.88s
[2026-06-16 01:45:01,699][finetune_logger][INFO] - Val time: 18.88s
2026-06-16 01:45:01 - finetune_logger - INFO - Val memory reserved: 54.00 MB
[2026-06-16 01:45:01,699][finetune_logger][INFO] - Val memory reserved: 54.00 MB
2026-06-16 01:45:01 - finetune_logger - INFO - Val memory allocated: 18.10 MB
[2026-06-16 01:45:01,699][finetune_logger][INFO] - Val memory allocated: 18.10 MB
2026-06-16 01:45:01 - finetune_logger - INFO - Logged epoch 10 info to /public/home/202411094934/python_project/Spatio-Temporal-Library/time-series/2026-06-16/itransformer/finetune20/electricity/time-series/seed_0/training_log.json
[2026-06-16 01:45:01,702][finetune_logger][INFO] - Logged epoch 10 info to /public/home/202411094934/python_project/Spatio-Temporal-Library/time-series/2026-06-16/itransformer/finetune20/electricity/time-series/seed_0/training_log.json
2026-06-16 01:45:01 - finetune_logger - INFO - New best model! Val loss: 174.437637
[2026-06-16 01:45:01,702][finetune_logger][INFO] - New best model! Val loss: 174.437637
2026-06-16 01:45:38 - finetune_logger - INFO - Test metrics: {'MAE': 232.34356963422505, 'RMSE': 2032.1496760979867}
[2026-06-16 01:45:38,184][finetune_logger][INFO] - Test metrics: {'MAE': 232.34356963422505, 'RMSE': 2032.1496760979867}
2026-06-16 01:45:38 - finetune_logger - INFO - Test time: 36.44s
[2026-06-16 01:45:38,184][finetune_logger][INFO] - Test time: 36.44s
2026-06-16 01:45:38 - finetune_logger - INFO - Test memory reserved: 54.00 MB
[2026-06-16 01:45:38,184][finetune_logger][INFO] - Test memory reserved: 54.00 MB
2026-06-16 01:45:38 - finetune_logger - INFO - Test memory allocated: 18.10 MB
[2026-06-16 01:45:38,185][finetune_logger][INFO] - Test memory allocated: 18.10 MB
2026-06-16 01:45:38 - finetune_logger - INFO - Epoch 11/20
[2026-06-16 01:45:38,185][finetune_logger][INFO] - Epoch 11/20
2026-06-16 01:50:59 - finetune_logger - INFO - Train loss: 217.38958517575412
[2026-06-16 01:50:59,356][finetune_logger][INFO] - Train loss: 217.38958517575412
2026-06-16 01:50:59 - finetune_logger - INFO - Train time: 321.17109870910645s
[2026-06-16 01:50:59,357][finetune_logger][INFO] - Train time: 321.17109870910645s
2026-06-16 01:50:59 - finetune_logger - INFO - Train memory reserved: 54.00 MB
[2026-06-16 01:50:59,357][finetune_logger][INFO] - Train memory reserved: 54.00 MB
2026-06-16 01:50:59 - finetune_logger - INFO - Train memory allocated: 18.10 MB
[2026-06-16 01:50:59,357][finetune_logger][INFO] - Train memory allocated: 18.10 MB
2026-06-16 01:50:59 - finetune_logger - INFO - Current learning rate: 0.00025
[2026-06-16 01:50:59,357][finetune_logger][INFO] - Current learning rate: 0.00025
2026-06-16 01:51:17 - finetune_logger - INFO - Validation metrics: {'MAE': 173.28698992277432, 'RMSE': 1224.1003128083871}
[2026-06-16 01:51:17,033][finetune_logger][INFO] - Validation metrics: {'MAE': 173.28698992277432, 'RMSE': 1224.1003128083871}
2026-06-16 01:51:17 - finetune_logger - INFO - Val time: 17.68s
[2026-06-16 01:51:17,033][finetune_logger][INFO] - Val time: 17.68s
2026-06-16 01:51:17 - finetune_logger - INFO - Val memory reserved: 54.00 MB
[2026-06-16 01:51:17,033][finetune_logger][INFO] - Val memory reserved: 54.00 MB
2026-06-16 01:51:17 - finetune_logger - INFO - Val memory allocated: 18.10 MB
[2026-06-16 01:51:17,033][finetune_logger][INFO] - Val memory allocated: 18.10 MB
2026-06-16 01:51:17 - finetune_logger - INFO - Logged epoch 11 info to /public/home/202411094934/python_project/Spatio-Temporal-Library/time-series/2026-06-16/itransformer/finetune20/electricity/time-series/seed_0/training_log.json
[2026-06-16 01:51:17,037][finetune_logger][INFO] - Logged epoch 11 info to /public/home/202411094934/python_project/Spatio-Temporal-Library/time-series/2026-06-16/itransformer/finetune20/electricity/time-series/seed_0/training_log.json
2026-06-16 01:51:17 - finetune_logger - INFO - New best model! Val loss: 173.286990
[2026-06-16 01:51:17,037][finetune_logger][INFO] - New best model! Val loss: 173.286990
2026-06-16 01:51:53 - finetune_logger - INFO - Test metrics: {'MAE': 230.17448696519537, 'RMSE': 2025.279906556098}
[2026-06-16 01:51:53,491][finetune_logger][INFO] - Test metrics: {'MAE': 230.17448696519537, 'RMSE': 2025.279906556098}
2026-06-16 01:51:53 - finetune_logger - INFO - Test time: 36.41s
[2026-06-16 01:51:53,491][finetune_logger][INFO] - Test time: 36.41s
2026-06-16 01:51:53 - finetune_logger - INFO - Test memory reserved: 54.00 MB
[2026-06-16 01:51:53,491][finetune_logger][INFO] - Test memory reserved: 54.00 MB
2026-06-16 01:51:53 - finetune_logger - INFO - Test memory allocated: 18.10 MB
[2026-06-16 01:51:53,492][finetune_logger][INFO] - Test memory allocated: 18.10 MB
2026-06-16 01:51:53 - finetune_logger - INFO - Epoch 12/20
[2026-06-16 01:51:53,492][finetune_logger][INFO] - Epoch 12/20
2026-06-16 01:57:15 - finetune_logger - INFO - Train loss: 216.16018493218684
[2026-06-16 01:57:15,453][finetune_logger][INFO] - Train loss: 216.16018493218684
2026-06-16 01:57:15 - finetune_logger - INFO - Train time: 321.96091294288635s
[2026-06-16 01:57:15,453][finetune_logger][INFO] - Train time: 321.96091294288635s
2026-06-16 01:57:15 - finetune_logger - INFO - Train memory reserved: 54.00 MB
[2026-06-16 01:57:15,454][finetune_logger][INFO] - Train memory reserved: 54.00 MB
2026-06-16 01:57:15 - finetune_logger - INFO - Train memory allocated: 18.10 MB
[2026-06-16 01:57:15,454][finetune_logger][INFO] - Train memory allocated: 18.10 MB
2026-06-16 01:57:15 - finetune_logger - INFO - Current learning rate: 0.00025
[2026-06-16 01:57:15,454][finetune_logger][INFO] - Current learning rate: 0.00025
2026-06-16 01:57:33 - finetune_logger - INFO - Validation metrics: {'MAE': 170.35526931280825, 'RMSE': 1210.8762976202697}
[2026-06-16 01:57:33,168][finetune_logger][INFO] - Validation metrics: {'MAE': 170.35526931280825, 'RMSE': 1210.8762976202697}
2026-06-16 01:57:33 - finetune_logger - INFO - Val time: 17.71s
[2026-06-16 01:57:33,168][finetune_logger][INFO] - Val time: 17.71s
2026-06-16 01:57:33 - finetune_logger - INFO - Val memory reserved: 54.00 MB
[2026-06-16 01:57:33,169][finetune_logger][INFO] - Val memory reserved: 54.00 MB
2026-06-16 01:57:33 - finetune_logger - INFO - Val memory allocated: 18.10 MB
[2026-06-16 01:57:33,169][finetune_logger][INFO] - Val memory allocated: 18.10 MB
2026-06-16 01:57:33 - finetune_logger - INFO - Logged epoch 12 info to /public/home/202411094934/python_project/Spatio-Temporal-Library/time-series/2026-06-16/itransformer/finetune20/electricity/time-series/seed_0/training_log.json
[2026-06-16 01:57:33,172][finetune_logger][INFO] - Logged epoch 12 info to /public/home/202411094934/python_project/Spatio-Temporal-Library/time-series/2026-06-16/itransformer/finetune20/electricity/time-series/seed_0/training_log.json
2026-06-16 01:57:33 - finetune_logger - INFO - New best model! Val loss: 170.355269
[2026-06-16 01:57:33,172][finetune_logger][INFO] - New best model! Val loss: 170.355269
2026-06-16 01:58:09 - finetune_logger - INFO - Test metrics: {'MAE': 226.70962216312648, 'RMSE': 1996.648565470254}
[2026-06-16 01:58:09,642][finetune_logger][INFO] - Test metrics: {'MAE': 226.70962216312648, 'RMSE': 1996.648565470254}
2026-06-16 01:58:09 - finetune_logger - INFO - Test time: 36.43s
[2026-06-16 01:58:09,643][finetune_logger][INFO] - Test time: 36.43s
2026-06-16 01:58:09 - finetune_logger - INFO - Test memory reserved: 54.00 MB
[2026-06-16 01:58:09,643][finetune_logger][INFO] - Test memory reserved: 54.00 MB
2026-06-16 01:58:09 - finetune_logger - INFO - Test memory allocated: 18.10 MB
[2026-06-16 01:58:09,643][finetune_logger][INFO] - Test memory allocated: 18.10 MB
2026-06-16 01:58:09 - finetune_logger - INFO - Epoch 13/20
[2026-06-16 01:58:09,643][finetune_logger][INFO] - Epoch 13/20
2026-06-16 02:03:30 - finetune_logger - INFO - Train loss: 215.24961415987255
[2026-06-16 02:03:30,791][finetune_logger][INFO] - Train loss: 215.24961415987255
2026-06-16 02:03:30 - finetune_logger - INFO - Train time: 321.1476573944092s
[2026-06-16 02:03:30,792][finetune_logger][INFO] - Train time: 321.1476573944092s
2026-06-16 02:03:30 - finetune_logger - INFO - Train memory reserved: 54.00 MB
[2026-06-16 02:03:30,792][finetune_logger][INFO] - Train memory reserved: 54.00 MB
2026-06-16 02:03:30 - finetune_logger - INFO - Train memory allocated: 18.10 MB
[2026-06-16 02:03:30,792][finetune_logger][INFO] - Train memory allocated: 18.10 MB
2026-06-16 02:03:30 - finetune_logger - INFO - Current learning rate: 0.00025
[2026-06-16 02:03:30,792][finetune_logger][INFO] - Current learning rate: 0.00025
2026-06-16 02:03:48 - finetune_logger - INFO - Validation metrics: {'MAE': 172.19142402408022, 'RMSE': 1211.2036182540062}
[2026-06-16 02:03:48,540][finetune_logger][INFO] - Validation metrics: {'MAE': 172.19142402408022, 'RMSE': 1211.2036182540062}
2026-06-16 02:03:48 - finetune_logger - INFO - Val time: 17.75s
[2026-06-16 02:03:48,540][finetune_logger][INFO] - Val time: 17.75s
2026-06-16 02:03:48 - finetune_logger - INFO - Val memory reserved: 54.00 MB
[2026-06-16 02:03:48,540][finetune_logger][INFO] - Val memory reserved: 54.00 MB
2026-06-16 02:03:48 - finetune_logger - INFO - Val memory allocated: 18.10 MB
[2026-06-16 02:03:48,540][finetune_logger][INFO] - Val memory allocated: 18.10 MB
2026-06-16 02:03:48 - finetune_logger - INFO - Logged epoch 13 info to /public/home/202411094934/python_project/Spatio-Temporal-Library/time-series/2026-06-16/itransformer/finetune20/electricity/time-series/seed_0/training_log.json
[2026-06-16 02:03:48,543][finetune_logger][INFO] - Logged epoch 13 info to /public/home/202411094934/python_project/Spatio-Temporal-Library/time-series/2026-06-16/itransformer/finetune20/electricity/time-series/seed_0/training_log.json
2026-06-16 02:04:24 - finetune_logger - INFO - Test metrics: {'MAE': 227.6394725302045, 'RMSE': 1995.199883736979}
[2026-06-16 02:04:24,927][finetune_logger][INFO] - Test metrics: {'MAE': 227.6394725302045, 'RMSE': 1995.199883736979}
2026-06-16 02:04:24 - finetune_logger - INFO - Test time: 36.38s
[2026-06-16 02:04:24,927][finetune_logger][INFO] - Test time: 36.38s
2026-06-16 02:04:24 - finetune_logger - INFO - Test memory reserved: 54.00 MB
[2026-06-16 02:04:24,927][finetune_logger][INFO] - Test memory reserved: 54.00 MB
2026-06-16 02:04:24 - finetune_logger - INFO - Test memory allocated: 18.10 MB
[2026-06-16 02:04:24,927][finetune_logger][INFO] - Test memory allocated: 18.10 MB
2026-06-16 02:04:24 - finetune_logger - INFO - Epoch 14/20
[2026-06-16 02:04:24,928][finetune_logger][INFO] - Epoch 14/20
2026-06-16 02:09:46 - finetune_logger - INFO - Train loss: 214.31896549272471
[2026-06-16 02:09:46,224][finetune_logger][INFO] - Train loss: 214.31896549272471
2026-06-16 02:09:46 - finetune_logger - INFO - Train time: 321.2956840991974s
[2026-06-16 02:09:46,224][finetune_logger][INFO] - Train time: 321.2956840991974s
2026-06-16 02:09:46 - finetune_logger - INFO - Train memory reserved: 54.00 MB
[2026-06-16 02:09:46,224][finetune_logger][INFO] - Train memory reserved: 54.00 MB
2026-06-16 02:09:46 - finetune_logger - INFO - Train memory allocated: 18.10 MB
[2026-06-16 02:09:46,224][finetune_logger][INFO] - Train memory allocated: 18.10 MB
2026-06-16 02:09:46 - finetune_logger - INFO - Current learning rate: 0.00025
[2026-06-16 02:09:46,224][finetune_logger][INFO] - Current learning rate: 0.00025
2026-06-16 02:10:03 - finetune_logger - INFO - Validation metrics: {'MAE': 169.91394718210267, 'RMSE': 1214.9660716103022}
[2026-06-16 02:10:03,950][finetune_logger][INFO] - Validation metrics: {'MAE': 169.91394718210267, 'RMSE': 1214.9660716103022}
2026-06-16 02:10:03 - finetune_logger - INFO - Val time: 17.73s
[2026-06-16 02:10:03,951][finetune_logger][INFO] - Val time: 17.73s
2026-06-16 02:10:03 - finetune_logger - INFO - Val memory reserved: 54.00 MB
[2026-06-16 02:10:03,951][finetune_logger][INFO] - Val memory reserved: 54.00 MB
2026-06-16 02:10:03 - finetune_logger - INFO - Val memory allocated: 18.10 MB
[2026-06-16 02:10:03,951][finetune_logger][INFO] - Val memory allocated: 18.10 MB
2026-06-16 02:10:03 - finetune_logger - INFO - Logged epoch 14 info to /public/home/202411094934/python_project/Spatio-Temporal-Library/time-series/2026-06-16/itransformer/finetune20/electricity/time-series/seed_0/training_log.json
[2026-06-16 02:10:03,954][finetune_logger][INFO] - Logged epoch 14 info to /public/home/202411094934/python_project/Spatio-Temporal-Library/time-series/2026-06-16/itransformer/finetune20/electricity/time-series/seed_0/training_log.json
2026-06-16 02:10:03 - finetune_logger - INFO - New best model! Val loss: 169.913947
[2026-06-16 02:10:03,954][finetune_logger][INFO] - New best model! Val loss: 169.913947
2026-06-16 02:10:40 - finetune_logger - INFO - Test metrics: {'MAE': 227.3822284421919, 'RMSE': 2004.9734970650406}
[2026-06-16 02:10:40,375][finetune_logger][INFO] - Test metrics: {'MAE': 227.3822284421919, 'RMSE': 2004.9734970650406}
2026-06-16 02:10:40 - finetune_logger - INFO - Test time: 36.38s
[2026-06-16 02:10:40,375][finetune_logger][INFO] - Test time: 36.38s
2026-06-16 02:10:40 - finetune_logger - INFO - Test memory reserved: 54.00 MB
[2026-06-16 02:10:40,375][finetune_logger][INFO] - Test memory reserved: 54.00 MB
2026-06-16 02:10:40 - finetune_logger - INFO - Test memory allocated: 18.10 MB
[2026-06-16 02:10:40,375][finetune_logger][INFO] - Test memory allocated: 18.10 MB
2026-06-16 02:10:40 - finetune_logger - INFO - Epoch 15/20
[2026-06-16 02:10:40,375][finetune_logger][INFO] - Epoch 15/20
2026-06-16 02:16:02 - finetune_logger - INFO - Train loss: 213.6843588307419
[2026-06-16 02:16:02,435][finetune_logger][INFO] - Train loss: 213.6843588307419
2026-06-16 02:16:02 - finetune_logger - INFO - Train time: 322.05901551246643s
[2026-06-16 02:16:02,435][finetune_logger][INFO] - Train time: 322.05901551246643s
2026-06-16 02:16:02 - finetune_logger - INFO - Train memory reserved: 54.00 MB
[2026-06-16 02:16:02,435][finetune_logger][INFO] - Train memory reserved: 54.00 MB
2026-06-16 02:16:02 - finetune_logger - INFO - Train memory allocated: 18.10 MB
[2026-06-16 02:16:02,436][finetune_logger][INFO] - Train memory allocated: 18.10 MB
2026-06-16 02:16:02 - finetune_logger - INFO - Current learning rate: 0.00025
[2026-06-16 02:16:02,436][finetune_logger][INFO] - Current learning rate: 0.00025
2026-06-16 02:16:20 - finetune_logger - INFO - Validation metrics: {'MAE': 171.94962769839668, 'RMSE': 1202.7061497353004}
[2026-06-16 02:16:20,068][finetune_logger][INFO] - Validation metrics: {'MAE': 171.94962769839668, 'RMSE': 1202.7061497353004}
2026-06-16 02:16:20 - finetune_logger - INFO - Val time: 17.63s
[2026-06-16 02:16:20,069][finetune_logger][INFO] - Val time: 17.63s
2026-06-16 02:16:20 - finetune_logger - INFO - Val memory reserved: 54.00 MB
[2026-06-16 02:16:20,069][finetune_logger][INFO] - Val memory reserved: 54.00 MB
2026-06-16 02:16:20 - finetune_logger - INFO - Val memory allocated: 18.10 MB
[2026-06-16 02:16:20,069][finetune_logger][INFO] - Val memory allocated: 18.10 MB
2026-06-16 02:16:20 - finetune_logger - INFO - Logged epoch 15 info to /public/home/202411094934/python_project/Spatio-Temporal-Library/time-series/2026-06-16/itransformer/finetune20/electricity/time-series/seed_0/training_log.json
[2026-06-16 02:16:20,072][finetune_logger][INFO] - Logged epoch 15 info to /public/home/202411094934/python_project/Spatio-Temporal-Library/time-series/2026-06-16/itransformer/finetune20/electricity/time-series/seed_0/training_log.json
2026-06-16 02:16:56 - finetune_logger - INFO - Test metrics: {'MAE': 229.0296002161907, 'RMSE': 1998.0315914774915}
[2026-06-16 02:16:56,475][finetune_logger][INFO] - Test metrics: {'MAE': 229.0296002161907, 'RMSE': 1998.0315914774915}
2026-06-16 02:16:56 - finetune_logger - INFO - Test time: 36.40s
[2026-06-16 02:16:56,476][finetune_logger][INFO] - Test time: 36.40s
2026-06-16 02:16:56 - finetune_logger - INFO - Test memory reserved: 54.00 MB
[2026-06-16 02:16:56,476][finetune_logger][INFO] - Test memory reserved: 54.00 MB
2026-06-16 02:16:56 - finetune_logger - INFO - Test memory allocated: 18.10 MB
[2026-06-16 02:16:56,476][finetune_logger][INFO] - Test memory allocated: 18.10 MB
2026-06-16 02:16:56 - finetune_logger - INFO - Epoch 16/20
[2026-06-16 02:16:56,476][finetune_logger][INFO] - Epoch 16/20
2026-06-16 02:22:18 - finetune_logger - INFO - Train loss: 212.94324240495808
[2026-06-16 02:22:18,198][finetune_logger][INFO] - Train loss: 212.94324240495808
2026-06-16 02:22:18 - finetune_logger - INFO - Train time: 321.7210600376129s
[2026-06-16 02:22:18,198][finetune_logger][INFO] - Train time: 321.7210600376129s
2026-06-16 02:22:18 - finetune_logger - INFO - Train memory reserved: 54.00 MB
[2026-06-16 02:22:18,198][finetune_logger][INFO] - Train memory reserved: 54.00 MB
2026-06-16 02:22:18 - finetune_logger - INFO - Train memory allocated: 18.10 MB
[2026-06-16 02:22:18,198][finetune_logger][INFO] - Train memory allocated: 18.10 MB
2026-06-16 02:22:18 - finetune_logger - INFO - Current learning rate: 0.00025
[2026-06-16 02:22:18,198][finetune_logger][INFO] - Current learning rate: 0.00025
2026-06-16 02:22:35 - finetune_logger - INFO - Validation metrics: {'MAE': 171.7166021921253, 'RMSE': 1231.304619706002}
[2026-06-16 02:22:35,916][finetune_logger][INFO] - Validation metrics: {'MAE': 171.7166021921253, 'RMSE': 1231.304619706002}
2026-06-16 02:22:35 - finetune_logger - INFO - Val time: 17.72s
[2026-06-16 02:22:35,916][finetune_logger][INFO] - Val time: 17.72s
2026-06-16 02:22:35 - finetune_logger - INFO - Val memory reserved: 54.00 MB
[2026-06-16 02:22:35,916][finetune_logger][INFO] - Val memory reserved: 54.00 MB
2026-06-16 02:22:35 - finetune_logger - INFO - Val memory allocated: 18.10 MB
[2026-06-16 02:22:35,916][finetune_logger][INFO] - Val memory allocated: 18.10 MB
2026-06-16 02:22:35 - finetune_logger - INFO - Logged epoch 16 info to /public/home/202411094934/python_project/Spatio-Temporal-Library/time-series/2026-06-16/itransformer/finetune20/electricity/time-series/seed_0/training_log.json
[2026-06-16 02:22:35,919][finetune_logger][INFO] - Logged epoch 16 info to /public/home/202411094934/python_project/Spatio-Temporal-Library/time-series/2026-06-16/itransformer/finetune20/electricity/time-series/seed_0/training_log.json
2026-06-16 02:23:12 - finetune_logger - INFO - Test metrics: {'MAE': 227.59228745101106, 'RMSE': 1998.5985550770752}
[2026-06-16 02:23:12,287][finetune_logger][INFO] - Test metrics: {'MAE': 227.59228745101106, 'RMSE': 1998.5985550770752}
2026-06-16 02:23:12 - finetune_logger - INFO - Test time: 36.37s
[2026-06-16 02:23:12,288][finetune_logger][INFO] - Test time: 36.37s
2026-06-16 02:23:12 - finetune_logger - INFO - Test memory reserved: 54.00 MB
[2026-06-16 02:23:12,288][finetune_logger][INFO] - Test memory reserved: 54.00 MB
2026-06-16 02:23:12 - finetune_logger - INFO - Test memory allocated: 18.10 MB
[2026-06-16 02:23:12,288][finetune_logger][INFO] - Test memory allocated: 18.10 MB
2026-06-16 02:23:12 - finetune_logger - INFO - Epoch 17/20
[2026-06-16 02:23:12,288][finetune_logger][INFO] - Epoch 17/20
2026-06-16 02:28:33 - finetune_logger - INFO - Train loss: 212.10665934775102
[2026-06-16 02:28:33,714][finetune_logger][INFO] - Train loss: 212.10665934775102
2026-06-16 02:28:33 - finetune_logger - INFO - Train time: 321.42570090293884s
[2026-06-16 02:28:33,715][finetune_logger][INFO] - Train time: 321.42570090293884s
2026-06-16 02:28:33 - finetune_logger - INFO - Train memory reserved: 54.00 MB
[2026-06-16 02:28:33,715][finetune_logger][INFO] - Train memory reserved: 54.00 MB
2026-06-16 02:28:33 - finetune_logger - INFO - Train memory allocated: 18.10 MB
[2026-06-16 02:28:33,715][finetune_logger][INFO] - Train memory allocated: 18.10 MB
2026-06-16 02:28:33 - finetune_logger - INFO - Current learning rate: 0.00025
[2026-06-16 02:28:33,715][finetune_logger][INFO] - Current learning rate: 0.00025
2026-06-16 02:28:51 - finetune_logger - INFO - Validation metrics: {'MAE': 171.08862875205608, 'RMSE': 1219.368400634761}
[2026-06-16 02:28:51,384][finetune_logger][INFO] - Validation metrics: {'MAE': 171.08862875205608, 'RMSE': 1219.368400634761}
2026-06-16 02:28:51 - finetune_logger - INFO - Val time: 17.67s
[2026-06-16 02:28:51,384][finetune_logger][INFO] - Val time: 17.67s
2026-06-16 02:28:51 - finetune_logger - INFO - Val memory reserved: 54.00 MB
[2026-06-16 02:28:51,384][finetune_logger][INFO] - Val memory reserved: 54.00 MB
2026-06-16 02:28:51 - finetune_logger - INFO - Val memory allocated: 18.10 MB
[2026-06-16 02:28:51,384][finetune_logger][INFO] - Val memory allocated: 18.10 MB
2026-06-16 02:28:51 - finetune_logger - INFO - Logged epoch 17 info to /public/home/202411094934/python_project/Spatio-Temporal-Library/time-series/2026-06-16/itransformer/finetune20/electricity/time-series/seed_0/training_log.json
[2026-06-16 02:28:51,388][finetune_logger][INFO] - Logged epoch 17 info to /public/home/202411094934/python_project/Spatio-Temporal-Library/time-series/2026-06-16/itransformer/finetune20/electricity/time-series/seed_0/training_log.json
2026-06-16 02:29:27 - finetune_logger - INFO - Test metrics: {'MAE': 227.2953063556473, 'RMSE': 2012.5387525579229}
[2026-06-16 02:29:27,761][finetune_logger][INFO] - Test metrics: {'MAE': 227.2953063556473, 'RMSE': 2012.5387525579229}
2026-06-16 02:29:27 - finetune_logger - INFO - Test time: 36.37s
[2026-06-16 02:29:27,761][finetune_logger][INFO] - Test time: 36.37s
2026-06-16 02:29:27 - finetune_logger - INFO - Test memory reserved: 54.00 MB
[2026-06-16 02:29:27,761][finetune_logger][INFO] - Test memory reserved: 54.00 MB
2026-06-16 02:29:27 - finetune_logger - INFO - Test memory allocated: 18.10 MB
[2026-06-16 02:29:27,761][finetune_logger][INFO] - Test memory allocated: 18.10 MB
2026-06-16 02:29:27 - finetune_logger - INFO - Epoch 18/20
[2026-06-16 02:29:27,761][finetune_logger][INFO] - Epoch 18/20
2026-06-16 02:34:49 - finetune_logger - INFO - Train loss: 211.46207633283362
[2026-06-16 02:34:49,343][finetune_logger][INFO] - Train loss: 211.46207633283362
2026-06-16 02:34:49 - finetune_logger - INFO - Train time: 321.58179354667664s
[2026-06-16 02:34:49,344][finetune_logger][INFO] - Train time: 321.58179354667664s
2026-06-16 02:34:49 - finetune_logger - INFO - Train memory reserved: 54.00 MB
[2026-06-16 02:34:49,344][finetune_logger][INFO] - Train memory reserved: 54.00 MB
2026-06-16 02:34:49 - finetune_logger - INFO - Train memory allocated: 18.10 MB
[2026-06-16 02:34:49,344][finetune_logger][INFO] - Train memory allocated: 18.10 MB
2026-06-16 02:34:49 - finetune_logger - INFO - Current learning rate: 0.00025
[2026-06-16 02:34:49,344][finetune_logger][INFO] - Current learning rate: 0.00025
2026-06-16 02:35:07 - finetune_logger - INFO - Validation metrics: {'MAE': 170.31061349326646, 'RMSE': 1200.7622719855071}
[2026-06-16 02:35:07,394][finetune_logger][INFO] - Validation metrics: {'MAE': 170.31061349326646, 'RMSE': 1200.7622719855071}
2026-06-16 02:35:07 - finetune_logger - INFO - Val time: 18.05s
[2026-06-16 02:35:07,394][finetune_logger][INFO] - Val time: 18.05s
2026-06-16 02:35:07 - finetune_logger - INFO - Val memory reserved: 54.00 MB
[2026-06-16 02:35:07,394][finetune_logger][INFO] - Val memory reserved: 54.00 MB
2026-06-16 02:35:07 - finetune_logger - INFO - Val memory allocated: 18.10 MB
[2026-06-16 02:35:07,394][finetune_logger][INFO] - Val memory allocated: 18.10 MB
2026-06-16 02:35:07 - finetune_logger - INFO - Logged epoch 18 info to /public/home/202411094934/python_project/Spatio-Temporal-Library/time-series/2026-06-16/itransformer/finetune20/electricity/time-series/seed_0/training_log.json
[2026-06-16 02:35:07,397][finetune_logger][INFO] - Logged epoch 18 info to /public/home/202411094934/python_project/Spatio-Temporal-Library/time-series/2026-06-16/itransformer/finetune20/electricity/time-series/seed_0/training_log.json
2026-06-16 02:35:43 - finetune_logger - INFO - Test metrics: {'MAE': 227.03539534093153, 'RMSE': 1997.4656952556415}
[2026-06-16 02:35:43,825][finetune_logger][INFO] - Test metrics: {'MAE': 227.03539534093153, 'RMSE': 1997.4656952556415}
2026-06-16 02:35:43 - finetune_logger - INFO - Test time: 36.43s
[2026-06-16 02:35:43,825][finetune_logger][INFO] - Test time: 36.43s
2026-06-16 02:35:43 - finetune_logger - INFO - Test memory reserved: 54.00 MB
[2026-06-16 02:35:43,825][finetune_logger][INFO] - Test memory reserved: 54.00 MB
2026-06-16 02:35:43 - finetune_logger - INFO - Test memory allocated: 18.10 MB
[2026-06-16 02:35:43,825][finetune_logger][INFO] - Test memory allocated: 18.10 MB
2026-06-16 02:35:43 - finetune_logger - INFO - Epoch 19/20
[2026-06-16 02:35:43,825][finetune_logger][INFO] - Epoch 19/20
2026-06-16 02:41:05 - finetune_logger - INFO - Train loss: 210.705949769353
[2026-06-16 02:41:05,495][finetune_logger][INFO] - Train loss: 210.705949769353
2026-06-16 02:41:05 - finetune_logger - INFO - Train time: 321.6694886684418s
[2026-06-16 02:41:05,496][finetune_logger][INFO] - Train time: 321.6694886684418s
2026-06-16 02:41:05 - finetune_logger - INFO - Train memory reserved: 54.00 MB
[2026-06-16 02:41:05,496][finetune_logger][INFO] - Train memory reserved: 54.00 MB
2026-06-16 02:41:05 - finetune_logger - INFO - Train memory allocated: 18.10 MB
[2026-06-16 02:41:05,496][finetune_logger][INFO] - Train memory allocated: 18.10 MB
2026-06-16 02:41:05 - finetune_logger - INFO - Current learning rate: 0.00025
[2026-06-16 02:41:05,496][finetune_logger][INFO] - Current learning rate: 0.00025
2026-06-16 02:41:23 - finetune_logger - INFO - Validation metrics: {'MAE': 168.85147525184996, 'RMSE': 1205.1268385716462}
[2026-06-16 02:41:23,160][finetune_logger][INFO] - Validation metrics: {'MAE': 168.85147525184996, 'RMSE': 1205.1268385716462}
2026-06-16 02:41:23 - finetune_logger - INFO - Val time: 17.66s
[2026-06-16 02:41:23,161][finetune_logger][INFO] - Val time: 17.66s
2026-06-16 02:41:23 - finetune_logger - INFO - Val memory reserved: 54.00 MB
[2026-06-16 02:41:23,161][finetune_logger][INFO] - Val memory reserved: 54.00 MB
2026-06-16 02:41:23 - finetune_logger - INFO - Val memory allocated: 18.10 MB
[2026-06-16 02:41:23,161][finetune_logger][INFO] - Val memory allocated: 18.10 MB
2026-06-16 02:41:23 - finetune_logger - INFO - Logged epoch 19 info to /public/home/202411094934/python_project/Spatio-Temporal-Library/time-series/2026-06-16/itransformer/finetune20/electricity/time-series/seed_0/training_log.json
[2026-06-16 02:41:23,164][finetune_logger][INFO] - Logged epoch 19 info to /public/home/202411094934/python_project/Spatio-Temporal-Library/time-series/2026-06-16/itransformer/finetune20/electricity/time-series/seed_0/training_log.json
2026-06-16 02:41:23 - finetune_logger - INFO - New best model! Val loss: 168.851475
[2026-06-16 02:41:23,165][finetune_logger][INFO] - New best model! Val loss: 168.851475
2026-06-16 02:41:59 - finetune_logger - INFO - Test metrics: {'MAE': 225.96324197941593, 'RMSE': 1997.2911710470478}
[2026-06-16 02:41:59,558][finetune_logger][INFO] - Test metrics: {'MAE': 225.96324197941593, 'RMSE': 1997.2911710470478}
2026-06-16 02:41:59 - finetune_logger - INFO - Test time: 36.35s
[2026-06-16 02:41:59,558][finetune_logger][INFO] - Test time: 36.35s
2026-06-16 02:41:59 - finetune_logger - INFO - Test memory reserved: 54.00 MB
[2026-06-16 02:41:59,558][finetune_logger][INFO] - Test memory reserved: 54.00 MB
2026-06-16 02:41:59 - finetune_logger - INFO - Test memory allocated: 18.10 MB
[2026-06-16 02:41:59,558][finetune_logger][INFO] - Test memory allocated: 18.10 MB
2026-06-16 02:41:59 - finetune_logger - INFO - Epoch 20/20
[2026-06-16 02:41:59,558][finetune_logger][INFO] - Epoch 20/20
2026-06-16 02:47:21 - finetune_logger - INFO - Train loss: 209.93222520040987
[2026-06-16 02:47:21,523][finetune_logger][INFO] - Train loss: 209.93222520040987
2026-06-16 02:47:21 - finetune_logger - INFO - Train time: 321.9638192653656s
[2026-06-16 02:47:21,523][finetune_logger][INFO] - Train time: 321.9638192653656s
2026-06-16 02:47:21 - finetune_logger - INFO - Train memory reserved: 54.00 MB
[2026-06-16 02:47:21,523][finetune_logger][INFO] - Train memory reserved: 54.00 MB
2026-06-16 02:47:21 - finetune_logger - INFO - Train memory allocated: 18.10 MB
[2026-06-16 02:47:21,523][finetune_logger][INFO] - Train memory allocated: 18.10 MB
2026-06-16 02:47:21 - finetune_logger - INFO - Current learning rate: 0.00025
[2026-06-16 02:47:21,523][finetune_logger][INFO] - Current learning rate: 0.00025
2026-06-16 02:47:39 - finetune_logger - INFO - Validation metrics: {'MAE': 168.48483826968572, 'RMSE': 1202.804060958055}
[2026-06-16 02:47:39,214][finetune_logger][INFO] - Validation metrics: {'MAE': 168.48483826968572, 'RMSE': 1202.804060958055}
2026-06-16 02:47:39 - finetune_logger - INFO - Val time: 17.69s
[2026-06-16 02:47:39,214][finetune_logger][INFO] - Val time: 17.69s
2026-06-16 02:47:39 - finetune_logger - INFO - Val memory reserved: 54.00 MB
[2026-06-16 02:47:39,214][finetune_logger][INFO] - Val memory reserved: 54.00 MB
2026-06-16 02:47:39 - finetune_logger - INFO - Val memory allocated: 18.10 MB
[2026-06-16 02:47:39,214][finetune_logger][INFO] - Val memory allocated: 18.10 MB
2026-06-16 02:47:39 - finetune_logger - INFO - Logged epoch 20 info to /public/home/202411094934/python_project/Spatio-Temporal-Library/time-series/2026-06-16/itransformer/finetune20/electricity/time-series/seed_0/training_log.json
[2026-06-16 02:47:39,217][finetune_logger][INFO] - Logged epoch 20 info to /public/home/202411094934/python_project/Spatio-Temporal-Library/time-series/2026-06-16/itransformer/finetune20/electricity/time-series/seed_0/training_log.json
2026-06-16 02:47:39 - finetune_logger - INFO - New best model! Val loss: 168.484838
[2026-06-16 02:47:39,218][finetune_logger][INFO] - New best model! Val loss: 168.484838
2026-06-16 02:48:15 - finetune_logger - INFO - Test metrics: {'MAE': 225.85176872068953, 'RMSE': 1996.218704116959}
[2026-06-16 02:48:15,710][finetune_logger][INFO] - Test metrics: {'MAE': 225.85176872068953, 'RMSE': 1996.218704116959}
2026-06-16 02:48:15 - finetune_logger - INFO - Test time: 36.45s
[2026-06-16 02:48:15,710][finetune_logger][INFO] - Test time: 36.45s
2026-06-16 02:48:15 - finetune_logger - INFO - Test memory reserved: 54.00 MB
[2026-06-16 02:48:15,710][finetune_logger][INFO] - Test memory reserved: 54.00 MB
2026-06-16 02:48:15 - finetune_logger - INFO - Test memory allocated: 18.10 MB
[2026-06-16 02:48:15,710][finetune_logger][INFO] - Test memory allocated: 18.10 MB
2026-06-16 02:48:15 - finetune_logger - INFO - Training completed. Best epoch: 20, Best val loss: 168.484838
[2026-06-16 02:48:15,710][finetune_logger][INFO] - Training completed. Best epoch: 20, Best val loss: 168.484838
2026-06-16 02:48:15 - finetune_logger - INFO - Loaded checkpoint from epoch 20
[2026-06-16 02:48:15,743][finetune_logger][INFO] - Loaded checkpoint from epoch 20
2026-06-16 02:48:15 - finetune_logger - INFO - Evaluating best model on test sets...
[2026-06-16 02:48:15,744][finetune_logger][INFO] - Evaluating best model on test sets...
2026-06-16 02:48:52 - finetune_logger - INFO - Test metrics: {'MAE': 225.85176872068953, 'RMSE': 1996.218704116959}
[2026-06-16 02:48:52,001][finetune_logger][INFO] - Test metrics: {'MAE': 225.85176872068953, 'RMSE': 1996.218704116959}
2026-06-16 02:48:52 - finetune_logger - INFO - Test time: 36.26s
[2026-06-16 02:48:52,001][finetune_logger][INFO] - Test time: 36.26s
2026-06-16 02:48:52 - finetune_logger - INFO - Test memory reserved: 54.00 MB
[2026-06-16 02:48:52,002][finetune_logger][INFO] - Test memory reserved: 54.00 MB
2026-06-16 02:48:52 - finetune_logger - INFO - Test memory allocated: 18.14 MB
[2026-06-16 02:48:52,002][finetune_logger][INFO] - Test memory allocated: 18.14 MB
2026-06-16 02:48:52 - finetune_logger - INFO - Logged epoch test info to /public/home/202411094934/python_project/Spatio-Temporal-Library/time-series/2026-06-16/itransformer/finetune20/electricity/time-series/seed_0/training_log.json
[2026-06-16 02:48:52,005][finetune_logger][INFO] - Logged epoch test info to /public/home/202411094934/python_project/Spatio-Temporal-Library/time-series/2026-06-16/itransformer/finetune20/electricity/time-series/seed_0/training_log.json
2026-06-16 09:05:10 - finetune_logger - INFO - No pretrained checkpoint is provided. Finetuning from scratch.
[2026-06-16 09:05:10,323][finetune_logger][INFO] - No pretrained checkpoint is provided. Finetuning from scratch.
2026-06-16 09:05:10 - finetune_logger - INFO - Model parameters: 158,912
[2026-06-16 09:05:10,326][finetune_logger][INFO] - Model parameters: 158,912
2026-06-16 09:05:10 - finetune_logger - INFO - Log file already exists at /public/home/202411094934/python_project/Spatio-Temporal-Library/time-series/2026-06-16/itransformer/finetune20/electricity/time-series/seed_0/training_log.json, appending to it.
[2026-06-16 09:05:10,327][finetune_logger][INFO] - Log file already exists at /public/home/202411094934/python_project/Spatio-Temporal-Library/time-series/2026-06-16/itransformer/finetune20/electricity/time-series/seed_0/training_log.json, appending to it.
2026-06-16 09:05:10 - finetune_logger - INFO - Starting training...
[2026-06-16 09:05:10,328][finetune_logger][INFO] - Starting training...
2026-06-16 09:05:10 - finetune_logger - INFO - Epoch 1/20
[2026-06-16 09:05:10,328][finetune_logger][INFO] - Epoch 1/20
2026-06-16 09:10:29 - finetune_logger - INFO - Train loss: 289.37730391831445
[2026-06-16 09:10:29,766][finetune_logger][INFO] - Train loss: 289.37730391831445
2026-06-16 09:10:29 - finetune_logger - INFO - Train time: 319.4377610683441s
[2026-06-16 09:10:29,766][finetune_logger][INFO] - Train time: 319.4377610683441s
2026-06-16 09:10:29 - finetune_logger - INFO - Train memory reserved: 54.00 MB
[2026-06-16 09:10:29,766][finetune_logger][INFO] - Train memory reserved: 54.00 MB
2026-06-16 09:10:29 - finetune_logger - INFO - Train memory allocated: 18.10 MB
[2026-06-16 09:10:29,767][finetune_logger][INFO] - Train memory allocated: 18.10 MB
2026-06-16 09:10:29 - finetune_logger - INFO - Current learning rate: 0.0005
[2026-06-16 09:10:29,767][finetune_logger][INFO] - Current learning rate: 0.0005
2026-06-16 09:10:47 - finetune_logger - INFO - Validation metrics: {'MAE': 204.4962769518399, 'RMSE': 1393.5336577405405}
[2026-06-16 09:10:47,434][finetune_logger][INFO] - Validation metrics: {'MAE': 204.4962769518399, 'RMSE': 1393.5336577405405}
2026-06-16 09:10:47 - finetune_logger - INFO - Val time: 17.67s
[2026-06-16 09:10:47,434][finetune_logger][INFO] - Val time: 17.67s
2026-06-16 09:10:47 - finetune_logger - INFO - Val memory reserved: 54.00 MB
[2026-06-16 09:10:47,435][finetune_logger][INFO] - Val memory reserved: 54.00 MB
2026-06-16 09:10:47 - finetune_logger - INFO - Val memory allocated: 18.10 MB
[2026-06-16 09:10:47,435][finetune_logger][INFO] - Val memory allocated: 18.10 MB
2026-06-16 09:10:47 - finetune_logger - INFO - Logged epoch 1 info to /public/home/202411094934/python_project/Spatio-Temporal-Library/time-series/2026-06-16/itransformer/finetune20/electricity/time-series/seed_0/training_log.json
[2026-06-16 09:10:47,439][finetune_logger][INFO] - Logged epoch 1 info to /public/home/202411094934/python_project/Spatio-Temporal-Library/time-series/2026-06-16/itransformer/finetune20/electricity/time-series/seed_0/training_log.json
2026-06-16 09:10:47 - finetune_logger - INFO - New best model! Val loss: 204.496277
[2026-06-16 09:10:47,439][finetune_logger][INFO] - New best model! Val loss: 204.496277
2026-06-16 09:11:23 - finetune_logger - INFO - Test metrics: {'MAE': 269.25828913373687, 'RMSE': 2300.0451530698815}
[2026-06-16 09:11:23,661][finetune_logger][INFO] - Test metrics: {'MAE': 269.25828913373687, 'RMSE': 2300.0451530698815}
2026-06-16 09:11:23 - finetune_logger - INFO - Test time: 36.18s
[2026-06-16 09:11:23,661][finetune_logger][INFO] - Test time: 36.18s
2026-06-16 09:11:23 - finetune_logger - INFO - Test memory reserved: 54.00 MB
[2026-06-16 09:11:23,661][finetune_logger][INFO] - Test memory reserved: 54.00 MB
2026-06-16 09:11:23 - finetune_logger - INFO - Test memory allocated: 18.10 MB
[2026-06-16 09:11:23,661][finetune_logger][INFO] - Test memory allocated: 18.10 MB
2026-06-16 09:11:23 - finetune_logger - INFO - Epoch 2/20
[2026-06-16 09:11:23,662][finetune_logger][INFO] - Epoch 2/20
2026-06-16 09:16:42 - finetune_logger - INFO - Train loss: 252.31890330372508
[2026-06-16 09:16:42,908][finetune_logger][INFO] - Train loss: 252.31890330372508
2026-06-16 09:16:42 - finetune_logger - INFO - Train time: 319.2454719543457s
[2026-06-16 09:16:42,908][finetune_logger][INFO] - Train time: 319.2454719543457s
2026-06-16 09:16:42 - finetune_logger - INFO - Train memory reserved: 54.00 MB
[2026-06-16 09:16:42,908][finetune_logger][INFO] - Train memory reserved: 54.00 MB
2026-06-16 09:16:42 - finetune_logger - INFO - Train memory allocated: 18.10 MB
[2026-06-16 09:16:42,908][finetune_logger][INFO] - Train memory allocated: 18.10 MB
2026-06-16 09:16:42 - finetune_logger - INFO - Current learning rate: 0.0005
[2026-06-16 09:16:42,908][finetune_logger][INFO] - Current learning rate: 0.0005
2026-06-16 09:17:00 - finetune_logger - INFO - Validation metrics: {'MAE': 196.80949473170188, 'RMSE': 1357.4429085115119}
[2026-06-16 09:17:00,529][finetune_logger][INFO] - Validation metrics: {'MAE': 196.80949473170188, 'RMSE': 1357.4429085115119}
2026-06-16 09:17:00 - finetune_logger - INFO - Val time: 17.62s
[2026-06-16 09:17:00,529][finetune_logger][INFO] - Val time: 17.62s
2026-06-16 09:17:00 - finetune_logger - INFO - Val memory reserved: 54.00 MB
[2026-06-16 09:17:00,529][finetune_logger][INFO] - Val memory reserved: 54.00 MB
2026-06-16 09:17:00 - finetune_logger - INFO - Val memory allocated: 18.10 MB
[2026-06-16 09:17:00,529][finetune_logger][INFO] - Val memory allocated: 18.10 MB
2026-06-16 09:17:00 - finetune_logger - INFO - Logged epoch 2 info to /public/home/202411094934/python_project/Spatio-Temporal-Library/time-series/2026-06-16/itransformer/finetune20/electricity/time-series/seed_0/training_log.json
[2026-06-16 09:17:00,534][finetune_logger][INFO] - Logged epoch 2 info to /public/home/202411094934/python_project/Spatio-Temporal-Library/time-series/2026-06-16/itransformer/finetune20/electricity/time-series/seed_0/training_log.json
2026-06-16 09:17:00 - finetune_logger - INFO - New best model! Val loss: 196.809495
[2026-06-16 09:17:00,534][finetune_logger][INFO] - New best model! Val loss: 196.809495
2026-06-16 09:17:36 - finetune_logger - INFO - Test metrics: {'MAE': 256.3869570363947, 'RMSE': 2200.5637146446925}
[2026-06-16 09:17:36,721][finetune_logger][INFO] - Test metrics: {'MAE': 256.3869570363947, 'RMSE': 2200.5637146446925}
2026-06-16 09:17:36 - finetune_logger - INFO - Test time: 36.14s
[2026-06-16 09:17:36,721][finetune_logger][INFO] - Test time: 36.14s
2026-06-16 09:17:36 - finetune_logger - INFO - Test memory reserved: 54.00 MB
[2026-06-16 09:17:36,721][finetune_logger][INFO] - Test memory reserved: 54.00 MB
2026-06-16 09:17:36 - finetune_logger - INFO - Test memory allocated: 18.10 MB
[2026-06-16 09:17:36,721][finetune_logger][INFO] - Test memory allocated: 18.10 MB
2026-06-16 09:17:36 - finetune_logger - INFO - Epoch 3/20
[2026-06-16 09:17:36,721][finetune_logger][INFO] - Epoch 3/20
2026-06-16 09:22:57 - finetune_logger - INFO - Train loss: 243.1900375625882
[2026-06-16 09:22:57,122][finetune_logger][INFO] - Train loss: 243.1900375625882
2026-06-16 09:22:57 - finetune_logger - INFO - Train time: 320.4004213809967s
[2026-06-16 09:22:57,122][finetune_logger][INFO] - Train time: 320.4004213809967s
2026-06-16 09:22:57 - finetune_logger - INFO - Train memory reserved: 54.00 MB
[2026-06-16 09:22:57,123][finetune_logger][INFO] - Train memory reserved: 54.00 MB
2026-06-16 09:22:57 - finetune_logger - INFO - Train memory allocated: 18.10 MB
[2026-06-16 09:22:57,123][finetune_logger][INFO] - Train memory allocated: 18.10 MB
2026-06-16 09:22:57 - finetune_logger - INFO - Current learning rate: 0.0005
[2026-06-16 09:22:57,123][finetune_logger][INFO] - Current learning rate: 0.0005
2026-06-16 09:23:14 - finetune_logger - INFO - Validation metrics: {'MAE': 193.57349722450633, 'RMSE': 1344.8946240748332}
[2026-06-16 09:23:14,854][finetune_logger][INFO] - Validation metrics: {'MAE': 193.57349722450633, 'RMSE': 1344.8946240748332}
2026-06-16 09:23:14 - finetune_logger - INFO - Val time: 17.73s
[2026-06-16 09:23:14,854][finetune_logger][INFO] - Val time: 17.73s
2026-06-16 09:23:14 - finetune_logger - INFO - Val memory reserved: 54.00 MB
[2026-06-16 09:23:14,854][finetune_logger][INFO] - Val memory reserved: 54.00 MB
2026-06-16 09:23:14 - finetune_logger - INFO - Val memory allocated: 18.10 MB
[2026-06-16 09:23:14,854][finetune_logger][INFO] - Val memory allocated: 18.10 MB
2026-06-16 09:23:14 - finetune_logger - INFO - Logged epoch 3 info to /public/home/202411094934/python_project/Spatio-Temporal-Library/time-series/2026-06-16/itransformer/finetune20/electricity/time-series/seed_0/training_log.json
[2026-06-16 09:23:14,859][finetune_logger][INFO] - Logged epoch 3 info to /public/home/202411094934/python_project/Spatio-Temporal-Library/time-series/2026-06-16/itransformer/finetune20/electricity/time-series/seed_0/training_log.json
2026-06-16 09:23:14 - finetune_logger - INFO - New best model! Val loss: 193.573497
[2026-06-16 09:23:14,859][finetune_logger][INFO] - New best model! Val loss: 193.573497
2026-06-16 09:23:51 - finetune_logger - INFO - Test metrics: {'MAE': 250.91682512097603, 'RMSE': 2163.0330091338824}
[2026-06-16 09:23:51,121][finetune_logger][INFO] - Test metrics: {'MAE': 250.91682512097603, 'RMSE': 2163.0330091338824}
2026-06-16 09:23:51 - finetune_logger - INFO - Test time: 36.22s
[2026-06-16 09:23:51,122][finetune_logger][INFO] - Test time: 36.22s
2026-06-16 09:23:51 - finetune_logger - INFO - Test memory reserved: 54.00 MB
[2026-06-16 09:23:51,122][finetune_logger][INFO] - Test memory reserved: 54.00 MB
2026-06-16 09:23:51 - finetune_logger - INFO - Test memory allocated: 18.10 MB
[2026-06-16 09:23:51,122][finetune_logger][INFO] - Test memory allocated: 18.10 MB
2026-06-16 09:23:51 - finetune_logger - INFO - Epoch 4/20
[2026-06-16 09:23:51,122][finetune_logger][INFO] - Epoch 4/20
2026-06-16 09:29:11 - finetune_logger - INFO - Train loss: 238.66172175536636
[2026-06-16 09:29:11,857][finetune_logger][INFO] - Train loss: 238.66172175536636
2026-06-16 09:29:11 - finetune_logger - INFO - Train time: 320.7347960472107s
[2026-06-16 09:29:11,858][finetune_logger][INFO] - Train time: 320.7347960472107s
2026-06-16 09:29:11 - finetune_logger - INFO - Train memory reserved: 54.00 MB
[2026-06-16 09:29:11,858][finetune_logger][INFO] - Train memory reserved: 54.00 MB
2026-06-16 09:29:11 - finetune_logger - INFO - Train memory allocated: 18.10 MB
[2026-06-16 09:29:11,858][finetune_logger][INFO] - Train memory allocated: 18.10 MB
2026-06-16 09:29:11 - finetune_logger - INFO - Current learning rate: 0.0005
[2026-06-16 09:29:11,858][finetune_logger][INFO] - Current learning rate: 0.0005
2026-06-16 09:29:29 - finetune_logger - INFO - Validation metrics: {'MAE': 189.79716147011197, 'RMSE': 1324.8391098632803}
[2026-06-16 09:29:29,515][finetune_logger][INFO] - Validation metrics: {'MAE': 189.79716147011197, 'RMSE': 1324.8391098632803}
2026-06-16 09:29:29 - finetune_logger - INFO - Val time: 17.66s
[2026-06-16 09:29:29,515][finetune_logger][INFO] - Val time: 17.66s
2026-06-16 09:29:29 - finetune_logger - INFO - Val memory reserved: 54.00 MB
[2026-06-16 09:29:29,515][finetune_logger][INFO] - Val memory reserved: 54.00 MB
2026-06-16 09:29:29 - finetune_logger - INFO - Val memory allocated: 18.10 MB
[2026-06-16 09:29:29,516][finetune_logger][INFO] - Val memory allocated: 18.10 MB
2026-06-16 09:29:29 - finetune_logger - INFO - Logged epoch 4 info to /public/home/202411094934/python_project/Spatio-Temporal-Library/time-series/2026-06-16/itransformer/finetune20/electricity/time-series/seed_0/training_log.json
[2026-06-16 09:29:29,519][finetune_logger][INFO] - Logged epoch 4 info to /public/home/202411094934/python_project/Spatio-Temporal-Library/time-series/2026-06-16/itransformer/finetune20/electricity/time-series/seed_0/training_log.json
2026-06-16 09:29:29 - finetune_logger - INFO - New best model! Val loss: 189.797161
[2026-06-16 09:29:29,519][finetune_logger][INFO] - New best model! Val loss: 189.797161
2026-06-16 09:30:05 - finetune_logger - INFO - Test metrics: {'MAE': 249.31211886549679, 'RMSE': 2145.6154642167858}
[2026-06-16 09:30:05,830][finetune_logger][INFO] - Test metrics: {'MAE': 249.31211886549679, 'RMSE': 2145.6154642167858}
2026-06-16 09:30:05 - finetune_logger - INFO - Test time: 36.26s
[2026-06-16 09:30:05,830][finetune_logger][INFO] - Test time: 36.26s
2026-06-16 09:30:05 - finetune_logger - INFO - Test memory reserved: 54.00 MB
[2026-06-16 09:30:05,831][finetune_logger][INFO] - Test memory reserved: 54.00 MB
2026-06-16 09:30:05 - finetune_logger - INFO - Test memory allocated: 18.10 MB
[2026-06-16 09:30:05,831][finetune_logger][INFO] - Test memory allocated: 18.10 MB
2026-06-16 09:30:05 - finetune_logger - INFO - Epoch 5/20
[2026-06-16 09:30:05,831][finetune_logger][INFO] - Epoch 5/20
2026-06-16 09:35:26 - finetune_logger - INFO - Train loss: 234.29137287411874
[2026-06-16 09:35:26,379][finetune_logger][INFO] - Train loss: 234.29137287411874
2026-06-16 09:35:26 - finetune_logger - INFO - Train time: 320.54802989959717s
[2026-06-16 09:35:26,380][finetune_logger][INFO] - Train time: 320.54802989959717s
2026-06-16 09:35:26 - finetune_logger - INFO - Train memory reserved: 54.00 MB
[2026-06-16 09:35:26,380][finetune_logger][INFO] - Train memory reserved: 54.00 MB
2026-06-16 09:35:26 - finetune_logger - INFO - Train memory allocated: 18.10 MB
[2026-06-16 09:35:26,380][finetune_logger][INFO] - Train memory allocated: 18.10 MB
2026-06-16 09:35:26 - finetune_logger - INFO - Current learning rate: 0.0005
[2026-06-16 09:35:26,380][finetune_logger][INFO] - Current learning rate: 0.0005
2026-06-16 09:35:44 - finetune_logger - INFO - Validation metrics: {'MAE': 182.520812191612, 'RMSE': 1275.948437217309}
[2026-06-16 09:35:44,036][finetune_logger][INFO] - Validation metrics: {'MAE': 182.520812191612, 'RMSE': 1275.948437217309}
2026-06-16 09:35:44 - finetune_logger - INFO - Val time: 17.66s
[2026-06-16 09:35:44,036][finetune_logger][INFO] - Val time: 17.66s
2026-06-16 09:35:44 - finetune_logger - INFO - Val memory reserved: 54.00 MB
[2026-06-16 09:35:44,037][finetune_logger][INFO] - Val memory reserved: 54.00 MB
2026-06-16 09:35:44 - finetune_logger - INFO - Val memory allocated: 18.10 MB
[2026-06-16 09:35:44,037][finetune_logger][INFO] - Val memory allocated: 18.10 MB
2026-06-16 09:35:44 - finetune_logger - INFO - Logged epoch 5 info to /public/home/202411094934/python_project/Spatio-Temporal-Library/time-series/2026-06-16/itransformer/finetune20/electricity/time-series/seed_0/training_log.json
[2026-06-16 09:35:44,040][finetune_logger][INFO] - Logged epoch 5 info to /public/home/202411094934/python_project/Spatio-Temporal-Library/time-series/2026-06-16/itransformer/finetune20/electricity/time-series/seed_0/training_log.json
2026-06-16 09:35:44 - finetune_logger - INFO - New best model! Val loss: 182.520812
[2026-06-16 09:35:44,040][finetune_logger][INFO] - New best model! Val loss: 182.520812
2026-06-16 09:36:20 - finetune_logger - INFO - Test metrics: {'MAE': 241.35087355973076, 'RMSE': 2103.1122288537094}
[2026-06-16 09:36:20,325][finetune_logger][INFO] - Test metrics: {'MAE': 241.35087355973076, 'RMSE': 2103.1122288537094}
2026-06-16 09:36:20 - finetune_logger - INFO - Test time: 36.24s
[2026-06-16 09:36:20,325][finetune_logger][INFO] - Test time: 36.24s
2026-06-16 09:36:20 - finetune_logger - INFO - Test memory reserved: 54.00 MB
[2026-06-16 09:36:20,325][finetune_logger][INFO] - Test memory reserved: 54.00 MB
2026-06-16 09:36:20 - finetune_logger - INFO - Test memory allocated: 18.10 MB
[2026-06-16 09:36:20,325][finetune_logger][INFO] - Test memory allocated: 18.10 MB
2026-06-16 09:36:20 - finetune_logger - INFO - Epoch 6/20
[2026-06-16 09:36:20,325][finetune_logger][INFO] - Epoch 6/20
2026-06-16 09:41:40 - finetune_logger - INFO - Train loss: 231.10722176106927
[2026-06-16 09:41:40,978][finetune_logger][INFO] - Train loss: 231.10722176106927
2026-06-16 09:41:40 - finetune_logger - INFO - Train time: 320.65175437927246s
[2026-06-16 09:41:40,978][finetune_logger][INFO] - Train time: 320.65175437927246s
2026-06-16 09:41:40 - finetune_logger - INFO - Train memory reserved: 54.00 MB
[2026-06-16 09:41:40,978][finetune_logger][INFO] - Train memory reserved: 54.00 MB
2026-06-16 09:41:40 - finetune_logger - INFO - Train memory allocated: 18.10 MB
[2026-06-16 09:41:40,978][finetune_logger][INFO] - Train memory allocated: 18.10 MB
2026-06-16 09:41:40 - finetune_logger - INFO - Current learning rate: 0.0005
[2026-06-16 09:41:40,978][finetune_logger][INFO] - Current learning rate: 0.0005
2026-06-16 09:41:58 - finetune_logger - INFO - Validation metrics: {'MAE': 180.2508472932513, 'RMSE': 1271.0144214895151}
[2026-06-16 09:41:58,574][finetune_logger][INFO] - Validation metrics: {'MAE': 180.2508472932513, 'RMSE': 1271.0144214895151}
2026-06-16 09:41:58 - finetune_logger - INFO - Val time: 17.60s
[2026-06-16 09:41:58,575][finetune_logger][INFO] - Val time: 17.60s
2026-06-16 09:41:58 - finetune_logger - INFO - Val memory reserved: 54.00 MB
[2026-06-16 09:41:58,575][finetune_logger][INFO] - Val memory reserved: 54.00 MB
2026-06-16 09:41:58 - finetune_logger - INFO - Val memory allocated: 18.10 MB
[2026-06-16 09:41:58,575][finetune_logger][INFO] - Val memory allocated: 18.10 MB
2026-06-16 09:41:58 - finetune_logger - INFO - Logged epoch 6 info to /public/home/202411094934/python_project/Spatio-Temporal-Library/time-series/2026-06-16/itransformer/finetune20/electricity/time-series/seed_0/training_log.json
[2026-06-16 09:41:58,579][finetune_logger][INFO] - Logged epoch 6 info to /public/home/202411094934/python_project/Spatio-Temporal-Library/time-series/2026-06-16/itransformer/finetune20/electricity/time-series/seed_0/training_log.json
2026-06-16 09:41:58 - finetune_logger - INFO - New best model! Val loss: 180.250847
[2026-06-16 09:41:58,579][finetune_logger][INFO] - New best model! Val loss: 180.250847
2026-06-16 09:42:34 - finetune_logger - INFO - Test metrics: {'MAE': 238.13172936672814, 'RMSE': 2077.779133151563}
[2026-06-16 09:42:34,858][finetune_logger][INFO] - Test metrics: {'MAE': 238.13172936672814, 'RMSE': 2077.779133151563}
2026-06-16 09:42:34 - finetune_logger - INFO - Test time: 36.23s
[2026-06-16 09:42:34,858][finetune_logger][INFO] - Test time: 36.23s
2026-06-16 09:42:34 - finetune_logger - INFO - Test memory reserved: 54.00 MB
[2026-06-16 09:42:34,858][finetune_logger][INFO] - Test memory reserved: 54.00 MB
2026-06-16 09:42:34 - finetune_logger - INFO - Test memory allocated: 18.10 MB
[2026-06-16 09:42:34,858][finetune_logger][INFO] - Test memory allocated: 18.10 MB
2026-06-16 09:42:34 - finetune_logger - INFO - Epoch 7/20
[2026-06-16 09:42:34,858][finetune_logger][INFO] - Epoch 7/20
2026-06-16 09:47:55 - finetune_logger - INFO - Train loss: 228.53120465894867
[2026-06-16 09:47:55,637][finetune_logger][INFO] - Train loss: 228.53120465894867
2026-06-16 09:47:55 - finetune_logger - INFO - Train time: 320.77815771102905s
[2026-06-16 09:47:55,637][finetune_logger][INFO] - Train time: 320.77815771102905s
2026-06-16 09:47:55 - finetune_logger - INFO - Train memory reserved: 54.00 MB
[2026-06-16 09:47:55,637][finetune_logger][INFO] - Train memory reserved: 54.00 MB
2026-06-16 09:47:55 - finetune_logger - INFO - Train memory allocated: 18.10 MB
[2026-06-16 09:47:55,637][finetune_logger][INFO] - Train memory allocated: 18.10 MB
2026-06-16 09:47:55 - finetune_logger - INFO - Current learning rate: 0.0005
[2026-06-16 09:47:55,638][finetune_logger][INFO] - Current learning rate: 0.0005
2026-06-16 09:48:13 - finetune_logger - INFO - Validation metrics: {'MAE': 178.02996255332508, 'RMSE': 1259.026747918379}
[2026-06-16 09:48:13,236][finetune_logger][INFO] - Validation metrics: {'MAE': 178.02996255332508, 'RMSE': 1259.026747918379}
2026-06-16 09:48:13 - finetune_logger - INFO - Val time: 17.60s
[2026-06-16 09:48:13,236][finetune_logger][INFO] - Val time: 17.60s
2026-06-16 09:48:13 - finetune_logger - INFO - Val memory reserved: 54.00 MB
[2026-06-16 09:48:13,236][finetune_logger][INFO] - Val memory reserved: 54.00 MB
2026-06-16 09:48:13 - finetune_logger - INFO - Val memory allocated: 18.10 MB
[2026-06-16 09:48:13,236][finetune_logger][INFO] - Val memory allocated: 18.10 MB
2026-06-16 09:48:13 - finetune_logger - INFO - Logged epoch 7 info to /public/home/202411094934/python_project/Spatio-Temporal-Library/time-series/2026-06-16/itransformer/finetune20/electricity/time-series/seed_0/training_log.json
[2026-06-16 09:48:13,240][finetune_logger][INFO] - Logged epoch 7 info to /public/home/202411094934/python_project/Spatio-Temporal-Library/time-series/2026-06-16/itransformer/finetune20/electricity/time-series/seed_0/training_log.json
2026-06-16 09:48:13 - finetune_logger - INFO - New best model! Val loss: 178.029963
[2026-06-16 09:48:13,240][finetune_logger][INFO] - New best model! Val loss: 178.029963
2026-06-16 09:48:49 - finetune_logger - INFO - Test metrics: {'MAE': 234.32236387002433, 'RMSE': 2052.2929639349513}
[2026-06-16 09:48:49,544][finetune_logger][INFO] - Test metrics: {'MAE': 234.32236387002433, 'RMSE': 2052.2929639349513}
2026-06-16 09:48:49 - finetune_logger - INFO - Test time: 36.26s
[2026-06-16 09:48:49,545][finetune_logger][INFO] - Test time: 36.26s
2026-06-16 09:48:49 - finetune_logger - INFO - Test memory reserved: 54.00 MB
[2026-06-16 09:48:49,545][finetune_logger][INFO] - Test memory reserved: 54.00 MB
2026-06-16 09:48:49 - finetune_logger - INFO - Test memory allocated: 18.10 MB
[2026-06-16 09:48:49,545][finetune_logger][INFO] - Test memory allocated: 18.10 MB
2026-06-16 09:48:49 - finetune_logger - INFO - Epoch 8/20
[2026-06-16 09:48:49,545][finetune_logger][INFO] - Epoch 8/20
2026-06-16 09:54:10 - finetune_logger - INFO - Train loss: 226.08319115495487
[2026-06-16 09:54:10,075][finetune_logger][INFO] - Train loss: 226.08319115495487
2026-06-16 09:54:10 - finetune_logger - INFO - Train time: 320.5292856693268s
[2026-06-16 09:54:10,075][finetune_logger][INFO] - Train time: 320.5292856693268s
2026-06-16 09:54:10 - finetune_logger - INFO - Train memory reserved: 54.00 MB
[2026-06-16 09:54:10,075][finetune_logger][INFO] - Train memory reserved: 54.00 MB
2026-06-16 09:54:10 - finetune_logger - INFO - Train memory allocated: 18.10 MB
[2026-06-16 09:54:10,075][finetune_logger][INFO] - Train memory allocated: 18.10 MB
2026-06-16 09:54:10 - finetune_logger - INFO - Current learning rate: 0.0005
[2026-06-16 09:54:10,076][finetune_logger][INFO] - Current learning rate: 0.0005
2026-06-16 09:54:27 - finetune_logger - INFO - Validation metrics: {'MAE': 176.58487570351056, 'RMSE': 1257.068709331314}
[2026-06-16 09:54:27,732][finetune_logger][INFO] - Validation metrics: {'MAE': 176.58487570351056, 'RMSE': 1257.068709331314}
2026-06-16 09:54:27 - finetune_logger - INFO - Val time: 17.66s
[2026-06-16 09:54:27,732][finetune_logger][INFO] - Val time: 17.66s
2026-06-16 09:54:27 - finetune_logger - INFO - Val memory reserved: 54.00 MB
[2026-06-16 09:54:27,732][finetune_logger][INFO] - Val memory reserved: 54.00 MB
2026-06-16 09:54:27 - finetune_logger - INFO - Val memory allocated: 18.10 MB
[2026-06-16 09:54:27,732][finetune_logger][INFO] - Val memory allocated: 18.10 MB
2026-06-16 09:54:27 - finetune_logger - INFO - Logged epoch 8 info to /public/home/202411094934/python_project/Spatio-Temporal-Library/time-series/2026-06-16/itransformer/finetune20/electricity/time-series/seed_0/training_log.json
[2026-06-16 09:54:27,736][finetune_logger][INFO] - Logged epoch 8 info to /public/home/202411094934/python_project/Spatio-Temporal-Library/time-series/2026-06-16/itransformer/finetune20/electricity/time-series/seed_0/training_log.json
2026-06-16 09:54:27 - finetune_logger - INFO - New best model! Val loss: 176.584876
[2026-06-16 09:54:27,736][finetune_logger][INFO] - New best model! Val loss: 176.584876
2026-06-16 09:55:04 - finetune_logger - INFO - Test metrics: {'MAE': 232.58166088837854, 'RMSE': 2045.1755959259413}
[2026-06-16 09:55:04,047][finetune_logger][INFO] - Test metrics: {'MAE': 232.58166088837854, 'RMSE': 2045.1755959259413}
2026-06-16 09:55:04 - finetune_logger - INFO - Test time: 36.26s
[2026-06-16 09:55:04,047][finetune_logger][INFO] - Test time: 36.26s
2026-06-16 09:55:04 - finetune_logger - INFO - Test memory reserved: 54.00 MB
[2026-06-16 09:55:04,047][finetune_logger][INFO] - Test memory reserved: 54.00 MB
2026-06-16 09:55:04 - finetune_logger - INFO - Test memory allocated: 18.10 MB
[2026-06-16 09:55:04,047][finetune_logger][INFO] - Test memory allocated: 18.10 MB
2026-06-16 09:55:04 - finetune_logger - INFO - Epoch 9/20
[2026-06-16 09:55:04,047][finetune_logger][INFO] - Epoch 9/20
2026-06-16 10:00:24 - finetune_logger - INFO - Train loss: 224.3040784854824
[2026-06-16 10:00:24,579][finetune_logger][INFO] - Train loss: 224.3040784854824
2026-06-16 10:00:24 - finetune_logger - INFO - Train time: 320.5314245223999s
[2026-06-16 10:00:24,580][finetune_logger][INFO] - Train time: 320.5314245223999s
2026-06-16 10:00:24 - finetune_logger - INFO - Train memory reserved: 54.00 MB
[2026-06-16 10:00:24,580][finetune_logger][INFO] - Train memory reserved: 54.00 MB
2026-06-16 10:00:24 - finetune_logger - INFO - Train memory allocated: 18.10 MB
[2026-06-16 10:00:24,580][finetune_logger][INFO] - Train memory allocated: 18.10 MB
2026-06-16 10:00:24 - finetune_logger - INFO - Current learning rate: 0.0005
[2026-06-16 10:00:24,580][finetune_logger][INFO] - Current learning rate: 0.0005
2026-06-16 10:00:42 - finetune_logger - INFO - Validation metrics: {'MAE': 179.47613302451668, 'RMSE': 1280.894118266862}
[2026-06-16 10:00:42,223][finetune_logger][INFO] - Validation metrics: {'MAE': 179.47613302451668, 'RMSE': 1280.894118266862}
2026-06-16 10:00:42 - finetune_logger - INFO - Val time: 17.64s
[2026-06-16 10:00:42,224][finetune_logger][INFO] - Val time: 17.64s
2026-06-16 10:00:42 - finetune_logger - INFO - Val memory reserved: 54.00 MB
[2026-06-16 10:00:42,224][finetune_logger][INFO] - Val memory reserved: 54.00 MB
2026-06-16 10:00:42 - finetune_logger - INFO - Val memory allocated: 18.10 MB
[2026-06-16 10:00:42,224][finetune_logger][INFO] - Val memory allocated: 18.10 MB
2026-06-16 10:00:42 - finetune_logger - INFO - Logged epoch 9 info to /public/home/202411094934/python_project/Spatio-Temporal-Library/time-series/2026-06-16/itransformer/finetune20/electricity/time-series/seed_0/training_log.json
[2026-06-16 10:00:42,227][finetune_logger][INFO] - Logged epoch 9 info to /public/home/202411094934/python_project/Spatio-Temporal-Library/time-series/2026-06-16/itransformer/finetune20/electricity/time-series/seed_0/training_log.json
2026-06-16 10:01:18 - finetune_logger - INFO - Test metrics: {'MAE': 235.8436115158986, 'RMSE': 2086.157045907195}
[2026-06-16 10:01:18,507][finetune_logger][INFO] - Test metrics: {'MAE': 235.8436115158986, 'RMSE': 2086.157045907195}
2026-06-16 10:01:18 - finetune_logger - INFO - Test time: 36.28s
[2026-06-16 10:01:18,508][finetune_logger][INFO] - Test time: 36.28s
2026-06-16 10:01:18 - finetune_logger - INFO - Test memory reserved: 54.00 MB
[2026-06-16 10:01:18,508][finetune_logger][INFO] - Test memory reserved: 54.00 MB
2026-06-16 10:01:18 - finetune_logger - INFO - Test memory allocated: 18.10 MB
[2026-06-16 10:01:18,508][finetune_logger][INFO] - Test memory allocated: 18.10 MB
2026-06-16 10:01:18 - finetune_logger - INFO - Epoch 10/20
[2026-06-16 10:01:18,508][finetune_logger][INFO] - Epoch 10/20
2026-06-16 10:06:39 - finetune_logger - INFO - Train loss: 222.53517605440575
[2026-06-16 10:06:39,230][finetune_logger][INFO] - Train loss: 222.53517605440575
2026-06-16 10:06:39 - finetune_logger - INFO - Train time: 320.72121953964233s
[2026-06-16 10:06:39,230][finetune_logger][INFO] - Train time: 320.72121953964233s
2026-06-16 10:06:39 - finetune_logger - INFO - Train memory reserved: 54.00 MB
[2026-06-16 10:06:39,230][finetune_logger][INFO] - Train memory reserved: 54.00 MB
2026-06-16 10:06:39 - finetune_logger - INFO - Train memory allocated: 18.10 MB
[2026-06-16 10:06:39,230][finetune_logger][INFO] - Train memory allocated: 18.10 MB
2026-06-16 10:06:39 - finetune_logger - INFO - Current learning rate: 0.0005
[2026-06-16 10:06:39,230][finetune_logger][INFO] - Current learning rate: 0.0005
2026-06-16 10:06:56 - finetune_logger - INFO - Validation metrics: {'MAE': 174.43763703035114, 'RMSE': 1234.5126503006768}
[2026-06-16 10:06:56,720][finetune_logger][INFO] - Validation metrics: {'MAE': 174.43763703035114, 'RMSE': 1234.5126503006768}
2026-06-16 10:06:56 - finetune_logger - INFO - Val time: 17.49s
[2026-06-16 10:06:56,720][finetune_logger][INFO] - Val time: 17.49s
2026-06-16 10:06:56 - finetune_logger - INFO - Val memory reserved: 54.00 MB
[2026-06-16 10:06:56,720][finetune_logger][INFO] - Val memory reserved: 54.00 MB
2026-06-16 10:06:56 - finetune_logger - INFO - Val memory allocated: 18.10 MB
[2026-06-16 10:06:56,720][finetune_logger][INFO] - Val memory allocated: 18.10 MB
2026-06-16 10:06:56 - finetune_logger - INFO - Logged epoch 10 info to /public/home/202411094934/python_project/Spatio-Temporal-Library/time-series/2026-06-16/itransformer/finetune20/electricity/time-series/seed_0/training_log.json
[2026-06-16 10:06:56,724][finetune_logger][INFO] - Logged epoch 10 info to /public/home/202411094934/python_project/Spatio-Temporal-Library/time-series/2026-06-16/itransformer/finetune20/electricity/time-series/seed_0/training_log.json
2026-06-16 10:06:56 - finetune_logger - INFO - New best model! Val loss: 174.437637
[2026-06-16 10:06:56,724][finetune_logger][INFO] - New best model! Val loss: 174.437637
2026-06-16 10:07:32 - finetune_logger - INFO - Test metrics: {'MAE': 232.34356963422505, 'RMSE': 2032.1496760979867}
[2026-06-16 10:07:32,974][finetune_logger][INFO] - Test metrics: {'MAE': 232.34356963422505, 'RMSE': 2032.1496760979867}
2026-06-16 10:07:32 - finetune_logger - INFO - Test time: 36.20s
[2026-06-16 10:07:32,974][finetune_logger][INFO] - Test time: 36.20s
2026-06-16 10:07:32 - finetune_logger - INFO - Test memory reserved: 54.00 MB
[2026-06-16 10:07:32,975][finetune_logger][INFO] - Test memory reserved: 54.00 MB
2026-06-16 10:07:32 - finetune_logger - INFO - Test memory allocated: 18.10 MB
[2026-06-16 10:07:32,975][finetune_logger][INFO] - Test memory allocated: 18.10 MB
2026-06-16 10:07:32 - finetune_logger - INFO - Epoch 11/20
[2026-06-16 10:07:32,975][finetune_logger][INFO] - Epoch 11/20
2026-06-16 10:12:53 - finetune_logger - INFO - Train loss: 217.38958517575412
[2026-06-16 10:12:53,994][finetune_logger][INFO] - Train loss: 217.38958517575412
2026-06-16 10:12:53 - finetune_logger - INFO - Train time: 321.01893305778503s
[2026-06-16 10:12:53,995][finetune_logger][INFO] - Train time: 321.01893305778503s
2026-06-16 10:12:53 - finetune_logger - INFO - Train memory reserved: 54.00 MB
[2026-06-16 10:12:53,995][finetune_logger][INFO] - Train memory reserved: 54.00 MB
2026-06-16 10:12:53 - finetune_logger - INFO - Train memory allocated: 18.10 MB
[2026-06-16 10:12:53,995][finetune_logger][INFO] - Train memory allocated: 18.10 MB
2026-06-16 10:12:53 - finetune_logger - INFO - Current learning rate: 0.00025
[2026-06-16 10:12:53,995][finetune_logger][INFO] - Current learning rate: 0.00025
2026-06-16 10:13:11 - finetune_logger - INFO - Validation metrics: {'MAE': 173.28698992277432, 'RMSE': 1224.1003128083871}
[2026-06-16 10:13:11,634][finetune_logger][INFO] - Validation metrics: {'MAE': 173.28698992277432, 'RMSE': 1224.1003128083871}
2026-06-16 10:13:11 - finetune_logger - INFO - Val time: 17.64s
[2026-06-16 10:13:11,635][finetune_logger][INFO] - Val time: 17.64s
2026-06-16 10:13:11 - finetune_logger - INFO - Val memory reserved: 54.00 MB
[2026-06-16 10:13:11,635][finetune_logger][INFO] - Val memory reserved: 54.00 MB
2026-06-16 10:13:11 - finetune_logger - INFO - Val memory allocated: 18.10 MB
[2026-06-16 10:13:11,635][finetune_logger][INFO] - Val memory allocated: 18.10 MB
2026-06-16 10:13:11 - finetune_logger - INFO - Logged epoch 11 info to /public/home/202411094934/python_project/Spatio-Temporal-Library/time-series/2026-06-16/itransformer/finetune20/electricity/time-series/seed_0/training_log.json
[2026-06-16 10:13:11,638][finetune_logger][INFO] - Logged epoch 11 info to /public/home/202411094934/python_project/Spatio-Temporal-Library/time-series/2026-06-16/itransformer/finetune20/electricity/time-series/seed_0/training_log.json
2026-06-16 10:13:11 - finetune_logger - INFO - New best model! Val loss: 173.286990
[2026-06-16 10:13:11,638][finetune_logger][INFO] - New best model! Val loss: 173.286990
2026-06-16 10:13:48 - finetune_logger - INFO - Test metrics: {'MAE': 230.17448696519537, 'RMSE': 2025.279906556098}
[2026-06-16 10:13:48,002][finetune_logger][INFO] - Test metrics: {'MAE': 230.17448696519537, 'RMSE': 2025.279906556098}
2026-06-16 10:13:48 - finetune_logger - INFO - Test time: 36.32s
[2026-06-16 10:13:48,002][finetune_logger][INFO] - Test time: 36.32s
2026-06-16 10:13:48 - finetune_logger - INFO - Test memory reserved: 54.00 MB
[2026-06-16 10:13:48,003][finetune_logger][INFO] - Test memory reserved: 54.00 MB
2026-06-16 10:13:48 - finetune_logger - INFO - Test memory allocated: 18.10 MB
[2026-06-16 10:13:48,003][finetune_logger][INFO] - Test memory allocated: 18.10 MB
2026-06-16 10:13:48 - finetune_logger - INFO - Epoch 12/20
[2026-06-16 10:13:48,003][finetune_logger][INFO] - Epoch 12/20
2026-06-16 10:19:09 - finetune_logger - INFO - Train loss: 216.16018493218684
[2026-06-16 10:19:09,020][finetune_logger][INFO] - Train loss: 216.16018493218684
2026-06-16 10:19:09 - finetune_logger - INFO - Train time: 321.01697611808777s
[2026-06-16 10:19:09,021][finetune_logger][INFO] - Train time: 321.01697611808777s
2026-06-16 10:19:09 - finetune_logger - INFO - Train memory reserved: 54.00 MB
[2026-06-16 10:19:09,021][finetune_logger][INFO] - Train memory reserved: 54.00 MB
2026-06-16 10:19:09 - finetune_logger - INFO - Train memory allocated: 18.10 MB
[2026-06-16 10:19:09,021][finetune_logger][INFO] - Train memory allocated: 18.10 MB
2026-06-16 10:19:09 - finetune_logger - INFO - Current learning rate: 0.00025
[2026-06-16 10:19:09,021][finetune_logger][INFO] - Current learning rate: 0.00025
2026-06-16 10:19:26 - finetune_logger - INFO - Validation metrics: {'MAE': 170.35526931280825, 'RMSE': 1210.8762976202697}
[2026-06-16 10:19:26,625][finetune_logger][INFO] - Validation metrics: {'MAE': 170.35526931280825, 'RMSE': 1210.8762976202697}
2026-06-16 10:19:26 - finetune_logger - INFO - Val time: 17.60s
[2026-06-16 10:19:26,625][finetune_logger][INFO] - Val time: 17.60s
2026-06-16 10:19:26 - finetune_logger - INFO - Val memory reserved: 54.00 MB
[2026-06-16 10:19:26,625][finetune_logger][INFO] - Val memory reserved: 54.00 MB
2026-06-16 10:19:26 - finetune_logger - INFO - Val memory allocated: 18.10 MB
[2026-06-16 10:19:26,625][finetune_logger][INFO] - Val memory allocated: 18.10 MB
2026-06-16 10:19:26 - finetune_logger - INFO - Logged epoch 12 info to /public/home/202411094934/python_project/Spatio-Temporal-Library/time-series/2026-06-16/itransformer/finetune20/electricity/time-series/seed_0/training_log.json
[2026-06-16 10:19:26,629][finetune_logger][INFO] - Logged epoch 12 info to /public/home/202411094934/python_project/Spatio-Temporal-Library/time-series/2026-06-16/itransformer/finetune20/electricity/time-series/seed_0/training_log.json
2026-06-16 10:19:26 - finetune_logger - INFO - New best model! Val loss: 170.355269
[2026-06-16 10:19:26,629][finetune_logger][INFO] - New best model! Val loss: 170.355269
2026-06-16 10:20:02 - finetune_logger - INFO - Test metrics: {'MAE': 226.70962216312648, 'RMSE': 1996.648565470254}
[2026-06-16 10:20:02,975][finetune_logger][INFO] - Test metrics: {'MAE': 226.70962216312648, 'RMSE': 1996.648565470254}
2026-06-16 10:20:02 - finetune_logger - INFO - Test time: 36.30s
[2026-06-16 10:20:02,975][finetune_logger][INFO] - Test time: 36.30s
2026-06-16 10:20:02 - finetune_logger - INFO - Test memory reserved: 54.00 MB
[2026-06-16 10:20:02,976][finetune_logger][INFO] - Test memory reserved: 54.00 MB
2026-06-16 10:20:02 - finetune_logger - INFO - Test memory allocated: 18.10 MB
[2026-06-16 10:20:02,976][finetune_logger][INFO] - Test memory allocated: 18.10 MB
2026-06-16 10:20:02 - finetune_logger - INFO - Epoch 13/20
[2026-06-16 10:20:02,976][finetune_logger][INFO] - Epoch 13/20
2026-06-16 10:25:23 - finetune_logger - INFO - Train loss: 215.24961415987255
[2026-06-16 10:25:23,857][finetune_logger][INFO] - Train loss: 215.24961415987255
2026-06-16 10:25:23 - finetune_logger - INFO - Train time: 320.881103515625s
[2026-06-16 10:25:23,858][finetune_logger][INFO] - Train time: 320.881103515625s
2026-06-16 10:25:23 - finetune_logger - INFO - Train memory reserved: 54.00 MB
[2026-06-16 10:25:23,858][finetune_logger][INFO] - Train memory reserved: 54.00 MB
2026-06-16 10:25:23 - finetune_logger - INFO - Train memory allocated: 18.10 MB
[2026-06-16 10:25:23,858][finetune_logger][INFO] - Train memory allocated: 18.10 MB
2026-06-16 10:25:23 - finetune_logger - INFO - Current learning rate: 0.00025
[2026-06-16 10:25:23,858][finetune_logger][INFO] - Current learning rate: 0.00025
2026-06-16 10:25:41 - finetune_logger - INFO - Validation metrics: {'MAE': 172.19142402408022, 'RMSE': 1211.2036182540062}
[2026-06-16 10:25:41,487][finetune_logger][INFO] - Validation metrics: {'MAE': 172.19142402408022, 'RMSE': 1211.2036182540062}
2026-06-16 10:25:41 - finetune_logger - INFO - Val time: 17.63s
[2026-06-16 10:25:41,487][finetune_logger][INFO] - Val time: 17.63s
2026-06-16 10:25:41 - finetune_logger - INFO - Val memory reserved: 54.00 MB
[2026-06-16 10:25:41,487][finetune_logger][INFO] - Val memory reserved: 54.00 MB
2026-06-16 10:25:41 - finetune_logger - INFO - Val memory allocated: 18.10 MB
[2026-06-16 10:25:41,487][finetune_logger][INFO] - Val memory allocated: 18.10 MB
2026-06-16 10:25:41 - finetune_logger - INFO - Logged epoch 13 info to /public/home/202411094934/python_project/Spatio-Temporal-Library/time-series/2026-06-16/itransformer/finetune20/electricity/time-series/seed_0/training_log.json
[2026-06-16 10:25:41,491][finetune_logger][INFO] - Logged epoch 13 info to /public/home/202411094934/python_project/Spatio-Temporal-Library/time-series/2026-06-16/itransformer/finetune20/electricity/time-series/seed_0/training_log.json
2026-06-16 10:26:17 - finetune_logger - INFO - Test metrics: {'MAE': 227.6394725302045, 'RMSE': 1995.199883736979}
[2026-06-16 10:26:17,791][finetune_logger][INFO] - Test metrics: {'MAE': 227.6394725302045, 'RMSE': 1995.199883736979}
2026-06-16 10:26:17 - finetune_logger - INFO - Test time: 36.30s
[2026-06-16 10:26:17,791][finetune_logger][INFO] - Test time: 36.30s
2026-06-16 10:26:17 - finetune_logger - INFO - Test memory reserved: 54.00 MB
[2026-06-16 10:26:17,791][finetune_logger][INFO] - Test memory reserved: 54.00 MB
2026-06-16 10:26:17 - finetune_logger - INFO - Test memory allocated: 18.10 MB
[2026-06-16 10:26:17,791][finetune_logger][INFO] - Test memory allocated: 18.10 MB
2026-06-16 10:26:17 - finetune_logger - INFO - Epoch 14/20
[2026-06-16 10:26:17,791][finetune_logger][INFO] - Epoch 14/20
2026-06-16 10:31:38 - finetune_logger - INFO - Train loss: 214.31896549272471
[2026-06-16 10:31:38,446][finetune_logger][INFO] - Train loss: 214.31896549272471
2026-06-16 10:31:38 - finetune_logger - INFO - Train time: 320.6543834209442s
[2026-06-16 10:31:38,446][finetune_logger][INFO] - Train time: 320.6543834209442s
2026-06-16 10:31:38 - finetune_logger - INFO - Train memory reserved: 54.00 MB
[2026-06-16 10:31:38,447][finetune_logger][INFO] - Train memory reserved: 54.00 MB
2026-06-16 10:31:38 - finetune_logger - INFO - Train memory allocated: 18.10 MB
[2026-06-16 10:31:38,447][finetune_logger][INFO] - Train memory allocated: 18.10 MB
2026-06-16 10:31:38 - finetune_logger - INFO - Current learning rate: 0.00025
[2026-06-16 10:31:38,447][finetune_logger][INFO] - Current learning rate: 0.00025
2026-06-16 10:31:56 - finetune_logger - INFO - Validation metrics: {'MAE': 169.91394718210267, 'RMSE': 1214.9660716103022}
[2026-06-16 10:31:56,010][finetune_logger][INFO] - Validation metrics: {'MAE': 169.91394718210267, 'RMSE': 1214.9660716103022}
2026-06-16 10:31:56 - finetune_logger - INFO - Val time: 17.56s
[2026-06-16 10:31:56,010][finetune_logger][INFO] - Val time: 17.56s
2026-06-16 10:31:56 - finetune_logger - INFO - Val memory reserved: 54.00 MB
[2026-06-16 10:31:56,011][finetune_logger][INFO] - Val memory reserved: 54.00 MB
2026-06-16 10:31:56 - finetune_logger - INFO - Val memory allocated: 18.10 MB
[2026-06-16 10:31:56,011][finetune_logger][INFO] - Val memory allocated: 18.10 MB
2026-06-16 10:31:56 - finetune_logger - INFO - Logged epoch 14 info to /public/home/202411094934/python_project/Spatio-Temporal-Library/time-series/2026-06-16/itransformer/finetune20/electricity/time-series/seed_0/training_log.json
[2026-06-16 10:31:56,014][finetune_logger][INFO] - Logged epoch 14 info to /public/home/202411094934/python_project/Spatio-Temporal-Library/time-series/2026-06-16/itransformer/finetune20/electricity/time-series/seed_0/training_log.json
2026-06-16 10:31:56 - finetune_logger - INFO - New best model! Val loss: 169.913947
[2026-06-16 10:31:56,014][finetune_logger][INFO] - New best model! Val loss: 169.913947
2026-06-16 10:32:32 - finetune_logger - INFO - Test metrics: {'MAE': 227.3822284421919, 'RMSE': 2004.9734970650406}
[2026-06-16 10:32:32,309][finetune_logger][INFO] - Test metrics: {'MAE': 227.3822284421919, 'RMSE': 2004.9734970650406}
2026-06-16 10:32:32 - finetune_logger - INFO - Test time: 36.25s
[2026-06-16 10:32:32,309][finetune_logger][INFO] - Test time: 36.25s
2026-06-16 10:32:32 - finetune_logger - INFO - Test memory reserved: 54.00 MB
[2026-06-16 10:32:32,309][finetune_logger][INFO] - Test memory reserved: 54.00 MB
2026-06-16 10:32:32 - finetune_logger - INFO - Test memory allocated: 18.10 MB
[2026-06-16 10:32:32,309][finetune_logger][INFO] - Test memory allocated: 18.10 MB
2026-06-16 10:32:32 - finetune_logger - INFO - Epoch 15/20
[2026-06-16 10:32:32,310][finetune_logger][INFO] - Epoch 15/20
2026-06-16 10:37:53 - finetune_logger - INFO - Train loss: 213.6843588307419
[2026-06-16 10:37:53,040][finetune_logger][INFO] - Train loss: 213.6843588307419
2026-06-16 10:37:53 - finetune_logger - INFO - Train time: 320.73028111457825s
[2026-06-16 10:37:53,041][finetune_logger][INFO] - Train time: 320.73028111457825s
2026-06-16 10:37:53 - finetune_logger - INFO - Train memory reserved: 54.00 MB
[2026-06-16 10:37:53,041][finetune_logger][INFO] - Train memory reserved: 54.00 MB
2026-06-16 10:37:53 - finetune_logger - INFO - Train memory allocated: 18.10 MB
[2026-06-16 10:37:53,041][finetune_logger][INFO] - Train memory allocated: 18.10 MB
2026-06-16 10:37:53 - finetune_logger - INFO - Current learning rate: 0.00025
[2026-06-16 10:37:53,041][finetune_logger][INFO] - Current learning rate: 0.00025
2026-06-16 10:38:10 - finetune_logger - INFO - Validation metrics: {'MAE': 171.94962769839668, 'RMSE': 1202.7061497353004}
[2026-06-16 10:38:10,604][finetune_logger][INFO] - Validation metrics: {'MAE': 171.94962769839668, 'RMSE': 1202.7061497353004}
2026-06-16 10:38:10 - finetune_logger - INFO - Val time: 17.56s
[2026-06-16 10:38:10,605][finetune_logger][INFO] - Val time: 17.56s
2026-06-16 10:38:10 - finetune_logger - INFO - Val memory reserved: 54.00 MB
[2026-06-16 10:38:10,605][finetune_logger][INFO] - Val memory reserved: 54.00 MB
2026-06-16 10:38:10 - finetune_logger - INFO - Val memory allocated: 18.10 MB
[2026-06-16 10:38:10,605][finetune_logger][INFO] - Val memory allocated: 18.10 MB
2026-06-16 10:38:10 - finetune_logger - INFO - Logged epoch 15 info to /public/home/202411094934/python_project/Spatio-Temporal-Library/time-series/2026-06-16/itransformer/finetune20/electricity/time-series/seed_0/training_log.json
[2026-06-16 10:38:10,608][finetune_logger][INFO] - Logged epoch 15 info to /public/home/202411094934/python_project/Spatio-Temporal-Library/time-series/2026-06-16/itransformer/finetune20/electricity/time-series/seed_0/training_log.json
2026-06-16 10:38:46 - finetune_logger - INFO - Test metrics: {'MAE': 229.0296002161907, 'RMSE': 1998.0315914774915}
[2026-06-16 10:38:46,832][finetune_logger][INFO] - Test metrics: {'MAE': 229.0296002161907, 'RMSE': 1998.0315914774915}
2026-06-16 10:38:46 - finetune_logger - INFO - Test time: 36.22s
[2026-06-16 10:38:46,832][finetune_logger][INFO] - Test time: 36.22s
2026-06-16 10:38:46 - finetune_logger - INFO - Test memory reserved: 54.00 MB
[2026-06-16 10:38:46,832][finetune_logger][INFO] - Test memory reserved: 54.00 MB
2026-06-16 10:38:46 - finetune_logger - INFO - Test memory allocated: 18.10 MB
[2026-06-16 10:38:46,833][finetune_logger][INFO] - Test memory allocated: 18.10 MB
2026-06-16 10:38:46 - finetune_logger - INFO - Epoch 16/20
[2026-06-16 10:38:46,833][finetune_logger][INFO] - Epoch 16/20
2026-06-16 10:44:07 - finetune_logger - INFO - Train loss: 212.94324240495808
[2026-06-16 10:44:07,437][finetune_logger][INFO] - Train loss: 212.94324240495808
2026-06-16 10:44:07 - finetune_logger - INFO - Train time: 320.6036500930786s
[2026-06-16 10:44:07,437][finetune_logger][INFO] - Train time: 320.6036500930786s
2026-06-16 10:44:07 - finetune_logger - INFO - Train memory reserved: 54.00 MB
[2026-06-16 10:44:07,437][finetune_logger][INFO] - Train memory reserved: 54.00 MB
2026-06-16 10:44:07 - finetune_logger - INFO - Train memory allocated: 18.10 MB
[2026-06-16 10:44:07,437][finetune_logger][INFO] - Train memory allocated: 18.10 MB
2026-06-16 10:44:07 - finetune_logger - INFO - Current learning rate: 0.00025
[2026-06-16 10:44:07,437][finetune_logger][INFO] - Current learning rate: 0.00025
2026-06-16 10:44:25 - finetune_logger - INFO - Validation metrics: {'MAE': 171.7166021921253, 'RMSE': 1231.304619706002}
[2026-06-16 10:44:25,045][finetune_logger][INFO] - Validation metrics: {'MAE': 171.7166021921253, 'RMSE': 1231.304619706002}
2026-06-16 10:44:25 - finetune_logger - INFO - Val time: 17.61s
[2026-06-16 10:44:25,045][finetune_logger][INFO] - Val time: 17.61s
2026-06-16 10:44:25 - finetune_logger - INFO - Val memory reserved: 54.00 MB
[2026-06-16 10:44:25,045][finetune_logger][INFO] - Val memory reserved: 54.00 MB
2026-06-16 10:44:25 - finetune_logger - INFO - Val memory allocated: 18.10 MB
[2026-06-16 10:44:25,045][finetune_logger][INFO] - Val memory allocated: 18.10 MB
2026-06-16 10:44:25 - finetune_logger - INFO - Logged epoch 16 info to /public/home/202411094934/python_project/Spatio-Temporal-Library/time-series/2026-06-16/itransformer/finetune20/electricity/time-series/seed_0/training_log.json
[2026-06-16 10:44:25,049][finetune_logger][INFO] - Logged epoch 16 info to /public/home/202411094934/python_project/Spatio-Temporal-Library/time-series/2026-06-16/itransformer/finetune20/electricity/time-series/seed_0/training_log.json
2026-06-16 10:45:01 - finetune_logger - INFO - Test metrics: {'MAE': 227.59228745101106, 'RMSE': 1998.5985550770752}
[2026-06-16 10:45:01,285][finetune_logger][INFO] - Test metrics: {'MAE': 227.59228745101106, 'RMSE': 1998.5985550770752}
2026-06-16 10:45:01 - finetune_logger - INFO - Test time: 36.24s
[2026-06-16 10:45:01,285][finetune_logger][INFO] - Test time: 36.24s
2026-06-16 10:45:01 - finetune_logger - INFO - Test memory reserved: 54.00 MB
[2026-06-16 10:45:01,285][finetune_logger][INFO] - Test memory reserved: 54.00 MB
2026-06-16 10:45:01 - finetune_logger - INFO - Test memory allocated: 18.10 MB
[2026-06-16 10:45:01,286][finetune_logger][INFO] - Test memory allocated: 18.10 MB
2026-06-16 10:45:01 - finetune_logger - INFO - Epoch 17/20
[2026-06-16 10:45:01,286][finetune_logger][INFO] - Epoch 17/20
2026-06-16 10:50:22 - finetune_logger - INFO - Train loss: 212.10665934775102
[2026-06-16 10:50:22,173][finetune_logger][INFO] - Train loss: 212.10665934775102
2026-06-16 10:50:22 - finetune_logger - INFO - Train time: 320.88682889938354s
[2026-06-16 10:50:22,173][finetune_logger][INFO] - Train time: 320.88682889938354s
2026-06-16 10:50:22 - finetune_logger - INFO - Train memory reserved: 54.00 MB
[2026-06-16 10:50:22,173][finetune_logger][INFO] - Train memory reserved: 54.00 MB
2026-06-16 10:50:22 - finetune_logger - INFO - Train memory allocated: 18.10 MB
[2026-06-16 10:50:22,174][finetune_logger][INFO] - Train memory allocated: 18.10 MB
2026-06-16 10:50:22 - finetune_logger - INFO - Current learning rate: 0.00025
[2026-06-16 10:50:22,174][finetune_logger][INFO] - Current learning rate: 0.00025
2026-06-16 10:50:39 - finetune_logger - INFO - Validation metrics: {'MAE': 171.08862875205608, 'RMSE': 1219.368400634761}
[2026-06-16 10:50:39,805][finetune_logger][INFO] - Validation metrics: {'MAE': 171.08862875205608, 'RMSE': 1219.368400634761}
2026-06-16 10:50:39 - finetune_logger - INFO - Val time: 17.63s
[2026-06-16 10:50:39,805][finetune_logger][INFO] - Val time: 17.63s
2026-06-16 10:50:39 - finetune_logger - INFO - Val memory reserved: 54.00 MB
[2026-06-16 10:50:39,805][finetune_logger][INFO] - Val memory reserved: 54.00 MB
2026-06-16 10:50:39 - finetune_logger - INFO - Val memory allocated: 18.10 MB
[2026-06-16 10:50:39,805][finetune_logger][INFO] - Val memory allocated: 18.10 MB
2026-06-16 10:50:39 - finetune_logger - INFO - Logged epoch 17 info to /public/home/202411094934/python_project/Spatio-Temporal-Library/time-series/2026-06-16/itransformer/finetune20/electricity/time-series/seed_0/training_log.json
[2026-06-16 10:50:39,809][finetune_logger][INFO] - Logged epoch 17 info to /public/home/202411094934/python_project/Spatio-Temporal-Library/time-series/2026-06-16/itransformer/finetune20/electricity/time-series/seed_0/training_log.json
2026-06-16 10:51:16 - finetune_logger - INFO - Test metrics: {'MAE': 227.2953063556473, 'RMSE': 2012.5387525579229}
[2026-06-16 10:51:16,170][finetune_logger][INFO] - Test metrics: {'MAE': 227.2953063556473, 'RMSE': 2012.5387525579229}
2026-06-16 10:51:16 - finetune_logger - INFO - Test time: 36.36s
[2026-06-16 10:51:16,171][finetune_logger][INFO] - Test time: 36.36s
2026-06-16 10:51:16 - finetune_logger - INFO - Test memory reserved: 54.00 MB
[2026-06-16 10:51:16,171][finetune_logger][INFO] - Test memory reserved: 54.00 MB
2026-06-16 10:51:16 - finetune_logger - INFO - Test memory allocated: 18.10 MB
[2026-06-16 10:51:16,171][finetune_logger][INFO] - Test memory allocated: 18.10 MB
2026-06-16 10:51:16 - finetune_logger - INFO - Epoch 18/20
[2026-06-16 10:51:16,171][finetune_logger][INFO] - Epoch 18/20
2026-06-16 10:56:36 - finetune_logger - INFO - Train loss: 211.46207633283362
[2026-06-16 10:56:36,906][finetune_logger][INFO] - Train loss: 211.46207633283362
2026-06-16 10:56:36 - finetune_logger - INFO - Train time: 320.73457527160645s
[2026-06-16 10:56:36,906][finetune_logger][INFO] - Train time: 320.73457527160645s
2026-06-16 10:56:36 - finetune_logger - INFO - Train memory reserved: 54.00 MB
[2026-06-16 10:56:36,906][finetune_logger][INFO] - Train memory reserved: 54.00 MB
2026-06-16 10:56:36 - finetune_logger - INFO - Train memory allocated: 18.10 MB
[2026-06-16 10:56:36,907][finetune_logger][INFO] - Train memory allocated: 18.10 MB
2026-06-16 10:56:36 - finetune_logger - INFO - Current learning rate: 0.00025
[2026-06-16 10:56:36,907][finetune_logger][INFO] - Current learning rate: 0.00025
2026-06-16 10:56:54 - finetune_logger - INFO - Validation metrics: {'MAE': 170.31061349326646, 'RMSE': 1200.7622719855071}
[2026-06-16 10:56:54,571][finetune_logger][INFO] - Validation metrics: {'MAE': 170.31061349326646, 'RMSE': 1200.7622719855071}
2026-06-16 10:56:54 - finetune_logger - INFO - Val time: 17.66s
[2026-06-16 10:56:54,572][finetune_logger][INFO] - Val time: 17.66s
2026-06-16 10:56:54 - finetune_logger - INFO - Val memory reserved: 54.00 MB
[2026-06-16 10:56:54,572][finetune_logger][INFO] - Val memory reserved: 54.00 MB
2026-06-16 10:56:54 - finetune_logger - INFO - Val memory allocated: 18.10 MB
[2026-06-16 10:56:54,572][finetune_logger][INFO] - Val memory allocated: 18.10 MB
2026-06-16 10:56:54 - finetune_logger - INFO - Logged epoch 18 info to /public/home/202411094934/python_project/Spatio-Temporal-Library/time-series/2026-06-16/itransformer/finetune20/electricity/time-series/seed_0/training_log.json
[2026-06-16 10:56:54,575][finetune_logger][INFO] - Logged epoch 18 info to /public/home/202411094934/python_project/Spatio-Temporal-Library/time-series/2026-06-16/itransformer/finetune20/electricity/time-series/seed_0/training_log.json
2026-06-16 10:57:30 - finetune_logger - INFO - Test metrics: {'MAE': 227.03539534093153, 'RMSE': 1997.4656952556415}
[2026-06-16 10:57:30,790][finetune_logger][INFO] - Test metrics: {'MAE': 227.03539534093153, 'RMSE': 1997.4656952556415}
2026-06-16 10:57:30 - finetune_logger - INFO - Test time: 36.21s
[2026-06-16 10:57:30,790][finetune_logger][INFO] - Test time: 36.21s
2026-06-16 10:57:30 - finetune_logger - INFO - Test memory reserved: 54.00 MB
[2026-06-16 10:57:30,790][finetune_logger][INFO] - Test memory reserved: 54.00 MB
2026-06-16 10:57:30 - finetune_logger - INFO - Test memory allocated: 18.10 MB
[2026-06-16 10:57:30,790][finetune_logger][INFO] - Test memory allocated: 18.10 MB
2026-06-16 10:57:30 - finetune_logger - INFO - Epoch 19/20
[2026-06-16 10:57:30,790][finetune_logger][INFO] - Epoch 19/20
2026-06-16 11:02:51 - finetune_logger - INFO - Train loss: 210.705949769353
[2026-06-16 11:02:51,398][finetune_logger][INFO] - Train loss: 210.705949769353
2026-06-16 11:02:51 - finetune_logger - INFO - Train time: 320.6075224876404s
[2026-06-16 11:02:51,399][finetune_logger][INFO] - Train time: 320.6075224876404s
2026-06-16 11:02:51 - finetune_logger - INFO - Train memory reserved: 54.00 MB
[2026-06-16 11:02:51,399][finetune_logger][INFO] - Train memory reserved: 54.00 MB
2026-06-16 11:02:51 - finetune_logger - INFO - Train memory allocated: 18.10 MB
[2026-06-16 11:02:51,399][finetune_logger][INFO] - Train memory allocated: 18.10 MB
2026-06-16 11:02:51 - finetune_logger - INFO - Current learning rate: 0.00025
[2026-06-16 11:02:51,399][finetune_logger][INFO] - Current learning rate: 0.00025
2026-06-16 11:03:09 - finetune_logger - INFO - Validation metrics: {'MAE': 168.85147525184996, 'RMSE': 1205.1268385716462}
[2026-06-16 11:03:09,035][finetune_logger][INFO] - Validation metrics: {'MAE': 168.85147525184996, 'RMSE': 1205.1268385716462}
2026-06-16 11:03:09 - finetune_logger - INFO - Val time: 17.64s
[2026-06-16 11:03:09,035][finetune_logger][INFO] - Val time: 17.64s
2026-06-16 11:03:09 - finetune_logger - INFO - Val memory reserved: 54.00 MB
[2026-06-16 11:03:09,035][finetune_logger][INFO] - Val memory reserved: 54.00 MB
2026-06-16 11:03:09 - finetune_logger - INFO - Val memory allocated: 18.10 MB
[2026-06-16 11:03:09,035][finetune_logger][INFO] - Val memory allocated: 18.10 MB
2026-06-16 11:03:09 - finetune_logger - INFO - Logged epoch 19 info to /public/home/202411094934/python_project/Spatio-Temporal-Library/time-series/2026-06-16/itransformer/finetune20/electricity/time-series/seed_0/training_log.json
[2026-06-16 11:03:09,039][finetune_logger][INFO] - Logged epoch 19 info to /public/home/202411094934/python_project/Spatio-Temporal-Library/time-series/2026-06-16/itransformer/finetune20/electricity/time-series/seed_0/training_log.json
2026-06-16 11:03:09 - finetune_logger - INFO - New best model! Val loss: 168.851475
[2026-06-16 11:03:09,039][finetune_logger][INFO] - New best model! Val loss: 168.851475
2026-06-16 11:03:45 - finetune_logger - INFO - Test metrics: {'MAE': 225.96324197941593, 'RMSE': 1997.2911710470478}
[2026-06-16 11:03:45,326][finetune_logger][INFO] - Test metrics: {'MAE': 225.96324197941593, 'RMSE': 1997.2911710470478}
2026-06-16 11:03:45 - finetune_logger - INFO - Test time: 36.24s
[2026-06-16 11:03:45,326][finetune_logger][INFO] - Test time: 36.24s
2026-06-16 11:03:45 - finetune_logger - INFO - Test memory reserved: 54.00 MB
[2026-06-16 11:03:45,326][finetune_logger][INFO] - Test memory reserved: 54.00 MB
2026-06-16 11:03:45 - finetune_logger - INFO - Test memory allocated: 18.10 MB
[2026-06-16 11:03:45,327][finetune_logger][INFO] - Test memory allocated: 18.10 MB
2026-06-16 11:03:45 - finetune_logger - INFO - Epoch 20/20
[2026-06-16 11:03:45,327][finetune_logger][INFO] - Epoch 20/20
2026-06-16 11:09:05 - finetune_logger - INFO - Train loss: 209.93222520040987
[2026-06-16 11:09:05,504][finetune_logger][INFO] - Train loss: 209.93222520040987
2026-06-16 11:09:05 - finetune_logger - INFO - Train time: 320.17681193351746s
[2026-06-16 11:09:05,504][finetune_logger][INFO] - Train time: 320.17681193351746s
2026-06-16 11:09:05 - finetune_logger - INFO - Train memory reserved: 54.00 MB
[2026-06-16 11:09:05,504][finetune_logger][INFO] - Train memory reserved: 54.00 MB
2026-06-16 11:09:05 - finetune_logger - INFO - Train memory allocated: 18.10 MB
[2026-06-16 11:09:05,505][finetune_logger][INFO] - Train memory allocated: 18.10 MB
2026-06-16 11:09:05 - finetune_logger - INFO - Current learning rate: 0.00025
[2026-06-16 11:09:05,505][finetune_logger][INFO] - Current learning rate: 0.00025
2026-06-16 11:09:23 - finetune_logger - INFO - Validation metrics: {'MAE': 168.48483826968572, 'RMSE': 1202.804060958055}
[2026-06-16 11:09:23,129][finetune_logger][INFO] - Validation metrics: {'MAE': 168.48483826968572, 'RMSE': 1202.804060958055}
2026-06-16 11:09:23 - finetune_logger - INFO - Val time: 17.62s
[2026-06-16 11:09:23,129][finetune_logger][INFO] - Val time: 17.62s
2026-06-16 11:09:23 - finetune_logger - INFO - Val memory reserved: 54.00 MB
[2026-06-16 11:09:23,129][finetune_logger][INFO] - Val memory reserved: 54.00 MB
2026-06-16 11:09:23 - finetune_logger - INFO - Val memory allocated: 18.10 MB
[2026-06-16 11:09:23,129][finetune_logger][INFO] - Val memory allocated: 18.10 MB
2026-06-16 11:09:23 - finetune_logger - INFO - Logged epoch 20 info to /public/home/202411094934/python_project/Spatio-Temporal-Library/time-series/2026-06-16/itransformer/finetune20/electricity/time-series/seed_0/training_log.json
[2026-06-16 11:09:23,133][finetune_logger][INFO] - Logged epoch 20 info to /public/home/202411094934/python_project/Spatio-Temporal-Library/time-series/2026-06-16/itransformer/finetune20/electricity/time-series/seed_0/training_log.json
2026-06-16 11:09:23 - finetune_logger - INFO - New best model! Val loss: 168.484838
[2026-06-16 11:09:23,133][finetune_logger][INFO] - New best model! Val loss: 168.484838
2026-06-16 11:09:59 - finetune_logger - INFO - Test metrics: {'MAE': 225.85176872068953, 'RMSE': 1996.218704116959}
[2026-06-16 11:09:59,453][finetune_logger][INFO] - Test metrics: {'MAE': 225.85176872068953, 'RMSE': 1996.218704116959}
2026-06-16 11:09:59 - finetune_logger - INFO - Test time: 36.27s
[2026-06-16 11:09:59,453][finetune_logger][INFO] - Test time: 36.27s
2026-06-16 11:09:59 - finetune_logger - INFO - Test memory reserved: 54.00 MB
[2026-06-16 11:09:59,454][finetune_logger][INFO] - Test memory reserved: 54.00 MB
2026-06-16 11:09:59 - finetune_logger - INFO - Test memory allocated: 18.10 MB
[2026-06-16 11:09:59,454][finetune_logger][INFO] - Test memory allocated: 18.10 MB
2026-06-16 11:09:59 - finetune_logger - INFO - Training completed. Best epoch: 20, Best val loss: 168.484838
[2026-06-16 11:09:59,454][finetune_logger][INFO] - Training completed. Best epoch: 20, Best val loss: 168.484838
2026-06-16 11:09:59 - finetune_logger - INFO - Loaded checkpoint from epoch 20
[2026-06-16 11:09:59,487][finetune_logger][INFO] - Loaded checkpoint from epoch 20
2026-06-16 11:09:59 - finetune_logger - INFO - Evaluating best model on test sets...
[2026-06-16 11:09:59,487][finetune_logger][INFO] - Evaluating best model on test sets...
2026-06-16 11:10:35 - finetune_logger - INFO - Test metrics: {'MAE': 225.85176872068953, 'RMSE': 1996.218704116959}
[2026-06-16 11:10:35,676][finetune_logger][INFO] - Test metrics: {'MAE': 225.85176872068953, 'RMSE': 1996.218704116959}
2026-06-16 11:10:35 - finetune_logger - INFO - Test time: 36.19s
[2026-06-16 11:10:35,677][finetune_logger][INFO] - Test time: 36.19s
2026-06-16 11:10:35 - finetune_logger - INFO - Test memory reserved: 54.00 MB
[2026-06-16 11:10:35,677][finetune_logger][INFO] - Test memory reserved: 54.00 MB
2026-06-16 11:10:35 - finetune_logger - INFO - Test memory allocated: 18.14 MB
[2026-06-16 11:10:35,677][finetune_logger][INFO] - Test memory allocated: 18.14 MB
2026-06-16 11:10:35 - finetune_logger - INFO - Logged epoch test info to /public/home/202411094934/python_project/Spatio-Temporal-Library/time-series/2026-06-16/itransformer/finetune20/electricity/time-series/seed_0/training_log.json
[2026-06-16 11:10:35,680][finetune_logger][INFO] - Logged epoch test info to /public/home/202411094934/python_project/Spatio-Temporal-Library/time-series/2026-06-16/itransformer/finetune20/electricity/time-series/seed_0/training_log.json
