2026-06-16 01:38:43 - finetune_logger - INFO - No pretrained checkpoint is provided. Finetuning from scratch.
[2026-06-16 01:38:43,357][finetune_logger][INFO] - No pretrained checkpoint is provided. Finetuning from scratch.
2026-06-16 01:38:43 - finetune_logger - INFO - Model parameters: 158,912
[2026-06-16 01:38:43,359][finetune_logger][INFO] - Model parameters: 158,912
2026-06-16 01:38:43 - finetune_logger - INFO - Created new log file at /public/home/202411094934/python_project/Spatio-Temporal-Library/time-series/2026-06-16/itransformer/finetune20/etth2/time-series/seed_1/training_log.json
[2026-06-16 01:38:43,362][finetune_logger][INFO] - Created new log file at /public/home/202411094934/python_project/Spatio-Temporal-Library/time-series/2026-06-16/itransformer/finetune20/etth2/time-series/seed_1/training_log.json
2026-06-16 01:38:43 - finetune_logger - INFO - Starting training...
[2026-06-16 01:38:43,362][finetune_logger][INFO] - Starting training...
2026-06-16 01:38:43 - finetune_logger - INFO - Epoch 1/20
[2026-06-16 01:38:43,362][finetune_logger][INFO] - Epoch 1/20
2026-06-16 01:40:52 - finetune_logger - INFO - Train loss: 2.938370028093725
[2026-06-16 01:40:52,615][finetune_logger][INFO] - Train loss: 2.938370028093725
2026-06-16 01:40:52 - finetune_logger - INFO - Train time: 129.2528896331787s
[2026-06-16 01:40:52,616][finetune_logger][INFO] - Train time: 129.2528896331787s
2026-06-16 01:40:52 - finetune_logger - INFO - Train memory reserved: 24.00 MB
[2026-06-16 01:40:52,616][finetune_logger][INFO] - Train memory reserved: 24.00 MB
2026-06-16 01:40:52 - finetune_logger - INFO - Train memory allocated: 18.10 MB
[2026-06-16 01:40:52,616][finetune_logger][INFO] - Train memory allocated: 18.10 MB
2026-06-16 01:40:52 - finetune_logger - INFO - Current learning rate: 0.0005
[2026-06-16 01:40:52,616][finetune_logger][INFO] - Current learning rate: 0.0005
2026-06-16 01:41:10 - finetune_logger - INFO - Validation metrics: {'MAE': 2.5916653159005283, 'RMSE': 3.744858546393262}
[2026-06-16 01:41:10,189][finetune_logger][INFO] - Validation metrics: {'MAE': 2.5916653159005283, 'RMSE': 3.744858546393262}
2026-06-16 01:41:10 - finetune_logger - INFO - Val time: 17.57s
[2026-06-16 01:41:10,190][finetune_logger][INFO] - Val time: 17.57s
2026-06-16 01:41:10 - finetune_logger - INFO - Val memory reserved: 24.00 MB
[2026-06-16 01:41:10,190][finetune_logger][INFO] - Val memory reserved: 24.00 MB
2026-06-16 01:41:10 - finetune_logger - INFO - Val memory allocated: 18.10 MB
[2026-06-16 01:41:10,190][finetune_logger][INFO] - Val memory allocated: 18.10 MB
2026-06-16 01:41:10 - finetune_logger - INFO - Logged epoch 1 info to /public/home/202411094934/python_project/Spatio-Temporal-Library/time-series/2026-06-16/itransformer/finetune20/etth2/time-series/seed_1/training_log.json
[2026-06-16 01:41:10,193][finetune_logger][INFO] - Logged epoch 1 info to /public/home/202411094934/python_project/Spatio-Temporal-Library/time-series/2026-06-16/itransformer/finetune20/etth2/time-series/seed_1/training_log.json
2026-06-16 01:41:10 - finetune_logger - INFO - New best model! Val loss: 2.591665
[2026-06-16 01:41:10,193][finetune_logger][INFO] - New best model! Val loss: 2.591665
2026-06-16 01:41:27 - finetune_logger - INFO - Test metrics: {'MAE': 2.818192686671302, 'RMSE': 4.214521541686279}
[2026-06-16 01:41:27,719][finetune_logger][INFO] - Test metrics: {'MAE': 2.818192686671302, 'RMSE': 4.214521541686279}
2026-06-16 01:41:27 - finetune_logger - INFO - Test time: 17.48s
[2026-06-16 01:41:27,719][finetune_logger][INFO] - Test time: 17.48s
2026-06-16 01:41:27 - finetune_logger - INFO - Test memory reserved: 24.00 MB
[2026-06-16 01:41:27,719][finetune_logger][INFO] - Test memory reserved: 24.00 MB
2026-06-16 01:41:27 - finetune_logger - INFO - Test memory allocated: 18.10 MB
[2026-06-16 01:41:27,719][finetune_logger][INFO] - Test memory allocated: 18.10 MB
2026-06-16 01:41:27 - finetune_logger - INFO - Epoch 2/20
[2026-06-16 01:41:27,719][finetune_logger][INFO] - Epoch 2/20
2026-06-16 01:43:35 - finetune_logger - INFO - Train loss: 2.7610160446337444
[2026-06-16 01:43:35,796][finetune_logger][INFO] - Train loss: 2.7610160446337444
2026-06-16 01:43:35 - finetune_logger - INFO - Train time: 128.0763783454895s
[2026-06-16 01:43:35,796][finetune_logger][INFO] - Train time: 128.0763783454895s
2026-06-16 01:43:35 - finetune_logger - INFO - Train memory reserved: 24.00 MB
[2026-06-16 01:43:35,797][finetune_logger][INFO] - Train memory reserved: 24.00 MB
2026-06-16 01:43:35 - finetune_logger - INFO - Train memory allocated: 18.10 MB
[2026-06-16 01:43:35,797][finetune_logger][INFO] - Train memory allocated: 18.10 MB
2026-06-16 01:43:35 - finetune_logger - INFO - Current learning rate: 0.0005
[2026-06-16 01:43:35,797][finetune_logger][INFO] - Current learning rate: 0.0005
2026-06-16 01:43:53 - finetune_logger - INFO - Validation metrics: {'MAE': 2.6613702573322158, 'RMSE': 3.846658620289391}
[2026-06-16 01:43:53,364][finetune_logger][INFO] - Validation metrics: {'MAE': 2.6613702573322158, 'RMSE': 3.846658620289391}
2026-06-16 01:43:53 - finetune_logger - INFO - Val time: 17.57s
[2026-06-16 01:43:53,364][finetune_logger][INFO] - Val time: 17.57s
2026-06-16 01:43:53 - finetune_logger - INFO - Val memory reserved: 24.00 MB
[2026-06-16 01:43:53,364][finetune_logger][INFO] - Val memory reserved: 24.00 MB
2026-06-16 01:43:53 - finetune_logger - INFO - Val memory allocated: 18.10 MB
[2026-06-16 01:43:53,365][finetune_logger][INFO] - Val memory allocated: 18.10 MB
2026-06-16 01:43:53 - finetune_logger - INFO - Logged epoch 2 info to /public/home/202411094934/python_project/Spatio-Temporal-Library/time-series/2026-06-16/itransformer/finetune20/etth2/time-series/seed_1/training_log.json
[2026-06-16 01:43:53,367][finetune_logger][INFO] - Logged epoch 2 info to /public/home/202411094934/python_project/Spatio-Temporal-Library/time-series/2026-06-16/itransformer/finetune20/etth2/time-series/seed_1/training_log.json
2026-06-16 01:44:10 - finetune_logger - INFO - Test metrics: {'MAE': 2.8567586069107014, 'RMSE': 4.288035506021402}
[2026-06-16 01:44:10,937][finetune_logger][INFO] - Test metrics: {'MAE': 2.8567586069107014, 'RMSE': 4.288035506021402}
2026-06-16 01:44:10 - finetune_logger - INFO - Test time: 17.57s
[2026-06-16 01:44:10,937][finetune_logger][INFO] - Test time: 17.57s
2026-06-16 01:44:10 - finetune_logger - INFO - Test memory reserved: 24.00 MB
[2026-06-16 01:44:10,937][finetune_logger][INFO] - Test memory reserved: 24.00 MB
2026-06-16 01:44:10 - finetune_logger - INFO - Test memory allocated: 18.10 MB
[2026-06-16 01:44:10,937][finetune_logger][INFO] - Test memory allocated: 18.10 MB
2026-06-16 01:44:10 - finetune_logger - INFO - Epoch 3/20
[2026-06-16 01:44:10,938][finetune_logger][INFO] - Epoch 3/20
2026-06-16 01:46:18 - finetune_logger - INFO - Train loss: 2.627054516616588
[2026-06-16 01:46:18,744][finetune_logger][INFO] - Train loss: 2.627054516616588
2026-06-16 01:46:18 - finetune_logger - INFO - Train time: 127.8055911064148s
[2026-06-16 01:46:18,744][finetune_logger][INFO] - Train time: 127.8055911064148s
2026-06-16 01:46:18 - finetune_logger - INFO - Train memory reserved: 24.00 MB
[2026-06-16 01:46:18,744][finetune_logger][INFO] - Train memory reserved: 24.00 MB
2026-06-16 01:46:18 - finetune_logger - INFO - Train memory allocated: 18.10 MB
[2026-06-16 01:46:18,744][finetune_logger][INFO] - Train memory allocated: 18.10 MB
2026-06-16 01:46:18 - finetune_logger - INFO - Current learning rate: 0.0005
[2026-06-16 01:46:18,744][finetune_logger][INFO] - Current learning rate: 0.0005
2026-06-16 01:46:36 - finetune_logger - INFO - Validation metrics: {'MAE': 2.7312181735265755, 'RMSE': 3.939177188782471}
[2026-06-16 01:46:36,326][finetune_logger][INFO] - Validation metrics: {'MAE': 2.7312181735265755, 'RMSE': 3.939177188782471}
2026-06-16 01:46:36 - finetune_logger - INFO - Val time: 17.58s
[2026-06-16 01:46:36,326][finetune_logger][INFO] - Val time: 17.58s
2026-06-16 01:46:36 - finetune_logger - INFO - Val memory reserved: 24.00 MB
[2026-06-16 01:46:36,326][finetune_logger][INFO] - Val memory reserved: 24.00 MB
2026-06-16 01:46:36 - finetune_logger - INFO - Val memory allocated: 18.10 MB
[2026-06-16 01:46:36,327][finetune_logger][INFO] - Val memory allocated: 18.10 MB
2026-06-16 01:46:36 - finetune_logger - INFO - Logged epoch 3 info to /public/home/202411094934/python_project/Spatio-Temporal-Library/time-series/2026-06-16/itransformer/finetune20/etth2/time-series/seed_1/training_log.json
[2026-06-16 01:46:36,329][finetune_logger][INFO] - Logged epoch 3 info to /public/home/202411094934/python_project/Spatio-Temporal-Library/time-series/2026-06-16/itransformer/finetune20/etth2/time-series/seed_1/training_log.json
2026-06-16 01:46:53 - finetune_logger - INFO - Test metrics: {'MAE': 2.9190301274799255, 'RMSE': 4.3660396213985635}
[2026-06-16 01:46:53,909][finetune_logger][INFO] - Test metrics: {'MAE': 2.9190301274799255, 'RMSE': 4.3660396213985635}
2026-06-16 01:46:53 - finetune_logger - INFO - Test time: 17.58s
[2026-06-16 01:46:53,909][finetune_logger][INFO] - Test time: 17.58s
2026-06-16 01:46:53 - finetune_logger - INFO - Test memory reserved: 24.00 MB
[2026-06-16 01:46:53,909][finetune_logger][INFO] - Test memory reserved: 24.00 MB
2026-06-16 01:46:53 - finetune_logger - INFO - Test memory allocated: 18.10 MB
[2026-06-16 01:46:53,909][finetune_logger][INFO] - Test memory allocated: 18.10 MB
2026-06-16 01:46:53 - finetune_logger - INFO - Epoch 4/20
[2026-06-16 01:46:53,909][finetune_logger][INFO] - Epoch 4/20
2026-06-16 01:49:01 - finetune_logger - INFO - Train loss: 2.529740170545356
[2026-06-16 01:49:01,768][finetune_logger][INFO] - Train loss: 2.529740170545356
2026-06-16 01:49:01 - finetune_logger - INFO - Train time: 127.85841393470764s
[2026-06-16 01:49:01,769][finetune_logger][INFO] - Train time: 127.85841393470764s
2026-06-16 01:49:01 - finetune_logger - INFO - Train memory reserved: 24.00 MB
[2026-06-16 01:49:01,769][finetune_logger][INFO] - Train memory reserved: 24.00 MB
2026-06-16 01:49:01 - finetune_logger - INFO - Train memory allocated: 18.10 MB
[2026-06-16 01:49:01,769][finetune_logger][INFO] - Train memory allocated: 18.10 MB
2026-06-16 01:49:01 - finetune_logger - INFO - Current learning rate: 0.0005
[2026-06-16 01:49:01,769][finetune_logger][INFO] - Current learning rate: 0.0005
2026-06-16 01:49:19 - finetune_logger - INFO - Validation metrics: {'MAE': 2.7518499832153402, 'RMSE': 3.9890669478916077}
[2026-06-16 01:49:19,293][finetune_logger][INFO] - Validation metrics: {'MAE': 2.7518499832153402, 'RMSE': 3.9890669478916077}
2026-06-16 01:49:19 - finetune_logger - INFO - Val time: 17.52s
[2026-06-16 01:49:19,293][finetune_logger][INFO] - Val time: 17.52s
2026-06-16 01:49:19 - finetune_logger - INFO - Val memory reserved: 24.00 MB
[2026-06-16 01:49:19,293][finetune_logger][INFO] - Val memory reserved: 24.00 MB
2026-06-16 01:49:19 - finetune_logger - INFO - Val memory allocated: 18.10 MB
[2026-06-16 01:49:19,293][finetune_logger][INFO] - Val memory allocated: 18.10 MB
2026-06-16 01:49:19 - finetune_logger - INFO - Logged epoch 4 info to /public/home/202411094934/python_project/Spatio-Temporal-Library/time-series/2026-06-16/itransformer/finetune20/etth2/time-series/seed_1/training_log.json
[2026-06-16 01:49:19,296][finetune_logger][INFO] - Logged epoch 4 info to /public/home/202411094934/python_project/Spatio-Temporal-Library/time-series/2026-06-16/itransformer/finetune20/etth2/time-series/seed_1/training_log.json
2026-06-16 01:49:36 - finetune_logger - INFO - Test metrics: {'MAE': 2.9548696578797853, 'RMSE': 4.445606105759007}
[2026-06-16 01:49:36,736][finetune_logger][INFO] - Test metrics: {'MAE': 2.9548696578797853, 'RMSE': 4.445606105759007}
2026-06-16 01:49:36 - finetune_logger - INFO - Test time: 17.44s
[2026-06-16 01:49:36,736][finetune_logger][INFO] - Test time: 17.44s
2026-06-16 01:49:36 - finetune_logger - INFO - Test memory reserved: 24.00 MB
[2026-06-16 01:49:36,736][finetune_logger][INFO] - Test memory reserved: 24.00 MB
2026-06-16 01:49:36 - finetune_logger - INFO - Test memory allocated: 18.10 MB
[2026-06-16 01:49:36,736][finetune_logger][INFO] - Test memory allocated: 18.10 MB
2026-06-16 01:49:36 - finetune_logger - INFO - Epoch 5/20
[2026-06-16 01:49:36,736][finetune_logger][INFO] - Epoch 5/20
2026-06-16 01:51:44 - finetune_logger - INFO - Train loss: 2.4729519581041175
[2026-06-16 01:51:44,583][finetune_logger][INFO] - Train loss: 2.4729519581041175
2026-06-16 01:51:44 - finetune_logger - INFO - Train time: 127.84635901451111s
[2026-06-16 01:51:44,584][finetune_logger][INFO] - Train time: 127.84635901451111s
2026-06-16 01:51:44 - finetune_logger - INFO - Train memory reserved: 24.00 MB
[2026-06-16 01:51:44,584][finetune_logger][INFO] - Train memory reserved: 24.00 MB
2026-06-16 01:51:44 - finetune_logger - INFO - Train memory allocated: 18.10 MB
[2026-06-16 01:51:44,584][finetune_logger][INFO] - Train memory allocated: 18.10 MB
2026-06-16 01:51:44 - finetune_logger - INFO - Current learning rate: 0.0005
[2026-06-16 01:51:44,584][finetune_logger][INFO] - Current learning rate: 0.0005
2026-06-16 01:52:02 - finetune_logger - INFO - Validation metrics: {'MAE': 2.8172872591472755, 'RMSE': 4.069221107709986}
[2026-06-16 01:52:02,071][finetune_logger][INFO] - Validation metrics: {'MAE': 2.8172872591472755, 'RMSE': 4.069221107709986}
2026-06-16 01:52:02 - finetune_logger - INFO - Val time: 17.49s
[2026-06-16 01:52:02,071][finetune_logger][INFO] - Val time: 17.49s
2026-06-16 01:52:02 - finetune_logger - INFO - Val memory reserved: 24.00 MB
[2026-06-16 01:52:02,072][finetune_logger][INFO] - Val memory reserved: 24.00 MB
2026-06-16 01:52:02 - finetune_logger - INFO - Val memory allocated: 18.10 MB
[2026-06-16 01:52:02,072][finetune_logger][INFO] - Val memory allocated: 18.10 MB
2026-06-16 01:52:02 - finetune_logger - INFO - Logged epoch 5 info to /public/home/202411094934/python_project/Spatio-Temporal-Library/time-series/2026-06-16/itransformer/finetune20/etth2/time-series/seed_1/training_log.json
[2026-06-16 01:52:02,075][finetune_logger][INFO] - Logged epoch 5 info to /public/home/202411094934/python_project/Spatio-Temporal-Library/time-series/2026-06-16/itransformer/finetune20/etth2/time-series/seed_1/training_log.json
2026-06-16 01:52:19 - finetune_logger - INFO - Test metrics: {'MAE': 2.9184647660482437, 'RMSE': 4.380411687533057}
[2026-06-16 01:52:19,683][finetune_logger][INFO] - Test metrics: {'MAE': 2.9184647660482437, 'RMSE': 4.380411687533057}
2026-06-16 01:52:19 - finetune_logger - INFO - Test time: 17.61s
[2026-06-16 01:52:19,683][finetune_logger][INFO] - Test time: 17.61s
2026-06-16 01:52:19 - finetune_logger - INFO - Test memory reserved: 24.00 MB
[2026-06-16 01:52:19,683][finetune_logger][INFO] - Test memory reserved: 24.00 MB
2026-06-16 01:52:19 - finetune_logger - INFO - Test memory allocated: 18.10 MB
[2026-06-16 01:52:19,683][finetune_logger][INFO] - Test memory allocated: 18.10 MB
2026-06-16 01:52:19 - finetune_logger - INFO - Epoch 6/20
[2026-06-16 01:52:19,683][finetune_logger][INFO] - Epoch 6/20
2026-06-16 01:54:27 - finetune_logger - INFO - Train loss: 2.418062161958584
[2026-06-16 01:54:27,499][finetune_logger][INFO] - Train loss: 2.418062161958584
2026-06-16 01:54:27 - finetune_logger - INFO - Train time: 127.81473445892334s
[2026-06-16 01:54:27,499][finetune_logger][INFO] - Train time: 127.81473445892334s
2026-06-16 01:54:27 - finetune_logger - INFO - Train memory reserved: 24.00 MB
[2026-06-16 01:54:27,499][finetune_logger][INFO] - Train memory reserved: 24.00 MB
2026-06-16 01:54:27 - finetune_logger - INFO - Train memory allocated: 18.10 MB
[2026-06-16 01:54:27,499][finetune_logger][INFO] - Train memory allocated: 18.10 MB
2026-06-16 01:54:27 - finetune_logger - INFO - Current learning rate: 0.0005
[2026-06-16 01:54:27,499][finetune_logger][INFO] - Current learning rate: 0.0005
2026-06-16 01:54:44 - finetune_logger - INFO - Validation metrics: {'MAE': 2.7634896673474914, 'RMSE': 3.9984526460738437}
[2026-06-16 01:54:44,963][finetune_logger][INFO] - Validation metrics: {'MAE': 2.7634896673474914, 'RMSE': 3.9984526460738437}
2026-06-16 01:54:44 - finetune_logger - INFO - Val time: 17.46s
[2026-06-16 01:54:44,963][finetune_logger][INFO] - Val time: 17.46s
2026-06-16 01:54:44 - finetune_logger - INFO - Val memory reserved: 24.00 MB
[2026-06-16 01:54:44,963][finetune_logger][INFO] - Val memory reserved: 24.00 MB
2026-06-16 01:54:44 - finetune_logger - INFO - Val memory allocated: 18.10 MB
[2026-06-16 01:54:44,963][finetune_logger][INFO] - Val memory allocated: 18.10 MB
2026-06-16 01:54:44 - finetune_logger - INFO - Logged epoch 6 info to /public/home/202411094934/python_project/Spatio-Temporal-Library/time-series/2026-06-16/itransformer/finetune20/etth2/time-series/seed_1/training_log.json
[2026-06-16 01:54:44,966][finetune_logger][INFO] - Logged epoch 6 info to /public/home/202411094934/python_project/Spatio-Temporal-Library/time-series/2026-06-16/itransformer/finetune20/etth2/time-series/seed_1/training_log.json
2026-06-16 01:55:02 - finetune_logger - INFO - Test metrics: {'MAE': 2.950348418372018, 'RMSE': 4.420384338288068}
[2026-06-16 01:55:02,521][finetune_logger][INFO] - Test metrics: {'MAE': 2.950348418372018, 'RMSE': 4.420384338288068}
2026-06-16 01:55:02 - finetune_logger - INFO - Test time: 17.55s
[2026-06-16 01:55:02,521][finetune_logger][INFO] - Test time: 17.55s
2026-06-16 01:55:02 - finetune_logger - INFO - Test memory reserved: 24.00 MB
[2026-06-16 01:55:02,521][finetune_logger][INFO] - Test memory reserved: 24.00 MB
2026-06-16 01:55:02 - finetune_logger - INFO - Test memory allocated: 18.10 MB
[2026-06-16 01:55:02,521][finetune_logger][INFO] - Test memory allocated: 18.10 MB
2026-06-16 01:55:02 - finetune_logger - INFO - Epoch 7/20
[2026-06-16 01:55:02,521][finetune_logger][INFO] - Epoch 7/20
2026-06-16 01:57:10 - finetune_logger - INFO - Train loss: 2.376805218999131
[2026-06-16 01:57:10,328][finetune_logger][INFO] - Train loss: 2.376805218999131
2026-06-16 01:57:10 - finetune_logger - INFO - Train time: 127.80635833740234s
[2026-06-16 01:57:10,328][finetune_logger][INFO] - Train time: 127.80635833740234s
2026-06-16 01:57:10 - finetune_logger - INFO - Train memory reserved: 24.00 MB
[2026-06-16 01:57:10,329][finetune_logger][INFO] - Train memory reserved: 24.00 MB
2026-06-16 01:57:10 - finetune_logger - INFO - Train memory allocated: 18.10 MB
[2026-06-16 01:57:10,329][finetune_logger][INFO] - Train memory allocated: 18.10 MB
2026-06-16 01:57:10 - finetune_logger - INFO - Current learning rate: 0.0005
[2026-06-16 01:57:10,329][finetune_logger][INFO] - Current learning rate: 0.0005
2026-06-16 01:57:27 - finetune_logger - INFO - Validation metrics: {'MAE': 2.8072109814598463, 'RMSE': 4.057348472776876}
[2026-06-16 01:57:27,898][finetune_logger][INFO] - Validation metrics: {'MAE': 2.8072109814598463, 'RMSE': 4.057348472776876}
2026-06-16 01:57:27 - finetune_logger - INFO - Val time: 17.57s
[2026-06-16 01:57:27,898][finetune_logger][INFO] - Val time: 17.57s
2026-06-16 01:57:27 - finetune_logger - INFO - Val memory reserved: 24.00 MB
[2026-06-16 01:57:27,898][finetune_logger][INFO] - Val memory reserved: 24.00 MB
2026-06-16 01:57:27 - finetune_logger - INFO - Val memory allocated: 18.10 MB
[2026-06-16 01:57:27,898][finetune_logger][INFO] - Val memory allocated: 18.10 MB
2026-06-16 01:57:27 - finetune_logger - INFO - Logged epoch 7 info to /public/home/202411094934/python_project/Spatio-Temporal-Library/time-series/2026-06-16/itransformer/finetune20/etth2/time-series/seed_1/training_log.json
[2026-06-16 01:57:27,901][finetune_logger][INFO] - Logged epoch 7 info to /public/home/202411094934/python_project/Spatio-Temporal-Library/time-series/2026-06-16/itransformer/finetune20/etth2/time-series/seed_1/training_log.json
2026-06-16 01:57:45 - finetune_logger - INFO - Test metrics: {'MAE': 2.9227112464450555, 'RMSE': 4.38929578576769}
[2026-06-16 01:57:45,488][finetune_logger][INFO] - Test metrics: {'MAE': 2.9227112464450555, 'RMSE': 4.38929578576769}
2026-06-16 01:57:45 - finetune_logger - INFO - Test time: 17.59s
[2026-06-16 01:57:45,488][finetune_logger][INFO] - Test time: 17.59s
2026-06-16 01:57:45 - finetune_logger - INFO - Test memory reserved: 24.00 MB
[2026-06-16 01:57:45,488][finetune_logger][INFO] - Test memory reserved: 24.00 MB
2026-06-16 01:57:45 - finetune_logger - INFO - Test memory allocated: 18.10 MB
[2026-06-16 01:57:45,488][finetune_logger][INFO] - Test memory allocated: 18.10 MB
2026-06-16 01:57:45 - finetune_logger - INFO - Epoch 8/20
[2026-06-16 01:57:45,489][finetune_logger][INFO] - Epoch 8/20
2026-06-16 01:59:53 - finetune_logger - INFO - Train loss: 2.3387963473832185
[2026-06-16 01:59:53,203][finetune_logger][INFO] - Train loss: 2.3387963473832185
2026-06-16 01:59:53 - finetune_logger - INFO - Train time: 127.71405625343323s
[2026-06-16 01:59:53,203][finetune_logger][INFO] - Train time: 127.71405625343323s
2026-06-16 01:59:53 - finetune_logger - INFO - Train memory reserved: 24.00 MB
[2026-06-16 01:59:53,203][finetune_logger][INFO] - Train memory reserved: 24.00 MB
2026-06-16 01:59:53 - finetune_logger - INFO - Train memory allocated: 18.10 MB
[2026-06-16 01:59:53,204][finetune_logger][INFO] - Train memory allocated: 18.10 MB
2026-06-16 01:59:53 - finetune_logger - INFO - Current learning rate: 0.0005
[2026-06-16 01:59:53,204][finetune_logger][INFO] - Current learning rate: 0.0005
2026-06-16 02:00:10 - finetune_logger - INFO - Validation metrics: {'MAE': 2.7717230609712127, 'RMSE': 4.010443743387847}
[2026-06-16 02:00:10,747][finetune_logger][INFO] - Validation metrics: {'MAE': 2.7717230609712127, 'RMSE': 4.010443743387847}
2026-06-16 02:00:10 - finetune_logger - INFO - Val time: 17.54s
[2026-06-16 02:00:10,748][finetune_logger][INFO] - Val time: 17.54s
2026-06-16 02:00:10 - finetune_logger - INFO - Val memory reserved: 24.00 MB
[2026-06-16 02:00:10,748][finetune_logger][INFO] - Val memory reserved: 24.00 MB
2026-06-16 02:00:10 - finetune_logger - INFO - Val memory allocated: 18.10 MB
[2026-06-16 02:00:10,748][finetune_logger][INFO] - Val memory allocated: 18.10 MB
2026-06-16 02:00:10 - finetune_logger - INFO - Logged epoch 8 info to /public/home/202411094934/python_project/Spatio-Temporal-Library/time-series/2026-06-16/itransformer/finetune20/etth2/time-series/seed_1/training_log.json
[2026-06-16 02:00:10,751][finetune_logger][INFO] - Logged epoch 8 info to /public/home/202411094934/python_project/Spatio-Temporal-Library/time-series/2026-06-16/itransformer/finetune20/etth2/time-series/seed_1/training_log.json
2026-06-16 02:00:28 - finetune_logger - INFO - Test metrics: {'MAE': 2.9277977652776794, 'RMSE': 4.390878852662588}
[2026-06-16 02:00:28,270][finetune_logger][INFO] - Test metrics: {'MAE': 2.9277977652776794, 'RMSE': 4.390878852662588}
2026-06-16 02:00:28 - finetune_logger - INFO - Test time: 17.52s
[2026-06-16 02:00:28,270][finetune_logger][INFO] - Test time: 17.52s
2026-06-16 02:00:28 - finetune_logger - INFO - Test memory reserved: 24.00 MB
[2026-06-16 02:00:28,270][finetune_logger][INFO] - Test memory reserved: 24.00 MB
2026-06-16 02:00:28 - finetune_logger - INFO - Test memory allocated: 18.10 MB
[2026-06-16 02:00:28,271][finetune_logger][INFO] - Test memory allocated: 18.10 MB
2026-06-16 02:00:28 - finetune_logger - INFO - Epoch 9/20
[2026-06-16 02:00:28,271][finetune_logger][INFO] - Epoch 9/20
2026-06-16 02:02:36 - finetune_logger - INFO - Train loss: 2.3020070346537795
[2026-06-16 02:02:36,124][finetune_logger][INFO] - Train loss: 2.3020070346537795
2026-06-16 02:02:36 - finetune_logger - INFO - Train time: 127.8531322479248s
[2026-06-16 02:02:36,125][finetune_logger][INFO] - Train time: 127.8531322479248s
2026-06-16 02:02:36 - finetune_logger - INFO - Train memory reserved: 24.00 MB
[2026-06-16 02:02:36,125][finetune_logger][INFO] - Train memory reserved: 24.00 MB
2026-06-16 02:02:36 - finetune_logger - INFO - Train memory allocated: 18.10 MB
[2026-06-16 02:02:36,125][finetune_logger][INFO] - Train memory allocated: 18.10 MB
2026-06-16 02:02:36 - finetune_logger - INFO - Current learning rate: 0.0005
[2026-06-16 02:02:36,125][finetune_logger][INFO] - Current learning rate: 0.0005
2026-06-16 02:02:53 - finetune_logger - INFO - Validation metrics: {'MAE': 2.7677534565244404, 'RMSE': 4.001428730873832}
[2026-06-16 02:02:53,664][finetune_logger][INFO] - Validation metrics: {'MAE': 2.7677534565244404, 'RMSE': 4.001428730873832}
2026-06-16 02:02:53 - finetune_logger - INFO - Val time: 17.54s
[2026-06-16 02:02:53,664][finetune_logger][INFO] - Val time: 17.54s
2026-06-16 02:02:53 - finetune_logger - INFO - Val memory reserved: 24.00 MB
[2026-06-16 02:02:53,664][finetune_logger][INFO] - Val memory reserved: 24.00 MB
2026-06-16 02:02:53 - finetune_logger - INFO - Val memory allocated: 18.10 MB
[2026-06-16 02:02:53,664][finetune_logger][INFO] - Val memory allocated: 18.10 MB
2026-06-16 02:02:53 - finetune_logger - INFO - Logged epoch 9 info to /public/home/202411094934/python_project/Spatio-Temporal-Library/time-series/2026-06-16/itransformer/finetune20/etth2/time-series/seed_1/training_log.json
[2026-06-16 02:02:53,667][finetune_logger][INFO] - Logged epoch 9 info to /public/home/202411094934/python_project/Spatio-Temporal-Library/time-series/2026-06-16/itransformer/finetune20/etth2/time-series/seed_1/training_log.json
2026-06-16 02:03:11 - finetune_logger - INFO - Test metrics: {'MAE': 2.9671286846796616, 'RMSE': 4.4439468242554385}
[2026-06-16 02:03:11,186][finetune_logger][INFO] - Test metrics: {'MAE': 2.9671286846796616, 'RMSE': 4.4439468242554385}
2026-06-16 02:03:11 - finetune_logger - INFO - Test time: 17.52s
[2026-06-16 02:03:11,186][finetune_logger][INFO] - Test time: 17.52s
2026-06-16 02:03:11 - finetune_logger - INFO - Test memory reserved: 24.00 MB
[2026-06-16 02:03:11,186][finetune_logger][INFO] - Test memory reserved: 24.00 MB
2026-06-16 02:03:11 - finetune_logger - INFO - Test memory allocated: 18.10 MB
[2026-06-16 02:03:11,186][finetune_logger][INFO] - Test memory allocated: 18.10 MB
2026-06-16 02:03:11 - finetune_logger - INFO - Epoch 10/20
[2026-06-16 02:03:11,186][finetune_logger][INFO] - Epoch 10/20
2026-06-16 02:05:19 - finetune_logger - INFO - Train loss: 2.271832238440719
[2026-06-16 02:05:19,194][finetune_logger][INFO] - Train loss: 2.271832238440719
2026-06-16 02:05:19 - finetune_logger - INFO - Train time: 128.00753951072693s
[2026-06-16 02:05:19,195][finetune_logger][INFO] - Train time: 128.00753951072693s
2026-06-16 02:05:19 - finetune_logger - INFO - Train memory reserved: 24.00 MB
[2026-06-16 02:05:19,195][finetune_logger][INFO] - Train memory reserved: 24.00 MB
2026-06-16 02:05:19 - finetune_logger - INFO - Train memory allocated: 18.10 MB
[2026-06-16 02:05:19,195][finetune_logger][INFO] - Train memory allocated: 18.10 MB
2026-06-16 02:05:19 - finetune_logger - INFO - Current learning rate: 0.0005
[2026-06-16 02:05:19,195][finetune_logger][INFO] - Current learning rate: 0.0005
2026-06-16 02:05:36 - finetune_logger - INFO - Validation metrics: {'MAE': 2.892550975890383, 'RMSE': 4.195067103340521}
[2026-06-16 02:05:36,668][finetune_logger][INFO] - Validation metrics: {'MAE': 2.892550975890383, 'RMSE': 4.195067103340521}
2026-06-16 02:05:36 - finetune_logger - INFO - Val time: 17.47s
[2026-06-16 02:05:36,668][finetune_logger][INFO] - Val time: 17.47s
2026-06-16 02:05:36 - finetune_logger - INFO - Val memory reserved: 24.00 MB
[2026-06-16 02:05:36,668][finetune_logger][INFO] - Val memory reserved: 24.00 MB
2026-06-16 02:05:36 - finetune_logger - INFO - Val memory allocated: 18.10 MB
[2026-06-16 02:05:36,668][finetune_logger][INFO] - Val memory allocated: 18.10 MB
2026-06-16 02:05:36 - finetune_logger - INFO - Logged epoch 10 info to /public/home/202411094934/python_project/Spatio-Temporal-Library/time-series/2026-06-16/itransformer/finetune20/etth2/time-series/seed_1/training_log.json
[2026-06-16 02:05:36,671][finetune_logger][INFO] - Logged epoch 10 info to /public/home/202411094934/python_project/Spatio-Temporal-Library/time-series/2026-06-16/itransformer/finetune20/etth2/time-series/seed_1/training_log.json
2026-06-16 02:05:54 - finetune_logger - INFO - Test metrics: {'MAE': 3.027454591660263, 'RMSE': 4.575355317388273}
[2026-06-16 02:05:54,154][finetune_logger][INFO] - Test metrics: {'MAE': 3.027454591660263, 'RMSE': 4.575355317388273}
2026-06-16 02:05:54 - finetune_logger - INFO - Test time: 17.46s
[2026-06-16 02:05:54,155][finetune_logger][INFO] - Test time: 17.46s
2026-06-16 02:05:54 - finetune_logger - INFO - Test memory reserved: 24.00 MB
[2026-06-16 02:05:54,155][finetune_logger][INFO] - Test memory reserved: 24.00 MB
2026-06-16 02:05:54 - finetune_logger - INFO - Test memory allocated: 18.10 MB
[2026-06-16 02:05:54,155][finetune_logger][INFO] - Test memory allocated: 18.10 MB
2026-06-16 02:05:54 - finetune_logger - INFO - Epoch 11/20
[2026-06-16 02:05:54,155][finetune_logger][INFO] - Epoch 11/20
2026-06-16 02:08:01 - finetune_logger - INFO - Train loss: 2.2029289969960035
[2026-06-16 02:08:01,988][finetune_logger][INFO] - Train loss: 2.2029289969960035
2026-06-16 02:08:01 - finetune_logger - INFO - Train time: 127.83202576637268s
[2026-06-16 02:08:01,988][finetune_logger][INFO] - Train time: 127.83202576637268s
2026-06-16 02:08:01 - finetune_logger - INFO - Train memory reserved: 24.00 MB
[2026-06-16 02:08:01,988][finetune_logger][INFO] - Train memory reserved: 24.00 MB
2026-06-16 02:08:01 - finetune_logger - INFO - Train memory allocated: 18.10 MB
[2026-06-16 02:08:01,988][finetune_logger][INFO] - Train memory allocated: 18.10 MB
2026-06-16 02:08:01 - finetune_logger - INFO - Current learning rate: 0.00025
[2026-06-16 02:08:01,988][finetune_logger][INFO] - Current learning rate: 0.00025
2026-06-16 02:08:19 - finetune_logger - INFO - Validation metrics: {'MAE': 2.822549057052244, 'RMSE': 4.090398377690994}
[2026-06-16 02:08:19,525][finetune_logger][INFO] - Validation metrics: {'MAE': 2.822549057052244, 'RMSE': 4.090398377690994}
2026-06-16 02:08:19 - finetune_logger - INFO - Val time: 17.54s
[2026-06-16 02:08:19,525][finetune_logger][INFO] - Val time: 17.54s
2026-06-16 02:08:19 - finetune_logger - INFO - Val memory reserved: 24.00 MB
[2026-06-16 02:08:19,525][finetune_logger][INFO] - Val memory reserved: 24.00 MB
2026-06-16 02:08:19 - finetune_logger - INFO - Val memory allocated: 18.10 MB
[2026-06-16 02:08:19,525][finetune_logger][INFO] - Val memory allocated: 18.10 MB
2026-06-16 02:08:19 - finetune_logger - INFO - Logged epoch 11 info to /public/home/202411094934/python_project/Spatio-Temporal-Library/time-series/2026-06-16/itransformer/finetune20/etth2/time-series/seed_1/training_log.json
[2026-06-16 02:08:19,528][finetune_logger][INFO] - Logged epoch 11 info to /public/home/202411094934/python_project/Spatio-Temporal-Library/time-series/2026-06-16/itransformer/finetune20/etth2/time-series/seed_1/training_log.json
2026-06-16 02:08:37 - finetune_logger - INFO - Test metrics: {'MAE': 2.94185180069151, 'RMSE': 4.432125012306942}
[2026-06-16 02:08:37,025][finetune_logger][INFO] - Test metrics: {'MAE': 2.94185180069151, 'RMSE': 4.432125012306942}
2026-06-16 02:08:37 - finetune_logger - INFO - Test time: 17.50s
[2026-06-16 02:08:37,025][finetune_logger][INFO] - Test time: 17.50s
2026-06-16 02:08:37 - finetune_logger - INFO - Test memory reserved: 24.00 MB
[2026-06-16 02:08:37,026][finetune_logger][INFO] - Test memory reserved: 24.00 MB
2026-06-16 02:08:37 - finetune_logger - INFO - Test memory allocated: 18.10 MB
[2026-06-16 02:08:37,026][finetune_logger][INFO] - Test memory allocated: 18.10 MB
2026-06-16 02:08:37 - finetune_logger - INFO - Epoch 12/20
[2026-06-16 02:08:37,026][finetune_logger][INFO] - Epoch 12/20
2026-06-16 02:10:44 - finetune_logger - INFO - Train loss: 2.1761808966054947
[2026-06-16 02:10:44,792][finetune_logger][INFO] - Train loss: 2.1761808966054947
2026-06-16 02:10:44 - finetune_logger - INFO - Train time: 127.76530003547668s
[2026-06-16 02:10:44,792][finetune_logger][INFO] - Train time: 127.76530003547668s
2026-06-16 02:10:44 - finetune_logger - INFO - Train memory reserved: 24.00 MB
[2026-06-16 02:10:44,792][finetune_logger][INFO] - Train memory reserved: 24.00 MB
2026-06-16 02:10:44 - finetune_logger - INFO - Train memory allocated: 18.10 MB
[2026-06-16 02:10:44,792][finetune_logger][INFO] - Train memory allocated: 18.10 MB
2026-06-16 02:10:44 - finetune_logger - INFO - Current learning rate: 0.00025
[2026-06-16 02:10:44,792][finetune_logger][INFO] - Current learning rate: 0.00025
2026-06-16 02:11:02 - finetune_logger - INFO - Validation metrics: {'MAE': 2.8317331418991043, 'RMSE': 4.118093963123498}
[2026-06-16 02:11:02,331][finetune_logger][INFO] - Validation metrics: {'MAE': 2.8317331418991043, 'RMSE': 4.118093963123498}
2026-06-16 02:11:02 - finetune_logger - INFO - Val time: 17.54s
[2026-06-16 02:11:02,331][finetune_logger][INFO] - Val time: 17.54s
2026-06-16 02:11:02 - finetune_logger - INFO - Val memory reserved: 24.00 MB
[2026-06-16 02:11:02,332][finetune_logger][INFO] - Val memory reserved: 24.00 MB
2026-06-16 02:11:02 - finetune_logger - INFO - Val memory allocated: 18.10 MB
[2026-06-16 02:11:02,332][finetune_logger][INFO] - Val memory allocated: 18.10 MB
2026-06-16 02:11:02 - finetune_logger - INFO - Logged epoch 12 info to /public/home/202411094934/python_project/Spatio-Temporal-Library/time-series/2026-06-16/itransformer/finetune20/etth2/time-series/seed_1/training_log.json
[2026-06-16 02:11:02,335][finetune_logger][INFO] - Logged epoch 12 info to /public/home/202411094934/python_project/Spatio-Temporal-Library/time-series/2026-06-16/itransformer/finetune20/etth2/time-series/seed_1/training_log.json
2026-06-16 02:11:19 - finetune_logger - INFO - Test metrics: {'MAE': 2.9620102631251, 'RMSE': 4.463601714860812}
[2026-06-16 02:11:19,829][finetune_logger][INFO] - Test metrics: {'MAE': 2.9620102631251, 'RMSE': 4.463601714860812}
2026-06-16 02:11:19 - finetune_logger - INFO - Test time: 17.49s
[2026-06-16 02:11:19,829][finetune_logger][INFO] - Test time: 17.49s
2026-06-16 02:11:19 - finetune_logger - INFO - Test memory reserved: 24.00 MB
[2026-06-16 02:11:19,829][finetune_logger][INFO] - Test memory reserved: 24.00 MB
2026-06-16 02:11:19 - finetune_logger - INFO - Test memory allocated: 18.10 MB
[2026-06-16 02:11:19,829][finetune_logger][INFO] - Test memory allocated: 18.10 MB
2026-06-16 02:11:19 - finetune_logger - INFO - Epoch 13/20
[2026-06-16 02:11:19,829][finetune_logger][INFO] - Epoch 13/20
2026-06-16 02:13:27 - finetune_logger - INFO - Train loss: 2.1617062233144106
[2026-06-16 02:13:27,640][finetune_logger][INFO] - Train loss: 2.1617062233144106
2026-06-16 02:13:27 - finetune_logger - INFO - Train time: 127.81023144721985s
[2026-06-16 02:13:27,640][finetune_logger][INFO] - Train time: 127.81023144721985s
2026-06-16 02:13:27 - finetune_logger - INFO - Train memory reserved: 24.00 MB
[2026-06-16 02:13:27,641][finetune_logger][INFO] - Train memory reserved: 24.00 MB
2026-06-16 02:13:27 - finetune_logger - INFO - Train memory allocated: 18.10 MB
[2026-06-16 02:13:27,641][finetune_logger][INFO] - Train memory allocated: 18.10 MB
2026-06-16 02:13:27 - finetune_logger - INFO - Current learning rate: 0.00025
[2026-06-16 02:13:27,641][finetune_logger][INFO] - Current learning rate: 0.00025
2026-06-16 02:13:45 - finetune_logger - INFO - Validation metrics: {'MAE': 2.859823255175625, 'RMSE': 4.157359535217277}
[2026-06-16 02:13:45,192][finetune_logger][INFO] - Validation metrics: {'MAE': 2.859823255175625, 'RMSE': 4.157359535217277}
2026-06-16 02:13:45 - finetune_logger - INFO - Val time: 17.55s
[2026-06-16 02:13:45,192][finetune_logger][INFO] - Val time: 17.55s
2026-06-16 02:13:45 - finetune_logger - INFO - Val memory reserved: 24.00 MB
[2026-06-16 02:13:45,192][finetune_logger][INFO] - Val memory reserved: 24.00 MB
2026-06-16 02:13:45 - finetune_logger - INFO - Val memory allocated: 18.10 MB
[2026-06-16 02:13:45,193][finetune_logger][INFO] - Val memory allocated: 18.10 MB
2026-06-16 02:13:45 - finetune_logger - INFO - Logged epoch 13 info to /public/home/202411094934/python_project/Spatio-Temporal-Library/time-series/2026-06-16/itransformer/finetune20/etth2/time-series/seed_1/training_log.json
[2026-06-16 02:13:45,196][finetune_logger][INFO] - Logged epoch 13 info to /public/home/202411094934/python_project/Spatio-Temporal-Library/time-series/2026-06-16/itransformer/finetune20/etth2/time-series/seed_1/training_log.json
2026-06-16 02:14:02 - finetune_logger - INFO - Test metrics: {'MAE': 2.9711775777907463, 'RMSE': 4.473826426051896}
[2026-06-16 02:14:02,669][finetune_logger][INFO] - Test metrics: {'MAE': 2.9711775777907463, 'RMSE': 4.473826426051896}
2026-06-16 02:14:02 - finetune_logger - INFO - Test time: 17.47s
[2026-06-16 02:14:02,669][finetune_logger][INFO] - Test time: 17.47s
2026-06-16 02:14:02 - finetune_logger - INFO - Test memory reserved: 24.00 MB
[2026-06-16 02:14:02,669][finetune_logger][INFO] - Test memory reserved: 24.00 MB
2026-06-16 02:14:02 - finetune_logger - INFO - Test memory allocated: 18.10 MB
[2026-06-16 02:14:02,669][finetune_logger][INFO] - Test memory allocated: 18.10 MB
2026-06-16 02:14:02 - finetune_logger - INFO - Epoch 14/20
[2026-06-16 02:14:02,669][finetune_logger][INFO] - Epoch 14/20
2026-06-16 02:16:10 - finetune_logger - INFO - Train loss: 2.139753031261489
[2026-06-16 02:16:10,636][finetune_logger][INFO] - Train loss: 2.139753031261489
2026-06-16 02:16:10 - finetune_logger - INFO - Train time: 127.96646094322205s
[2026-06-16 02:16:10,637][finetune_logger][INFO] - Train time: 127.96646094322205s
2026-06-16 02:16:10 - finetune_logger - INFO - Train memory reserved: 24.00 MB
[2026-06-16 02:16:10,637][finetune_logger][INFO] - Train memory reserved: 24.00 MB
2026-06-16 02:16:10 - finetune_logger - INFO - Train memory allocated: 18.10 MB
[2026-06-16 02:16:10,637][finetune_logger][INFO] - Train memory allocated: 18.10 MB
2026-06-16 02:16:10 - finetune_logger - INFO - Current learning rate: 0.00025
[2026-06-16 02:16:10,637][finetune_logger][INFO] - Current learning rate: 0.00025
2026-06-16 02:16:28 - finetune_logger - INFO - Validation metrics: {'MAE': 2.8141870487758127, 'RMSE': 4.094989064670746}
[2026-06-16 02:16:28,156][finetune_logger][INFO] - Validation metrics: {'MAE': 2.8141870487758127, 'RMSE': 4.094989064670746}
2026-06-16 02:16:28 - finetune_logger - INFO - Val time: 17.52s
[2026-06-16 02:16:28,157][finetune_logger][INFO] - Val time: 17.52s
2026-06-16 02:16:28 - finetune_logger - INFO - Val memory reserved: 24.00 MB
[2026-06-16 02:16:28,157][finetune_logger][INFO] - Val memory reserved: 24.00 MB
2026-06-16 02:16:28 - finetune_logger - INFO - Val memory allocated: 18.10 MB
[2026-06-16 02:16:28,157][finetune_logger][INFO] - Val memory allocated: 18.10 MB
2026-06-16 02:16:28 - finetune_logger - INFO - Logged epoch 14 info to /public/home/202411094934/python_project/Spatio-Temporal-Library/time-series/2026-06-16/itransformer/finetune20/etth2/time-series/seed_1/training_log.json
[2026-06-16 02:16:28,160][finetune_logger][INFO] - Logged epoch 14 info to /public/home/202411094934/python_project/Spatio-Temporal-Library/time-series/2026-06-16/itransformer/finetune20/etth2/time-series/seed_1/training_log.json
2026-06-16 02:16:45 - finetune_logger - INFO - Test metrics: {'MAE': 2.9977494193939935, 'RMSE': 4.517643325396948}
[2026-06-16 02:16:45,677][finetune_logger][INFO] - Test metrics: {'MAE': 2.9977494193939935, 'RMSE': 4.517643325396948}
2026-06-16 02:16:45 - finetune_logger - INFO - Test time: 17.52s
[2026-06-16 02:16:45,677][finetune_logger][INFO] - Test time: 17.52s
2026-06-16 02:16:45 - finetune_logger - INFO - Test memory reserved: 24.00 MB
[2026-06-16 02:16:45,677][finetune_logger][INFO] - Test memory reserved: 24.00 MB
2026-06-16 02:16:45 - finetune_logger - INFO - Test memory allocated: 18.10 MB
[2026-06-16 02:16:45,677][finetune_logger][INFO] - Test memory allocated: 18.10 MB
2026-06-16 02:16:45 - finetune_logger - INFO - Epoch 15/20
[2026-06-16 02:16:45,678][finetune_logger][INFO] - Epoch 15/20
2026-06-16 02:18:53 - finetune_logger - INFO - Train loss: 2.128873347781144
[2026-06-16 02:18:53,558][finetune_logger][INFO] - Train loss: 2.128873347781144
2026-06-16 02:18:53 - finetune_logger - INFO - Train time: 127.88006496429443s
[2026-06-16 02:18:53,558][finetune_logger][INFO] - Train time: 127.88006496429443s
2026-06-16 02:18:53 - finetune_logger - INFO - Train memory reserved: 24.00 MB
[2026-06-16 02:18:53,558][finetune_logger][INFO] - Train memory reserved: 24.00 MB
2026-06-16 02:18:53 - finetune_logger - INFO - Train memory allocated: 18.10 MB
[2026-06-16 02:18:53,559][finetune_logger][INFO] - Train memory allocated: 18.10 MB
2026-06-16 02:18:53 - finetune_logger - INFO - Current learning rate: 0.00025
[2026-06-16 02:18:53,559][finetune_logger][INFO] - Current learning rate: 0.00025
2026-06-16 02:19:11 - finetune_logger - INFO - Validation metrics: {'MAE': 2.829855826877416, 'RMSE': 4.1045867933091635}
[2026-06-16 02:19:11,108][finetune_logger][INFO] - Validation metrics: {'MAE': 2.829855826877416, 'RMSE': 4.1045867933091635}
2026-06-16 02:19:11 - finetune_logger - INFO - Val time: 17.55s
[2026-06-16 02:19:11,109][finetune_logger][INFO] - Val time: 17.55s
2026-06-16 02:19:11 - finetune_logger - INFO - Val memory reserved: 24.00 MB
[2026-06-16 02:19:11,109][finetune_logger][INFO] - Val memory reserved: 24.00 MB
2026-06-16 02:19:11 - finetune_logger - INFO - Val memory allocated: 18.10 MB
[2026-06-16 02:19:11,109][finetune_logger][INFO] - Val memory allocated: 18.10 MB
2026-06-16 02:19:11 - finetune_logger - INFO - Logged epoch 15 info to /public/home/202411094934/python_project/Spatio-Temporal-Library/time-series/2026-06-16/itransformer/finetune20/etth2/time-series/seed_1/training_log.json
[2026-06-16 02:19:11,112][finetune_logger][INFO] - Logged epoch 15 info to /public/home/202411094934/python_project/Spatio-Temporal-Library/time-series/2026-06-16/itransformer/finetune20/etth2/time-series/seed_1/training_log.json
2026-06-16 02:19:28 - finetune_logger - INFO - Test metrics: {'MAE': 2.9738218843369246, 'RMSE': 4.483695075307566}
[2026-06-16 02:19:28,657][finetune_logger][INFO] - Test metrics: {'MAE': 2.9738218843369246, 'RMSE': 4.483695075307566}
2026-06-16 02:19:28 - finetune_logger - INFO - Test time: 17.54s
[2026-06-16 02:19:28,657][finetune_logger][INFO] - Test time: 17.54s
2026-06-16 02:19:28 - finetune_logger - INFO - Test memory reserved: 24.00 MB
[2026-06-16 02:19:28,657][finetune_logger][INFO] - Test memory reserved: 24.00 MB
2026-06-16 02:19:28 - finetune_logger - INFO - Test memory allocated: 18.10 MB
[2026-06-16 02:19:28,657][finetune_logger][INFO] - Test memory allocated: 18.10 MB
2026-06-16 02:19:28 - finetune_logger - INFO - Epoch 16/20
[2026-06-16 02:19:28,658][finetune_logger][INFO] - Epoch 16/20
2026-06-16 02:21:36 - finetune_logger - INFO - Train loss: 2.1136302018919078
[2026-06-16 02:21:36,687][finetune_logger][INFO] - Train loss: 2.1136302018919078
2026-06-16 02:21:36 - finetune_logger - INFO - Train time: 128.02877521514893s
[2026-06-16 02:21:36,687][finetune_logger][INFO] - Train time: 128.02877521514893s
2026-06-16 02:21:36 - finetune_logger - INFO - Train memory reserved: 24.00 MB
[2026-06-16 02:21:36,687][finetune_logger][INFO] - Train memory reserved: 24.00 MB
2026-06-16 02:21:36 - finetune_logger - INFO - Train memory allocated: 18.10 MB
[2026-06-16 02:21:36,687][finetune_logger][INFO] - Train memory allocated: 18.10 MB
2026-06-16 02:21:36 - finetune_logger - INFO - Current learning rate: 0.00025
[2026-06-16 02:21:36,687][finetune_logger][INFO] - Current learning rate: 0.00025
2026-06-16 02:21:54 - finetune_logger - INFO - Validation metrics: {'MAE': 2.8615592554637352, 'RMSE': 4.167005295935129}
[2026-06-16 02:21:54,213][finetune_logger][INFO] - Validation metrics: {'MAE': 2.8615592554637352, 'RMSE': 4.167005295935129}
2026-06-16 02:21:54 - finetune_logger - INFO - Val time: 17.53s
[2026-06-16 02:21:54,214][finetune_logger][INFO] - Val time: 17.53s
2026-06-16 02:21:54 - finetune_logger - INFO - Val memory reserved: 24.00 MB
[2026-06-16 02:21:54,214][finetune_logger][INFO] - Val memory reserved: 24.00 MB
2026-06-16 02:21:54 - finetune_logger - INFO - Val memory allocated: 18.10 MB
[2026-06-16 02:21:54,214][finetune_logger][INFO] - Val memory allocated: 18.10 MB
2026-06-16 02:21:54 - finetune_logger - INFO - Logged epoch 16 info to /public/home/202411094934/python_project/Spatio-Temporal-Library/time-series/2026-06-16/itransformer/finetune20/etth2/time-series/seed_1/training_log.json
[2026-06-16 02:21:54,217][finetune_logger][INFO] - Logged epoch 16 info to /public/home/202411094934/python_project/Spatio-Temporal-Library/time-series/2026-06-16/itransformer/finetune20/etth2/time-series/seed_1/training_log.json
2026-06-16 02:22:11 - finetune_logger - INFO - Test metrics: {'MAE': 2.9887189975920054, 'RMSE': 4.5095620316096765}
[2026-06-16 02:22:11,814][finetune_logger][INFO] - Test metrics: {'MAE': 2.9887189975920054, 'RMSE': 4.5095620316096765}
2026-06-16 02:22:11 - finetune_logger - INFO - Test time: 17.60s
[2026-06-16 02:22:11,814][finetune_logger][INFO] - Test time: 17.60s
2026-06-16 02:22:11 - finetune_logger - INFO - Test memory reserved: 24.00 MB
[2026-06-16 02:22:11,814][finetune_logger][INFO] - Test memory reserved: 24.00 MB
2026-06-16 02:22:11 - finetune_logger - INFO - Test memory allocated: 18.10 MB
[2026-06-16 02:22:11,814][finetune_logger][INFO] - Test memory allocated: 18.10 MB
2026-06-16 02:22:11 - finetune_logger - INFO - Epoch 17/20
[2026-06-16 02:22:11,814][finetune_logger][INFO] - Epoch 17/20
2026-06-16 02:24:19 - finetune_logger - INFO - Train loss: 2.1022117977847365
[2026-06-16 02:24:19,661][finetune_logger][INFO] - Train loss: 2.1022117977847365
2026-06-16 02:24:19 - finetune_logger - INFO - Train time: 127.8467206954956s
[2026-06-16 02:24:19,662][finetune_logger][INFO] - Train time: 127.8467206954956s
2026-06-16 02:24:19 - finetune_logger - INFO - Train memory reserved: 24.00 MB
[2026-06-16 02:24:19,662][finetune_logger][INFO] - Train memory reserved: 24.00 MB
2026-06-16 02:24:19 - finetune_logger - INFO - Train memory allocated: 18.10 MB
[2026-06-16 02:24:19,662][finetune_logger][INFO] - Train memory allocated: 18.10 MB
2026-06-16 02:24:19 - finetune_logger - INFO - Current learning rate: 0.00025
[2026-06-16 02:24:19,662][finetune_logger][INFO] - Current learning rate: 0.00025
2026-06-16 02:24:37 - finetune_logger - INFO - Validation metrics: {'MAE': 2.8244300307319277, 'RMSE': 4.108871512095146}
[2026-06-16 02:24:37,133][finetune_logger][INFO] - Validation metrics: {'MAE': 2.8244300307319277, 'RMSE': 4.108871512095146}
2026-06-16 02:24:37 - finetune_logger - INFO - Val time: 17.47s
[2026-06-16 02:24:37,133][finetune_logger][INFO] - Val time: 17.47s
2026-06-16 02:24:37 - finetune_logger - INFO - Val memory reserved: 24.00 MB
[2026-06-16 02:24:37,133][finetune_logger][INFO] - Val memory reserved: 24.00 MB
2026-06-16 02:24:37 - finetune_logger - INFO - Val memory allocated: 18.10 MB
[2026-06-16 02:24:37,134][finetune_logger][INFO] - Val memory allocated: 18.10 MB
2026-06-16 02:24:37 - finetune_logger - INFO - Logged epoch 17 info to /public/home/202411094934/python_project/Spatio-Temporal-Library/time-series/2026-06-16/itransformer/finetune20/etth2/time-series/seed_1/training_log.json
[2026-06-16 02:24:37,137][finetune_logger][INFO] - Logged epoch 17 info to /public/home/202411094934/python_project/Spatio-Temporal-Library/time-series/2026-06-16/itransformer/finetune20/etth2/time-series/seed_1/training_log.json
2026-06-16 02:24:54 - finetune_logger - INFO - Test metrics: {'MAE': 2.977205686069669, 'RMSE': 4.499811449822924}
[2026-06-16 02:24:54,679][finetune_logger][INFO] - Test metrics: {'MAE': 2.977205686069669, 'RMSE': 4.499811449822924}
2026-06-16 02:24:54 - finetune_logger - INFO - Test time: 17.54s
[2026-06-16 02:24:54,679][finetune_logger][INFO] - Test time: 17.54s
2026-06-16 02:24:54 - finetune_logger - INFO - Test memory reserved: 24.00 MB
[2026-06-16 02:24:54,679][finetune_logger][INFO] - Test memory reserved: 24.00 MB
2026-06-16 02:24:54 - finetune_logger - INFO - Test memory allocated: 18.10 MB
[2026-06-16 02:24:54,679][finetune_logger][INFO] - Test memory allocated: 18.10 MB
2026-06-16 02:24:54 - finetune_logger - INFO - Epoch 18/20
[2026-06-16 02:24:54,679][finetune_logger][INFO] - Epoch 18/20
2026-06-16 02:27:02 - finetune_logger - INFO - Train loss: 2.0860715558433642
[2026-06-16 02:27:02,662][finetune_logger][INFO] - Train loss: 2.0860715558433642
2026-06-16 02:27:02 - finetune_logger - INFO - Train time: 127.9826819896698s
[2026-06-16 02:27:02,663][finetune_logger][INFO] - Train time: 127.9826819896698s
2026-06-16 02:27:02 - finetune_logger - INFO - Train memory reserved: 24.00 MB
[2026-06-16 02:27:02,663][finetune_logger][INFO] - Train memory reserved: 24.00 MB
2026-06-16 02:27:02 - finetune_logger - INFO - Train memory allocated: 18.10 MB
[2026-06-16 02:27:02,663][finetune_logger][INFO] - Train memory allocated: 18.10 MB
2026-06-16 02:27:02 - finetune_logger - INFO - Current learning rate: 0.00025
[2026-06-16 02:27:02,663][finetune_logger][INFO] - Current learning rate: 0.00025
2026-06-16 02:27:20 - finetune_logger - INFO - Validation metrics: {'MAE': 2.807929288001287, 'RMSE': 4.0847079109464355}
[2026-06-16 02:27:20,180][finetune_logger][INFO] - Validation metrics: {'MAE': 2.807929288001287, 'RMSE': 4.0847079109464355}
2026-06-16 02:27:20 - finetune_logger - INFO - Val time: 17.52s
[2026-06-16 02:27:20,180][finetune_logger][INFO] - Val time: 17.52s
2026-06-16 02:27:20 - finetune_logger - INFO - Val memory reserved: 24.00 MB
[2026-06-16 02:27:20,180][finetune_logger][INFO] - Val memory reserved: 24.00 MB
2026-06-16 02:27:20 - finetune_logger - INFO - Val memory allocated: 18.10 MB
[2026-06-16 02:27:20,180][finetune_logger][INFO] - Val memory allocated: 18.10 MB
2026-06-16 02:27:20 - finetune_logger - INFO - Logged epoch 18 info to /public/home/202411094934/python_project/Spatio-Temporal-Library/time-series/2026-06-16/itransformer/finetune20/etth2/time-series/seed_1/training_log.json
[2026-06-16 02:27:20,183][finetune_logger][INFO] - Logged epoch 18 info to /public/home/202411094934/python_project/Spatio-Temporal-Library/time-series/2026-06-16/itransformer/finetune20/etth2/time-series/seed_1/training_log.json
2026-06-16 02:27:37 - finetune_logger - INFO - Test metrics: {'MAE': 2.975627481869283, 'RMSE': 4.482572362718123}
[2026-06-16 02:27:37,761][finetune_logger][INFO] - Test metrics: {'MAE': 2.975627481869283, 'RMSE': 4.482572362718123}
2026-06-16 02:27:37 - finetune_logger - INFO - Test time: 17.58s
[2026-06-16 02:27:37,761][finetune_logger][INFO] - Test time: 17.58s
2026-06-16 02:27:37 - finetune_logger - INFO - Test memory reserved: 24.00 MB
[2026-06-16 02:27:37,761][finetune_logger][INFO] - Test memory reserved: 24.00 MB
2026-06-16 02:27:37 - finetune_logger - INFO - Test memory allocated: 18.10 MB
[2026-06-16 02:27:37,762][finetune_logger][INFO] - Test memory allocated: 18.10 MB
2026-06-16 02:27:37 - finetune_logger - INFO - Epoch 19/20
[2026-06-16 02:27:37,762][finetune_logger][INFO] - Epoch 19/20
2026-06-16 02:29:45 - finetune_logger - INFO - Train loss: 2.076500168412511
[2026-06-16 02:29:45,510][finetune_logger][INFO] - Train loss: 2.076500168412511
2026-06-16 02:29:45 - finetune_logger - INFO - Train time: 127.74795603752136s
[2026-06-16 02:29:45,510][finetune_logger][INFO] - Train time: 127.74795603752136s
2026-06-16 02:29:45 - finetune_logger - INFO - Train memory reserved: 24.00 MB
[2026-06-16 02:29:45,511][finetune_logger][INFO] - Train memory reserved: 24.00 MB
2026-06-16 02:29:45 - finetune_logger - INFO - Train memory allocated: 18.10 MB
[2026-06-16 02:29:45,511][finetune_logger][INFO] - Train memory allocated: 18.10 MB
2026-06-16 02:29:45 - finetune_logger - INFO - Current learning rate: 0.00025
[2026-06-16 02:29:45,511][finetune_logger][INFO] - Current learning rate: 0.00025
2026-06-16 02:30:03 - finetune_logger - INFO - Validation metrics: {'MAE': 2.827184801828288, 'RMSE': 4.110500220434996}
[2026-06-16 02:30:03,040][finetune_logger][INFO] - Validation metrics: {'MAE': 2.827184801828288, 'RMSE': 4.110500220434996}
2026-06-16 02:30:03 - finetune_logger - INFO - Val time: 17.53s
[2026-06-16 02:30:03,041][finetune_logger][INFO] - Val time: 17.53s
2026-06-16 02:30:03 - finetune_logger - INFO - Val memory reserved: 24.00 MB
[2026-06-16 02:30:03,041][finetune_logger][INFO] - Val memory reserved: 24.00 MB
2026-06-16 02:30:03 - finetune_logger - INFO - Val memory allocated: 18.10 MB
[2026-06-16 02:30:03,041][finetune_logger][INFO] - Val memory allocated: 18.10 MB
2026-06-16 02:30:03 - finetune_logger - INFO - Logged epoch 19 info to /public/home/202411094934/python_project/Spatio-Temporal-Library/time-series/2026-06-16/itransformer/finetune20/etth2/time-series/seed_1/training_log.json
[2026-06-16 02:30:03,044][finetune_logger][INFO] - Logged epoch 19 info to /public/home/202411094934/python_project/Spatio-Temporal-Library/time-series/2026-06-16/itransformer/finetune20/etth2/time-series/seed_1/training_log.json
2026-06-16 02:30:20 - finetune_logger - INFO - Test metrics: {'MAE': 2.975096414702288, 'RMSE': 4.483425377527854}
[2026-06-16 02:30:20,565][finetune_logger][INFO] - Test metrics: {'MAE': 2.975096414702288, 'RMSE': 4.483425377527854}
2026-06-16 02:30:20 - finetune_logger - INFO - Test time: 17.52s
[2026-06-16 02:30:20,565][finetune_logger][INFO] - Test time: 17.52s
2026-06-16 02:30:20 - finetune_logger - INFO - Test memory reserved: 24.00 MB
[2026-06-16 02:30:20,566][finetune_logger][INFO] - Test memory reserved: 24.00 MB
2026-06-16 02:30:20 - finetune_logger - INFO - Test memory allocated: 18.10 MB
[2026-06-16 02:30:20,566][finetune_logger][INFO] - Test memory allocated: 18.10 MB
2026-06-16 02:30:20 - finetune_logger - INFO - Epoch 20/20
[2026-06-16 02:30:20,566][finetune_logger][INFO] - Epoch 20/20
2026-06-16 02:32:28 - finetune_logger - INFO - Train loss: 2.0618994605349252
[2026-06-16 02:32:28,257][finetune_logger][INFO] - Train loss: 2.0618994605349252
2026-06-16 02:32:28 - finetune_logger - INFO - Train time: 127.6906807422638s
[2026-06-16 02:32:28,257][finetune_logger][INFO] - Train time: 127.6906807422638s
2026-06-16 02:32:28 - finetune_logger - INFO - Train memory reserved: 24.00 MB
[2026-06-16 02:32:28,257][finetune_logger][INFO] - Train memory reserved: 24.00 MB
2026-06-16 02:32:28 - finetune_logger - INFO - Train memory allocated: 18.10 MB
[2026-06-16 02:32:28,258][finetune_logger][INFO] - Train memory allocated: 18.10 MB
2026-06-16 02:32:28 - finetune_logger - INFO - Current learning rate: 0.00025
[2026-06-16 02:32:28,258][finetune_logger][INFO] - Current learning rate: 0.00025
2026-06-16 02:32:45 - finetune_logger - INFO - Validation metrics: {'MAE': 2.8308081026077234, 'RMSE': 4.105873300915659}
[2026-06-16 02:32:45,749][finetune_logger][INFO] - Validation metrics: {'MAE': 2.8308081026077234, 'RMSE': 4.105873300915659}
2026-06-16 02:32:45 - finetune_logger - INFO - Val time: 17.49s
[2026-06-16 02:32:45,749][finetune_logger][INFO] - Val time: 17.49s
2026-06-16 02:32:45 - finetune_logger - INFO - Val memory reserved: 24.00 MB
[2026-06-16 02:32:45,749][finetune_logger][INFO] - Val memory reserved: 24.00 MB
2026-06-16 02:32:45 - finetune_logger - INFO - Val memory allocated: 18.10 MB
[2026-06-16 02:32:45,749][finetune_logger][INFO] - Val memory allocated: 18.10 MB
2026-06-16 02:32:45 - finetune_logger - INFO - Logged epoch 20 info to /public/home/202411094934/python_project/Spatio-Temporal-Library/time-series/2026-06-16/itransformer/finetune20/etth2/time-series/seed_1/training_log.json
[2026-06-16 02:32:45,753][finetune_logger][INFO] - Logged epoch 20 info to /public/home/202411094934/python_project/Spatio-Temporal-Library/time-series/2026-06-16/itransformer/finetune20/etth2/time-series/seed_1/training_log.json
2026-06-16 02:33:03 - finetune_logger - INFO - Test metrics: {'MAE': 2.949456757999599, 'RMSE': 4.445162553469333}
[2026-06-16 02:33:03,254][finetune_logger][INFO] - Test metrics: {'MAE': 2.949456757999599, 'RMSE': 4.445162553469333}
2026-06-16 02:33:03 - finetune_logger - INFO - Test time: 17.48s
[2026-06-16 02:33:03,255][finetune_logger][INFO] - Test time: 17.48s
2026-06-16 02:33:03 - finetune_logger - INFO - Test memory reserved: 24.00 MB
[2026-06-16 02:33:03,255][finetune_logger][INFO] - Test memory reserved: 24.00 MB
2026-06-16 02:33:03 - finetune_logger - INFO - Test memory allocated: 18.10 MB
[2026-06-16 02:33:03,255][finetune_logger][INFO] - Test memory allocated: 18.10 MB
2026-06-16 02:33:03 - finetune_logger - INFO - Training completed. Best epoch: 1, Best val loss: 2.591665
[2026-06-16 02:33:03,255][finetune_logger][INFO] - Training completed. Best epoch: 1, Best val loss: 2.591665
2026-06-16 02:33:03 - finetune_logger - INFO - Loaded checkpoint from epoch 1
[2026-06-16 02:33:03,289][finetune_logger][INFO] - Loaded checkpoint from epoch 1
2026-06-16 02:33:03 - finetune_logger - INFO - Evaluating best model on test sets...
[2026-06-16 02:33:03,289][finetune_logger][INFO] - Evaluating best model on test sets...
2026-06-16 02:33:20 - finetune_logger - INFO - Test metrics: {'MAE': 2.818192686671302, 'RMSE': 4.214521541686279}
[2026-06-16 02:33:20,728][finetune_logger][INFO] - Test metrics: {'MAE': 2.818192686671302, 'RMSE': 4.214521541686279}
2026-06-16 02:33:20 - finetune_logger - INFO - Test time: 17.44s
[2026-06-16 02:33:20,728][finetune_logger][INFO] - Test time: 17.44s
2026-06-16 02:33:20 - finetune_logger - INFO - Test memory reserved: 26.00 MB
[2026-06-16 02:33:20,728][finetune_logger][INFO] - Test memory reserved: 26.00 MB
2026-06-16 02:33:20 - finetune_logger - INFO - Test memory allocated: 18.14 MB
[2026-06-16 02:33:20,728][finetune_logger][INFO] - Test memory allocated: 18.14 MB
2026-06-16 02:33:20 - finetune_logger - INFO - Logged epoch test info to /public/home/202411094934/python_project/Spatio-Temporal-Library/time-series/2026-06-16/itransformer/finetune20/etth2/time-series/seed_1/training_log.json
[2026-06-16 02:33:20,732][finetune_logger][INFO] - Logged epoch test info to /public/home/202411094934/python_project/Spatio-Temporal-Library/time-series/2026-06-16/itransformer/finetune20/etth2/time-series/seed_1/training_log.json
2026-06-16 10:00:01 - finetune_logger - INFO - No pretrained checkpoint is provided. Finetuning from scratch.
[2026-06-16 10:00:01,607][finetune_logger][INFO] - No pretrained checkpoint is provided. Finetuning from scratch.
2026-06-16 10:00:01 - finetune_logger - INFO - Model parameters: 158,912
[2026-06-16 10:00:01,611][finetune_logger][INFO] - Model parameters: 158,912
2026-06-16 10:00:01 - finetune_logger - INFO - Log file already exists at /public/home/202411094934/python_project/Spatio-Temporal-Library/time-series/2026-06-16/itransformer/finetune20/etth2/time-series/seed_1/training_log.json, appending to it.
[2026-06-16 10:00:01,613][finetune_logger][INFO] - Log file already exists at /public/home/202411094934/python_project/Spatio-Temporal-Library/time-series/2026-06-16/itransformer/finetune20/etth2/time-series/seed_1/training_log.json, appending to it.
2026-06-16 10:00:01 - finetune_logger - INFO - Starting training...
[2026-06-16 10:00:01,613][finetune_logger][INFO] - Starting training...
2026-06-16 10:00:01 - finetune_logger - INFO - Epoch 1/20
[2026-06-16 10:00:01,614][finetune_logger][INFO] - Epoch 1/20
2026-06-16 10:02:06 - finetune_logger - INFO - Train loss: 2.938370028093725
[2026-06-16 10:02:06,877][finetune_logger][INFO] - Train loss: 2.938370028093725
2026-06-16 10:02:06 - finetune_logger - INFO - Train time: 125.26314306259155s
[2026-06-16 10:02:06,878][finetune_logger][INFO] - Train time: 125.26314306259155s
2026-06-16 10:02:06 - finetune_logger - INFO - Train memory reserved: 24.00 MB
[2026-06-16 10:02:06,878][finetune_logger][INFO] - Train memory reserved: 24.00 MB
2026-06-16 10:02:06 - finetune_logger - INFO - Train memory allocated: 18.10 MB
[2026-06-16 10:02:06,878][finetune_logger][INFO] - Train memory allocated: 18.10 MB
2026-06-16 10:02:06 - finetune_logger - INFO - Current learning rate: 0.0005
[2026-06-16 10:02:06,878][finetune_logger][INFO] - Current learning rate: 0.0005
2026-06-16 10:02:24 - finetune_logger - INFO - Validation metrics: {'MAE': 2.5916653159005283, 'RMSE': 3.744858546393262}
[2026-06-16 10:02:24,106][finetune_logger][INFO] - Validation metrics: {'MAE': 2.5916653159005283, 'RMSE': 3.744858546393262}
2026-06-16 10:02:24 - finetune_logger - INFO - Val time: 17.23s
[2026-06-16 10:02:24,106][finetune_logger][INFO] - Val time: 17.23s
2026-06-16 10:02:24 - finetune_logger - INFO - Val memory reserved: 24.00 MB
[2026-06-16 10:02:24,106][finetune_logger][INFO] - Val memory reserved: 24.00 MB
2026-06-16 10:02:24 - finetune_logger - INFO - Val memory allocated: 18.10 MB
[2026-06-16 10:02:24,106][finetune_logger][INFO] - Val memory allocated: 18.10 MB
2026-06-16 10:02:24 - finetune_logger - INFO - Logged epoch 1 info to /public/home/202411094934/python_project/Spatio-Temporal-Library/time-series/2026-06-16/itransformer/finetune20/etth2/time-series/seed_1/training_log.json
[2026-06-16 10:02:24,111][finetune_logger][INFO] - Logged epoch 1 info to /public/home/202411094934/python_project/Spatio-Temporal-Library/time-series/2026-06-16/itransformer/finetune20/etth2/time-series/seed_1/training_log.json
2026-06-16 10:02:24 - finetune_logger - INFO - New best model! Val loss: 2.591665
[2026-06-16 10:02:24,112][finetune_logger][INFO] - New best model! Val loss: 2.591665
2026-06-16 10:02:41 - finetune_logger - INFO - Test metrics: {'MAE': 2.818192686671302, 'RMSE': 4.214521541686279}
[2026-06-16 10:02:41,312][finetune_logger][INFO] - Test metrics: {'MAE': 2.818192686671302, 'RMSE': 4.214521541686279}
2026-06-16 10:02:41 - finetune_logger - INFO - Test time: 17.15s
[2026-06-16 10:02:41,312][finetune_logger][INFO] - Test time: 17.15s
2026-06-16 10:02:41 - finetune_logger - INFO - Test memory reserved: 24.00 MB
[2026-06-16 10:02:41,313][finetune_logger][INFO] - Test memory reserved: 24.00 MB
2026-06-16 10:02:41 - finetune_logger - INFO - Test memory allocated: 18.10 MB
[2026-06-16 10:02:41,313][finetune_logger][INFO] - Test memory allocated: 18.10 MB
2026-06-16 10:02:41 - finetune_logger - INFO - Epoch 2/20
[2026-06-16 10:02:41,313][finetune_logger][INFO] - Epoch 2/20
2026-06-16 10:04:46 - finetune_logger - INFO - Train loss: 2.7610160446337444
[2026-06-16 10:04:46,328][finetune_logger][INFO] - Train loss: 2.7610160446337444
2026-06-16 10:04:46 - finetune_logger - INFO - Train time: 125.01482653617859s
[2026-06-16 10:04:46,328][finetune_logger][INFO] - Train time: 125.01482653617859s
2026-06-16 10:04:46 - finetune_logger - INFO - Train memory reserved: 24.00 MB
[2026-06-16 10:04:46,329][finetune_logger][INFO] - Train memory reserved: 24.00 MB
2026-06-16 10:04:46 - finetune_logger - INFO - Train memory allocated: 18.10 MB
[2026-06-16 10:04:46,329][finetune_logger][INFO] - Train memory allocated: 18.10 MB
2026-06-16 10:04:46 - finetune_logger - INFO - Current learning rate: 0.0005
[2026-06-16 10:04:46,329][finetune_logger][INFO] - Current learning rate: 0.0005
2026-06-16 10:05:03 - finetune_logger - INFO - Validation metrics: {'MAE': 2.6613702573322158, 'RMSE': 3.846658620289391}
[2026-06-16 10:05:03,403][finetune_logger][INFO] - Validation metrics: {'MAE': 2.6613702573322158, 'RMSE': 3.846658620289391}
2026-06-16 10:05:03 - finetune_logger - INFO - Val time: 17.07s
[2026-06-16 10:05:03,403][finetune_logger][INFO] - Val time: 17.07s
2026-06-16 10:05:03 - finetune_logger - INFO - Val memory reserved: 24.00 MB
[2026-06-16 10:05:03,403][finetune_logger][INFO] - Val memory reserved: 24.00 MB
2026-06-16 10:05:03 - finetune_logger - INFO - Val memory allocated: 18.10 MB
[2026-06-16 10:05:03,403][finetune_logger][INFO] - Val memory allocated: 18.10 MB
2026-06-16 10:05:03 - finetune_logger - INFO - Logged epoch 2 info to /public/home/202411094934/python_project/Spatio-Temporal-Library/time-series/2026-06-16/itransformer/finetune20/etth2/time-series/seed_1/training_log.json
[2026-06-16 10:05:03,407][finetune_logger][INFO] - Logged epoch 2 info to /public/home/202411094934/python_project/Spatio-Temporal-Library/time-series/2026-06-16/itransformer/finetune20/etth2/time-series/seed_1/training_log.json
2026-06-16 10:05:20 - finetune_logger - INFO - Test metrics: {'MAE': 2.8567586069107014, 'RMSE': 4.288035506021402}
[2026-06-16 10:05:20,558][finetune_logger][INFO] - Test metrics: {'MAE': 2.8567586069107014, 'RMSE': 4.288035506021402}
2026-06-16 10:05:20 - finetune_logger - INFO - Test time: 17.15s
[2026-06-16 10:05:20,558][finetune_logger][INFO] - Test time: 17.15s
2026-06-16 10:05:20 - finetune_logger - INFO - Test memory reserved: 24.00 MB
[2026-06-16 10:05:20,558][finetune_logger][INFO] - Test memory reserved: 24.00 MB
2026-06-16 10:05:20 - finetune_logger - INFO - Test memory allocated: 18.10 MB
[2026-06-16 10:05:20,559][finetune_logger][INFO] - Test memory allocated: 18.10 MB
2026-06-16 10:05:20 - finetune_logger - INFO - Epoch 3/20
[2026-06-16 10:05:20,559][finetune_logger][INFO] - Epoch 3/20
2026-06-16 10:07:25 - finetune_logger - INFO - Train loss: 2.627054516616588
[2026-06-16 10:07:25,307][finetune_logger][INFO] - Train loss: 2.627054516616588
2026-06-16 10:07:25 - finetune_logger - INFO - Train time: 124.74777579307556s
[2026-06-16 10:07:25,307][finetune_logger][INFO] - Train time: 124.74777579307556s
2026-06-16 10:07:25 - finetune_logger - INFO - Train memory reserved: 24.00 MB
[2026-06-16 10:07:25,307][finetune_logger][INFO] - Train memory reserved: 24.00 MB
2026-06-16 10:07:25 - finetune_logger - INFO - Train memory allocated: 18.10 MB
[2026-06-16 10:07:25,307][finetune_logger][INFO] - Train memory allocated: 18.10 MB
2026-06-16 10:07:25 - finetune_logger - INFO - Current learning rate: 0.0005
[2026-06-16 10:07:25,308][finetune_logger][INFO] - Current learning rate: 0.0005
2026-06-16 10:07:42 - finetune_logger - INFO - Validation metrics: {'MAE': 2.7312181735265755, 'RMSE': 3.939177188782471}
[2026-06-16 10:07:42,360][finetune_logger][INFO] - Validation metrics: {'MAE': 2.7312181735265755, 'RMSE': 3.939177188782471}
2026-06-16 10:07:42 - finetune_logger - INFO - Val time: 17.05s
[2026-06-16 10:07:42,360][finetune_logger][INFO] - Val time: 17.05s
2026-06-16 10:07:42 - finetune_logger - INFO - Val memory reserved: 24.00 MB
[2026-06-16 10:07:42,360][finetune_logger][INFO] - Val memory reserved: 24.00 MB
2026-06-16 10:07:42 - finetune_logger - INFO - Val memory allocated: 18.10 MB
[2026-06-16 10:07:42,360][finetune_logger][INFO] - Val memory allocated: 18.10 MB
2026-06-16 10:07:42 - finetune_logger - INFO - Logged epoch 3 info to /public/home/202411094934/python_project/Spatio-Temporal-Library/time-series/2026-06-16/itransformer/finetune20/etth2/time-series/seed_1/training_log.json
[2026-06-16 10:07:42,364][finetune_logger][INFO] - Logged epoch 3 info to /public/home/202411094934/python_project/Spatio-Temporal-Library/time-series/2026-06-16/itransformer/finetune20/etth2/time-series/seed_1/training_log.json
2026-06-16 10:07:59 - finetune_logger - INFO - Test metrics: {'MAE': 2.9190301274799255, 'RMSE': 4.3660396213985635}
[2026-06-16 10:07:59,497][finetune_logger][INFO] - Test metrics: {'MAE': 2.9190301274799255, 'RMSE': 4.3660396213985635}
2026-06-16 10:07:59 - finetune_logger - INFO - Test time: 17.13s
[2026-06-16 10:07:59,498][finetune_logger][INFO] - Test time: 17.13s
2026-06-16 10:07:59 - finetune_logger - INFO - Test memory reserved: 24.00 MB
[2026-06-16 10:07:59,498][finetune_logger][INFO] - Test memory reserved: 24.00 MB
2026-06-16 10:07:59 - finetune_logger - INFO - Test memory allocated: 18.10 MB
[2026-06-16 10:07:59,498][finetune_logger][INFO] - Test memory allocated: 18.10 MB
2026-06-16 10:07:59 - finetune_logger - INFO - Epoch 4/20
[2026-06-16 10:07:59,498][finetune_logger][INFO] - Epoch 4/20
2026-06-16 10:10:04 - finetune_logger - INFO - Train loss: 2.529740170545356
[2026-06-16 10:10:04,136][finetune_logger][INFO] - Train loss: 2.529740170545356
2026-06-16 10:10:04 - finetune_logger - INFO - Train time: 124.63735151290894s
[2026-06-16 10:10:04,136][finetune_logger][INFO] - Train time: 124.63735151290894s
2026-06-16 10:10:04 - finetune_logger - INFO - Train memory reserved: 24.00 MB
[2026-06-16 10:10:04,136][finetune_logger][INFO] - Train memory reserved: 24.00 MB
2026-06-16 10:10:04 - finetune_logger - INFO - Train memory allocated: 18.10 MB
[2026-06-16 10:10:04,136][finetune_logger][INFO] - Train memory allocated: 18.10 MB
2026-06-16 10:10:04 - finetune_logger - INFO - Current learning rate: 0.0005
[2026-06-16 10:10:04,136][finetune_logger][INFO] - Current learning rate: 0.0005
2026-06-16 10:10:21 - finetune_logger - INFO - Validation metrics: {'MAE': 2.7518499832153402, 'RMSE': 3.9890669478916077}
[2026-06-16 10:10:21,247][finetune_logger][INFO] - Validation metrics: {'MAE': 2.7518499832153402, 'RMSE': 3.9890669478916077}
2026-06-16 10:10:21 - finetune_logger - INFO - Val time: 17.11s
[2026-06-16 10:10:21,247][finetune_logger][INFO] - Val time: 17.11s
2026-06-16 10:10:21 - finetune_logger - INFO - Val memory reserved: 24.00 MB
[2026-06-16 10:10:21,247][finetune_logger][INFO] - Val memory reserved: 24.00 MB
2026-06-16 10:10:21 - finetune_logger - INFO - Val memory allocated: 18.10 MB
[2026-06-16 10:10:21,247][finetune_logger][INFO] - Val memory allocated: 18.10 MB
2026-06-16 10:10:21 - finetune_logger - INFO - Logged epoch 4 info to /public/home/202411094934/python_project/Spatio-Temporal-Library/time-series/2026-06-16/itransformer/finetune20/etth2/time-series/seed_1/training_log.json
[2026-06-16 10:10:21,251][finetune_logger][INFO] - Logged epoch 4 info to /public/home/202411094934/python_project/Spatio-Temporal-Library/time-series/2026-06-16/itransformer/finetune20/etth2/time-series/seed_1/training_log.json
2026-06-16 10:10:38 - finetune_logger - INFO - Test metrics: {'MAE': 2.9548696578797853, 'RMSE': 4.445606105759007}
[2026-06-16 10:10:38,485][finetune_logger][INFO] - Test metrics: {'MAE': 2.9548696578797853, 'RMSE': 4.445606105759007}
2026-06-16 10:10:38 - finetune_logger - INFO - Test time: 17.23s
[2026-06-16 10:10:38,486][finetune_logger][INFO] - Test time: 17.23s
2026-06-16 10:10:38 - finetune_logger - INFO - Test memory reserved: 24.00 MB
[2026-06-16 10:10:38,486][finetune_logger][INFO] - Test memory reserved: 24.00 MB
2026-06-16 10:10:38 - finetune_logger - INFO - Test memory allocated: 18.10 MB
[2026-06-16 10:10:38,486][finetune_logger][INFO] - Test memory allocated: 18.10 MB
2026-06-16 10:10:38 - finetune_logger - INFO - Epoch 5/20
[2026-06-16 10:10:38,486][finetune_logger][INFO] - Epoch 5/20
2026-06-16 10:12:43 - finetune_logger - INFO - Train loss: 2.4729519581041175
[2026-06-16 10:12:43,146][finetune_logger][INFO] - Train loss: 2.4729519581041175
2026-06-16 10:12:43 - finetune_logger - INFO - Train time: 124.65983533859253s
[2026-06-16 10:12:43,147][finetune_logger][INFO] - Train time: 124.65983533859253s
2026-06-16 10:12:43 - finetune_logger - INFO - Train memory reserved: 24.00 MB
[2026-06-16 10:12:43,147][finetune_logger][INFO] - Train memory reserved: 24.00 MB
2026-06-16 10:12:43 - finetune_logger - INFO - Train memory allocated: 18.10 MB
[2026-06-16 10:12:43,147][finetune_logger][INFO] - Train memory allocated: 18.10 MB
2026-06-16 10:12:43 - finetune_logger - INFO - Current learning rate: 0.0005
[2026-06-16 10:12:43,147][finetune_logger][INFO] - Current learning rate: 0.0005
2026-06-16 10:13:00 - finetune_logger - INFO - Validation metrics: {'MAE': 2.8172872591472755, 'RMSE': 4.069221107709986}
[2026-06-16 10:13:00,343][finetune_logger][INFO] - Validation metrics: {'MAE': 2.8172872591472755, 'RMSE': 4.069221107709986}
2026-06-16 10:13:00 - finetune_logger - INFO - Val time: 17.20s
[2026-06-16 10:13:00,343][finetune_logger][INFO] - Val time: 17.20s
2026-06-16 10:13:00 - finetune_logger - INFO - Val memory reserved: 24.00 MB
[2026-06-16 10:13:00,343][finetune_logger][INFO] - Val memory reserved: 24.00 MB
2026-06-16 10:13:00 - finetune_logger - INFO - Val memory allocated: 18.10 MB
[2026-06-16 10:13:00,344][finetune_logger][INFO] - Val memory allocated: 18.10 MB
2026-06-16 10:13:00 - finetune_logger - INFO - Logged epoch 5 info to /public/home/202411094934/python_project/Spatio-Temporal-Library/time-series/2026-06-16/itransformer/finetune20/etth2/time-series/seed_1/training_log.json
[2026-06-16 10:13:00,347][finetune_logger][INFO] - Logged epoch 5 info to /public/home/202411094934/python_project/Spatio-Temporal-Library/time-series/2026-06-16/itransformer/finetune20/etth2/time-series/seed_1/training_log.json
2026-06-16 10:13:17 - finetune_logger - INFO - Test metrics: {'MAE': 2.9184647660482437, 'RMSE': 4.380411687533057}
[2026-06-16 10:13:17,513][finetune_logger][INFO] - Test metrics: {'MAE': 2.9184647660482437, 'RMSE': 4.380411687533057}
2026-06-16 10:13:17 - finetune_logger - INFO - Test time: 17.17s
[2026-06-16 10:13:17,513][finetune_logger][INFO] - Test time: 17.17s
2026-06-16 10:13:17 - finetune_logger - INFO - Test memory reserved: 24.00 MB
[2026-06-16 10:13:17,514][finetune_logger][INFO] - Test memory reserved: 24.00 MB
2026-06-16 10:13:17 - finetune_logger - INFO - Test memory allocated: 18.10 MB
[2026-06-16 10:13:17,514][finetune_logger][INFO] - Test memory allocated: 18.10 MB
2026-06-16 10:13:17 - finetune_logger - INFO - Epoch 6/20
[2026-06-16 10:13:17,514][finetune_logger][INFO] - Epoch 6/20
2026-06-16 10:15:22 - finetune_logger - INFO - Train loss: 2.418062161958584
[2026-06-16 10:15:22,318][finetune_logger][INFO] - Train loss: 2.418062161958584
2026-06-16 10:15:22 - finetune_logger - INFO - Train time: 124.80347228050232s
[2026-06-16 10:15:22,318][finetune_logger][INFO] - Train time: 124.80347228050232s
2026-06-16 10:15:22 - finetune_logger - INFO - Train memory reserved: 24.00 MB
[2026-06-16 10:15:22,318][finetune_logger][INFO] - Train memory reserved: 24.00 MB
2026-06-16 10:15:22 - finetune_logger - INFO - Train memory allocated: 18.10 MB
[2026-06-16 10:15:22,318][finetune_logger][INFO] - Train memory allocated: 18.10 MB
2026-06-16 10:15:22 - finetune_logger - INFO - Current learning rate: 0.0005
[2026-06-16 10:15:22,318][finetune_logger][INFO] - Current learning rate: 0.0005
2026-06-16 10:15:39 - finetune_logger - INFO - Validation metrics: {'MAE': 2.7634896673474914, 'RMSE': 3.9984526460738437}
[2026-06-16 10:15:39,381][finetune_logger][INFO] - Validation metrics: {'MAE': 2.7634896673474914, 'RMSE': 3.9984526460738437}
2026-06-16 10:15:39 - finetune_logger - INFO - Val time: 17.06s
[2026-06-16 10:15:39,381][finetune_logger][INFO] - Val time: 17.06s
2026-06-16 10:15:39 - finetune_logger - INFO - Val memory reserved: 24.00 MB
[2026-06-16 10:15:39,381][finetune_logger][INFO] - Val memory reserved: 24.00 MB
2026-06-16 10:15:39 - finetune_logger - INFO - Val memory allocated: 18.10 MB
[2026-06-16 10:15:39,381][finetune_logger][INFO] - Val memory allocated: 18.10 MB
2026-06-16 10:15:39 - finetune_logger - INFO - Logged epoch 6 info to /public/home/202411094934/python_project/Spatio-Temporal-Library/time-series/2026-06-16/itransformer/finetune20/etth2/time-series/seed_1/training_log.json
[2026-06-16 10:15:39,385][finetune_logger][INFO] - Logged epoch 6 info to /public/home/202411094934/python_project/Spatio-Temporal-Library/time-series/2026-06-16/itransformer/finetune20/etth2/time-series/seed_1/training_log.json
2026-06-16 10:15:56 - finetune_logger - INFO - Test metrics: {'MAE': 2.950348418372018, 'RMSE': 4.420384338288068}
[2026-06-16 10:15:56,515][finetune_logger][INFO] - Test metrics: {'MAE': 2.950348418372018, 'RMSE': 4.420384338288068}
2026-06-16 10:15:56 - finetune_logger - INFO - Test time: 17.13s
[2026-06-16 10:15:56,516][finetune_logger][INFO] - Test time: 17.13s
2026-06-16 10:15:56 - finetune_logger - INFO - Test memory reserved: 24.00 MB
[2026-06-16 10:15:56,516][finetune_logger][INFO] - Test memory reserved: 24.00 MB
2026-06-16 10:15:56 - finetune_logger - INFO - Test memory allocated: 18.10 MB
[2026-06-16 10:15:56,516][finetune_logger][INFO] - Test memory allocated: 18.10 MB
2026-06-16 10:15:56 - finetune_logger - INFO - Epoch 7/20
[2026-06-16 10:15:56,516][finetune_logger][INFO] - Epoch 7/20
2026-06-16 10:18:01 - finetune_logger - INFO - Train loss: 2.376805218999131
[2026-06-16 10:18:01,262][finetune_logger][INFO] - Train loss: 2.376805218999131
2026-06-16 10:18:01 - finetune_logger - INFO - Train time: 124.7452449798584s
[2026-06-16 10:18:01,262][finetune_logger][INFO] - Train time: 124.7452449798584s
2026-06-16 10:18:01 - finetune_logger - INFO - Train memory reserved: 24.00 MB
[2026-06-16 10:18:01,262][finetune_logger][INFO] - Train memory reserved: 24.00 MB
2026-06-16 10:18:01 - finetune_logger - INFO - Train memory allocated: 18.10 MB
[2026-06-16 10:18:01,262][finetune_logger][INFO] - Train memory allocated: 18.10 MB
2026-06-16 10:18:01 - finetune_logger - INFO - Current learning rate: 0.0005
[2026-06-16 10:18:01,262][finetune_logger][INFO] - Current learning rate: 0.0005
2026-06-16 10:18:18 - finetune_logger - INFO - Validation metrics: {'MAE': 2.8072109814598463, 'RMSE': 4.057348472776876}
[2026-06-16 10:18:18,332][finetune_logger][INFO] - Validation metrics: {'MAE': 2.8072109814598463, 'RMSE': 4.057348472776876}
2026-06-16 10:18:18 - finetune_logger - INFO - Val time: 17.07s
[2026-06-16 10:18:18,332][finetune_logger][INFO] - Val time: 17.07s
2026-06-16 10:18:18 - finetune_logger - INFO - Val memory reserved: 24.00 MB
[2026-06-16 10:18:18,333][finetune_logger][INFO] - Val memory reserved: 24.00 MB
2026-06-16 10:18:18 - finetune_logger - INFO - Val memory allocated: 18.10 MB
[2026-06-16 10:18:18,333][finetune_logger][INFO] - Val memory allocated: 18.10 MB
2026-06-16 10:18:18 - finetune_logger - INFO - Logged epoch 7 info to /public/home/202411094934/python_project/Spatio-Temporal-Library/time-series/2026-06-16/itransformer/finetune20/etth2/time-series/seed_1/training_log.json
[2026-06-16 10:18:18,336][finetune_logger][INFO] - Logged epoch 7 info to /public/home/202411094934/python_project/Spatio-Temporal-Library/time-series/2026-06-16/itransformer/finetune20/etth2/time-series/seed_1/training_log.json
2026-06-16 10:18:35 - finetune_logger - INFO - Test metrics: {'MAE': 2.9227112464450555, 'RMSE': 4.38929578576769}
[2026-06-16 10:18:35,451][finetune_logger][INFO] - Test metrics: {'MAE': 2.9227112464450555, 'RMSE': 4.38929578576769}
2026-06-16 10:18:35 - finetune_logger - INFO - Test time: 17.11s
[2026-06-16 10:18:35,451][finetune_logger][INFO] - Test time: 17.11s
2026-06-16 10:18:35 - finetune_logger - INFO - Test memory reserved: 24.00 MB
[2026-06-16 10:18:35,451][finetune_logger][INFO] - Test memory reserved: 24.00 MB
2026-06-16 10:18:35 - finetune_logger - INFO - Test memory allocated: 18.10 MB
[2026-06-16 10:18:35,451][finetune_logger][INFO] - Test memory allocated: 18.10 MB
2026-06-16 10:18:35 - finetune_logger - INFO - Epoch 8/20
[2026-06-16 10:18:35,451][finetune_logger][INFO] - Epoch 8/20
2026-06-16 10:20:40 - finetune_logger - INFO - Train loss: 2.3387963473832185
[2026-06-16 10:20:40,258][finetune_logger][INFO] - Train loss: 2.3387963473832185
2026-06-16 10:20:40 - finetune_logger - INFO - Train time: 124.80604887008667s
[2026-06-16 10:20:40,258][finetune_logger][INFO] - Train time: 124.80604887008667s
2026-06-16 10:20:40 - finetune_logger - INFO - Train memory reserved: 24.00 MB
[2026-06-16 10:20:40,258][finetune_logger][INFO] - Train memory reserved: 24.00 MB
2026-06-16 10:20:40 - finetune_logger - INFO - Train memory allocated: 18.10 MB
[2026-06-16 10:20:40,258][finetune_logger][INFO] - Train memory allocated: 18.10 MB
2026-06-16 10:20:40 - finetune_logger - INFO - Current learning rate: 0.0005
[2026-06-16 10:20:40,259][finetune_logger][INFO] - Current learning rate: 0.0005
2026-06-16 10:20:57 - finetune_logger - INFO - Validation metrics: {'MAE': 2.7717230609712127, 'RMSE': 4.010443743387847}
[2026-06-16 10:20:57,374][finetune_logger][INFO] - Validation metrics: {'MAE': 2.7717230609712127, 'RMSE': 4.010443743387847}
2026-06-16 10:20:57 - finetune_logger - INFO - Val time: 17.12s
[2026-06-16 10:20:57,375][finetune_logger][INFO] - Val time: 17.12s
2026-06-16 10:20:57 - finetune_logger - INFO - Val memory reserved: 24.00 MB
[2026-06-16 10:20:57,375][finetune_logger][INFO] - Val memory reserved: 24.00 MB
2026-06-16 10:20:57 - finetune_logger - INFO - Val memory allocated: 18.10 MB
[2026-06-16 10:20:57,375][finetune_logger][INFO] - Val memory allocated: 18.10 MB
2026-06-16 10:20:57 - finetune_logger - INFO - Logged epoch 8 info to /public/home/202411094934/python_project/Spatio-Temporal-Library/time-series/2026-06-16/itransformer/finetune20/etth2/time-series/seed_1/training_log.json
[2026-06-16 10:20:57,378][finetune_logger][INFO] - Logged epoch 8 info to /public/home/202411094934/python_project/Spatio-Temporal-Library/time-series/2026-06-16/itransformer/finetune20/etth2/time-series/seed_1/training_log.json
2026-06-16 10:21:14 - finetune_logger - INFO - Test metrics: {'MAE': 2.9277977652776794, 'RMSE': 4.390878852662588}
[2026-06-16 10:21:14,478][finetune_logger][INFO] - Test metrics: {'MAE': 2.9277977652776794, 'RMSE': 4.390878852662588}
2026-06-16 10:21:14 - finetune_logger - INFO - Test time: 17.10s
[2026-06-16 10:21:14,478][finetune_logger][INFO] - Test time: 17.10s
2026-06-16 10:21:14 - finetune_logger - INFO - Test memory reserved: 24.00 MB
[2026-06-16 10:21:14,478][finetune_logger][INFO] - Test memory reserved: 24.00 MB
2026-06-16 10:21:14 - finetune_logger - INFO - Test memory allocated: 18.10 MB
[2026-06-16 10:21:14,478][finetune_logger][INFO] - Test memory allocated: 18.10 MB
2026-06-16 10:21:14 - finetune_logger - INFO - Epoch 9/20
[2026-06-16 10:21:14,478][finetune_logger][INFO] - Epoch 9/20
2026-06-16 10:23:19 - finetune_logger - INFO - Train loss: 2.3020070346537795
[2026-06-16 10:23:19,223][finetune_logger][INFO] - Train loss: 2.3020070346537795
2026-06-16 10:23:19 - finetune_logger - INFO - Train time: 124.74446129798889s
[2026-06-16 10:23:19,224][finetune_logger][INFO] - Train time: 124.74446129798889s
2026-06-16 10:23:19 - finetune_logger - INFO - Train memory reserved: 24.00 MB
[2026-06-16 10:23:19,224][finetune_logger][INFO] - Train memory reserved: 24.00 MB
2026-06-16 10:23:19 - finetune_logger - INFO - Train memory allocated: 18.10 MB
[2026-06-16 10:23:19,224][finetune_logger][INFO] - Train memory allocated: 18.10 MB
2026-06-16 10:23:19 - finetune_logger - INFO - Current learning rate: 0.0005
[2026-06-16 10:23:19,224][finetune_logger][INFO] - Current learning rate: 0.0005
2026-06-16 10:23:36 - finetune_logger - INFO - Validation metrics: {'MAE': 2.7677534565244404, 'RMSE': 4.001428730873832}
[2026-06-16 10:23:36,283][finetune_logger][INFO] - Validation metrics: {'MAE': 2.7677534565244404, 'RMSE': 4.001428730873832}
2026-06-16 10:23:36 - finetune_logger - INFO - Val time: 17.06s
[2026-06-16 10:23:36,283][finetune_logger][INFO] - Val time: 17.06s
2026-06-16 10:23:36 - finetune_logger - INFO - Val memory reserved: 24.00 MB
[2026-06-16 10:23:36,283][finetune_logger][INFO] - Val memory reserved: 24.00 MB
2026-06-16 10:23:36 - finetune_logger - INFO - Val memory allocated: 18.10 MB
[2026-06-16 10:23:36,283][finetune_logger][INFO] - Val memory allocated: 18.10 MB
2026-06-16 10:23:36 - finetune_logger - INFO - Logged epoch 9 info to /public/home/202411094934/python_project/Spatio-Temporal-Library/time-series/2026-06-16/itransformer/finetune20/etth2/time-series/seed_1/training_log.json
[2026-06-16 10:23:36,287][finetune_logger][INFO] - Logged epoch 9 info to /public/home/202411094934/python_project/Spatio-Temporal-Library/time-series/2026-06-16/itransformer/finetune20/etth2/time-series/seed_1/training_log.json
2026-06-16 10:23:53 - finetune_logger - INFO - Test metrics: {'MAE': 2.9671286846796616, 'RMSE': 4.4439468242554385}
[2026-06-16 10:23:53,475][finetune_logger][INFO] - Test metrics: {'MAE': 2.9671286846796616, 'RMSE': 4.4439468242554385}
2026-06-16 10:23:53 - finetune_logger - INFO - Test time: 17.19s
[2026-06-16 10:23:53,476][finetune_logger][INFO] - Test time: 17.19s
2026-06-16 10:23:53 - finetune_logger - INFO - Test memory reserved: 24.00 MB
[2026-06-16 10:23:53,476][finetune_logger][INFO] - Test memory reserved: 24.00 MB
2026-06-16 10:23:53 - finetune_logger - INFO - Test memory allocated: 18.10 MB
[2026-06-16 10:23:53,476][finetune_logger][INFO] - Test memory allocated: 18.10 MB
2026-06-16 10:23:53 - finetune_logger - INFO - Epoch 10/20
[2026-06-16 10:23:53,476][finetune_logger][INFO] - Epoch 10/20
2026-06-16 10:25:58 - finetune_logger - INFO - Train loss: 2.271832238440719
[2026-06-16 10:25:58,210][finetune_logger][INFO] - Train loss: 2.271832238440719
2026-06-16 10:25:58 - finetune_logger - INFO - Train time: 124.7329728603363s
[2026-06-16 10:25:58,210][finetune_logger][INFO] - Train time: 124.7329728603363s
2026-06-16 10:25:58 - finetune_logger - INFO - Train memory reserved: 24.00 MB
[2026-06-16 10:25:58,210][finetune_logger][INFO] - Train memory reserved: 24.00 MB
2026-06-16 10:25:58 - finetune_logger - INFO - Train memory allocated: 18.10 MB
[2026-06-16 10:25:58,210][finetune_logger][INFO] - Train memory allocated: 18.10 MB
2026-06-16 10:25:58 - finetune_logger - INFO - Current learning rate: 0.0005
[2026-06-16 10:25:58,210][finetune_logger][INFO] - Current learning rate: 0.0005
2026-06-16 10:26:15 - finetune_logger - INFO - Validation metrics: {'MAE': 2.892550975890383, 'RMSE': 4.195067103340521}
[2026-06-16 10:26:15,305][finetune_logger][INFO] - Validation metrics: {'MAE': 2.892550975890383, 'RMSE': 4.195067103340521}
2026-06-16 10:26:15 - finetune_logger - INFO - Val time: 17.09s
[2026-06-16 10:26:15,305][finetune_logger][INFO] - Val time: 17.09s
2026-06-16 10:26:15 - finetune_logger - INFO - Val memory reserved: 24.00 MB
[2026-06-16 10:26:15,305][finetune_logger][INFO] - Val memory reserved: 24.00 MB
2026-06-16 10:26:15 - finetune_logger - INFO - Val memory allocated: 18.10 MB
[2026-06-16 10:26:15,305][finetune_logger][INFO] - Val memory allocated: 18.10 MB
2026-06-16 10:26:15 - finetune_logger - INFO - Logged epoch 10 info to /public/home/202411094934/python_project/Spatio-Temporal-Library/time-series/2026-06-16/itransformer/finetune20/etth2/time-series/seed_1/training_log.json
[2026-06-16 10:26:15,309][finetune_logger][INFO] - Logged epoch 10 info to /public/home/202411094934/python_project/Spatio-Temporal-Library/time-series/2026-06-16/itransformer/finetune20/etth2/time-series/seed_1/training_log.json
2026-06-16 10:26:32 - finetune_logger - INFO - Test metrics: {'MAE': 3.027454591660263, 'RMSE': 4.575355317388273}
[2026-06-16 10:26:32,376][finetune_logger][INFO] - Test metrics: {'MAE': 3.027454591660263, 'RMSE': 4.575355317388273}
2026-06-16 10:26:32 - finetune_logger - INFO - Test time: 17.04s
[2026-06-16 10:26:32,376][finetune_logger][INFO] - Test time: 17.04s
2026-06-16 10:26:32 - finetune_logger - INFO - Test memory reserved: 24.00 MB
[2026-06-16 10:26:32,376][finetune_logger][INFO] - Test memory reserved: 24.00 MB
2026-06-16 10:26:32 - finetune_logger - INFO - Test memory allocated: 18.10 MB
[2026-06-16 10:26:32,376][finetune_logger][INFO] - Test memory allocated: 18.10 MB
2026-06-16 10:26:32 - finetune_logger - INFO - Epoch 11/20
[2026-06-16 10:26:32,376][finetune_logger][INFO] - Epoch 11/20
2026-06-16 10:28:37 - finetune_logger - INFO - Train loss: 2.2029289969960035
[2026-06-16 10:28:37,159][finetune_logger][INFO] - Train loss: 2.2029289969960035
2026-06-16 10:28:37 - finetune_logger - INFO - Train time: 124.78275346755981s
[2026-06-16 10:28:37,160][finetune_logger][INFO] - Train time: 124.78275346755981s
2026-06-16 10:28:37 - finetune_logger - INFO - Train memory reserved: 24.00 MB
[2026-06-16 10:28:37,160][finetune_logger][INFO] - Train memory reserved: 24.00 MB
2026-06-16 10:28:37 - finetune_logger - INFO - Train memory allocated: 18.10 MB
[2026-06-16 10:28:37,160][finetune_logger][INFO] - Train memory allocated: 18.10 MB
2026-06-16 10:28:37 - finetune_logger - INFO - Current learning rate: 0.00025
[2026-06-16 10:28:37,160][finetune_logger][INFO] - Current learning rate: 0.00025
2026-06-16 10:28:54 - finetune_logger - INFO - Validation metrics: {'MAE': 2.822549057052244, 'RMSE': 4.090398377690994}
[2026-06-16 10:28:54,298][finetune_logger][INFO] - Validation metrics: {'MAE': 2.822549057052244, 'RMSE': 4.090398377690994}
2026-06-16 10:28:54 - finetune_logger - INFO - Val time: 17.14s
[2026-06-16 10:28:54,298][finetune_logger][INFO] - Val time: 17.14s
2026-06-16 10:28:54 - finetune_logger - INFO - Val memory reserved: 24.00 MB
[2026-06-16 10:28:54,299][finetune_logger][INFO] - Val memory reserved: 24.00 MB
2026-06-16 10:28:54 - finetune_logger - INFO - Val memory allocated: 18.10 MB
[2026-06-16 10:28:54,299][finetune_logger][INFO] - Val memory allocated: 18.10 MB
2026-06-16 10:28:54 - finetune_logger - INFO - Logged epoch 11 info to /public/home/202411094934/python_project/Spatio-Temporal-Library/time-series/2026-06-16/itransformer/finetune20/etth2/time-series/seed_1/training_log.json
[2026-06-16 10:28:54,302][finetune_logger][INFO] - Logged epoch 11 info to /public/home/202411094934/python_project/Spatio-Temporal-Library/time-series/2026-06-16/itransformer/finetune20/etth2/time-series/seed_1/training_log.json
2026-06-16 10:29:11 - finetune_logger - INFO - Test metrics: {'MAE': 2.94185180069151, 'RMSE': 4.432125012306942}
[2026-06-16 10:29:11,403][finetune_logger][INFO] - Test metrics: {'MAE': 2.94185180069151, 'RMSE': 4.432125012306942}
2026-06-16 10:29:11 - finetune_logger - INFO - Test time: 17.10s
[2026-06-16 10:29:11,403][finetune_logger][INFO] - Test time: 17.10s
2026-06-16 10:29:11 - finetune_logger - INFO - Test memory reserved: 24.00 MB
[2026-06-16 10:29:11,403][finetune_logger][INFO] - Test memory reserved: 24.00 MB
2026-06-16 10:29:11 - finetune_logger - INFO - Test memory allocated: 18.10 MB
[2026-06-16 10:29:11,403][finetune_logger][INFO] - Test memory allocated: 18.10 MB
2026-06-16 10:29:11 - finetune_logger - INFO - Epoch 12/20
[2026-06-16 10:29:11,404][finetune_logger][INFO] - Epoch 12/20
2026-06-16 10:31:16 - finetune_logger - INFO - Train loss: 2.1761808966054947
[2026-06-16 10:31:16,383][finetune_logger][INFO] - Train loss: 2.1761808966054947
2026-06-16 10:31:16 - finetune_logger - INFO - Train time: 124.97840571403503s
[2026-06-16 10:31:16,383][finetune_logger][INFO] - Train time: 124.97840571403503s
2026-06-16 10:31:16 - finetune_logger - INFO - Train memory reserved: 24.00 MB
[2026-06-16 10:31:16,383][finetune_logger][INFO] - Train memory reserved: 24.00 MB
2026-06-16 10:31:16 - finetune_logger - INFO - Train memory allocated: 18.10 MB
[2026-06-16 10:31:16,383][finetune_logger][INFO] - Train memory allocated: 18.10 MB
2026-06-16 10:31:16 - finetune_logger - INFO - Current learning rate: 0.00025
[2026-06-16 10:31:16,383][finetune_logger][INFO] - Current learning rate: 0.00025
2026-06-16 10:31:33 - finetune_logger - INFO - Validation metrics: {'MAE': 2.8317331418991043, 'RMSE': 4.118093963123498}
[2026-06-16 10:31:33,484][finetune_logger][INFO] - Validation metrics: {'MAE': 2.8317331418991043, 'RMSE': 4.118093963123498}
2026-06-16 10:31:33 - finetune_logger - INFO - Val time: 17.10s
[2026-06-16 10:31:33,484][finetune_logger][INFO] - Val time: 17.10s
2026-06-16 10:31:33 - finetune_logger - INFO - Val memory reserved: 24.00 MB
[2026-06-16 10:31:33,484][finetune_logger][INFO] - Val memory reserved: 24.00 MB
2026-06-16 10:31:33 - finetune_logger - INFO - Val memory allocated: 18.10 MB
[2026-06-16 10:31:33,484][finetune_logger][INFO] - Val memory allocated: 18.10 MB
2026-06-16 10:31:33 - finetune_logger - INFO - Logged epoch 12 info to /public/home/202411094934/python_project/Spatio-Temporal-Library/time-series/2026-06-16/itransformer/finetune20/etth2/time-series/seed_1/training_log.json
[2026-06-16 10:31:33,488][finetune_logger][INFO] - Logged epoch 12 info to /public/home/202411094934/python_project/Spatio-Temporal-Library/time-series/2026-06-16/itransformer/finetune20/etth2/time-series/seed_1/training_log.json
2026-06-16 10:31:50 - finetune_logger - INFO - Test metrics: {'MAE': 2.9620102631251, 'RMSE': 4.463601714860812}
[2026-06-16 10:31:50,524][finetune_logger][INFO] - Test metrics: {'MAE': 2.9620102631251, 'RMSE': 4.463601714860812}
2026-06-16 10:31:50 - finetune_logger - INFO - Test time: 17.04s
[2026-06-16 10:31:50,525][finetune_logger][INFO] - Test time: 17.04s
2026-06-16 10:31:50 - finetune_logger - INFO - Test memory reserved: 24.00 MB
[2026-06-16 10:31:50,525][finetune_logger][INFO] - Test memory reserved: 24.00 MB
2026-06-16 10:31:50 - finetune_logger - INFO - Test memory allocated: 18.10 MB
[2026-06-16 10:31:50,525][finetune_logger][INFO] - Test memory allocated: 18.10 MB
2026-06-16 10:31:50 - finetune_logger - INFO - Epoch 13/20
[2026-06-16 10:31:50,525][finetune_logger][INFO] - Epoch 13/20
2026-06-16 10:33:55 - finetune_logger - INFO - Train loss: 2.1617062233144106
[2026-06-16 10:33:55,240][finetune_logger][INFO] - Train loss: 2.1617062233144106
2026-06-16 10:33:55 - finetune_logger - INFO - Train time: 124.71437191963196s
[2026-06-16 10:33:55,240][finetune_logger][INFO] - Train time: 124.71437191963196s
2026-06-16 10:33:55 - finetune_logger - INFO - Train memory reserved: 24.00 MB
[2026-06-16 10:33:55,240][finetune_logger][INFO] - Train memory reserved: 24.00 MB
2026-06-16 10:33:55 - finetune_logger - INFO - Train memory allocated: 18.10 MB
[2026-06-16 10:33:55,241][finetune_logger][INFO] - Train memory allocated: 18.10 MB
2026-06-16 10:33:55 - finetune_logger - INFO - Current learning rate: 0.00025
[2026-06-16 10:33:55,241][finetune_logger][INFO] - Current learning rate: 0.00025
2026-06-16 10:34:12 - finetune_logger - INFO - Validation metrics: {'MAE': 2.859823255175625, 'RMSE': 4.157359535217277}
[2026-06-16 10:34:12,291][finetune_logger][INFO] - Validation metrics: {'MAE': 2.859823255175625, 'RMSE': 4.157359535217277}
2026-06-16 10:34:12 - finetune_logger - INFO - Val time: 17.05s
[2026-06-16 10:34:12,291][finetune_logger][INFO] - Val time: 17.05s
2026-06-16 10:34:12 - finetune_logger - INFO - Val memory reserved: 24.00 MB
[2026-06-16 10:34:12,291][finetune_logger][INFO] - Val memory reserved: 24.00 MB
2026-06-16 10:34:12 - finetune_logger - INFO - Val memory allocated: 18.10 MB
[2026-06-16 10:34:12,292][finetune_logger][INFO] - Val memory allocated: 18.10 MB
2026-06-16 10:34:12 - finetune_logger - INFO - Logged epoch 13 info to /public/home/202411094934/python_project/Spatio-Temporal-Library/time-series/2026-06-16/itransformer/finetune20/etth2/time-series/seed_1/training_log.json
[2026-06-16 10:34:12,295][finetune_logger][INFO] - Logged epoch 13 info to /public/home/202411094934/python_project/Spatio-Temporal-Library/time-series/2026-06-16/itransformer/finetune20/etth2/time-series/seed_1/training_log.json
2026-06-16 10:34:29 - finetune_logger - INFO - Test metrics: {'MAE': 2.9711775777907463, 'RMSE': 4.473826426051896}
[2026-06-16 10:34:29,346][finetune_logger][INFO] - Test metrics: {'MAE': 2.9711775777907463, 'RMSE': 4.473826426051896}
2026-06-16 10:34:29 - finetune_logger - INFO - Test time: 17.05s
[2026-06-16 10:34:29,347][finetune_logger][INFO] - Test time: 17.05s
2026-06-16 10:34:29 - finetune_logger - INFO - Test memory reserved: 24.00 MB
[2026-06-16 10:34:29,347][finetune_logger][INFO] - Test memory reserved: 24.00 MB
2026-06-16 10:34:29 - finetune_logger - INFO - Test memory allocated: 18.10 MB
[2026-06-16 10:34:29,347][finetune_logger][INFO] - Test memory allocated: 18.10 MB
2026-06-16 10:34:29 - finetune_logger - INFO - Epoch 14/20
[2026-06-16 10:34:29,347][finetune_logger][INFO] - Epoch 14/20
2026-06-16 10:36:34 - finetune_logger - INFO - Train loss: 2.139753031261489
[2026-06-16 10:36:34,354][finetune_logger][INFO] - Train loss: 2.139753031261489
2026-06-16 10:36:34 - finetune_logger - INFO - Train time: 125.00603461265564s
[2026-06-16 10:36:34,354][finetune_logger][INFO] - Train time: 125.00603461265564s
2026-06-16 10:36:34 - finetune_logger - INFO - Train memory reserved: 24.00 MB
[2026-06-16 10:36:34,354][finetune_logger][INFO] - Train memory reserved: 24.00 MB
2026-06-16 10:36:34 - finetune_logger - INFO - Train memory allocated: 18.10 MB
[2026-06-16 10:36:34,354][finetune_logger][INFO] - Train memory allocated: 18.10 MB
2026-06-16 10:36:34 - finetune_logger - INFO - Current learning rate: 0.00025
[2026-06-16 10:36:34,354][finetune_logger][INFO] - Current learning rate: 0.00025
2026-06-16 10:36:51 - finetune_logger - INFO - Validation metrics: {'MAE': 2.8141870487758127, 'RMSE': 4.094989064670746}
[2026-06-16 10:36:51,466][finetune_logger][INFO] - Validation metrics: {'MAE': 2.8141870487758127, 'RMSE': 4.094989064670746}
2026-06-16 10:36:51 - finetune_logger - INFO - Val time: 17.11s
[2026-06-16 10:36:51,466][finetune_logger][INFO] - Val time: 17.11s
2026-06-16 10:36:51 - finetune_logger - INFO - Val memory reserved: 24.00 MB
[2026-06-16 10:36:51,466][finetune_logger][INFO] - Val memory reserved: 24.00 MB
2026-06-16 10:36:51 - finetune_logger - INFO - Val memory allocated: 18.10 MB
[2026-06-16 10:36:51,466][finetune_logger][INFO] - Val memory allocated: 18.10 MB
2026-06-16 10:36:51 - finetune_logger - INFO - Logged epoch 14 info to /public/home/202411094934/python_project/Spatio-Temporal-Library/time-series/2026-06-16/itransformer/finetune20/etth2/time-series/seed_1/training_log.json
[2026-06-16 10:36:51,470][finetune_logger][INFO] - Logged epoch 14 info to /public/home/202411094934/python_project/Spatio-Temporal-Library/time-series/2026-06-16/itransformer/finetune20/etth2/time-series/seed_1/training_log.json
2026-06-16 10:37:08 - finetune_logger - INFO - Test metrics: {'MAE': 2.9977494193939935, 'RMSE': 4.517643325396948}
[2026-06-16 10:37:08,590][finetune_logger][INFO] - Test metrics: {'MAE': 2.9977494193939935, 'RMSE': 4.517643325396948}
2026-06-16 10:37:08 - finetune_logger - INFO - Test time: 17.12s
[2026-06-16 10:37:08,590][finetune_logger][INFO] - Test time: 17.12s
2026-06-16 10:37:08 - finetune_logger - INFO - Test memory reserved: 24.00 MB
[2026-06-16 10:37:08,591][finetune_logger][INFO] - Test memory reserved: 24.00 MB
2026-06-16 10:37:08 - finetune_logger - INFO - Test memory allocated: 18.10 MB
[2026-06-16 10:37:08,591][finetune_logger][INFO] - Test memory allocated: 18.10 MB
2026-06-16 10:37:08 - finetune_logger - INFO - Epoch 15/20
[2026-06-16 10:37:08,591][finetune_logger][INFO] - Epoch 15/20
2026-06-16 10:39:13 - finetune_logger - INFO - Train loss: 2.128873347781144
[2026-06-16 10:39:13,396][finetune_logger][INFO] - Train loss: 2.128873347781144
2026-06-16 10:39:13 - finetune_logger - INFO - Train time: 124.80432367324829s
[2026-06-16 10:39:13,396][finetune_logger][INFO] - Train time: 124.80432367324829s
2026-06-16 10:39:13 - finetune_logger - INFO - Train memory reserved: 24.00 MB
[2026-06-16 10:39:13,396][finetune_logger][INFO] - Train memory reserved: 24.00 MB
2026-06-16 10:39:13 - finetune_logger - INFO - Train memory allocated: 18.10 MB
[2026-06-16 10:39:13,396][finetune_logger][INFO] - Train memory allocated: 18.10 MB
2026-06-16 10:39:13 - finetune_logger - INFO - Current learning rate: 0.00025
[2026-06-16 10:39:13,396][finetune_logger][INFO] - Current learning rate: 0.00025
2026-06-16 10:39:30 - finetune_logger - INFO - Validation metrics: {'MAE': 2.829855826877416, 'RMSE': 4.1045867933091635}
[2026-06-16 10:39:30,573][finetune_logger][INFO] - Validation metrics: {'MAE': 2.829855826877416, 'RMSE': 4.1045867933091635}
2026-06-16 10:39:30 - finetune_logger - INFO - Val time: 17.18s
[2026-06-16 10:39:30,573][finetune_logger][INFO] - Val time: 17.18s
2026-06-16 10:39:30 - finetune_logger - INFO - Val memory reserved: 24.00 MB
[2026-06-16 10:39:30,573][finetune_logger][INFO] - Val memory reserved: 24.00 MB
2026-06-16 10:39:30 - finetune_logger - INFO - Val memory allocated: 18.10 MB
[2026-06-16 10:39:30,573][finetune_logger][INFO] - Val memory allocated: 18.10 MB
2026-06-16 10:39:30 - finetune_logger - INFO - Logged epoch 15 info to /public/home/202411094934/python_project/Spatio-Temporal-Library/time-series/2026-06-16/itransformer/finetune20/etth2/time-series/seed_1/training_log.json
[2026-06-16 10:39:30,577][finetune_logger][INFO] - Logged epoch 15 info to /public/home/202411094934/python_project/Spatio-Temporal-Library/time-series/2026-06-16/itransformer/finetune20/etth2/time-series/seed_1/training_log.json
2026-06-16 10:39:47 - finetune_logger - INFO - Test metrics: {'MAE': 2.9738218843369246, 'RMSE': 4.483695075307566}
[2026-06-16 10:39:47,817][finetune_logger][INFO] - Test metrics: {'MAE': 2.9738218843369246, 'RMSE': 4.483695075307566}
2026-06-16 10:39:47 - finetune_logger - INFO - Test time: 17.24s
[2026-06-16 10:39:47,817][finetune_logger][INFO] - Test time: 17.24s
2026-06-16 10:39:47 - finetune_logger - INFO - Test memory reserved: 24.00 MB
[2026-06-16 10:39:47,817][finetune_logger][INFO] - Test memory reserved: 24.00 MB
2026-06-16 10:39:47 - finetune_logger - INFO - Test memory allocated: 18.10 MB
[2026-06-16 10:39:47,817][finetune_logger][INFO] - Test memory allocated: 18.10 MB
2026-06-16 10:39:47 - finetune_logger - INFO - Epoch 16/20
[2026-06-16 10:39:47,817][finetune_logger][INFO] - Epoch 16/20
2026-06-16 10:41:52 - finetune_logger - INFO - Train loss: 2.1136302018919078
[2026-06-16 10:41:52,565][finetune_logger][INFO] - Train loss: 2.1136302018919078
2026-06-16 10:41:52 - finetune_logger - INFO - Train time: 124.74742913246155s
[2026-06-16 10:41:52,565][finetune_logger][INFO] - Train time: 124.74742913246155s
2026-06-16 10:41:52 - finetune_logger - INFO - Train memory reserved: 24.00 MB
[2026-06-16 10:41:52,566][finetune_logger][INFO] - Train memory reserved: 24.00 MB
2026-06-16 10:41:52 - finetune_logger - INFO - Train memory allocated: 18.10 MB
[2026-06-16 10:41:52,566][finetune_logger][INFO] - Train memory allocated: 18.10 MB
2026-06-16 10:41:52 - finetune_logger - INFO - Current learning rate: 0.00025
[2026-06-16 10:41:52,566][finetune_logger][INFO] - Current learning rate: 0.00025
2026-06-16 10:42:09 - finetune_logger - INFO - Validation metrics: {'MAE': 2.8615592554637352, 'RMSE': 4.167005295935129}
[2026-06-16 10:42:09,655][finetune_logger][INFO] - Validation metrics: {'MAE': 2.8615592554637352, 'RMSE': 4.167005295935129}
2026-06-16 10:42:09 - finetune_logger - INFO - Val time: 17.09s
[2026-06-16 10:42:09,655][finetune_logger][INFO] - Val time: 17.09s
2026-06-16 10:42:09 - finetune_logger - INFO - Val memory reserved: 24.00 MB
[2026-06-16 10:42:09,655][finetune_logger][INFO] - Val memory reserved: 24.00 MB
2026-06-16 10:42:09 - finetune_logger - INFO - Val memory allocated: 18.10 MB
[2026-06-16 10:42:09,655][finetune_logger][INFO] - Val memory allocated: 18.10 MB
2026-06-16 10:42:09 - finetune_logger - INFO - Logged epoch 16 info to /public/home/202411094934/python_project/Spatio-Temporal-Library/time-series/2026-06-16/itransformer/finetune20/etth2/time-series/seed_1/training_log.json
[2026-06-16 10:42:09,658][finetune_logger][INFO] - Logged epoch 16 info to /public/home/202411094934/python_project/Spatio-Temporal-Library/time-series/2026-06-16/itransformer/finetune20/etth2/time-series/seed_1/training_log.json
2026-06-16 10:42:26 - finetune_logger - INFO - Test metrics: {'MAE': 2.9887189975920054, 'RMSE': 4.5095620316096765}
[2026-06-16 10:42:26,726][finetune_logger][INFO] - Test metrics: {'MAE': 2.9887189975920054, 'RMSE': 4.5095620316096765}
2026-06-16 10:42:26 - finetune_logger - INFO - Test time: 17.07s
[2026-06-16 10:42:26,726][finetune_logger][INFO] - Test time: 17.07s
2026-06-16 10:42:26 - finetune_logger - INFO - Test memory reserved: 24.00 MB
[2026-06-16 10:42:26,726][finetune_logger][INFO] - Test memory reserved: 24.00 MB
2026-06-16 10:42:26 - finetune_logger - INFO - Test memory allocated: 18.10 MB
[2026-06-16 10:42:26,726][finetune_logger][INFO] - Test memory allocated: 18.10 MB
2026-06-16 10:42:26 - finetune_logger - INFO - Epoch 17/20
[2026-06-16 10:42:26,726][finetune_logger][INFO] - Epoch 17/20
2026-06-16 10:44:31 - finetune_logger - INFO - Train loss: 2.1022117977847365
[2026-06-16 10:44:31,453][finetune_logger][INFO] - Train loss: 2.1022117977847365
2026-06-16 10:44:31 - finetune_logger - INFO - Train time: 124.72631740570068s
[2026-06-16 10:44:31,453][finetune_logger][INFO] - Train time: 124.72631740570068s
2026-06-16 10:44:31 - finetune_logger - INFO - Train memory reserved: 24.00 MB
[2026-06-16 10:44:31,453][finetune_logger][INFO] - Train memory reserved: 24.00 MB
2026-06-16 10:44:31 - finetune_logger - INFO - Train memory allocated: 18.10 MB
[2026-06-16 10:44:31,454][finetune_logger][INFO] - Train memory allocated: 18.10 MB
2026-06-16 10:44:31 - finetune_logger - INFO - Current learning rate: 0.00025
[2026-06-16 10:44:31,454][finetune_logger][INFO] - Current learning rate: 0.00025
2026-06-16 10:44:48 - finetune_logger - INFO - Validation metrics: {'MAE': 2.8244300307319277, 'RMSE': 4.108871512095146}
[2026-06-16 10:44:48,610][finetune_logger][INFO] - Validation metrics: {'MAE': 2.8244300307319277, 'RMSE': 4.108871512095146}
2026-06-16 10:44:48 - finetune_logger - INFO - Val time: 17.16s
[2026-06-16 10:44:48,610][finetune_logger][INFO] - Val time: 17.16s
2026-06-16 10:44:48 - finetune_logger - INFO - Val memory reserved: 24.00 MB
[2026-06-16 10:44:48,610][finetune_logger][INFO] - Val memory reserved: 24.00 MB
2026-06-16 10:44:48 - finetune_logger - INFO - Val memory allocated: 18.10 MB
[2026-06-16 10:44:48,611][finetune_logger][INFO] - Val memory allocated: 18.10 MB
2026-06-16 10:44:48 - finetune_logger - INFO - Logged epoch 17 info to /public/home/202411094934/python_project/Spatio-Temporal-Library/time-series/2026-06-16/itransformer/finetune20/etth2/time-series/seed_1/training_log.json
[2026-06-16 10:44:48,614][finetune_logger][INFO] - Logged epoch 17 info to /public/home/202411094934/python_project/Spatio-Temporal-Library/time-series/2026-06-16/itransformer/finetune20/etth2/time-series/seed_1/training_log.json
2026-06-16 10:45:05 - finetune_logger - INFO - Test metrics: {'MAE': 2.977205686069669, 'RMSE': 4.499811449822924}
[2026-06-16 10:45:05,726][finetune_logger][INFO] - Test metrics: {'MAE': 2.977205686069669, 'RMSE': 4.499811449822924}
2026-06-16 10:45:05 - finetune_logger - INFO - Test time: 17.11s
[2026-06-16 10:45:05,726][finetune_logger][INFO] - Test time: 17.11s
2026-06-16 10:45:05 - finetune_logger - INFO - Test memory reserved: 24.00 MB
[2026-06-16 10:45:05,726][finetune_logger][INFO] - Test memory reserved: 24.00 MB
2026-06-16 10:45:05 - finetune_logger - INFO - Test memory allocated: 18.10 MB
[2026-06-16 10:45:05,726][finetune_logger][INFO] - Test memory allocated: 18.10 MB
2026-06-16 10:45:05 - finetune_logger - INFO - Epoch 18/20
[2026-06-16 10:45:05,726][finetune_logger][INFO] - Epoch 18/20
2026-06-16 10:47:10 - finetune_logger - INFO - Train loss: 2.0860715558433642
[2026-06-16 10:47:10,367][finetune_logger][INFO] - Train loss: 2.0860715558433642
2026-06-16 10:47:10 - finetune_logger - INFO - Train time: 124.6402575969696s
[2026-06-16 10:47:10,367][finetune_logger][INFO] - Train time: 124.6402575969696s
2026-06-16 10:47:10 - finetune_logger - INFO - Train memory reserved: 24.00 MB
[2026-06-16 10:47:10,368][finetune_logger][INFO] - Train memory reserved: 24.00 MB
2026-06-16 10:47:10 - finetune_logger - INFO - Train memory allocated: 18.10 MB
[2026-06-16 10:47:10,368][finetune_logger][INFO] - Train memory allocated: 18.10 MB
2026-06-16 10:47:10 - finetune_logger - INFO - Current learning rate: 0.00025
[2026-06-16 10:47:10,368][finetune_logger][INFO] - Current learning rate: 0.00025
2026-06-16 10:47:27 - finetune_logger - INFO - Validation metrics: {'MAE': 2.807929288001287, 'RMSE': 4.0847079109464355}
[2026-06-16 10:47:27,608][finetune_logger][INFO] - Validation metrics: {'MAE': 2.807929288001287, 'RMSE': 4.0847079109464355}
2026-06-16 10:47:27 - finetune_logger - INFO - Val time: 17.24s
[2026-06-16 10:47:27,609][finetune_logger][INFO] - Val time: 17.24s
2026-06-16 10:47:27 - finetune_logger - INFO - Val memory reserved: 24.00 MB
[2026-06-16 10:47:27,609][finetune_logger][INFO] - Val memory reserved: 24.00 MB
2026-06-16 10:47:27 - finetune_logger - INFO - Val memory allocated: 18.10 MB
[2026-06-16 10:47:27,609][finetune_logger][INFO] - Val memory allocated: 18.10 MB
2026-06-16 10:47:27 - finetune_logger - INFO - Logged epoch 18 info to /public/home/202411094934/python_project/Spatio-Temporal-Library/time-series/2026-06-16/itransformer/finetune20/etth2/time-series/seed_1/training_log.json
[2026-06-16 10:47:27,612][finetune_logger][INFO] - Logged epoch 18 info to /public/home/202411094934/python_project/Spatio-Temporal-Library/time-series/2026-06-16/itransformer/finetune20/etth2/time-series/seed_1/training_log.json
2026-06-16 10:47:44 - finetune_logger - INFO - Test metrics: {'MAE': 2.975627481869283, 'RMSE': 4.482572362718123}
[2026-06-16 10:47:44,702][finetune_logger][INFO] - Test metrics: {'MAE': 2.975627481869283, 'RMSE': 4.482572362718123}
2026-06-16 10:47:44 - finetune_logger - INFO - Test time: 17.09s
[2026-06-16 10:47:44,703][finetune_logger][INFO] - Test time: 17.09s
2026-06-16 10:47:44 - finetune_logger - INFO - Test memory reserved: 24.00 MB
[2026-06-16 10:47:44,703][finetune_logger][INFO] - Test memory reserved: 24.00 MB
2026-06-16 10:47:44 - finetune_logger - INFO - Test memory allocated: 18.10 MB
[2026-06-16 10:47:44,703][finetune_logger][INFO] - Test memory allocated: 18.10 MB
2026-06-16 10:47:44 - finetune_logger - INFO - Epoch 19/20
[2026-06-16 10:47:44,703][finetune_logger][INFO] - Epoch 19/20
2026-06-16 10:49:49 - finetune_logger - INFO - Train loss: 2.076500168412511
[2026-06-16 10:49:49,620][finetune_logger][INFO] - Train loss: 2.076500168412511
2026-06-16 10:49:49 - finetune_logger - INFO - Train time: 124.91609072685242s
[2026-06-16 10:49:49,620][finetune_logger][INFO] - Train time: 124.91609072685242s
2026-06-16 10:49:49 - finetune_logger - INFO - Train memory reserved: 24.00 MB
[2026-06-16 10:49:49,620][finetune_logger][INFO] - Train memory reserved: 24.00 MB
2026-06-16 10:49:49 - finetune_logger - INFO - Train memory allocated: 18.10 MB
[2026-06-16 10:49:49,620][finetune_logger][INFO] - Train memory allocated: 18.10 MB
2026-06-16 10:49:49 - finetune_logger - INFO - Current learning rate: 0.00025
[2026-06-16 10:49:49,620][finetune_logger][INFO] - Current learning rate: 0.00025
2026-06-16 10:50:06 - finetune_logger - INFO - Validation metrics: {'MAE': 2.827184801828288, 'RMSE': 4.110500220434996}
[2026-06-16 10:50:06,725][finetune_logger][INFO] - Validation metrics: {'MAE': 2.827184801828288, 'RMSE': 4.110500220434996}
2026-06-16 10:50:06 - finetune_logger - INFO - Val time: 17.10s
[2026-06-16 10:50:06,725][finetune_logger][INFO] - Val time: 17.10s
2026-06-16 10:50:06 - finetune_logger - INFO - Val memory reserved: 24.00 MB
[2026-06-16 10:50:06,726][finetune_logger][INFO] - Val memory reserved: 24.00 MB
2026-06-16 10:50:06 - finetune_logger - INFO - Val memory allocated: 18.10 MB
[2026-06-16 10:50:06,726][finetune_logger][INFO] - Val memory allocated: 18.10 MB
2026-06-16 10:50:06 - finetune_logger - INFO - Logged epoch 19 info to /public/home/202411094934/python_project/Spatio-Temporal-Library/time-series/2026-06-16/itransformer/finetune20/etth2/time-series/seed_1/training_log.json
[2026-06-16 10:50:06,729][finetune_logger][INFO] - Logged epoch 19 info to /public/home/202411094934/python_project/Spatio-Temporal-Library/time-series/2026-06-16/itransformer/finetune20/etth2/time-series/seed_1/training_log.json
2026-06-16 10:50:23 - finetune_logger - INFO - Test metrics: {'MAE': 2.975096414702288, 'RMSE': 4.483425377527854}
[2026-06-16 10:50:23,738][finetune_logger][INFO] - Test metrics: {'MAE': 2.975096414702288, 'RMSE': 4.483425377527854}
2026-06-16 10:50:23 - finetune_logger - INFO - Test time: 17.01s
[2026-06-16 10:50:23,739][finetune_logger][INFO] - Test time: 17.01s
2026-06-16 10:50:23 - finetune_logger - INFO - Test memory reserved: 24.00 MB
[2026-06-16 10:50:23,739][finetune_logger][INFO] - Test memory reserved: 24.00 MB
2026-06-16 10:50:23 - finetune_logger - INFO - Test memory allocated: 18.10 MB
[2026-06-16 10:50:23,739][finetune_logger][INFO] - Test memory allocated: 18.10 MB
2026-06-16 10:50:23 - finetune_logger - INFO - Epoch 20/20
[2026-06-16 10:50:23,739][finetune_logger][INFO] - Epoch 20/20
2026-06-16 10:52:28 - finetune_logger - INFO - Train loss: 2.0618994605349252
[2026-06-16 10:52:28,354][finetune_logger][INFO] - Train loss: 2.0618994605349252
2026-06-16 10:52:28 - finetune_logger - INFO - Train time: 124.61411952972412s
[2026-06-16 10:52:28,354][finetune_logger][INFO] - Train time: 124.61411952972412s
2026-06-16 10:52:28 - finetune_logger - INFO - Train memory reserved: 24.00 MB
[2026-06-16 10:52:28,354][finetune_logger][INFO] - Train memory reserved: 24.00 MB
2026-06-16 10:52:28 - finetune_logger - INFO - Train memory allocated: 18.10 MB
[2026-06-16 10:52:28,354][finetune_logger][INFO] - Train memory allocated: 18.10 MB
2026-06-16 10:52:28 - finetune_logger - INFO - Current learning rate: 0.00025
[2026-06-16 10:52:28,354][finetune_logger][INFO] - Current learning rate: 0.00025
2026-06-16 10:52:45 - finetune_logger - INFO - Validation metrics: {'MAE': 2.8308081026077234, 'RMSE': 4.105873300915659}
[2026-06-16 10:52:45,609][finetune_logger][INFO] - Validation metrics: {'MAE': 2.8308081026077234, 'RMSE': 4.105873300915659}
2026-06-16 10:52:45 - finetune_logger - INFO - Val time: 17.25s
[2026-06-16 10:52:45,609][finetune_logger][INFO] - Val time: 17.25s
2026-06-16 10:52:45 - finetune_logger - INFO - Val memory reserved: 24.00 MB
[2026-06-16 10:52:45,609][finetune_logger][INFO] - Val memory reserved: 24.00 MB
2026-06-16 10:52:45 - finetune_logger - INFO - Val memory allocated: 18.10 MB
[2026-06-16 10:52:45,610][finetune_logger][INFO] - Val memory allocated: 18.10 MB
2026-06-16 10:52:45 - finetune_logger - INFO - Logged epoch 20 info to /public/home/202411094934/python_project/Spatio-Temporal-Library/time-series/2026-06-16/itransformer/finetune20/etth2/time-series/seed_1/training_log.json
[2026-06-16 10:52:45,613][finetune_logger][INFO] - Logged epoch 20 info to /public/home/202411094934/python_project/Spatio-Temporal-Library/time-series/2026-06-16/itransformer/finetune20/etth2/time-series/seed_1/training_log.json
2026-06-16 10:53:02 - finetune_logger - INFO - Test metrics: {'MAE': 2.949456757999599, 'RMSE': 4.445162553469333}
[2026-06-16 10:53:02,778][finetune_logger][INFO] - Test metrics: {'MAE': 2.949456757999599, 'RMSE': 4.445162553469333}
2026-06-16 10:53:02 - finetune_logger - INFO - Test time: 17.14s
[2026-06-16 10:53:02,778][finetune_logger][INFO] - Test time: 17.14s
2026-06-16 10:53:02 - finetune_logger - INFO - Test memory reserved: 24.00 MB
[2026-06-16 10:53:02,778][finetune_logger][INFO] - Test memory reserved: 24.00 MB
2026-06-16 10:53:02 - finetune_logger - INFO - Test memory allocated: 18.10 MB
[2026-06-16 10:53:02,778][finetune_logger][INFO] - Test memory allocated: 18.10 MB
2026-06-16 10:53:02 - finetune_logger - INFO - Training completed. Best epoch: 1, Best val loss: 2.591665
[2026-06-16 10:53:02,778][finetune_logger][INFO] - Training completed. Best epoch: 1, Best val loss: 2.591665
2026-06-16 10:53:02 - finetune_logger - INFO - Loaded checkpoint from epoch 1
[2026-06-16 10:53:02,810][finetune_logger][INFO] - Loaded checkpoint from epoch 1
2026-06-16 10:53:02 - finetune_logger - INFO - Evaluating best model on test sets...
[2026-06-16 10:53:02,810][finetune_logger][INFO] - Evaluating best model on test sets...
2026-06-16 10:53:19 - finetune_logger - INFO - Test metrics: {'MAE': 2.818192686671302, 'RMSE': 4.214521541686279}
[2026-06-16 10:53:19,952][finetune_logger][INFO] - Test metrics: {'MAE': 2.818192686671302, 'RMSE': 4.214521541686279}
2026-06-16 10:53:19 - finetune_logger - INFO - Test time: 17.14s
[2026-06-16 10:53:19,953][finetune_logger][INFO] - Test time: 17.14s
2026-06-16 10:53:19 - finetune_logger - INFO - Test memory reserved: 26.00 MB
[2026-06-16 10:53:19,953][finetune_logger][INFO] - Test memory reserved: 26.00 MB
2026-06-16 10:53:19 - finetune_logger - INFO - Test memory allocated: 18.14 MB
[2026-06-16 10:53:19,953][finetune_logger][INFO] - Test memory allocated: 18.14 MB
2026-06-16 10:53:19 - finetune_logger - INFO - Logged epoch test info to /public/home/202411094934/python_project/Spatio-Temporal-Library/time-series/2026-06-16/itransformer/finetune20/etth2/time-series/seed_1/training_log.json
[2026-06-16 10:53:19,956][finetune_logger][INFO] - Logged epoch test info to /public/home/202411094934/python_project/Spatio-Temporal-Library/time-series/2026-06-16/itransformer/finetune20/etth2/time-series/seed_1/training_log.json
