2026-06-16 00:42:57 - finetune_logger - INFO - No pretrained checkpoint is provided. Finetuning from scratch.
[2026-06-16 00:42:57,019][finetune_logger][INFO] - No pretrained checkpoint is provided. Finetuning from scratch.
2026-06-16 00:42:57 - finetune_logger - INFO - Model parameters: 158,912
[2026-06-16 00:42:57,022][finetune_logger][INFO] - Model parameters: 158,912
2026-06-16 00:42:57 - finetune_logger - INFO - Created new log file at /public/home/202411094934/python_project/Spatio-Temporal-Library/time-series/2026-06-16/itransformer/finetune20/etth2/time-series/seed_0/training_log.json
[2026-06-16 00:42:57,024][finetune_logger][INFO] - Created new log file at /public/home/202411094934/python_project/Spatio-Temporal-Library/time-series/2026-06-16/itransformer/finetune20/etth2/time-series/seed_0/training_log.json
2026-06-16 00:42:57 - finetune_logger - INFO - Starting training...
[2026-06-16 00:42:57,024][finetune_logger][INFO] - Starting training...
2026-06-16 00:42:57 - finetune_logger - INFO - Epoch 1/20
[2026-06-16 00:42:57,024][finetune_logger][INFO] - Epoch 1/20
2026-06-16 00:45:06 - finetune_logger - INFO - Train loss: 2.929679133341873
[2026-06-16 00:45:06,136][finetune_logger][INFO] - Train loss: 2.929679133341873
2026-06-16 00:45:06 - finetune_logger - INFO - Train time: 129.1116533279419s
[2026-06-16 00:45:06,137][finetune_logger][INFO] - Train time: 129.1116533279419s
2026-06-16 00:45:06 - finetune_logger - INFO - Train memory reserved: 24.00 MB
[2026-06-16 00:45:06,137][finetune_logger][INFO] - Train memory reserved: 24.00 MB
2026-06-16 00:45:06 - finetune_logger - INFO - Train memory allocated: 18.10 MB
[2026-06-16 00:45:06,137][finetune_logger][INFO] - Train memory allocated: 18.10 MB
2026-06-16 00:45:06 - finetune_logger - INFO - Current learning rate: 0.0005
[2026-06-16 00:45:06,137][finetune_logger][INFO] - Current learning rate: 0.0005
2026-06-16 00:45:23 - finetune_logger - INFO - Validation metrics: {'MAE': 2.6083155360902963, 'RMSE': 3.75331540089561}
[2026-06-16 00:45:23,506][finetune_logger][INFO] - Validation metrics: {'MAE': 2.6083155360902963, 'RMSE': 3.75331540089561}
2026-06-16 00:45:23 - finetune_logger - INFO - Val time: 17.37s
[2026-06-16 00:45:23,506][finetune_logger][INFO] - Val time: 17.37s
2026-06-16 00:45:23 - finetune_logger - INFO - Val memory reserved: 24.00 MB
[2026-06-16 00:45:23,506][finetune_logger][INFO] - Val memory reserved: 24.00 MB
2026-06-16 00:45:23 - finetune_logger - INFO - Val memory allocated: 18.10 MB
[2026-06-16 00:45:23,507][finetune_logger][INFO] - Val memory allocated: 18.10 MB
2026-06-16 00:45:23 - finetune_logger - INFO - Logged epoch 1 info to /public/home/202411094934/python_project/Spatio-Temporal-Library/time-series/2026-06-16/itransformer/finetune20/etth2/time-series/seed_0/training_log.json
[2026-06-16 00:45:23,510][finetune_logger][INFO] - Logged epoch 1 info to /public/home/202411094934/python_project/Spatio-Temporal-Library/time-series/2026-06-16/itransformer/finetune20/etth2/time-series/seed_0/training_log.json
2026-06-16 00:45:23 - finetune_logger - INFO - New best model! Val loss: 2.608316
[2026-06-16 00:45:23,510][finetune_logger][INFO] - New best model! Val loss: 2.608316
2026-06-16 00:45:40 - finetune_logger - INFO - Test metrics: {'MAE': 2.841310685657324, 'RMSE': 4.239512704531357}
[2026-06-16 00:45:40,951][finetune_logger][INFO] - Test metrics: {'MAE': 2.841310685657324, 'RMSE': 4.239512704531357}
2026-06-16 00:45:40 - finetune_logger - INFO - Test time: 17.40s
[2026-06-16 00:45:40,951][finetune_logger][INFO] - Test time: 17.40s
2026-06-16 00:45:40 - finetune_logger - INFO - Test memory reserved: 24.00 MB
[2026-06-16 00:45:40,951][finetune_logger][INFO] - Test memory reserved: 24.00 MB
2026-06-16 00:45:40 - finetune_logger - INFO - Test memory allocated: 18.10 MB
[2026-06-16 00:45:40,952][finetune_logger][INFO] - Test memory allocated: 18.10 MB
2026-06-16 00:45:40 - finetune_logger - INFO - Epoch 2/20
[2026-06-16 00:45:40,952][finetune_logger][INFO] - Epoch 2/20
2026-06-16 00:47:47 - finetune_logger - INFO - Train loss: 2.7427608628747824
[2026-06-16 00:47:47,631][finetune_logger][INFO] - Train loss: 2.7427608628747824
2026-06-16 00:47:47 - finetune_logger - INFO - Train time: 126.67834758758545s
[2026-06-16 00:47:47,631][finetune_logger][INFO] - Train time: 126.67834758758545s
2026-06-16 00:47:47 - finetune_logger - INFO - Train memory reserved: 24.00 MB
[2026-06-16 00:47:47,631][finetune_logger][INFO] - Train memory reserved: 24.00 MB
2026-06-16 00:47:47 - finetune_logger - INFO - Train memory allocated: 18.10 MB
[2026-06-16 00:47:47,631][finetune_logger][INFO] - Train memory allocated: 18.10 MB
2026-06-16 00:47:47 - finetune_logger - INFO - Current learning rate: 0.0005
[2026-06-16 00:47:47,631][finetune_logger][INFO] - Current learning rate: 0.0005
2026-06-16 00:48:05 - finetune_logger - INFO - Validation metrics: {'MAE': 2.674423592703688, 'RMSE': 3.881261132512776}
[2026-06-16 00:48:05,046][finetune_logger][INFO] - Validation metrics: {'MAE': 2.674423592703688, 'RMSE': 3.881261132512776}
2026-06-16 00:48:05 - finetune_logger - INFO - Val time: 17.41s
[2026-06-16 00:48:05,046][finetune_logger][INFO] - Val time: 17.41s
2026-06-16 00:48:05 - finetune_logger - INFO - Val memory reserved: 24.00 MB
[2026-06-16 00:48:05,046][finetune_logger][INFO] - Val memory reserved: 24.00 MB
2026-06-16 00:48:05 - finetune_logger - INFO - Val memory allocated: 18.10 MB
[2026-06-16 00:48:05,046][finetune_logger][INFO] - Val memory allocated: 18.10 MB
2026-06-16 00:48:05 - finetune_logger - INFO - Logged epoch 2 info to /public/home/202411094934/python_project/Spatio-Temporal-Library/time-series/2026-06-16/itransformer/finetune20/etth2/time-series/seed_0/training_log.json
[2026-06-16 00:48:05,049][finetune_logger][INFO] - Logged epoch 2 info to /public/home/202411094934/python_project/Spatio-Temporal-Library/time-series/2026-06-16/itransformer/finetune20/etth2/time-series/seed_0/training_log.json
2026-06-16 00:48:22 - finetune_logger - INFO - Test metrics: {'MAE': 2.9332341598783156, 'RMSE': 4.418106089591973}
[2026-06-16 00:48:22,433][finetune_logger][INFO] - Test metrics: {'MAE': 2.9332341598783156, 'RMSE': 4.418106089591973}
2026-06-16 00:48:22 - finetune_logger - INFO - Test time: 17.38s
[2026-06-16 00:48:22,433][finetune_logger][INFO] - Test time: 17.38s
2026-06-16 00:48:22 - finetune_logger - INFO - Test memory reserved: 24.00 MB
[2026-06-16 00:48:22,433][finetune_logger][INFO] - Test memory reserved: 24.00 MB
2026-06-16 00:48:22 - finetune_logger - INFO - Test memory allocated: 18.10 MB
[2026-06-16 00:48:22,433][finetune_logger][INFO] - Test memory allocated: 18.10 MB
2026-06-16 00:48:22 - finetune_logger - INFO - Epoch 3/20
[2026-06-16 00:48:22,434][finetune_logger][INFO] - Epoch 3/20
2026-06-16 00:50:29 - finetune_logger - INFO - Train loss: 2.62555645012614
[2026-06-16 00:50:29,240][finetune_logger][INFO] - Train loss: 2.62555645012614
2026-06-16 00:50:29 - finetune_logger - INFO - Train time: 126.80644083023071s
[2026-06-16 00:50:29,241][finetune_logger][INFO] - Train time: 126.80644083023071s
2026-06-16 00:50:29 - finetune_logger - INFO - Train memory reserved: 24.00 MB
[2026-06-16 00:50:29,241][finetune_logger][INFO] - Train memory reserved: 24.00 MB
2026-06-16 00:50:29 - finetune_logger - INFO - Train memory allocated: 18.10 MB
[2026-06-16 00:50:29,241][finetune_logger][INFO] - Train memory allocated: 18.10 MB
2026-06-16 00:50:29 - finetune_logger - INFO - Current learning rate: 0.0005
[2026-06-16 00:50:29,241][finetune_logger][INFO] - Current learning rate: 0.0005
2026-06-16 00:50:46 - finetune_logger - INFO - Validation metrics: {'MAE': 2.7147107234228374, 'RMSE': 3.924364742960248}
[2026-06-16 00:50:46,656][finetune_logger][INFO] - Validation metrics: {'MAE': 2.7147107234228374, 'RMSE': 3.924364742960248}
2026-06-16 00:50:46 - finetune_logger - INFO - Val time: 17.41s
[2026-06-16 00:50:46,656][finetune_logger][INFO] - Val time: 17.41s
2026-06-16 00:50:46 - finetune_logger - INFO - Val memory reserved: 24.00 MB
[2026-06-16 00:50:46,656][finetune_logger][INFO] - Val memory reserved: 24.00 MB
2026-06-16 00:50:46 - finetune_logger - INFO - Val memory allocated: 18.10 MB
[2026-06-16 00:50:46,656][finetune_logger][INFO] - Val memory allocated: 18.10 MB
2026-06-16 00:50:46 - finetune_logger - INFO - Logged epoch 3 info to /public/home/202411094934/python_project/Spatio-Temporal-Library/time-series/2026-06-16/itransformer/finetune20/etth2/time-series/seed_0/training_log.json
[2026-06-16 00:50:46,659][finetune_logger][INFO] - Logged epoch 3 info to /public/home/202411094934/python_project/Spatio-Temporal-Library/time-series/2026-06-16/itransformer/finetune20/etth2/time-series/seed_0/training_log.json
2026-06-16 00:51:04 - finetune_logger - INFO - Test metrics: {'MAE': 2.9086839802605735, 'RMSE': 4.359859541484283}
[2026-06-16 00:51:04,036][finetune_logger][INFO] - Test metrics: {'MAE': 2.9086839802605735, 'RMSE': 4.359859541484283}
2026-06-16 00:51:04 - finetune_logger - INFO - Test time: 17.38s
[2026-06-16 00:51:04,036][finetune_logger][INFO] - Test time: 17.38s
2026-06-16 00:51:04 - finetune_logger - INFO - Test memory reserved: 24.00 MB
[2026-06-16 00:51:04,036][finetune_logger][INFO] - Test memory reserved: 24.00 MB
2026-06-16 00:51:04 - finetune_logger - INFO - Test memory allocated: 18.10 MB
[2026-06-16 00:51:04,036][finetune_logger][INFO] - Test memory allocated: 18.10 MB
2026-06-16 00:51:04 - finetune_logger - INFO - Epoch 4/20
[2026-06-16 00:51:04,036][finetune_logger][INFO] - Epoch 4/20
2026-06-16 00:53:10 - finetune_logger - INFO - Train loss: 2.533963314578435
[2026-06-16 00:53:10,780][finetune_logger][INFO] - Train loss: 2.533963314578435
2026-06-16 00:53:10 - finetune_logger - INFO - Train time: 126.74322032928467s
[2026-06-16 00:53:10,780][finetune_logger][INFO] - Train time: 126.74322032928467s
2026-06-16 00:53:10 - finetune_logger - INFO - Train memory reserved: 24.00 MB
[2026-06-16 00:53:10,780][finetune_logger][INFO] - Train memory reserved: 24.00 MB
2026-06-16 00:53:10 - finetune_logger - INFO - Train memory allocated: 18.10 MB
[2026-06-16 00:53:10,780][finetune_logger][INFO] - Train memory allocated: 18.10 MB
2026-06-16 00:53:10 - finetune_logger - INFO - Current learning rate: 0.0005
[2026-06-16 00:53:10,781][finetune_logger][INFO] - Current learning rate: 0.0005
2026-06-16 00:53:28 - finetune_logger - INFO - Validation metrics: {'MAE': 2.7915319241114944, 'RMSE': 4.035518658910479}
[2026-06-16 00:53:28,135][finetune_logger][INFO] - Validation metrics: {'MAE': 2.7915319241114944, 'RMSE': 4.035518658910479}
2026-06-16 00:53:28 - finetune_logger - INFO - Val time: 17.35s
[2026-06-16 00:53:28,135][finetune_logger][INFO] - Val time: 17.35s
2026-06-16 00:53:28 - finetune_logger - INFO - Val memory reserved: 24.00 MB
[2026-06-16 00:53:28,135][finetune_logger][INFO] - Val memory reserved: 24.00 MB
2026-06-16 00:53:28 - finetune_logger - INFO - Val memory allocated: 18.10 MB
[2026-06-16 00:53:28,135][finetune_logger][INFO] - Val memory allocated: 18.10 MB
2026-06-16 00:53:28 - finetune_logger - INFO - Logged epoch 4 info to /public/home/202411094934/python_project/Spatio-Temporal-Library/time-series/2026-06-16/itransformer/finetune20/etth2/time-series/seed_0/training_log.json
[2026-06-16 00:53:28,138][finetune_logger][INFO] - Logged epoch 4 info to /public/home/202411094934/python_project/Spatio-Temporal-Library/time-series/2026-06-16/itransformer/finetune20/etth2/time-series/seed_0/training_log.json
2026-06-16 00:53:45 - finetune_logger - INFO - Test metrics: {'MAE': 2.9647031095141494, 'RMSE': 4.4581363982246}
[2026-06-16 00:53:45,467][finetune_logger][INFO] - Test metrics: {'MAE': 2.9647031095141494, 'RMSE': 4.4581363982246}
2026-06-16 00:53:45 - finetune_logger - INFO - Test time: 17.33s
[2026-06-16 00:53:45,467][finetune_logger][INFO] - Test time: 17.33s
2026-06-16 00:53:45 - finetune_logger - INFO - Test memory reserved: 24.00 MB
[2026-06-16 00:53:45,468][finetune_logger][INFO] - Test memory reserved: 24.00 MB
2026-06-16 00:53:45 - finetune_logger - INFO - Test memory allocated: 18.10 MB
[2026-06-16 00:53:45,468][finetune_logger][INFO] - Test memory allocated: 18.10 MB
2026-06-16 00:53:45 - finetune_logger - INFO - Epoch 5/20
[2026-06-16 00:53:45,468][finetune_logger][INFO] - Epoch 5/20
2026-06-16 00:55:52 - finetune_logger - INFO - Train loss: 2.476451540775234
[2026-06-16 00:55:52,360][finetune_logger][INFO] - Train loss: 2.476451540775234
2026-06-16 00:55:52 - finetune_logger - INFO - Train time: 126.89148116111755s
[2026-06-16 00:55:52,360][finetune_logger][INFO] - Train time: 126.89148116111755s
2026-06-16 00:55:52 - finetune_logger - INFO - Train memory reserved: 24.00 MB
[2026-06-16 00:55:52,360][finetune_logger][INFO] - Train memory reserved: 24.00 MB
2026-06-16 00:55:52 - finetune_logger - INFO - Train memory allocated: 18.10 MB
[2026-06-16 00:55:52,360][finetune_logger][INFO] - Train memory allocated: 18.10 MB
2026-06-16 00:55:52 - finetune_logger - INFO - Current learning rate: 0.0005
[2026-06-16 00:55:52,360][finetune_logger][INFO] - Current learning rate: 0.0005
2026-06-16 00:56:09 - finetune_logger - INFO - Validation metrics: {'MAE': 2.8004047057742194, 'RMSE': 4.047631664594005}
[2026-06-16 00:56:09,909][finetune_logger][INFO] - Validation metrics: {'MAE': 2.8004047057742194, 'RMSE': 4.047631664594005}
2026-06-16 00:56:09 - finetune_logger - INFO - Val time: 17.55s
[2026-06-16 00:56:09,909][finetune_logger][INFO] - Val time: 17.55s
2026-06-16 00:56:09 - finetune_logger - INFO - Val memory reserved: 24.00 MB
[2026-06-16 00:56:09,909][finetune_logger][INFO] - Val memory reserved: 24.00 MB
2026-06-16 00:56:09 - finetune_logger - INFO - Val memory allocated: 18.10 MB
[2026-06-16 00:56:09,909][finetune_logger][INFO] - Val memory allocated: 18.10 MB
2026-06-16 00:56:09 - finetune_logger - INFO - Logged epoch 5 info to /public/home/202411094934/python_project/Spatio-Temporal-Library/time-series/2026-06-16/itransformer/finetune20/etth2/time-series/seed_0/training_log.json
[2026-06-16 00:56:09,912][finetune_logger][INFO] - Logged epoch 5 info to /public/home/202411094934/python_project/Spatio-Temporal-Library/time-series/2026-06-16/itransformer/finetune20/etth2/time-series/seed_0/training_log.json
2026-06-16 00:56:27 - finetune_logger - INFO - Test metrics: {'MAE': 2.968413587343121, 'RMSE': 4.464811307362151}
[2026-06-16 00:56:27,380][finetune_logger][INFO] - Test metrics: {'MAE': 2.968413587343121, 'RMSE': 4.464811307362151}
2026-06-16 00:56:27 - finetune_logger - INFO - Test time: 17.47s
[2026-06-16 00:56:27,380][finetune_logger][INFO] - Test time: 17.47s
2026-06-16 00:56:27 - finetune_logger - INFO - Test memory reserved: 24.00 MB
[2026-06-16 00:56:27,380][finetune_logger][INFO] - Test memory reserved: 24.00 MB
2026-06-16 00:56:27 - finetune_logger - INFO - Test memory allocated: 18.10 MB
[2026-06-16 00:56:27,380][finetune_logger][INFO] - Test memory allocated: 18.10 MB
2026-06-16 00:56:27 - finetune_logger - INFO - Epoch 6/20
[2026-06-16 00:56:27,380][finetune_logger][INFO] - Epoch 6/20
2026-06-16 00:58:34 - finetune_logger - INFO - Train loss: 2.4259845037437655
[2026-06-16 00:58:34,021][finetune_logger][INFO] - Train loss: 2.4259845037437655
2026-06-16 00:58:34 - finetune_logger - INFO - Train time: 126.64070391654968s
[2026-06-16 00:58:34,022][finetune_logger][INFO] - Train time: 126.64070391654968s
2026-06-16 00:58:34 - finetune_logger - INFO - Train memory reserved: 24.00 MB
[2026-06-16 00:58:34,022][finetune_logger][INFO] - Train memory reserved: 24.00 MB
2026-06-16 00:58:34 - finetune_logger - INFO - Train memory allocated: 18.10 MB
[2026-06-16 00:58:34,022][finetune_logger][INFO] - Train memory allocated: 18.10 MB
2026-06-16 00:58:34 - finetune_logger - INFO - Current learning rate: 0.0005
[2026-06-16 00:58:34,022][finetune_logger][INFO] - Current learning rate: 0.0005
2026-06-16 00:58:51 - finetune_logger - INFO - Validation metrics: {'MAE': 2.809879373777485, 'RMSE': 4.086694959595079}
[2026-06-16 00:58:51,415][finetune_logger][INFO] - Validation metrics: {'MAE': 2.809879373777485, 'RMSE': 4.086694959595079}
2026-06-16 00:58:51 - finetune_logger - INFO - Val time: 17.39s
[2026-06-16 00:58:51,415][finetune_logger][INFO] - Val time: 17.39s
2026-06-16 00:58:51 - finetune_logger - INFO - Val memory reserved: 24.00 MB
[2026-06-16 00:58:51,415][finetune_logger][INFO] - Val memory reserved: 24.00 MB
2026-06-16 00:58:51 - finetune_logger - INFO - Val memory allocated: 18.10 MB
[2026-06-16 00:58:51,415][finetune_logger][INFO] - Val memory allocated: 18.10 MB
2026-06-16 00:58:51 - finetune_logger - INFO - Logged epoch 6 info to /public/home/202411094934/python_project/Spatio-Temporal-Library/time-series/2026-06-16/itransformer/finetune20/etth2/time-series/seed_0/training_log.json
[2026-06-16 00:58:51,418][finetune_logger][INFO] - Logged epoch 6 info to /public/home/202411094934/python_project/Spatio-Temporal-Library/time-series/2026-06-16/itransformer/finetune20/etth2/time-series/seed_0/training_log.json
2026-06-16 00:59:08 - finetune_logger - INFO - Test metrics: {'MAE': 2.9811077296393305, 'RMSE': 4.487445893787187}
[2026-06-16 00:59:08,726][finetune_logger][INFO] - Test metrics: {'MAE': 2.9811077296393305, 'RMSE': 4.487445893787187}
2026-06-16 00:59:08 - finetune_logger - INFO - Test time: 17.31s
[2026-06-16 00:59:08,726][finetune_logger][INFO] - Test time: 17.31s
2026-06-16 00:59:08 - finetune_logger - INFO - Test memory reserved: 24.00 MB
[2026-06-16 00:59:08,726][finetune_logger][INFO] - Test memory reserved: 24.00 MB
2026-06-16 00:59:08 - finetune_logger - INFO - Test memory allocated: 18.10 MB
[2026-06-16 00:59:08,726][finetune_logger][INFO] - Test memory allocated: 18.10 MB
2026-06-16 00:59:08 - finetune_logger - INFO - Epoch 7/20
[2026-06-16 00:59:08,726][finetune_logger][INFO] - Epoch 7/20
2026-06-16 01:01:15 - finetune_logger - INFO - Train loss: 2.383037540183305
[2026-06-16 01:01:15,446][finetune_logger][INFO] - Train loss: 2.383037540183305
2026-06-16 01:01:15 - finetune_logger - INFO - Train time: 126.71948504447937s
[2026-06-16 01:01:15,447][finetune_logger][INFO] - Train time: 126.71948504447937s
2026-06-16 01:01:15 - finetune_logger - INFO - Train memory reserved: 24.00 MB
[2026-06-16 01:01:15,447][finetune_logger][INFO] - Train memory reserved: 24.00 MB
2026-06-16 01:01:15 - finetune_logger - INFO - Train memory allocated: 18.10 MB
[2026-06-16 01:01:15,447][finetune_logger][INFO] - Train memory allocated: 18.10 MB
2026-06-16 01:01:15 - finetune_logger - INFO - Current learning rate: 0.0005
[2026-06-16 01:01:15,447][finetune_logger][INFO] - Current learning rate: 0.0005
2026-06-16 01:01:32 - finetune_logger - INFO - Validation metrics: {'MAE': 2.7497733493986525, 'RMSE': 3.9898760705675334}
[2026-06-16 01:01:32,832][finetune_logger][INFO] - Validation metrics: {'MAE': 2.7497733493986525, 'RMSE': 3.9898760705675334}
2026-06-16 01:01:32 - finetune_logger - INFO - Val time: 17.39s
[2026-06-16 01:01:32,833][finetune_logger][INFO] - Val time: 17.39s
2026-06-16 01:01:32 - finetune_logger - INFO - Val memory reserved: 24.00 MB
[2026-06-16 01:01:32,833][finetune_logger][INFO] - Val memory reserved: 24.00 MB
2026-06-16 01:01:32 - finetune_logger - INFO - Val memory allocated: 18.10 MB
[2026-06-16 01:01:32,833][finetune_logger][INFO] - Val memory allocated: 18.10 MB
2026-06-16 01:01:32 - finetune_logger - INFO - Logged epoch 7 info to /public/home/202411094934/python_project/Spatio-Temporal-Library/time-series/2026-06-16/itransformer/finetune20/etth2/time-series/seed_0/training_log.json
[2026-06-16 01:01:32,836][finetune_logger][INFO] - Logged epoch 7 info to /public/home/202411094934/python_project/Spatio-Temporal-Library/time-series/2026-06-16/itransformer/finetune20/etth2/time-series/seed_0/training_log.json
2026-06-16 01:01:50 - finetune_logger - INFO - Test metrics: {'MAE': 3.0158924394335047, 'RMSE': 4.534342179207556}
[2026-06-16 01:01:50,293][finetune_logger][INFO] - Test metrics: {'MAE': 3.0158924394335047, 'RMSE': 4.534342179207556}
2026-06-16 01:01:50 - finetune_logger - INFO - Test time: 17.46s
[2026-06-16 01:01:50,293][finetune_logger][INFO] - Test time: 17.46s
2026-06-16 01:01:50 - finetune_logger - INFO - Test memory reserved: 24.00 MB
[2026-06-16 01:01:50,293][finetune_logger][INFO] - Test memory reserved: 24.00 MB
2026-06-16 01:01:50 - finetune_logger - INFO - Test memory allocated: 18.10 MB
[2026-06-16 01:01:50,293][finetune_logger][INFO] - Test memory allocated: 18.10 MB
2026-06-16 01:01:50 - finetune_logger - INFO - Epoch 8/20
[2026-06-16 01:01:50,294][finetune_logger][INFO] - Epoch 8/20
2026-06-16 01:03:57 - finetune_logger - INFO - Train loss: 2.3445724025963854
[2026-06-16 01:03:57,220][finetune_logger][INFO] - Train loss: 2.3445724025963854
2026-06-16 01:03:57 - finetune_logger - INFO - Train time: 126.92555356025696s
[2026-06-16 01:03:57,220][finetune_logger][INFO] - Train time: 126.92555356025696s
2026-06-16 01:03:57 - finetune_logger - INFO - Train memory reserved: 24.00 MB
[2026-06-16 01:03:57,220][finetune_logger][INFO] - Train memory reserved: 24.00 MB
2026-06-16 01:03:57 - finetune_logger - INFO - Train memory allocated: 18.10 MB
[2026-06-16 01:03:57,220][finetune_logger][INFO] - Train memory allocated: 18.10 MB
2026-06-16 01:03:57 - finetune_logger - INFO - Current learning rate: 0.0005
[2026-06-16 01:03:57,220][finetune_logger][INFO] - Current learning rate: 0.0005
2026-06-16 01:04:14 - finetune_logger - INFO - Validation metrics: {'MAE': 2.824437628064831, 'RMSE': 4.087968612035113}
[2026-06-16 01:04:14,625][finetune_logger][INFO] - Validation metrics: {'MAE': 2.824437628064831, 'RMSE': 4.087968612035113}
2026-06-16 01:04:14 - finetune_logger - INFO - Val time: 17.40s
[2026-06-16 01:04:14,625][finetune_logger][INFO] - Val time: 17.40s
2026-06-16 01:04:14 - finetune_logger - INFO - Val memory reserved: 24.00 MB
[2026-06-16 01:04:14,625][finetune_logger][INFO] - Val memory reserved: 24.00 MB
2026-06-16 01:04:14 - finetune_logger - INFO - Val memory allocated: 18.10 MB
[2026-06-16 01:04:14,625][finetune_logger][INFO] - Val memory allocated: 18.10 MB
2026-06-16 01:04:14 - finetune_logger - INFO - Logged epoch 8 info to /public/home/202411094934/python_project/Spatio-Temporal-Library/time-series/2026-06-16/itransformer/finetune20/etth2/time-series/seed_0/training_log.json
[2026-06-16 01:04:14,628][finetune_logger][INFO] - Logged epoch 8 info to /public/home/202411094934/python_project/Spatio-Temporal-Library/time-series/2026-06-16/itransformer/finetune20/etth2/time-series/seed_0/training_log.json
2026-06-16 01:04:31 - finetune_logger - INFO - Test metrics: {'MAE': 3.0171266777855963, 'RMSE': 4.534291052818299}
[2026-06-16 01:04:31,963][finetune_logger][INFO] - Test metrics: {'MAE': 3.0171266777855963, 'RMSE': 4.534291052818299}
2026-06-16 01:04:31 - finetune_logger - INFO - Test time: 17.33s
[2026-06-16 01:04:31,963][finetune_logger][INFO] - Test time: 17.33s
2026-06-16 01:04:31 - finetune_logger - INFO - Test memory reserved: 24.00 MB
[2026-06-16 01:04:31,963][finetune_logger][INFO] - Test memory reserved: 24.00 MB
2026-06-16 01:04:31 - finetune_logger - INFO - Test memory allocated: 18.10 MB
[2026-06-16 01:04:31,964][finetune_logger][INFO] - Test memory allocated: 18.10 MB
2026-06-16 01:04:31 - finetune_logger - INFO - Epoch 9/20
[2026-06-16 01:04:31,964][finetune_logger][INFO] - Epoch 9/20
2026-06-16 01:06:38 - finetune_logger - INFO - Train loss: 2.313426530695265
[2026-06-16 01:06:38,835][finetune_logger][INFO] - Train loss: 2.313426530695265
2026-06-16 01:06:38 - finetune_logger - INFO - Train time: 126.8707685470581s
[2026-06-16 01:06:38,835][finetune_logger][INFO] - Train time: 126.8707685470581s
2026-06-16 01:06:38 - finetune_logger - INFO - Train memory reserved: 24.00 MB
[2026-06-16 01:06:38,835][finetune_logger][INFO] - Train memory reserved: 24.00 MB
2026-06-16 01:06:38 - finetune_logger - INFO - Train memory allocated: 18.10 MB
[2026-06-16 01:06:38,836][finetune_logger][INFO] - Train memory allocated: 18.10 MB
2026-06-16 01:06:38 - finetune_logger - INFO - Current learning rate: 0.0005
[2026-06-16 01:06:38,836][finetune_logger][INFO] - Current learning rate: 0.0005
2026-06-16 01:06:56 - finetune_logger - INFO - Validation metrics: {'MAE': 2.7784889985493244, 'RMSE': 4.044256365321938}
[2026-06-16 01:06:56,223][finetune_logger][INFO] - Validation metrics: {'MAE': 2.7784889985493244, 'RMSE': 4.044256365321938}
2026-06-16 01:06:56 - finetune_logger - INFO - Val time: 17.39s
[2026-06-16 01:06:56,223][finetune_logger][INFO] - Val time: 17.39s
2026-06-16 01:06:56 - finetune_logger - INFO - Val memory reserved: 24.00 MB
[2026-06-16 01:06:56,223][finetune_logger][INFO] - Val memory reserved: 24.00 MB
2026-06-16 01:06:56 - finetune_logger - INFO - Val memory allocated: 18.10 MB
[2026-06-16 01:06:56,223][finetune_logger][INFO] - Val memory allocated: 18.10 MB
2026-06-16 01:06:56 - finetune_logger - INFO - Logged epoch 9 info to /public/home/202411094934/python_project/Spatio-Temporal-Library/time-series/2026-06-16/itransformer/finetune20/etth2/time-series/seed_0/training_log.json
[2026-06-16 01:06:56,226][finetune_logger][INFO] - Logged epoch 9 info to /public/home/202411094934/python_project/Spatio-Temporal-Library/time-series/2026-06-16/itransformer/finetune20/etth2/time-series/seed_0/training_log.json
2026-06-16 01:07:13 - finetune_logger - INFO - Test metrics: {'MAE': 3.0277588765280514, 'RMSE': 4.552710747219251}
[2026-06-16 01:07:13,615][finetune_logger][INFO] - Test metrics: {'MAE': 3.0277588765280514, 'RMSE': 4.552710747219251}
2026-06-16 01:07:13 - finetune_logger - INFO - Test time: 17.39s
[2026-06-16 01:07:13,615][finetune_logger][INFO] - Test time: 17.39s
2026-06-16 01:07:13 - finetune_logger - INFO - Test memory reserved: 24.00 MB
[2026-06-16 01:07:13,615][finetune_logger][INFO] - Test memory reserved: 24.00 MB
2026-06-16 01:07:13 - finetune_logger - INFO - Test memory allocated: 18.10 MB
[2026-06-16 01:07:13,615][finetune_logger][INFO] - Test memory allocated: 18.10 MB
2026-06-16 01:07:13 - finetune_logger - INFO - Epoch 10/20
[2026-06-16 01:07:13,615][finetune_logger][INFO] - Epoch 10/20
2026-06-16 01:09:20 - finetune_logger - INFO - Train loss: 2.2757406760911243
[2026-06-16 01:09:20,378][finetune_logger][INFO] - Train loss: 2.2757406760911243
2026-06-16 01:09:20 - finetune_logger - INFO - Train time: 126.76242351531982s
[2026-06-16 01:09:20,378][finetune_logger][INFO] - Train time: 126.76242351531982s
2026-06-16 01:09:20 - finetune_logger - INFO - Train memory reserved: 24.00 MB
[2026-06-16 01:09:20,379][finetune_logger][INFO] - Train memory reserved: 24.00 MB
2026-06-16 01:09:20 - finetune_logger - INFO - Train memory allocated: 18.10 MB
[2026-06-16 01:09:20,379][finetune_logger][INFO] - Train memory allocated: 18.10 MB
2026-06-16 01:09:20 - finetune_logger - INFO - Current learning rate: 0.0005
[2026-06-16 01:09:20,379][finetune_logger][INFO] - Current learning rate: 0.0005
2026-06-16 01:09:37 - finetune_logger - INFO - Validation metrics: {'MAE': 2.7127888245809637, 'RMSE': 3.937060996509736}
[2026-06-16 01:09:37,753][finetune_logger][INFO] - Validation metrics: {'MAE': 2.7127888245809637, 'RMSE': 3.937060996509736}
2026-06-16 01:09:37 - finetune_logger - INFO - Val time: 17.37s
[2026-06-16 01:09:37,753][finetune_logger][INFO] - Val time: 17.37s
2026-06-16 01:09:37 - finetune_logger - INFO - Val memory reserved: 24.00 MB
[2026-06-16 01:09:37,754][finetune_logger][INFO] - Val memory reserved: 24.00 MB
2026-06-16 01:09:37 - finetune_logger - INFO - Val memory allocated: 18.10 MB
[2026-06-16 01:09:37,754][finetune_logger][INFO] - Val memory allocated: 18.10 MB
2026-06-16 01:09:37 - finetune_logger - INFO - Logged epoch 10 info to /public/home/202411094934/python_project/Spatio-Temporal-Library/time-series/2026-06-16/itransformer/finetune20/etth2/time-series/seed_0/training_log.json
[2026-06-16 01:09:37,757][finetune_logger][INFO] - Logged epoch 10 info to /public/home/202411094934/python_project/Spatio-Temporal-Library/time-series/2026-06-16/itransformer/finetune20/etth2/time-series/seed_0/training_log.json
2026-06-16 01:09:55 - finetune_logger - INFO - Test metrics: {'MAE': 2.926731127966015, 'RMSE': 4.398853574071582}
[2026-06-16 01:09:55,133][finetune_logger][INFO] - Test metrics: {'MAE': 2.926731127966015, 'RMSE': 4.398853574071582}
2026-06-16 01:09:55 - finetune_logger - INFO - Test time: 17.35s
[2026-06-16 01:09:55,134][finetune_logger][INFO] - Test time: 17.35s
2026-06-16 01:09:55 - finetune_logger - INFO - Test memory reserved: 24.00 MB
[2026-06-16 01:09:55,134][finetune_logger][INFO] - Test memory reserved: 24.00 MB
2026-06-16 01:09:55 - finetune_logger - INFO - Test memory allocated: 18.10 MB
[2026-06-16 01:09:55,134][finetune_logger][INFO] - Test memory allocated: 18.10 MB
2026-06-16 01:09:55 - finetune_logger - INFO - Epoch 11/20
[2026-06-16 01:09:55,134][finetune_logger][INFO] - Epoch 11/20
2026-06-16 01:12:01 - finetune_logger - INFO - Train loss: 2.2036300280013106
[2026-06-16 01:12:01,724][finetune_logger][INFO] - Train loss: 2.2036300280013106
2026-06-16 01:12:01 - finetune_logger - INFO - Train time: 126.58919858932495s
[2026-06-16 01:12:01,724][finetune_logger][INFO] - Train time: 126.58919858932495s
2026-06-16 01:12:01 - finetune_logger - INFO - Train memory reserved: 24.00 MB
[2026-06-16 01:12:01,724][finetune_logger][INFO] - Train memory reserved: 24.00 MB
2026-06-16 01:12:01 - finetune_logger - INFO - Train memory allocated: 18.10 MB
[2026-06-16 01:12:01,724][finetune_logger][INFO] - Train memory allocated: 18.10 MB
2026-06-16 01:12:01 - finetune_logger - INFO - Current learning rate: 0.00025
[2026-06-16 01:12:01,724][finetune_logger][INFO] - Current learning rate: 0.00025
2026-06-16 01:12:19 - finetune_logger - INFO - Validation metrics: {'MAE': 2.777772703534077, 'RMSE': 4.048977187974111}
[2026-06-16 01:12:19,083][finetune_logger][INFO] - Validation metrics: {'MAE': 2.777772703534077, 'RMSE': 4.048977187974111}
2026-06-16 01:12:19 - finetune_logger - INFO - Val time: 17.36s
[2026-06-16 01:12:19,084][finetune_logger][INFO] - Val time: 17.36s
2026-06-16 01:12:19 - finetune_logger - INFO - Val memory reserved: 24.00 MB
[2026-06-16 01:12:19,084][finetune_logger][INFO] - Val memory reserved: 24.00 MB
2026-06-16 01:12:19 - finetune_logger - INFO - Val memory allocated: 18.10 MB
[2026-06-16 01:12:19,084][finetune_logger][INFO] - Val memory allocated: 18.10 MB
2026-06-16 01:12:19 - finetune_logger - INFO - Logged epoch 11 info to /public/home/202411094934/python_project/Spatio-Temporal-Library/time-series/2026-06-16/itransformer/finetune20/etth2/time-series/seed_0/training_log.json
[2026-06-16 01:12:19,087][finetune_logger][INFO] - Logged epoch 11 info to /public/home/202411094934/python_project/Spatio-Temporal-Library/time-series/2026-06-16/itransformer/finetune20/etth2/time-series/seed_0/training_log.json
2026-06-16 01:12:36 - finetune_logger - INFO - Test metrics: {'MAE': 2.9942328687395285, 'RMSE': 4.506694974399743}
[2026-06-16 01:12:36,441][finetune_logger][INFO] - Test metrics: {'MAE': 2.9942328687395285, 'RMSE': 4.506694974399743}
2026-06-16 01:12:36 - finetune_logger - INFO - Test time: 17.35s
[2026-06-16 01:12:36,441][finetune_logger][INFO] - Test time: 17.35s
2026-06-16 01:12:36 - finetune_logger - INFO - Test memory reserved: 24.00 MB
[2026-06-16 01:12:36,442][finetune_logger][INFO] - Test memory reserved: 24.00 MB
2026-06-16 01:12:36 - finetune_logger - INFO - Test memory allocated: 18.10 MB
[2026-06-16 01:12:36,442][finetune_logger][INFO] - Test memory allocated: 18.10 MB
2026-06-16 01:12:36 - finetune_logger - INFO - Epoch 12/20
[2026-06-16 01:12:36,442][finetune_logger][INFO] - Epoch 12/20
2026-06-16 01:14:43 - finetune_logger - INFO - Train loss: 2.179438337088332
[2026-06-16 01:14:43,040][finetune_logger][INFO] - Train loss: 2.179438337088332
2026-06-16 01:14:43 - finetune_logger - INFO - Train time: 126.59735822677612s
[2026-06-16 01:14:43,040][finetune_logger][INFO] - Train time: 126.59735822677612s
2026-06-16 01:14:43 - finetune_logger - INFO - Train memory reserved: 24.00 MB
[2026-06-16 01:14:43,040][finetune_logger][INFO] - Train memory reserved: 24.00 MB
2026-06-16 01:14:43 - finetune_logger - INFO - Train memory allocated: 18.10 MB
[2026-06-16 01:14:43,040][finetune_logger][INFO] - Train memory allocated: 18.10 MB
2026-06-16 01:14:43 - finetune_logger - INFO - Current learning rate: 0.00025
[2026-06-16 01:14:43,040][finetune_logger][INFO] - Current learning rate: 0.00025
2026-06-16 01:15:00 - finetune_logger - INFO - Validation metrics: {'MAE': 2.760775744983128, 'RMSE': 4.022348616872522}
[2026-06-16 01:15:00,430][finetune_logger][INFO] - Validation metrics: {'MAE': 2.760775744983128, 'RMSE': 4.022348616872522}
2026-06-16 01:15:00 - finetune_logger - INFO - Val time: 17.39s
[2026-06-16 01:15:00,430][finetune_logger][INFO] - Val time: 17.39s
2026-06-16 01:15:00 - finetune_logger - INFO - Val memory reserved: 24.00 MB
[2026-06-16 01:15:00,430][finetune_logger][INFO] - Val memory reserved: 24.00 MB
2026-06-16 01:15:00 - finetune_logger - INFO - Val memory allocated: 18.10 MB
[2026-06-16 01:15:00,430][finetune_logger][INFO] - Val memory allocated: 18.10 MB
2026-06-16 01:15:00 - finetune_logger - INFO - Logged epoch 12 info to /public/home/202411094934/python_project/Spatio-Temporal-Library/time-series/2026-06-16/itransformer/finetune20/etth2/time-series/seed_0/training_log.json
[2026-06-16 01:15:00,433][finetune_logger][INFO] - Logged epoch 12 info to /public/home/202411094934/python_project/Spatio-Temporal-Library/time-series/2026-06-16/itransformer/finetune20/etth2/time-series/seed_0/training_log.json
2026-06-16 01:15:17 - finetune_logger - INFO - Test metrics: {'MAE': 2.9850774351301643, 'RMSE': 4.479020145552502}
[2026-06-16 01:15:17,788][finetune_logger][INFO] - Test metrics: {'MAE': 2.9850774351301643, 'RMSE': 4.479020145552502}
2026-06-16 01:15:17 - finetune_logger - INFO - Test time: 17.35s
[2026-06-16 01:15:17,789][finetune_logger][INFO] - Test time: 17.35s
2026-06-16 01:15:17 - finetune_logger - INFO - Test memory reserved: 24.00 MB
[2026-06-16 01:15:17,789][finetune_logger][INFO] - Test memory reserved: 24.00 MB
2026-06-16 01:15:17 - finetune_logger - INFO - Test memory allocated: 18.10 MB
[2026-06-16 01:15:17,789][finetune_logger][INFO] - Test memory allocated: 18.10 MB
2026-06-16 01:15:17 - finetune_logger - INFO - Epoch 13/20
[2026-06-16 01:15:17,789][finetune_logger][INFO] - Epoch 13/20
2026-06-16 01:17:23 - finetune_logger - INFO - Train loss: 2.159861294286343
[2026-06-16 01:17:23,937][finetune_logger][INFO] - Train loss: 2.159861294286343
2026-06-16 01:17:23 - finetune_logger - INFO - Train time: 126.14779448509216s
[2026-06-16 01:17:23,938][finetune_logger][INFO] - Train time: 126.14779448509216s
2026-06-16 01:17:23 - finetune_logger - INFO - Train memory reserved: 24.00 MB
[2026-06-16 01:17:23,938][finetune_logger][INFO] - Train memory reserved: 24.00 MB
2026-06-16 01:17:23 - finetune_logger - INFO - Train memory allocated: 18.10 MB
[2026-06-16 01:17:23,938][finetune_logger][INFO] - Train memory allocated: 18.10 MB
2026-06-16 01:17:23 - finetune_logger - INFO - Current learning rate: 0.00025
[2026-06-16 01:17:23,938][finetune_logger][INFO] - Current learning rate: 0.00025
2026-06-16 01:17:41 - finetune_logger - INFO - Validation metrics: {'MAE': 2.832133826619099, 'RMSE': 4.121144818896327}
[2026-06-16 01:17:41,332][finetune_logger][INFO] - Validation metrics: {'MAE': 2.832133826619099, 'RMSE': 4.121144818896327}
2026-06-16 01:17:41 - finetune_logger - INFO - Val time: 17.39s
[2026-06-16 01:17:41,332][finetune_logger][INFO] - Val time: 17.39s
2026-06-16 01:17:41 - finetune_logger - INFO - Val memory reserved: 24.00 MB
[2026-06-16 01:17:41,332][finetune_logger][INFO] - Val memory reserved: 24.00 MB
2026-06-16 01:17:41 - finetune_logger - INFO - Val memory allocated: 18.10 MB
[2026-06-16 01:17:41,332][finetune_logger][INFO] - Val memory allocated: 18.10 MB
2026-06-16 01:17:41 - finetune_logger - INFO - Logged epoch 13 info to /public/home/202411094934/python_project/Spatio-Temporal-Library/time-series/2026-06-16/itransformer/finetune20/etth2/time-series/seed_0/training_log.json
[2026-06-16 01:17:41,335][finetune_logger][INFO] - Logged epoch 13 info to /public/home/202411094934/python_project/Spatio-Temporal-Library/time-series/2026-06-16/itransformer/finetune20/etth2/time-series/seed_0/training_log.json
2026-06-16 01:17:58 - finetune_logger - INFO - Test metrics: {'MAE': 2.996705222720191, 'RMSE': 4.495916589282804}
[2026-06-16 01:17:58,648][finetune_logger][INFO] - Test metrics: {'MAE': 2.996705222720191, 'RMSE': 4.495916589282804}
2026-06-16 01:17:58 - finetune_logger - INFO - Test time: 17.31s
[2026-06-16 01:17:58,649][finetune_logger][INFO] - Test time: 17.31s
2026-06-16 01:17:58 - finetune_logger - INFO - Test memory reserved: 24.00 MB
[2026-06-16 01:17:58,649][finetune_logger][INFO] - Test memory reserved: 24.00 MB
2026-06-16 01:17:58 - finetune_logger - INFO - Test memory allocated: 18.10 MB
[2026-06-16 01:17:58,649][finetune_logger][INFO] - Test memory allocated: 18.10 MB
2026-06-16 01:17:58 - finetune_logger - INFO - Epoch 14/20
[2026-06-16 01:17:58,649][finetune_logger][INFO] - Epoch 14/20
2026-06-16 01:20:05 - finetune_logger - INFO - Train loss: 2.1447989995520604
[2026-06-16 01:20:05,559][finetune_logger][INFO] - Train loss: 2.1447989995520604
2026-06-16 01:20:05 - finetune_logger - INFO - Train time: 126.90982866287231s
[2026-06-16 01:20:05,560][finetune_logger][INFO] - Train time: 126.90982866287231s
2026-06-16 01:20:05 - finetune_logger - INFO - Train memory reserved: 24.00 MB
[2026-06-16 01:20:05,560][finetune_logger][INFO] - Train memory reserved: 24.00 MB
2026-06-16 01:20:05 - finetune_logger - INFO - Train memory allocated: 18.10 MB
[2026-06-16 01:20:05,560][finetune_logger][INFO] - Train memory allocated: 18.10 MB
2026-06-16 01:20:05 - finetune_logger - INFO - Current learning rate: 0.00025
[2026-06-16 01:20:05,560][finetune_logger][INFO] - Current learning rate: 0.00025
2026-06-16 01:20:22 - finetune_logger - INFO - Validation metrics: {'MAE': 2.8016544649941575, 'RMSE': 4.08299665650866}
[2026-06-16 01:20:22,901][finetune_logger][INFO] - Validation metrics: {'MAE': 2.8016544649941575, 'RMSE': 4.08299665650866}
2026-06-16 01:20:22 - finetune_logger - INFO - Val time: 17.34s
[2026-06-16 01:20:22,901][finetune_logger][INFO] - Val time: 17.34s
2026-06-16 01:20:22 - finetune_logger - INFO - Val memory reserved: 24.00 MB
[2026-06-16 01:20:22,901][finetune_logger][INFO] - Val memory reserved: 24.00 MB
2026-06-16 01:20:22 - finetune_logger - INFO - Val memory allocated: 18.10 MB
[2026-06-16 01:20:22,902][finetune_logger][INFO] - Val memory allocated: 18.10 MB
2026-06-16 01:20:22 - finetune_logger - INFO - Logged epoch 14 info to /public/home/202411094934/python_project/Spatio-Temporal-Library/time-series/2026-06-16/itransformer/finetune20/etth2/time-series/seed_0/training_log.json
[2026-06-16 01:20:22,905][finetune_logger][INFO] - Logged epoch 14 info to /public/home/202411094934/python_project/Spatio-Temporal-Library/time-series/2026-06-16/itransformer/finetune20/etth2/time-series/seed_0/training_log.json
2026-06-16 01:20:40 - finetune_logger - INFO - Test metrics: {'MAE': 3.024296713465732, 'RMSE': 4.532990838050847}
[2026-06-16 01:20:40,341][finetune_logger][INFO] - Test metrics: {'MAE': 3.024296713465732, 'RMSE': 4.532990838050847}
2026-06-16 01:20:40 - finetune_logger - INFO - Test time: 17.44s
[2026-06-16 01:20:40,341][finetune_logger][INFO] - Test time: 17.44s
2026-06-16 01:20:40 - finetune_logger - INFO - Test memory reserved: 24.00 MB
[2026-06-16 01:20:40,342][finetune_logger][INFO] - Test memory reserved: 24.00 MB
2026-06-16 01:20:40 - finetune_logger - INFO - Test memory allocated: 18.10 MB
[2026-06-16 01:20:40,342][finetune_logger][INFO] - Test memory allocated: 18.10 MB
2026-06-16 01:20:40 - finetune_logger - INFO - Epoch 15/20
[2026-06-16 01:20:40,342][finetune_logger][INFO] - Epoch 15/20
2026-06-16 01:22:47 - finetune_logger - INFO - Train loss: 2.12788926969345
[2026-06-16 01:22:47,121][finetune_logger][INFO] - Train loss: 2.12788926969345
2026-06-16 01:22:47 - finetune_logger - INFO - Train time: 126.77892208099365s
[2026-06-16 01:22:47,122][finetune_logger][INFO] - Train time: 126.77892208099365s
2026-06-16 01:22:47 - finetune_logger - INFO - Train memory reserved: 24.00 MB
[2026-06-16 01:22:47,122][finetune_logger][INFO] - Train memory reserved: 24.00 MB
2026-06-16 01:22:47 - finetune_logger - INFO - Train memory allocated: 18.10 MB
[2026-06-16 01:22:47,122][finetune_logger][INFO] - Train memory allocated: 18.10 MB
2026-06-16 01:22:47 - finetune_logger - INFO - Current learning rate: 0.00025
[2026-06-16 01:22:47,122][finetune_logger][INFO] - Current learning rate: 0.00025
2026-06-16 01:23:04 - finetune_logger - INFO - Validation metrics: {'MAE': 2.7665962637492583, 'RMSE': 4.0189911580766795}
[2026-06-16 01:23:04,475][finetune_logger][INFO] - Validation metrics: {'MAE': 2.7665962637492583, 'RMSE': 4.0189911580766795}
2026-06-16 01:23:04 - finetune_logger - INFO - Val time: 17.35s
[2026-06-16 01:23:04,475][finetune_logger][INFO] - Val time: 17.35s
2026-06-16 01:23:04 - finetune_logger - INFO - Val memory reserved: 24.00 MB
[2026-06-16 01:23:04,475][finetune_logger][INFO] - Val memory reserved: 24.00 MB
2026-06-16 01:23:04 - finetune_logger - INFO - Val memory allocated: 18.10 MB
[2026-06-16 01:23:04,475][finetune_logger][INFO] - Val memory allocated: 18.10 MB
2026-06-16 01:23:04 - finetune_logger - INFO - Logged epoch 15 info to /public/home/202411094934/python_project/Spatio-Temporal-Library/time-series/2026-06-16/itransformer/finetune20/etth2/time-series/seed_0/training_log.json
[2026-06-16 01:23:04,478][finetune_logger][INFO] - Logged epoch 15 info to /public/home/202411094934/python_project/Spatio-Temporal-Library/time-series/2026-06-16/itransformer/finetune20/etth2/time-series/seed_0/training_log.json
2026-06-16 01:23:21 - finetune_logger - INFO - Test metrics: {'MAE': 2.976066535404763, 'RMSE': 4.474677319935401}
[2026-06-16 01:23:21,883][finetune_logger][INFO] - Test metrics: {'MAE': 2.976066535404763, 'RMSE': 4.474677319935401}
2026-06-16 01:23:21 - finetune_logger - INFO - Test time: 17.40s
[2026-06-16 01:23:21,883][finetune_logger][INFO] - Test time: 17.40s
2026-06-16 01:23:21 - finetune_logger - INFO - Test memory reserved: 24.00 MB
[2026-06-16 01:23:21,884][finetune_logger][INFO] - Test memory reserved: 24.00 MB
2026-06-16 01:23:21 - finetune_logger - INFO - Test memory allocated: 18.10 MB
[2026-06-16 01:23:21,884][finetune_logger][INFO] - Test memory allocated: 18.10 MB
2026-06-16 01:23:21 - finetune_logger - INFO - Epoch 16/20
[2026-06-16 01:23:21,884][finetune_logger][INFO] - Epoch 16/20
2026-06-16 01:25:29 - finetune_logger - INFO - Train loss: 2.108186475919261
[2026-06-16 01:25:29,218][finetune_logger][INFO] - Train loss: 2.108186475919261
2026-06-16 01:25:29 - finetune_logger - INFO - Train time: 127.3338463306427s
[2026-06-16 01:25:29,218][finetune_logger][INFO] - Train time: 127.3338463306427s
2026-06-16 01:25:29 - finetune_logger - INFO - Train memory reserved: 24.00 MB
[2026-06-16 01:25:29,219][finetune_logger][INFO] - Train memory reserved: 24.00 MB
2026-06-16 01:25:29 - finetune_logger - INFO - Train memory allocated: 18.10 MB
[2026-06-16 01:25:29,219][finetune_logger][INFO] - Train memory allocated: 18.10 MB
2026-06-16 01:25:29 - finetune_logger - INFO - Current learning rate: 0.00025
[2026-06-16 01:25:29,219][finetune_logger][INFO] - Current learning rate: 0.00025
2026-06-16 01:25:46 - finetune_logger - INFO - Validation metrics: {'MAE': 2.8485642899558616, 'RMSE': 4.152975392432438}
[2026-06-16 01:25:46,489][finetune_logger][INFO] - Validation metrics: {'MAE': 2.8485642899558616, 'RMSE': 4.152975392432438}
2026-06-16 01:25:46 - finetune_logger - INFO - Val time: 17.27s
[2026-06-16 01:25:46,489][finetune_logger][INFO] - Val time: 17.27s
2026-06-16 01:25:46 - finetune_logger - INFO - Val memory reserved: 24.00 MB
[2026-06-16 01:25:46,489][finetune_logger][INFO] - Val memory reserved: 24.00 MB
2026-06-16 01:25:46 - finetune_logger - INFO - Val memory allocated: 18.10 MB
[2026-06-16 01:25:46,489][finetune_logger][INFO] - Val memory allocated: 18.10 MB
2026-06-16 01:25:46 - finetune_logger - INFO - Logged epoch 16 info to /public/home/202411094934/python_project/Spatio-Temporal-Library/time-series/2026-06-16/itransformer/finetune20/etth2/time-series/seed_0/training_log.json
[2026-06-16 01:25:46,493][finetune_logger][INFO] - Logged epoch 16 info to /public/home/202411094934/python_project/Spatio-Temporal-Library/time-series/2026-06-16/itransformer/finetune20/etth2/time-series/seed_0/training_log.json
2026-06-16 01:26:03 - finetune_logger - INFO - Test metrics: {'MAE': 3.037642547062453, 'RMSE': 4.562783494994743}
[2026-06-16 01:26:03,906][finetune_logger][INFO] - Test metrics: {'MAE': 3.037642547062453, 'RMSE': 4.562783494994743}
2026-06-16 01:26:03 - finetune_logger - INFO - Test time: 17.41s
[2026-06-16 01:26:03,906][finetune_logger][INFO] - Test time: 17.41s
2026-06-16 01:26:03 - finetune_logger - INFO - Test memory reserved: 24.00 MB
[2026-06-16 01:26:03,907][finetune_logger][INFO] - Test memory reserved: 24.00 MB
2026-06-16 01:26:03 - finetune_logger - INFO - Test memory allocated: 18.10 MB
[2026-06-16 01:26:03,907][finetune_logger][INFO] - Test memory allocated: 18.10 MB
2026-06-16 01:26:03 - finetune_logger - INFO - Epoch 17/20
[2026-06-16 01:26:03,907][finetune_logger][INFO] - Epoch 17/20
2026-06-16 01:28:10 - finetune_logger - INFO - Train loss: 2.0953327768248546
[2026-06-16 01:28:10,730][finetune_logger][INFO] - Train loss: 2.0953327768248546
2026-06-16 01:28:10 - finetune_logger - INFO - Train time: 126.82256031036377s
[2026-06-16 01:28:10,730][finetune_logger][INFO] - Train time: 126.82256031036377s
2026-06-16 01:28:10 - finetune_logger - INFO - Train memory reserved: 24.00 MB
[2026-06-16 01:28:10,730][finetune_logger][INFO] - Train memory reserved: 24.00 MB
2026-06-16 01:28:10 - finetune_logger - INFO - Train memory allocated: 18.10 MB
[2026-06-16 01:28:10,730][finetune_logger][INFO] - Train memory allocated: 18.10 MB
2026-06-16 01:28:10 - finetune_logger - INFO - Current learning rate: 0.00025
[2026-06-16 01:28:10,731][finetune_logger][INFO] - Current learning rate: 0.00025
2026-06-16 01:28:28 - finetune_logger - INFO - Validation metrics: {'MAE': 2.786700318518131, 'RMSE': 4.074478431883316}
[2026-06-16 01:28:28,168][finetune_logger][INFO] - Validation metrics: {'MAE': 2.786700318518131, 'RMSE': 4.074478431883316}
2026-06-16 01:28:28 - finetune_logger - INFO - Val time: 17.44s
[2026-06-16 01:28:28,168][finetune_logger][INFO] - Val time: 17.44s
2026-06-16 01:28:28 - finetune_logger - INFO - Val memory reserved: 24.00 MB
[2026-06-16 01:28:28,168][finetune_logger][INFO] - Val memory reserved: 24.00 MB
2026-06-16 01:28:28 - finetune_logger - INFO - Val memory allocated: 18.10 MB
[2026-06-16 01:28:28,168][finetune_logger][INFO] - Val memory allocated: 18.10 MB
2026-06-16 01:28:28 - finetune_logger - INFO - Logged epoch 17 info to /public/home/202411094934/python_project/Spatio-Temporal-Library/time-series/2026-06-16/itransformer/finetune20/etth2/time-series/seed_0/training_log.json
[2026-06-16 01:28:28,171][finetune_logger][INFO] - Logged epoch 17 info to /public/home/202411094934/python_project/Spatio-Temporal-Library/time-series/2026-06-16/itransformer/finetune20/etth2/time-series/seed_0/training_log.json
2026-06-16 01:28:45 - finetune_logger - INFO - Test metrics: {'MAE': 3.0108129758834865, 'RMSE': 4.532763520740334}
[2026-06-16 01:28:45,488][finetune_logger][INFO] - Test metrics: {'MAE': 3.0108129758834865, 'RMSE': 4.532763520740334}
2026-06-16 01:28:45 - finetune_logger - INFO - Test time: 17.32s
[2026-06-16 01:28:45,488][finetune_logger][INFO] - Test time: 17.32s
2026-06-16 01:28:45 - finetune_logger - INFO - Test memory reserved: 24.00 MB
[2026-06-16 01:28:45,488][finetune_logger][INFO] - Test memory reserved: 24.00 MB
2026-06-16 01:28:45 - finetune_logger - INFO - Test memory allocated: 18.10 MB
[2026-06-16 01:28:45,488][finetune_logger][INFO] - Test memory allocated: 18.10 MB
2026-06-16 01:28:45 - finetune_logger - INFO - Epoch 18/20
[2026-06-16 01:28:45,488][finetune_logger][INFO] - Epoch 18/20
2026-06-16 01:30:52 - finetune_logger - INFO - Train loss: 2.082250549697983
[2026-06-16 01:30:52,347][finetune_logger][INFO] - Train loss: 2.082250549697983
2026-06-16 01:30:52 - finetune_logger - INFO - Train time: 126.85778403282166s
[2026-06-16 01:30:52,347][finetune_logger][INFO] - Train time: 126.85778403282166s
2026-06-16 01:30:52 - finetune_logger - INFO - Train memory reserved: 24.00 MB
[2026-06-16 01:30:52,347][finetune_logger][INFO] - Train memory reserved: 24.00 MB
2026-06-16 01:30:52 - finetune_logger - INFO - Train memory allocated: 18.10 MB
[2026-06-16 01:30:52,347][finetune_logger][INFO] - Train memory allocated: 18.10 MB
2026-06-16 01:30:52 - finetune_logger - INFO - Current learning rate: 0.00025
[2026-06-16 01:30:52,347][finetune_logger][INFO] - Current learning rate: 0.00025
2026-06-16 01:31:09 - finetune_logger - INFO - Validation metrics: {'MAE': 2.8193068241391823, 'RMSE': 4.106515753337309}
[2026-06-16 01:31:09,741][finetune_logger][INFO] - Validation metrics: {'MAE': 2.8193068241391823, 'RMSE': 4.106515753337309}
2026-06-16 01:31:09 - finetune_logger - INFO - Val time: 17.39s
[2026-06-16 01:31:09,741][finetune_logger][INFO] - Val time: 17.39s
2026-06-16 01:31:09 - finetune_logger - INFO - Val memory reserved: 24.00 MB
[2026-06-16 01:31:09,742][finetune_logger][INFO] - Val memory reserved: 24.00 MB
2026-06-16 01:31:09 - finetune_logger - INFO - Val memory allocated: 18.10 MB
[2026-06-16 01:31:09,742][finetune_logger][INFO] - Val memory allocated: 18.10 MB
2026-06-16 01:31:09 - finetune_logger - INFO - Logged epoch 18 info to /public/home/202411094934/python_project/Spatio-Temporal-Library/time-series/2026-06-16/itransformer/finetune20/etth2/time-series/seed_0/training_log.json
[2026-06-16 01:31:09,745][finetune_logger][INFO] - Logged epoch 18 info to /public/home/202411094934/python_project/Spatio-Temporal-Library/time-series/2026-06-16/itransformer/finetune20/etth2/time-series/seed_0/training_log.json
2026-06-16 01:31:27 - finetune_logger - INFO - Test metrics: {'MAE': 2.9848507677714013, 'RMSE': 4.488692103522167}
[2026-06-16 01:31:27,148][finetune_logger][INFO] - Test metrics: {'MAE': 2.9848507677714013, 'RMSE': 4.488692103522167}
2026-06-16 01:31:27 - finetune_logger - INFO - Test time: 17.40s
[2026-06-16 01:31:27,148][finetune_logger][INFO] - Test time: 17.40s
2026-06-16 01:31:27 - finetune_logger - INFO - Test memory reserved: 24.00 MB
[2026-06-16 01:31:27,148][finetune_logger][INFO] - Test memory reserved: 24.00 MB
2026-06-16 01:31:27 - finetune_logger - INFO - Test memory allocated: 18.10 MB
[2026-06-16 01:31:27,148][finetune_logger][INFO] - Test memory allocated: 18.10 MB
2026-06-16 01:31:27 - finetune_logger - INFO - Epoch 19/20
[2026-06-16 01:31:27,148][finetune_logger][INFO] - Epoch 19/20
2026-06-16 01:33:34 - finetune_logger - INFO - Train loss: 2.0658574496270776
[2026-06-16 01:33:34,068][finetune_logger][INFO] - Train loss: 2.0658574496270776
2026-06-16 01:33:34 - finetune_logger - INFO - Train time: 126.91887640953064s
[2026-06-16 01:33:34,068][finetune_logger][INFO] - Train time: 126.91887640953064s
2026-06-16 01:33:34 - finetune_logger - INFO - Train memory reserved: 24.00 MB
[2026-06-16 01:33:34,068][finetune_logger][INFO] - Train memory reserved: 24.00 MB
2026-06-16 01:33:34 - finetune_logger - INFO - Train memory allocated: 18.10 MB
[2026-06-16 01:33:34,068][finetune_logger][INFO] - Train memory allocated: 18.10 MB
2026-06-16 01:33:34 - finetune_logger - INFO - Current learning rate: 0.00025
[2026-06-16 01:33:34,068][finetune_logger][INFO] - Current learning rate: 0.00025
2026-06-16 01:33:51 - finetune_logger - INFO - Validation metrics: {'MAE': 2.8611804107484407, 'RMSE': 4.156741855258038}
[2026-06-16 01:33:51,460][finetune_logger][INFO] - Validation metrics: {'MAE': 2.8611804107484407, 'RMSE': 4.156741855258038}
2026-06-16 01:33:51 - finetune_logger - INFO - Val time: 17.39s
[2026-06-16 01:33:51,460][finetune_logger][INFO] - Val time: 17.39s
2026-06-16 01:33:51 - finetune_logger - INFO - Val memory reserved: 24.00 MB
[2026-06-16 01:33:51,460][finetune_logger][INFO] - Val memory reserved: 24.00 MB
2026-06-16 01:33:51 - finetune_logger - INFO - Val memory allocated: 18.10 MB
[2026-06-16 01:33:51,460][finetune_logger][INFO] - Val memory allocated: 18.10 MB
2026-06-16 01:33:51 - finetune_logger - INFO - Logged epoch 19 info to /public/home/202411094934/python_project/Spatio-Temporal-Library/time-series/2026-06-16/itransformer/finetune20/etth2/time-series/seed_0/training_log.json
[2026-06-16 01:33:51,464][finetune_logger][INFO] - Logged epoch 19 info to /public/home/202411094934/python_project/Spatio-Temporal-Library/time-series/2026-06-16/itransformer/finetune20/etth2/time-series/seed_0/training_log.json
2026-06-16 01:34:08 - finetune_logger - INFO - Test metrics: {'MAE': 3.0007921956380215, 'RMSE': 4.494391486213315}
[2026-06-16 01:34:08,847][finetune_logger][INFO] - Test metrics: {'MAE': 3.0007921956380215, 'RMSE': 4.494391486213315}
2026-06-16 01:34:08 - finetune_logger - INFO - Test time: 17.38s
[2026-06-16 01:34:08,847][finetune_logger][INFO] - Test time: 17.38s
2026-06-16 01:34:08 - finetune_logger - INFO - Test memory reserved: 24.00 MB
[2026-06-16 01:34:08,847][finetune_logger][INFO] - Test memory reserved: 24.00 MB
2026-06-16 01:34:08 - finetune_logger - INFO - Test memory allocated: 18.10 MB
[2026-06-16 01:34:08,848][finetune_logger][INFO] - Test memory allocated: 18.10 MB
2026-06-16 01:34:08 - finetune_logger - INFO - Epoch 20/20
[2026-06-16 01:34:08,848][finetune_logger][INFO] - Epoch 20/20
2026-06-16 01:36:15 - finetune_logger - INFO - Train loss: 2.0493854328643417
[2026-06-16 01:36:15,680][finetune_logger][INFO] - Train loss: 2.0493854328643417
2026-06-16 01:36:15 - finetune_logger - INFO - Train time: 126.83208155632019s
[2026-06-16 01:36:15,681][finetune_logger][INFO] - Train time: 126.83208155632019s
2026-06-16 01:36:15 - finetune_logger - INFO - Train memory reserved: 24.00 MB
[2026-06-16 01:36:15,681][finetune_logger][INFO] - Train memory reserved: 24.00 MB
2026-06-16 01:36:15 - finetune_logger - INFO - Train memory allocated: 18.10 MB
[2026-06-16 01:36:15,681][finetune_logger][INFO] - Train memory allocated: 18.10 MB
2026-06-16 01:36:15 - finetune_logger - INFO - Current learning rate: 0.00025
[2026-06-16 01:36:15,681][finetune_logger][INFO] - Current learning rate: 0.00025
2026-06-16 01:36:33 - finetune_logger - INFO - Validation metrics: {'MAE': 2.7984525953020403, 'RMSE': 4.077801063673842}
[2026-06-16 01:36:33,123][finetune_logger][INFO] - Validation metrics: {'MAE': 2.7984525953020403, 'RMSE': 4.077801063673842}
2026-06-16 01:36:33 - finetune_logger - INFO - Val time: 17.44s
[2026-06-16 01:36:33,123][finetune_logger][INFO] - Val time: 17.44s
2026-06-16 01:36:33 - finetune_logger - INFO - Val memory reserved: 24.00 MB
[2026-06-16 01:36:33,123][finetune_logger][INFO] - Val memory reserved: 24.00 MB
2026-06-16 01:36:33 - finetune_logger - INFO - Val memory allocated: 18.10 MB
[2026-06-16 01:36:33,123][finetune_logger][INFO] - Val memory allocated: 18.10 MB
2026-06-16 01:36:33 - finetune_logger - INFO - Logged epoch 20 info to /public/home/202411094934/python_project/Spatio-Temporal-Library/time-series/2026-06-16/itransformer/finetune20/etth2/time-series/seed_0/training_log.json
[2026-06-16 01:36:33,127][finetune_logger][INFO] - Logged epoch 20 info to /public/home/202411094934/python_project/Spatio-Temporal-Library/time-series/2026-06-16/itransformer/finetune20/etth2/time-series/seed_0/training_log.json
2026-06-16 01:36:50 - finetune_logger - INFO - Test metrics: {'MAE': 2.9731562064034613, 'RMSE': 4.466526154427298}
[2026-06-16 01:36:50,576][finetune_logger][INFO] - Test metrics: {'MAE': 2.9731562064034613, 'RMSE': 4.466526154427298}
2026-06-16 01:36:50 - finetune_logger - INFO - Test time: 17.43s
[2026-06-16 01:36:50,576][finetune_logger][INFO] - Test time: 17.43s
2026-06-16 01:36:50 - finetune_logger - INFO - Test memory reserved: 24.00 MB
[2026-06-16 01:36:50,576][finetune_logger][INFO] - Test memory reserved: 24.00 MB
2026-06-16 01:36:50 - finetune_logger - INFO - Test memory allocated: 18.10 MB
[2026-06-16 01:36:50,576][finetune_logger][INFO] - Test memory allocated: 18.10 MB
2026-06-16 01:36:50 - finetune_logger - INFO - Training completed. Best epoch: 1, Best val loss: 2.608316
[2026-06-16 01:36:50,576][finetune_logger][INFO] - Training completed. Best epoch: 1, Best val loss: 2.608316
2026-06-16 01:36:50 - finetune_logger - INFO - Loaded checkpoint from epoch 1
[2026-06-16 01:36:50,610][finetune_logger][INFO] - Loaded checkpoint from epoch 1
2026-06-16 01:36:50 - finetune_logger - INFO - Evaluating best model on test sets...
[2026-06-16 01:36:50,610][finetune_logger][INFO] - Evaluating best model on test sets...
2026-06-16 01:37:07 - finetune_logger - INFO - Test metrics: {'MAE': 2.841310685657324, 'RMSE': 4.239512704531357}
[2026-06-16 01:37:07,986][finetune_logger][INFO] - Test metrics: {'MAE': 2.841310685657324, 'RMSE': 4.239512704531357}
2026-06-16 01:37:07 - finetune_logger - INFO - Test time: 17.38s
[2026-06-16 01:37:07,987][finetune_logger][INFO] - Test time: 17.38s
2026-06-16 01:37:07 - finetune_logger - INFO - Test memory reserved: 26.00 MB
[2026-06-16 01:37:07,987][finetune_logger][INFO] - Test memory reserved: 26.00 MB
2026-06-16 01:37:07 - finetune_logger - INFO - Test memory allocated: 18.14 MB
[2026-06-16 01:37:07,987][finetune_logger][INFO] - Test memory allocated: 18.14 MB
2026-06-16 01:37:07 - finetune_logger - INFO - Logged epoch test info to /public/home/202411094934/python_project/Spatio-Temporal-Library/time-series/2026-06-16/itransformer/finetune20/etth2/time-series/seed_0/training_log.json
[2026-06-16 01:37:07,990][finetune_logger][INFO] - Logged epoch test info to /public/home/202411094934/python_project/Spatio-Temporal-Library/time-series/2026-06-16/itransformer/finetune20/etth2/time-series/seed_0/training_log.json
2026-06-16 09:05:24 - finetune_logger - INFO - No pretrained checkpoint is provided. Finetuning from scratch.
[2026-06-16 09:05:24,338][finetune_logger][INFO] - No pretrained checkpoint is provided. Finetuning from scratch.
2026-06-16 09:05:24 - finetune_logger - INFO - Model parameters: 158,912
[2026-06-16 09:05:24,342][finetune_logger][INFO] - Model parameters: 158,912
2026-06-16 09:05:24 - finetune_logger - INFO - Log file already exists at /public/home/202411094934/python_project/Spatio-Temporal-Library/time-series/2026-06-16/itransformer/finetune20/etth2/time-series/seed_0/training_log.json, appending to it.
[2026-06-16 09:05:24,343][finetune_logger][INFO] - Log file already exists at /public/home/202411094934/python_project/Spatio-Temporal-Library/time-series/2026-06-16/itransformer/finetune20/etth2/time-series/seed_0/training_log.json, appending to it.
2026-06-16 09:05:24 - finetune_logger - INFO - Starting training...
[2026-06-16 09:05:24,343][finetune_logger][INFO] - Starting training...
2026-06-16 09:05:24 - finetune_logger - INFO - Epoch 1/20
[2026-06-16 09:05:24,343][finetune_logger][INFO] - Epoch 1/20
2026-06-16 09:07:31 - finetune_logger - INFO - Train loss: 2.929679133341873
[2026-06-16 09:07:31,860][finetune_logger][INFO] - Train loss: 2.929679133341873
2026-06-16 09:07:31 - finetune_logger - INFO - Train time: 127.51618647575378s
[2026-06-16 09:07:31,860][finetune_logger][INFO] - Train time: 127.51618647575378s
2026-06-16 09:07:31 - finetune_logger - INFO - Train memory reserved: 24.00 MB
[2026-06-16 09:07:31,860][finetune_logger][INFO] - Train memory reserved: 24.00 MB
2026-06-16 09:07:31 - finetune_logger - INFO - Train memory allocated: 18.10 MB
[2026-06-16 09:07:31,861][finetune_logger][INFO] - Train memory allocated: 18.10 MB
2026-06-16 09:07:31 - finetune_logger - INFO - Current learning rate: 0.0005
[2026-06-16 09:07:31,861][finetune_logger][INFO] - Current learning rate: 0.0005
2026-06-16 09:07:49 - finetune_logger - INFO - Validation metrics: {'MAE': 2.6083155360902963, 'RMSE': 3.75331540089561}
[2026-06-16 09:07:49,341][finetune_logger][INFO] - Validation metrics: {'MAE': 2.6083155360902963, 'RMSE': 3.75331540089561}
2026-06-16 09:07:49 - finetune_logger - INFO - Val time: 17.48s
[2026-06-16 09:07:49,341][finetune_logger][INFO] - Val time: 17.48s
2026-06-16 09:07:49 - finetune_logger - INFO - Val memory reserved: 24.00 MB
[2026-06-16 09:07:49,341][finetune_logger][INFO] - Val memory reserved: 24.00 MB
2026-06-16 09:07:49 - finetune_logger - INFO - Val memory allocated: 18.10 MB
[2026-06-16 09:07:49,341][finetune_logger][INFO] - Val memory allocated: 18.10 MB
2026-06-16 09:07:49 - finetune_logger - INFO - Logged epoch 1 info to /public/home/202411094934/python_project/Spatio-Temporal-Library/time-series/2026-06-16/itransformer/finetune20/etth2/time-series/seed_0/training_log.json
[2026-06-16 09:07:49,345][finetune_logger][INFO] - Logged epoch 1 info to /public/home/202411094934/python_project/Spatio-Temporal-Library/time-series/2026-06-16/itransformer/finetune20/etth2/time-series/seed_0/training_log.json
2026-06-16 09:07:49 - finetune_logger - INFO - New best model! Val loss: 2.608316
[2026-06-16 09:07:49,345][finetune_logger][INFO] - New best model! Val loss: 2.608316
2026-06-16 09:08:06 - finetune_logger - INFO - Test metrics: {'MAE': 2.841310685657324, 'RMSE': 4.239512704531357}
[2026-06-16 09:08:06,731][finetune_logger][INFO] - Test metrics: {'MAE': 2.841310685657324, 'RMSE': 4.239512704531357}
2026-06-16 09:08:06 - finetune_logger - INFO - Test time: 17.34s
[2026-06-16 09:08:06,731][finetune_logger][INFO] - Test time: 17.34s
2026-06-16 09:08:06 - finetune_logger - INFO - Test memory reserved: 24.00 MB
[2026-06-16 09:08:06,731][finetune_logger][INFO] - Test memory reserved: 24.00 MB
2026-06-16 09:08:06 - finetune_logger - INFO - Test memory allocated: 18.10 MB
[2026-06-16 09:08:06,732][finetune_logger][INFO] - Test memory allocated: 18.10 MB
2026-06-16 09:08:06 - finetune_logger - INFO - Epoch 2/20
[2026-06-16 09:08:06,732][finetune_logger][INFO] - Epoch 2/20
2026-06-16 09:10:13 - finetune_logger - INFO - Train loss: 2.7427608628747824
[2026-06-16 09:10:13,696][finetune_logger][INFO] - Train loss: 2.7427608628747824
2026-06-16 09:10:13 - finetune_logger - INFO - Train time: 126.96412181854248s
[2026-06-16 09:10:13,697][finetune_logger][INFO] - Train time: 126.96412181854248s
2026-06-16 09:10:13 - finetune_logger - INFO - Train memory reserved: 24.00 MB
[2026-06-16 09:10:13,697][finetune_logger][INFO] - Train memory reserved: 24.00 MB
2026-06-16 09:10:13 - finetune_logger - INFO - Train memory allocated: 18.10 MB
[2026-06-16 09:10:13,697][finetune_logger][INFO] - Train memory allocated: 18.10 MB
2026-06-16 09:10:13 - finetune_logger - INFO - Current learning rate: 0.0005
[2026-06-16 09:10:13,697][finetune_logger][INFO] - Current learning rate: 0.0005
2026-06-16 09:10:31 - finetune_logger - INFO - Validation metrics: {'MAE': 2.674423592703688, 'RMSE': 3.881261132512776}
[2026-06-16 09:10:31,117][finetune_logger][INFO] - Validation metrics: {'MAE': 2.674423592703688, 'RMSE': 3.881261132512776}
2026-06-16 09:10:31 - finetune_logger - INFO - Val time: 17.42s
[2026-06-16 09:10:31,117][finetune_logger][INFO] - Val time: 17.42s
2026-06-16 09:10:31 - finetune_logger - INFO - Val memory reserved: 24.00 MB
[2026-06-16 09:10:31,117][finetune_logger][INFO] - Val memory reserved: 24.00 MB
2026-06-16 09:10:31 - finetune_logger - INFO - Val memory allocated: 18.10 MB
[2026-06-16 09:10:31,117][finetune_logger][INFO] - Val memory allocated: 18.10 MB
2026-06-16 09:10:31 - finetune_logger - INFO - Logged epoch 2 info to /public/home/202411094934/python_project/Spatio-Temporal-Library/time-series/2026-06-16/itransformer/finetune20/etth2/time-series/seed_0/training_log.json
[2026-06-16 09:10:31,121][finetune_logger][INFO] - Logged epoch 2 info to /public/home/202411094934/python_project/Spatio-Temporal-Library/time-series/2026-06-16/itransformer/finetune20/etth2/time-series/seed_0/training_log.json
2026-06-16 09:10:48 - finetune_logger - INFO - Test metrics: {'MAE': 2.9332341598783156, 'RMSE': 4.418106089591973}
[2026-06-16 09:10:48,567][finetune_logger][INFO] - Test metrics: {'MAE': 2.9332341598783156, 'RMSE': 4.418106089591973}
2026-06-16 09:10:48 - finetune_logger - INFO - Test time: 17.45s
[2026-06-16 09:10:48,567][finetune_logger][INFO] - Test time: 17.45s
2026-06-16 09:10:48 - finetune_logger - INFO - Test memory reserved: 24.00 MB
[2026-06-16 09:10:48,567][finetune_logger][INFO] - Test memory reserved: 24.00 MB
2026-06-16 09:10:48 - finetune_logger - INFO - Test memory allocated: 18.10 MB
[2026-06-16 09:10:48,567][finetune_logger][INFO] - Test memory allocated: 18.10 MB
2026-06-16 09:10:48 - finetune_logger - INFO - Epoch 3/20
[2026-06-16 09:10:48,567][finetune_logger][INFO] - Epoch 3/20
2026-06-16 09:12:55 - finetune_logger - INFO - Train loss: 2.62555645012614
[2026-06-16 09:12:55,505][finetune_logger][INFO] - Train loss: 2.62555645012614
2026-06-16 09:12:55 - finetune_logger - INFO - Train time: 126.9371554851532s
[2026-06-16 09:12:55,505][finetune_logger][INFO] - Train time: 126.9371554851532s
2026-06-16 09:12:55 - finetune_logger - INFO - Train memory reserved: 24.00 MB
[2026-06-16 09:12:55,505][finetune_logger][INFO] - Train memory reserved: 24.00 MB
2026-06-16 09:12:55 - finetune_logger - INFO - Train memory allocated: 18.10 MB
[2026-06-16 09:12:55,506][finetune_logger][INFO] - Train memory allocated: 18.10 MB
2026-06-16 09:12:55 - finetune_logger - INFO - Current learning rate: 0.0005
[2026-06-16 09:12:55,506][finetune_logger][INFO] - Current learning rate: 0.0005
2026-06-16 09:13:12 - finetune_logger - INFO - Validation metrics: {'MAE': 2.7147107234228374, 'RMSE': 3.924364742960248}
[2026-06-16 09:13:12,946][finetune_logger][INFO] - Validation metrics: {'MAE': 2.7147107234228374, 'RMSE': 3.924364742960248}
2026-06-16 09:13:12 - finetune_logger - INFO - Val time: 17.44s
[2026-06-16 09:13:12,946][finetune_logger][INFO] - Val time: 17.44s
2026-06-16 09:13:12 - finetune_logger - INFO - Val memory reserved: 24.00 MB
[2026-06-16 09:13:12,946][finetune_logger][INFO] - Val memory reserved: 24.00 MB
2026-06-16 09:13:12 - finetune_logger - INFO - Val memory allocated: 18.10 MB
[2026-06-16 09:13:12,946][finetune_logger][INFO] - Val memory allocated: 18.10 MB
2026-06-16 09:13:12 - finetune_logger - INFO - Logged epoch 3 info to /public/home/202411094934/python_project/Spatio-Temporal-Library/time-series/2026-06-16/itransformer/finetune20/etth2/time-series/seed_0/training_log.json
[2026-06-16 09:13:12,949][finetune_logger][INFO] - Logged epoch 3 info to /public/home/202411094934/python_project/Spatio-Temporal-Library/time-series/2026-06-16/itransformer/finetune20/etth2/time-series/seed_0/training_log.json
2026-06-16 09:13:30 - finetune_logger - INFO - Test metrics: {'MAE': 2.9086839802605735, 'RMSE': 4.359859541484283}
[2026-06-16 09:13:30,296][finetune_logger][INFO] - Test metrics: {'MAE': 2.9086839802605735, 'RMSE': 4.359859541484283}
2026-06-16 09:13:30 - finetune_logger - INFO - Test time: 17.35s
[2026-06-16 09:13:30,296][finetune_logger][INFO] - Test time: 17.35s
2026-06-16 09:13:30 - finetune_logger - INFO - Test memory reserved: 24.00 MB
[2026-06-16 09:13:30,297][finetune_logger][INFO] - Test memory reserved: 24.00 MB
2026-06-16 09:13:30 - finetune_logger - INFO - Test memory allocated: 18.10 MB
[2026-06-16 09:13:30,297][finetune_logger][INFO] - Test memory allocated: 18.10 MB
2026-06-16 09:13:30 - finetune_logger - INFO - Epoch 4/20
[2026-06-16 09:13:30,297][finetune_logger][INFO] - Epoch 4/20
2026-06-16 09:15:37 - finetune_logger - INFO - Train loss: 2.533963314578435
[2026-06-16 09:15:37,511][finetune_logger][INFO] - Train loss: 2.533963314578435
2026-06-16 09:15:37 - finetune_logger - INFO - Train time: 127.21408343315125s
[2026-06-16 09:15:37,512][finetune_logger][INFO] - Train time: 127.21408343315125s
2026-06-16 09:15:37 - finetune_logger - INFO - Train memory reserved: 24.00 MB
[2026-06-16 09:15:37,512][finetune_logger][INFO] - Train memory reserved: 24.00 MB
2026-06-16 09:15:37 - finetune_logger - INFO - Train memory allocated: 18.10 MB
[2026-06-16 09:15:37,512][finetune_logger][INFO] - Train memory allocated: 18.10 MB
2026-06-16 09:15:37 - finetune_logger - INFO - Current learning rate: 0.0005
[2026-06-16 09:15:37,512][finetune_logger][INFO] - Current learning rate: 0.0005
2026-06-16 09:15:54 - finetune_logger - INFO - Validation metrics: {'MAE': 2.7915319241114944, 'RMSE': 4.035518658910479}
[2026-06-16 09:15:54,875][finetune_logger][INFO] - Validation metrics: {'MAE': 2.7915319241114944, 'RMSE': 4.035518658910479}
2026-06-16 09:15:54 - finetune_logger - INFO - Val time: 17.36s
[2026-06-16 09:15:54,876][finetune_logger][INFO] - Val time: 17.36s
2026-06-16 09:15:54 - finetune_logger - INFO - Val memory reserved: 24.00 MB
[2026-06-16 09:15:54,876][finetune_logger][INFO] - Val memory reserved: 24.00 MB
2026-06-16 09:15:54 - finetune_logger - INFO - Val memory allocated: 18.10 MB
[2026-06-16 09:15:54,876][finetune_logger][INFO] - Val memory allocated: 18.10 MB
2026-06-16 09:15:54 - finetune_logger - INFO - Logged epoch 4 info to /public/home/202411094934/python_project/Spatio-Temporal-Library/time-series/2026-06-16/itransformer/finetune20/etth2/time-series/seed_0/training_log.json
[2026-06-16 09:15:54,879][finetune_logger][INFO] - Logged epoch 4 info to /public/home/202411094934/python_project/Spatio-Temporal-Library/time-series/2026-06-16/itransformer/finetune20/etth2/time-series/seed_0/training_log.json
2026-06-16 09:16:12 - finetune_logger - INFO - Test metrics: {'MAE': 2.9647031095141494, 'RMSE': 4.4581363982246}
[2026-06-16 09:16:12,337][finetune_logger][INFO] - Test metrics: {'MAE': 2.9647031095141494, 'RMSE': 4.4581363982246}
2026-06-16 09:16:12 - finetune_logger - INFO - Test time: 17.46s
[2026-06-16 09:16:12,337][finetune_logger][INFO] - Test time: 17.46s
2026-06-16 09:16:12 - finetune_logger - INFO - Test memory reserved: 24.00 MB
[2026-06-16 09:16:12,337][finetune_logger][INFO] - Test memory reserved: 24.00 MB
2026-06-16 09:16:12 - finetune_logger - INFO - Test memory allocated: 18.10 MB
[2026-06-16 09:16:12,338][finetune_logger][INFO] - Test memory allocated: 18.10 MB
2026-06-16 09:16:12 - finetune_logger - INFO - Epoch 5/20
[2026-06-16 09:16:12,338][finetune_logger][INFO] - Epoch 5/20
2026-06-16 09:18:19 - finetune_logger - INFO - Train loss: 2.476451540775234
[2026-06-16 09:18:19,154][finetune_logger][INFO] - Train loss: 2.476451540775234
2026-06-16 09:18:19 - finetune_logger - INFO - Train time: 126.81558442115784s
[2026-06-16 09:18:19,154][finetune_logger][INFO] - Train time: 126.81558442115784s
2026-06-16 09:18:19 - finetune_logger - INFO - Train memory reserved: 24.00 MB
[2026-06-16 09:18:19,154][finetune_logger][INFO] - Train memory reserved: 24.00 MB
2026-06-16 09:18:19 - finetune_logger - INFO - Train memory allocated: 18.10 MB
[2026-06-16 09:18:19,154][finetune_logger][INFO] - Train memory allocated: 18.10 MB
2026-06-16 09:18:19 - finetune_logger - INFO - Current learning rate: 0.0005
[2026-06-16 09:18:19,154][finetune_logger][INFO] - Current learning rate: 0.0005
2026-06-16 09:18:36 - finetune_logger - INFO - Validation metrics: {'MAE': 2.8004047057742194, 'RMSE': 4.047631664594005}
[2026-06-16 09:18:36,566][finetune_logger][INFO] - Validation metrics: {'MAE': 2.8004047057742194, 'RMSE': 4.047631664594005}
2026-06-16 09:18:36 - finetune_logger - INFO - Val time: 17.41s
[2026-06-16 09:18:36,567][finetune_logger][INFO] - Val time: 17.41s
2026-06-16 09:18:36 - finetune_logger - INFO - Val memory reserved: 24.00 MB
[2026-06-16 09:18:36,567][finetune_logger][INFO] - Val memory reserved: 24.00 MB
2026-06-16 09:18:36 - finetune_logger - INFO - Val memory allocated: 18.10 MB
[2026-06-16 09:18:36,567][finetune_logger][INFO] - Val memory allocated: 18.10 MB
2026-06-16 09:18:36 - finetune_logger - INFO - Logged epoch 5 info to /public/home/202411094934/python_project/Spatio-Temporal-Library/time-series/2026-06-16/itransformer/finetune20/etth2/time-series/seed_0/training_log.json
[2026-06-16 09:18:36,570][finetune_logger][INFO] - Logged epoch 5 info to /public/home/202411094934/python_project/Spatio-Temporal-Library/time-series/2026-06-16/itransformer/finetune20/etth2/time-series/seed_0/training_log.json
2026-06-16 09:18:53 - finetune_logger - INFO - Test metrics: {'MAE': 2.968413587343121, 'RMSE': 4.464811307362151}
[2026-06-16 09:18:53,909][finetune_logger][INFO] - Test metrics: {'MAE': 2.968413587343121, 'RMSE': 4.464811307362151}
2026-06-16 09:18:53 - finetune_logger - INFO - Test time: 17.34s
[2026-06-16 09:18:53,910][finetune_logger][INFO] - Test time: 17.34s
2026-06-16 09:18:53 - finetune_logger - INFO - Test memory reserved: 24.00 MB
[2026-06-16 09:18:53,910][finetune_logger][INFO] - Test memory reserved: 24.00 MB
2026-06-16 09:18:53 - finetune_logger - INFO - Test memory allocated: 18.10 MB
[2026-06-16 09:18:53,910][finetune_logger][INFO] - Test memory allocated: 18.10 MB
2026-06-16 09:18:53 - finetune_logger - INFO - Epoch 6/20
[2026-06-16 09:18:53,910][finetune_logger][INFO] - Epoch 6/20
2026-06-16 09:21:00 - finetune_logger - INFO - Train loss: 2.4259845037437655
[2026-06-16 09:21:00,798][finetune_logger][INFO] - Train loss: 2.4259845037437655
2026-06-16 09:21:00 - finetune_logger - INFO - Train time: 126.8877956867218s
[2026-06-16 09:21:00,798][finetune_logger][INFO] - Train time: 126.8877956867218s
2026-06-16 09:21:00 - finetune_logger - INFO - Train memory reserved: 24.00 MB
[2026-06-16 09:21:00,799][finetune_logger][INFO] - Train memory reserved: 24.00 MB
2026-06-16 09:21:00 - finetune_logger - INFO - Train memory allocated: 18.10 MB
[2026-06-16 09:21:00,799][finetune_logger][INFO] - Train memory allocated: 18.10 MB
2026-06-16 09:21:00 - finetune_logger - INFO - Current learning rate: 0.0005
[2026-06-16 09:21:00,799][finetune_logger][INFO] - Current learning rate: 0.0005
2026-06-16 09:21:18 - finetune_logger - INFO - Validation metrics: {'MAE': 2.809879373777485, 'RMSE': 4.086694959595079}
[2026-06-16 09:21:18,145][finetune_logger][INFO] - Validation metrics: {'MAE': 2.809879373777485, 'RMSE': 4.086694959595079}
2026-06-16 09:21:18 - finetune_logger - INFO - Val time: 17.35s
[2026-06-16 09:21:18,145][finetune_logger][INFO] - Val time: 17.35s
2026-06-16 09:21:18 - finetune_logger - INFO - Val memory reserved: 24.00 MB
[2026-06-16 09:21:18,145][finetune_logger][INFO] - Val memory reserved: 24.00 MB
2026-06-16 09:21:18 - finetune_logger - INFO - Val memory allocated: 18.10 MB
[2026-06-16 09:21:18,145][finetune_logger][INFO] - Val memory allocated: 18.10 MB
2026-06-16 09:21:18 - finetune_logger - INFO - Logged epoch 6 info to /public/home/202411094934/python_project/Spatio-Temporal-Library/time-series/2026-06-16/itransformer/finetune20/etth2/time-series/seed_0/training_log.json
[2026-06-16 09:21:18,149][finetune_logger][INFO] - Logged epoch 6 info to /public/home/202411094934/python_project/Spatio-Temporal-Library/time-series/2026-06-16/itransformer/finetune20/etth2/time-series/seed_0/training_log.json
2026-06-16 09:21:35 - finetune_logger - INFO - Test metrics: {'MAE': 2.9811077296393305, 'RMSE': 4.487445893787187}
[2026-06-16 09:21:35,568][finetune_logger][INFO] - Test metrics: {'MAE': 2.9811077296393305, 'RMSE': 4.487445893787187}
2026-06-16 09:21:35 - finetune_logger - INFO - Test time: 17.42s
[2026-06-16 09:21:35,568][finetune_logger][INFO] - Test time: 17.42s
2026-06-16 09:21:35 - finetune_logger - INFO - Test memory reserved: 24.00 MB
[2026-06-16 09:21:35,568][finetune_logger][INFO] - Test memory reserved: 24.00 MB
2026-06-16 09:21:35 - finetune_logger - INFO - Test memory allocated: 18.10 MB
[2026-06-16 09:21:35,568][finetune_logger][INFO] - Test memory allocated: 18.10 MB
2026-06-16 09:21:35 - finetune_logger - INFO - Epoch 7/20
[2026-06-16 09:21:35,568][finetune_logger][INFO] - Epoch 7/20
2026-06-16 09:23:42 - finetune_logger - INFO - Train loss: 2.383037540183305
[2026-06-16 09:23:42,358][finetune_logger][INFO] - Train loss: 2.383037540183305
2026-06-16 09:23:42 - finetune_logger - INFO - Train time: 126.78921866416931s
[2026-06-16 09:23:42,358][finetune_logger][INFO] - Train time: 126.78921866416931s
2026-06-16 09:23:42 - finetune_logger - INFO - Train memory reserved: 24.00 MB
[2026-06-16 09:23:42,358][finetune_logger][INFO] - Train memory reserved: 24.00 MB
2026-06-16 09:23:42 - finetune_logger - INFO - Train memory allocated: 18.10 MB
[2026-06-16 09:23:42,358][finetune_logger][INFO] - Train memory allocated: 18.10 MB
2026-06-16 09:23:42 - finetune_logger - INFO - Current learning rate: 0.0005
[2026-06-16 09:23:42,358][finetune_logger][INFO] - Current learning rate: 0.0005
2026-06-16 09:23:59 - finetune_logger - INFO - Validation metrics: {'MAE': 2.7497733493986525, 'RMSE': 3.9898760705675334}
[2026-06-16 09:23:59,768][finetune_logger][INFO] - Validation metrics: {'MAE': 2.7497733493986525, 'RMSE': 3.9898760705675334}
2026-06-16 09:23:59 - finetune_logger - INFO - Val time: 17.41s
[2026-06-16 09:23:59,768][finetune_logger][INFO] - Val time: 17.41s
2026-06-16 09:23:59 - finetune_logger - INFO - Val memory reserved: 24.00 MB
[2026-06-16 09:23:59,768][finetune_logger][INFO] - Val memory reserved: 24.00 MB
2026-06-16 09:23:59 - finetune_logger - INFO - Val memory allocated: 18.10 MB
[2026-06-16 09:23:59,769][finetune_logger][INFO] - Val memory allocated: 18.10 MB
2026-06-16 09:23:59 - finetune_logger - INFO - Logged epoch 7 info to /public/home/202411094934/python_project/Spatio-Temporal-Library/time-series/2026-06-16/itransformer/finetune20/etth2/time-series/seed_0/training_log.json
[2026-06-16 09:23:59,772][finetune_logger][INFO] - Logged epoch 7 info to /public/home/202411094934/python_project/Spatio-Temporal-Library/time-series/2026-06-16/itransformer/finetune20/etth2/time-series/seed_0/training_log.json
2026-06-16 09:24:17 - finetune_logger - INFO - Test metrics: {'MAE': 3.0158924394335047, 'RMSE': 4.534342179207556}
[2026-06-16 09:24:17,226][finetune_logger][INFO] - Test metrics: {'MAE': 3.0158924394335047, 'RMSE': 4.534342179207556}
2026-06-16 09:24:17 - finetune_logger - INFO - Test time: 17.45s
[2026-06-16 09:24:17,226][finetune_logger][INFO] - Test time: 17.45s
2026-06-16 09:24:17 - finetune_logger - INFO - Test memory reserved: 24.00 MB
[2026-06-16 09:24:17,226][finetune_logger][INFO] - Test memory reserved: 24.00 MB
2026-06-16 09:24:17 - finetune_logger - INFO - Test memory allocated: 18.10 MB
[2026-06-16 09:24:17,226][finetune_logger][INFO] - Test memory allocated: 18.10 MB
2026-06-16 09:24:17 - finetune_logger - INFO - Epoch 8/20
[2026-06-16 09:24:17,226][finetune_logger][INFO] - Epoch 8/20
2026-06-16 09:26:24 - finetune_logger - INFO - Train loss: 2.3445724025963854
[2026-06-16 09:26:24,193][finetune_logger][INFO] - Train loss: 2.3445724025963854
2026-06-16 09:26:24 - finetune_logger - INFO - Train time: 126.96659636497498s
[2026-06-16 09:26:24,194][finetune_logger][INFO] - Train time: 126.96659636497498s
2026-06-16 09:26:24 - finetune_logger - INFO - Train memory reserved: 24.00 MB
[2026-06-16 09:26:24,194][finetune_logger][INFO] - Train memory reserved: 24.00 MB
2026-06-16 09:26:24 - finetune_logger - INFO - Train memory allocated: 18.10 MB
[2026-06-16 09:26:24,194][finetune_logger][INFO] - Train memory allocated: 18.10 MB
2026-06-16 09:26:24 - finetune_logger - INFO - Current learning rate: 0.0005
[2026-06-16 09:26:24,194][finetune_logger][INFO] - Current learning rate: 0.0005
2026-06-16 09:26:41 - finetune_logger - INFO - Validation metrics: {'MAE': 2.824437628064831, 'RMSE': 4.087968612035113}
[2026-06-16 09:26:41,502][finetune_logger][INFO] - Validation metrics: {'MAE': 2.824437628064831, 'RMSE': 4.087968612035113}
2026-06-16 09:26:41 - finetune_logger - INFO - Val time: 17.31s
[2026-06-16 09:26:41,502][finetune_logger][INFO] - Val time: 17.31s
2026-06-16 09:26:41 - finetune_logger - INFO - Val memory reserved: 24.00 MB
[2026-06-16 09:26:41,502][finetune_logger][INFO] - Val memory reserved: 24.00 MB
2026-06-16 09:26:41 - finetune_logger - INFO - Val memory allocated: 18.10 MB
[2026-06-16 09:26:41,502][finetune_logger][INFO] - Val memory allocated: 18.10 MB
2026-06-16 09:26:41 - finetune_logger - INFO - Logged epoch 8 info to /public/home/202411094934/python_project/Spatio-Temporal-Library/time-series/2026-06-16/itransformer/finetune20/etth2/time-series/seed_0/training_log.json
[2026-06-16 09:26:41,506][finetune_logger][INFO] - Logged epoch 8 info to /public/home/202411094934/python_project/Spatio-Temporal-Library/time-series/2026-06-16/itransformer/finetune20/etth2/time-series/seed_0/training_log.json
2026-06-16 09:26:58 - finetune_logger - INFO - Test metrics: {'MAE': 3.0171266777855963, 'RMSE': 4.534291052818299}
[2026-06-16 09:26:58,797][finetune_logger][INFO] - Test metrics: {'MAE': 3.0171266777855963, 'RMSE': 4.534291052818299}
2026-06-16 09:26:58 - finetune_logger - INFO - Test time: 17.29s
[2026-06-16 09:26:58,797][finetune_logger][INFO] - Test time: 17.29s
2026-06-16 09:26:58 - finetune_logger - INFO - Test memory reserved: 24.00 MB
[2026-06-16 09:26:58,797][finetune_logger][INFO] - Test memory reserved: 24.00 MB
2026-06-16 09:26:58 - finetune_logger - INFO - Test memory allocated: 18.10 MB
[2026-06-16 09:26:58,797][finetune_logger][INFO] - Test memory allocated: 18.10 MB
2026-06-16 09:26:58 - finetune_logger - INFO - Epoch 9/20
[2026-06-16 09:26:58,798][finetune_logger][INFO] - Epoch 9/20
2026-06-16 09:29:05 - finetune_logger - INFO - Train loss: 2.313426530695265
[2026-06-16 09:29:05,612][finetune_logger][INFO] - Train loss: 2.313426530695265
2026-06-16 09:29:05 - finetune_logger - INFO - Train time: 126.81429362297058s
[2026-06-16 09:29:05,613][finetune_logger][INFO] - Train time: 126.81429362297058s
2026-06-16 09:29:05 - finetune_logger - INFO - Train memory reserved: 24.00 MB
[2026-06-16 09:29:05,613][finetune_logger][INFO] - Train memory reserved: 24.00 MB
2026-06-16 09:29:05 - finetune_logger - INFO - Train memory allocated: 18.10 MB
[2026-06-16 09:29:05,613][finetune_logger][INFO] - Train memory allocated: 18.10 MB
2026-06-16 09:29:05 - finetune_logger - INFO - Current learning rate: 0.0005
[2026-06-16 09:29:05,613][finetune_logger][INFO] - Current learning rate: 0.0005
2026-06-16 09:29:23 - finetune_logger - INFO - Validation metrics: {'MAE': 2.7784889985493244, 'RMSE': 4.044256365321938}
[2026-06-16 09:29:23,065][finetune_logger][INFO] - Validation metrics: {'MAE': 2.7784889985493244, 'RMSE': 4.044256365321938}
2026-06-16 09:29:23 - finetune_logger - INFO - Val time: 17.45s
[2026-06-16 09:29:23,065][finetune_logger][INFO] - Val time: 17.45s
2026-06-16 09:29:23 - finetune_logger - INFO - Val memory reserved: 24.00 MB
[2026-06-16 09:29:23,065][finetune_logger][INFO] - Val memory reserved: 24.00 MB
2026-06-16 09:29:23 - finetune_logger - INFO - Val memory allocated: 18.10 MB
[2026-06-16 09:29:23,065][finetune_logger][INFO] - Val memory allocated: 18.10 MB
2026-06-16 09:29:23 - finetune_logger - INFO - Logged epoch 9 info to /public/home/202411094934/python_project/Spatio-Temporal-Library/time-series/2026-06-16/itransformer/finetune20/etth2/time-series/seed_0/training_log.json
[2026-06-16 09:29:23,069][finetune_logger][INFO] - Logged epoch 9 info to /public/home/202411094934/python_project/Spatio-Temporal-Library/time-series/2026-06-16/itransformer/finetune20/etth2/time-series/seed_0/training_log.json
2026-06-16 09:29:40 - finetune_logger - INFO - Test metrics: {'MAE': 3.0277588765280514, 'RMSE': 4.552710747219251}
[2026-06-16 09:29:40,465][finetune_logger][INFO] - Test metrics: {'MAE': 3.0277588765280514, 'RMSE': 4.552710747219251}
2026-06-16 09:29:40 - finetune_logger - INFO - Test time: 17.40s
[2026-06-16 09:29:40,465][finetune_logger][INFO] - Test time: 17.40s
2026-06-16 09:29:40 - finetune_logger - INFO - Test memory reserved: 24.00 MB
[2026-06-16 09:29:40,465][finetune_logger][INFO] - Test memory reserved: 24.00 MB
2026-06-16 09:29:40 - finetune_logger - INFO - Test memory allocated: 18.10 MB
[2026-06-16 09:29:40,465][finetune_logger][INFO] - Test memory allocated: 18.10 MB
2026-06-16 09:29:40 - finetune_logger - INFO - Epoch 10/20
[2026-06-16 09:29:40,465][finetune_logger][INFO] - Epoch 10/20
2026-06-16 09:31:47 - finetune_logger - INFO - Train loss: 2.2757406760911243
[2026-06-16 09:31:47,284][finetune_logger][INFO] - Train loss: 2.2757406760911243
2026-06-16 09:31:47 - finetune_logger - INFO - Train time: 126.81841492652893s
[2026-06-16 09:31:47,284][finetune_logger][INFO] - Train time: 126.81841492652893s
2026-06-16 09:31:47 - finetune_logger - INFO - Train memory reserved: 24.00 MB
[2026-06-16 09:31:47,285][finetune_logger][INFO] - Train memory reserved: 24.00 MB
2026-06-16 09:31:47 - finetune_logger - INFO - Train memory allocated: 18.10 MB
[2026-06-16 09:31:47,285][finetune_logger][INFO] - Train memory allocated: 18.10 MB
2026-06-16 09:31:47 - finetune_logger - INFO - Current learning rate: 0.0005
[2026-06-16 09:31:47,285][finetune_logger][INFO] - Current learning rate: 0.0005
2026-06-16 09:32:04 - finetune_logger - INFO - Validation metrics: {'MAE': 2.7127888245809637, 'RMSE': 3.937060996509736}
[2026-06-16 09:32:04,624][finetune_logger][INFO] - Validation metrics: {'MAE': 2.7127888245809637, 'RMSE': 3.937060996509736}
2026-06-16 09:32:04 - finetune_logger - INFO - Val time: 17.34s
[2026-06-16 09:32:04,624][finetune_logger][INFO] - Val time: 17.34s
2026-06-16 09:32:04 - finetune_logger - INFO - Val memory reserved: 24.00 MB
[2026-06-16 09:32:04,624][finetune_logger][INFO] - Val memory reserved: 24.00 MB
2026-06-16 09:32:04 - finetune_logger - INFO - Val memory allocated: 18.10 MB
[2026-06-16 09:32:04,624][finetune_logger][INFO] - Val memory allocated: 18.10 MB
2026-06-16 09:32:04 - finetune_logger - INFO - Logged epoch 10 info to /public/home/202411094934/python_project/Spatio-Temporal-Library/time-series/2026-06-16/itransformer/finetune20/etth2/time-series/seed_0/training_log.json
[2026-06-16 09:32:04,627][finetune_logger][INFO] - Logged epoch 10 info to /public/home/202411094934/python_project/Spatio-Temporal-Library/time-series/2026-06-16/itransformer/finetune20/etth2/time-series/seed_0/training_log.json
2026-06-16 09:32:22 - finetune_logger - INFO - Test metrics: {'MAE': 2.926731127966015, 'RMSE': 4.398853574071582}
[2026-06-16 09:32:22,064][finetune_logger][INFO] - Test metrics: {'MAE': 2.926731127966015, 'RMSE': 4.398853574071582}
2026-06-16 09:32:22 - finetune_logger - INFO - Test time: 17.41s
[2026-06-16 09:32:22,064][finetune_logger][INFO] - Test time: 17.41s
2026-06-16 09:32:22 - finetune_logger - INFO - Test memory reserved: 24.00 MB
[2026-06-16 09:32:22,065][finetune_logger][INFO] - Test memory reserved: 24.00 MB
2026-06-16 09:32:22 - finetune_logger - INFO - Test memory allocated: 18.10 MB
[2026-06-16 09:32:22,065][finetune_logger][INFO] - Test memory allocated: 18.10 MB
2026-06-16 09:32:22 - finetune_logger - INFO - Epoch 11/20
[2026-06-16 09:32:22,065][finetune_logger][INFO] - Epoch 11/20
2026-06-16 09:34:29 - finetune_logger - INFO - Train loss: 2.2036300280013106
[2026-06-16 09:34:29,100][finetune_logger][INFO] - Train loss: 2.2036300280013106
2026-06-16 09:34:29 - finetune_logger - INFO - Train time: 127.03466773033142s
[2026-06-16 09:34:29,100][finetune_logger][INFO] - Train time: 127.03466773033142s
2026-06-16 09:34:29 - finetune_logger - INFO - Train memory reserved: 24.00 MB
[2026-06-16 09:34:29,100][finetune_logger][INFO] - Train memory reserved: 24.00 MB
2026-06-16 09:34:29 - finetune_logger - INFO - Train memory allocated: 18.10 MB
[2026-06-16 09:34:29,101][finetune_logger][INFO] - Train memory allocated: 18.10 MB
2026-06-16 09:34:29 - finetune_logger - INFO - Current learning rate: 0.00025
[2026-06-16 09:34:29,101][finetune_logger][INFO] - Current learning rate: 0.00025
2026-06-16 09:34:46 - finetune_logger - INFO - Validation metrics: {'MAE': 2.777772703534077, 'RMSE': 4.048977187974111}
[2026-06-16 09:34:46,410][finetune_logger][INFO] - Validation metrics: {'MAE': 2.777772703534077, 'RMSE': 4.048977187974111}
2026-06-16 09:34:46 - finetune_logger - INFO - Val time: 17.31s
[2026-06-16 09:34:46,410][finetune_logger][INFO] - Val time: 17.31s
2026-06-16 09:34:46 - finetune_logger - INFO - Val memory reserved: 24.00 MB
[2026-06-16 09:34:46,410][finetune_logger][INFO] - Val memory reserved: 24.00 MB
2026-06-16 09:34:46 - finetune_logger - INFO - Val memory allocated: 18.10 MB
[2026-06-16 09:34:46,410][finetune_logger][INFO] - Val memory allocated: 18.10 MB
2026-06-16 09:34:46 - finetune_logger - INFO - Logged epoch 11 info to /public/home/202411094934/python_project/Spatio-Temporal-Library/time-series/2026-06-16/itransformer/finetune20/etth2/time-series/seed_0/training_log.json
[2026-06-16 09:34:46,414][finetune_logger][INFO] - Logged epoch 11 info to /public/home/202411094934/python_project/Spatio-Temporal-Library/time-series/2026-06-16/itransformer/finetune20/etth2/time-series/seed_0/training_log.json
2026-06-16 09:35:03 - finetune_logger - INFO - Test metrics: {'MAE': 2.9942328687395285, 'RMSE': 4.506694974399743}
[2026-06-16 09:35:03,829][finetune_logger][INFO] - Test metrics: {'MAE': 2.9942328687395285, 'RMSE': 4.506694974399743}
2026-06-16 09:35:03 - finetune_logger - INFO - Test time: 17.41s
[2026-06-16 09:35:03,829][finetune_logger][INFO] - Test time: 17.41s
2026-06-16 09:35:03 - finetune_logger - INFO - Test memory reserved: 24.00 MB
[2026-06-16 09:35:03,830][finetune_logger][INFO] - Test memory reserved: 24.00 MB
2026-06-16 09:35:03 - finetune_logger - INFO - Test memory allocated: 18.10 MB
[2026-06-16 09:35:03,830][finetune_logger][INFO] - Test memory allocated: 18.10 MB
2026-06-16 09:35:03 - finetune_logger - INFO - Epoch 12/20
[2026-06-16 09:35:03,830][finetune_logger][INFO] - Epoch 12/20
2026-06-16 09:37:10 - finetune_logger - INFO - Train loss: 2.179438337088332
[2026-06-16 09:37:10,746][finetune_logger][INFO] - Train loss: 2.179438337088332
2026-06-16 09:37:10 - finetune_logger - INFO - Train time: 126.91602897644043s
[2026-06-16 09:37:10,747][finetune_logger][INFO] - Train time: 126.91602897644043s
2026-06-16 09:37:10 - finetune_logger - INFO - Train memory reserved: 24.00 MB
[2026-06-16 09:37:10,747][finetune_logger][INFO] - Train memory reserved: 24.00 MB
2026-06-16 09:37:10 - finetune_logger - INFO - Train memory allocated: 18.10 MB
[2026-06-16 09:37:10,747][finetune_logger][INFO] - Train memory allocated: 18.10 MB
2026-06-16 09:37:10 - finetune_logger - INFO - Current learning rate: 0.00025
[2026-06-16 09:37:10,747][finetune_logger][INFO] - Current learning rate: 0.00025
2026-06-16 09:37:28 - finetune_logger - INFO - Validation metrics: {'MAE': 2.760775744983128, 'RMSE': 4.022348616872522}
[2026-06-16 09:37:28,154][finetune_logger][INFO] - Validation metrics: {'MAE': 2.760775744983128, 'RMSE': 4.022348616872522}
2026-06-16 09:37:28 - finetune_logger - INFO - Val time: 17.41s
[2026-06-16 09:37:28,154][finetune_logger][INFO] - Val time: 17.41s
2026-06-16 09:37:28 - finetune_logger - INFO - Val memory reserved: 24.00 MB
[2026-06-16 09:37:28,154][finetune_logger][INFO] - Val memory reserved: 24.00 MB
2026-06-16 09:37:28 - finetune_logger - INFO - Val memory allocated: 18.10 MB
[2026-06-16 09:37:28,154][finetune_logger][INFO] - Val memory allocated: 18.10 MB
2026-06-16 09:37:28 - finetune_logger - INFO - Logged epoch 12 info to /public/home/202411094934/python_project/Spatio-Temporal-Library/time-series/2026-06-16/itransformer/finetune20/etth2/time-series/seed_0/training_log.json
[2026-06-16 09:37:28,158][finetune_logger][INFO] - Logged epoch 12 info to /public/home/202411094934/python_project/Spatio-Temporal-Library/time-series/2026-06-16/itransformer/finetune20/etth2/time-series/seed_0/training_log.json
2026-06-16 09:37:45 - finetune_logger - INFO - Test metrics: {'MAE': 2.9850774351301643, 'RMSE': 4.479020145552502}
[2026-06-16 09:37:45,651][finetune_logger][INFO] - Test metrics: {'MAE': 2.9850774351301643, 'RMSE': 4.479020145552502}
2026-06-16 09:37:45 - finetune_logger - INFO - Test time: 17.49s
[2026-06-16 09:37:45,651][finetune_logger][INFO] - Test time: 17.49s
2026-06-16 09:37:45 - finetune_logger - INFO - Test memory reserved: 24.00 MB
[2026-06-16 09:37:45,651][finetune_logger][INFO] - Test memory reserved: 24.00 MB
2026-06-16 09:37:45 - finetune_logger - INFO - Test memory allocated: 18.10 MB
[2026-06-16 09:37:45,651][finetune_logger][INFO] - Test memory allocated: 18.10 MB
2026-06-16 09:37:45 - finetune_logger - INFO - Epoch 13/20
[2026-06-16 09:37:45,651][finetune_logger][INFO] - Epoch 13/20
2026-06-16 09:39:52 - finetune_logger - INFO - Train loss: 2.159861294286343
[2026-06-16 09:39:52,592][finetune_logger][INFO] - Train loss: 2.159861294286343
2026-06-16 09:39:52 - finetune_logger - INFO - Train time: 126.94020748138428s
[2026-06-16 09:39:52,592][finetune_logger][INFO] - Train time: 126.94020748138428s
2026-06-16 09:39:52 - finetune_logger - INFO - Train memory reserved: 24.00 MB
[2026-06-16 09:39:52,592][finetune_logger][INFO] - Train memory reserved: 24.00 MB
2026-06-16 09:39:52 - finetune_logger - INFO - Train memory allocated: 18.10 MB
[2026-06-16 09:39:52,593][finetune_logger][INFO] - Train memory allocated: 18.10 MB
2026-06-16 09:39:52 - finetune_logger - INFO - Current learning rate: 0.00025
[2026-06-16 09:39:52,593][finetune_logger][INFO] - Current learning rate: 0.00025
2026-06-16 09:40:09 - finetune_logger - INFO - Validation metrics: {'MAE': 2.832133826619099, 'RMSE': 4.121144818896327}
[2026-06-16 09:40:09,922][finetune_logger][INFO] - Validation metrics: {'MAE': 2.832133826619099, 'RMSE': 4.121144818896327}
2026-06-16 09:40:09 - finetune_logger - INFO - Val time: 17.33s
[2026-06-16 09:40:09,922][finetune_logger][INFO] - Val time: 17.33s
2026-06-16 09:40:09 - finetune_logger - INFO - Val memory reserved: 24.00 MB
[2026-06-16 09:40:09,922][finetune_logger][INFO] - Val memory reserved: 24.00 MB
2026-06-16 09:40:09 - finetune_logger - INFO - Val memory allocated: 18.10 MB
[2026-06-16 09:40:09,922][finetune_logger][INFO] - Val memory allocated: 18.10 MB
2026-06-16 09:40:09 - finetune_logger - INFO - Logged epoch 13 info to /public/home/202411094934/python_project/Spatio-Temporal-Library/time-series/2026-06-16/itransformer/finetune20/etth2/time-series/seed_0/training_log.json
[2026-06-16 09:40:09,926][finetune_logger][INFO] - Logged epoch 13 info to /public/home/202411094934/python_project/Spatio-Temporal-Library/time-series/2026-06-16/itransformer/finetune20/etth2/time-series/seed_0/training_log.json
2026-06-16 09:40:27 - finetune_logger - INFO - Test metrics: {'MAE': 2.996705222720191, 'RMSE': 4.495916589282804}
[2026-06-16 09:40:27,326][finetune_logger][INFO] - Test metrics: {'MAE': 2.996705222720191, 'RMSE': 4.495916589282804}
2026-06-16 09:40:27 - finetune_logger - INFO - Test time: 17.40s
[2026-06-16 09:40:27,326][finetune_logger][INFO] - Test time: 17.40s
2026-06-16 09:40:27 - finetune_logger - INFO - Test memory reserved: 24.00 MB
[2026-06-16 09:40:27,326][finetune_logger][INFO] - Test memory reserved: 24.00 MB
2026-06-16 09:40:27 - finetune_logger - INFO - Test memory allocated: 18.10 MB
[2026-06-16 09:40:27,326][finetune_logger][INFO] - Test memory allocated: 18.10 MB
2026-06-16 09:40:27 - finetune_logger - INFO - Epoch 14/20
[2026-06-16 09:40:27,326][finetune_logger][INFO] - Epoch 14/20
2026-06-16 09:42:34 - finetune_logger - INFO - Train loss: 2.1447989995520604
[2026-06-16 09:42:34,069][finetune_logger][INFO] - Train loss: 2.1447989995520604
2026-06-16 09:42:34 - finetune_logger - INFO - Train time: 126.74194622039795s
[2026-06-16 09:42:34,069][finetune_logger][INFO] - Train time: 126.74194622039795s
2026-06-16 09:42:34 - finetune_logger - INFO - Train memory reserved: 24.00 MB
[2026-06-16 09:42:34,069][finetune_logger][INFO] - Train memory reserved: 24.00 MB
2026-06-16 09:42:34 - finetune_logger - INFO - Train memory allocated: 18.10 MB
[2026-06-16 09:42:34,069][finetune_logger][INFO] - Train memory allocated: 18.10 MB
2026-06-16 09:42:34 - finetune_logger - INFO - Current learning rate: 0.00025
[2026-06-16 09:42:34,070][finetune_logger][INFO] - Current learning rate: 0.00025
2026-06-16 09:42:51 - finetune_logger - INFO - Validation metrics: {'MAE': 2.8016544649941575, 'RMSE': 4.08299665650866}
[2026-06-16 09:42:51,506][finetune_logger][INFO] - Validation metrics: {'MAE': 2.8016544649941575, 'RMSE': 4.08299665650866}
2026-06-16 09:42:51 - finetune_logger - INFO - Val time: 17.44s
[2026-06-16 09:42:51,506][finetune_logger][INFO] - Val time: 17.44s
2026-06-16 09:42:51 - finetune_logger - INFO - Val memory reserved: 24.00 MB
[2026-06-16 09:42:51,506][finetune_logger][INFO] - Val memory reserved: 24.00 MB
2026-06-16 09:42:51 - finetune_logger - INFO - Val memory allocated: 18.10 MB
[2026-06-16 09:42:51,506][finetune_logger][INFO] - Val memory allocated: 18.10 MB
2026-06-16 09:42:51 - finetune_logger - INFO - Logged epoch 14 info to /public/home/202411094934/python_project/Spatio-Temporal-Library/time-series/2026-06-16/itransformer/finetune20/etth2/time-series/seed_0/training_log.json
[2026-06-16 09:42:51,509][finetune_logger][INFO] - Logged epoch 14 info to /public/home/202411094934/python_project/Spatio-Temporal-Library/time-series/2026-06-16/itransformer/finetune20/etth2/time-series/seed_0/training_log.json
2026-06-16 09:43:08 - finetune_logger - INFO - Test metrics: {'MAE': 3.024296713465732, 'RMSE': 4.532990838050847}
[2026-06-16 09:43:08,858][finetune_logger][INFO] - Test metrics: {'MAE': 3.024296713465732, 'RMSE': 4.532990838050847}
2026-06-16 09:43:08 - finetune_logger - INFO - Test time: 17.35s
[2026-06-16 09:43:08,858][finetune_logger][INFO] - Test time: 17.35s
2026-06-16 09:43:08 - finetune_logger - INFO - Test memory reserved: 24.00 MB
[2026-06-16 09:43:08,858][finetune_logger][INFO] - Test memory reserved: 24.00 MB
2026-06-16 09:43:08 - finetune_logger - INFO - Test memory allocated: 18.10 MB
[2026-06-16 09:43:08,858][finetune_logger][INFO] - Test memory allocated: 18.10 MB
2026-06-16 09:43:08 - finetune_logger - INFO - Epoch 15/20
[2026-06-16 09:43:08,858][finetune_logger][INFO] - Epoch 15/20
2026-06-16 09:45:15 - finetune_logger - INFO - Train loss: 2.12788926969345
[2026-06-16 09:45:15,757][finetune_logger][INFO] - Train loss: 2.12788926969345
2026-06-16 09:45:15 - finetune_logger - INFO - Train time: 126.89847230911255s
[2026-06-16 09:45:15,758][finetune_logger][INFO] - Train time: 126.89847230911255s
2026-06-16 09:45:15 - finetune_logger - INFO - Train memory reserved: 24.00 MB
[2026-06-16 09:45:15,758][finetune_logger][INFO] - Train memory reserved: 24.00 MB
2026-06-16 09:45:15 - finetune_logger - INFO - Train memory allocated: 18.10 MB
[2026-06-16 09:45:15,758][finetune_logger][INFO] - Train memory allocated: 18.10 MB
2026-06-16 09:45:15 - finetune_logger - INFO - Current learning rate: 0.00025
[2026-06-16 09:45:15,758][finetune_logger][INFO] - Current learning rate: 0.00025
2026-06-16 09:45:33 - finetune_logger - INFO - Validation metrics: {'MAE': 2.7665962637492583, 'RMSE': 4.0189911580766795}
[2026-06-16 09:45:33,126][finetune_logger][INFO] - Validation metrics: {'MAE': 2.7665962637492583, 'RMSE': 4.0189911580766795}
2026-06-16 09:45:33 - finetune_logger - INFO - Val time: 17.37s
[2026-06-16 09:45:33,126][finetune_logger][INFO] - Val time: 17.37s
2026-06-16 09:45:33 - finetune_logger - INFO - Val memory reserved: 24.00 MB
[2026-06-16 09:45:33,126][finetune_logger][INFO] - Val memory reserved: 24.00 MB
2026-06-16 09:45:33 - finetune_logger - INFO - Val memory allocated: 18.10 MB
[2026-06-16 09:45:33,126][finetune_logger][INFO] - Val memory allocated: 18.10 MB
2026-06-16 09:45:33 - finetune_logger - INFO - Logged epoch 15 info to /public/home/202411094934/python_project/Spatio-Temporal-Library/time-series/2026-06-16/itransformer/finetune20/etth2/time-series/seed_0/training_log.json
[2026-06-16 09:45:33,129][finetune_logger][INFO] - Logged epoch 15 info to /public/home/202411094934/python_project/Spatio-Temporal-Library/time-series/2026-06-16/itransformer/finetune20/etth2/time-series/seed_0/training_log.json
2026-06-16 09:45:50 - finetune_logger - INFO - Test metrics: {'MAE': 2.976066535404763, 'RMSE': 4.474677319935401}
[2026-06-16 09:45:50,532][finetune_logger][INFO] - Test metrics: {'MAE': 2.976066535404763, 'RMSE': 4.474677319935401}
2026-06-16 09:45:50 - finetune_logger - INFO - Test time: 17.40s
[2026-06-16 09:45:50,533][finetune_logger][INFO] - Test time: 17.40s
2026-06-16 09:45:50 - finetune_logger - INFO - Test memory reserved: 24.00 MB
[2026-06-16 09:45:50,533][finetune_logger][INFO] - Test memory reserved: 24.00 MB
2026-06-16 09:45:50 - finetune_logger - INFO - Test memory allocated: 18.10 MB
[2026-06-16 09:45:50,533][finetune_logger][INFO] - Test memory allocated: 18.10 MB
2026-06-16 09:45:50 - finetune_logger - INFO - Epoch 16/20
[2026-06-16 09:45:50,533][finetune_logger][INFO] - Epoch 16/20
2026-06-16 09:47:57 - finetune_logger - INFO - Train loss: 2.108186475919261
[2026-06-16 09:47:57,409][finetune_logger][INFO] - Train loss: 2.108186475919261
2026-06-16 09:47:57 - finetune_logger - INFO - Train time: 126.87575936317444s
[2026-06-16 09:47:57,410][finetune_logger][INFO] - Train time: 126.87575936317444s
2026-06-16 09:47:57 - finetune_logger - INFO - Train memory reserved: 24.00 MB
[2026-06-16 09:47:57,410][finetune_logger][INFO] - Train memory reserved: 24.00 MB
2026-06-16 09:47:57 - finetune_logger - INFO - Train memory allocated: 18.10 MB
[2026-06-16 09:47:57,410][finetune_logger][INFO] - Train memory allocated: 18.10 MB
2026-06-16 09:47:57 - finetune_logger - INFO - Current learning rate: 0.00025
[2026-06-16 09:47:57,410][finetune_logger][INFO] - Current learning rate: 0.00025
2026-06-16 09:48:14 - finetune_logger - INFO - Validation metrics: {'MAE': 2.8485642899558616, 'RMSE': 4.152975392432438}
[2026-06-16 09:48:14,745][finetune_logger][INFO] - Validation metrics: {'MAE': 2.8485642899558616, 'RMSE': 4.152975392432438}
2026-06-16 09:48:14 - finetune_logger - INFO - Val time: 17.33s
[2026-06-16 09:48:14,745][finetune_logger][INFO] - Val time: 17.33s
2026-06-16 09:48:14 - finetune_logger - INFO - Val memory reserved: 24.00 MB
[2026-06-16 09:48:14,745][finetune_logger][INFO] - Val memory reserved: 24.00 MB
2026-06-16 09:48:14 - finetune_logger - INFO - Val memory allocated: 18.10 MB
[2026-06-16 09:48:14,745][finetune_logger][INFO] - Val memory allocated: 18.10 MB
2026-06-16 09:48:14 - finetune_logger - INFO - Logged epoch 16 info to /public/home/202411094934/python_project/Spatio-Temporal-Library/time-series/2026-06-16/itransformer/finetune20/etth2/time-series/seed_0/training_log.json
[2026-06-16 09:48:14,748][finetune_logger][INFO] - Logged epoch 16 info to /public/home/202411094934/python_project/Spatio-Temporal-Library/time-series/2026-06-16/itransformer/finetune20/etth2/time-series/seed_0/training_log.json
2026-06-16 09:48:32 - finetune_logger - INFO - Test metrics: {'MAE': 3.037642547062453, 'RMSE': 4.562783494994743}
[2026-06-16 09:48:32,156][finetune_logger][INFO] - Test metrics: {'MAE': 3.037642547062453, 'RMSE': 4.562783494994743}
2026-06-16 09:48:32 - finetune_logger - INFO - Test time: 17.41s
[2026-06-16 09:48:32,157][finetune_logger][INFO] - Test time: 17.41s
2026-06-16 09:48:32 - finetune_logger - INFO - Test memory reserved: 24.00 MB
[2026-06-16 09:48:32,157][finetune_logger][INFO] - Test memory reserved: 24.00 MB
2026-06-16 09:48:32 - finetune_logger - INFO - Test memory allocated: 18.10 MB
[2026-06-16 09:48:32,157][finetune_logger][INFO] - Test memory allocated: 18.10 MB
2026-06-16 09:48:32 - finetune_logger - INFO - Epoch 17/20
[2026-06-16 09:48:32,157][finetune_logger][INFO] - Epoch 17/20
2026-06-16 09:50:38 - finetune_logger - INFO - Train loss: 2.0953327768248546
[2026-06-16 09:50:38,840][finetune_logger][INFO] - Train loss: 2.0953327768248546
2026-06-16 09:50:38 - finetune_logger - INFO - Train time: 126.68225693702698s
[2026-06-16 09:50:38,840][finetune_logger][INFO] - Train time: 126.68225693702698s
2026-06-16 09:50:38 - finetune_logger - INFO - Train memory reserved: 24.00 MB
[2026-06-16 09:50:38,840][finetune_logger][INFO] - Train memory reserved: 24.00 MB
2026-06-16 09:50:38 - finetune_logger - INFO - Train memory allocated: 18.10 MB
[2026-06-16 09:50:38,840][finetune_logger][INFO] - Train memory allocated: 18.10 MB
2026-06-16 09:50:38 - finetune_logger - INFO - Current learning rate: 0.00025
[2026-06-16 09:50:38,840][finetune_logger][INFO] - Current learning rate: 0.00025
2026-06-16 09:50:56 - finetune_logger - INFO - Validation metrics: {'MAE': 2.786700318518131, 'RMSE': 4.074478431883316}
[2026-06-16 09:50:56,287][finetune_logger][INFO] - Validation metrics: {'MAE': 2.786700318518131, 'RMSE': 4.074478431883316}
2026-06-16 09:50:56 - finetune_logger - INFO - Val time: 17.45s
[2026-06-16 09:50:56,287][finetune_logger][INFO] - Val time: 17.45s
2026-06-16 09:50:56 - finetune_logger - INFO - Val memory reserved: 24.00 MB
[2026-06-16 09:50:56,288][finetune_logger][INFO] - Val memory reserved: 24.00 MB
2026-06-16 09:50:56 - finetune_logger - INFO - Val memory allocated: 18.10 MB
[2026-06-16 09:50:56,288][finetune_logger][INFO] - Val memory allocated: 18.10 MB
2026-06-16 09:50:56 - finetune_logger - INFO - Logged epoch 17 info to /public/home/202411094934/python_project/Spatio-Temporal-Library/time-series/2026-06-16/itransformer/finetune20/etth2/time-series/seed_0/training_log.json
[2026-06-16 09:50:56,291][finetune_logger][INFO] - Logged epoch 17 info to /public/home/202411094934/python_project/Spatio-Temporal-Library/time-series/2026-06-16/itransformer/finetune20/etth2/time-series/seed_0/training_log.json
2026-06-16 09:51:13 - finetune_logger - INFO - Test metrics: {'MAE': 3.0108129758834865, 'RMSE': 4.532763520740334}
[2026-06-16 09:51:13,717][finetune_logger][INFO] - Test metrics: {'MAE': 3.0108129758834865, 'RMSE': 4.532763520740334}
2026-06-16 09:51:13 - finetune_logger - INFO - Test time: 17.43s
[2026-06-16 09:51:13,718][finetune_logger][INFO] - Test time: 17.43s
2026-06-16 09:51:13 - finetune_logger - INFO - Test memory reserved: 24.00 MB
[2026-06-16 09:51:13,718][finetune_logger][INFO] - Test memory reserved: 24.00 MB
2026-06-16 09:51:13 - finetune_logger - INFO - Test memory allocated: 18.10 MB
[2026-06-16 09:51:13,718][finetune_logger][INFO] - Test memory allocated: 18.10 MB
2026-06-16 09:51:13 - finetune_logger - INFO - Epoch 18/20
[2026-06-16 09:51:13,718][finetune_logger][INFO] - Epoch 18/20
2026-06-16 09:53:20 - finetune_logger - INFO - Train loss: 2.082250549697983
[2026-06-16 09:53:20,641][finetune_logger][INFO] - Train loss: 2.082250549697983
2026-06-16 09:53:20 - finetune_logger - INFO - Train time: 126.92299818992615s
[2026-06-16 09:53:20,642][finetune_logger][INFO] - Train time: 126.92299818992615s
2026-06-16 09:53:20 - finetune_logger - INFO - Train memory reserved: 24.00 MB
[2026-06-16 09:53:20,642][finetune_logger][INFO] - Train memory reserved: 24.00 MB
2026-06-16 09:53:20 - finetune_logger - INFO - Train memory allocated: 18.10 MB
[2026-06-16 09:53:20,642][finetune_logger][INFO] - Train memory allocated: 18.10 MB
2026-06-16 09:53:20 - finetune_logger - INFO - Current learning rate: 0.00025
[2026-06-16 09:53:20,642][finetune_logger][INFO] - Current learning rate: 0.00025
2026-06-16 09:53:38 - finetune_logger - INFO - Validation metrics: {'MAE': 2.8193068241391823, 'RMSE': 4.106515753337309}
[2026-06-16 09:53:38,056][finetune_logger][INFO] - Validation metrics: {'MAE': 2.8193068241391823, 'RMSE': 4.106515753337309}
2026-06-16 09:53:38 - finetune_logger - INFO - Val time: 17.41s
[2026-06-16 09:53:38,057][finetune_logger][INFO] - Val time: 17.41s
2026-06-16 09:53:38 - finetune_logger - INFO - Val memory reserved: 24.00 MB
[2026-06-16 09:53:38,057][finetune_logger][INFO] - Val memory reserved: 24.00 MB
2026-06-16 09:53:38 - finetune_logger - INFO - Val memory allocated: 18.10 MB
[2026-06-16 09:53:38,057][finetune_logger][INFO] - Val memory allocated: 18.10 MB
2026-06-16 09:53:38 - finetune_logger - INFO - Logged epoch 18 info to /public/home/202411094934/python_project/Spatio-Temporal-Library/time-series/2026-06-16/itransformer/finetune20/etth2/time-series/seed_0/training_log.json
[2026-06-16 09:53:38,060][finetune_logger][INFO] - Logged epoch 18 info to /public/home/202411094934/python_project/Spatio-Temporal-Library/time-series/2026-06-16/itransformer/finetune20/etth2/time-series/seed_0/training_log.json
2026-06-16 09:53:55 - finetune_logger - INFO - Test metrics: {'MAE': 2.9848507677714013, 'RMSE': 4.488692103522167}
[2026-06-16 09:53:55,411][finetune_logger][INFO] - Test metrics: {'MAE': 2.9848507677714013, 'RMSE': 4.488692103522167}
2026-06-16 09:53:55 - finetune_logger - INFO - Test time: 17.35s
[2026-06-16 09:53:55,411][finetune_logger][INFO] - Test time: 17.35s
2026-06-16 09:53:55 - finetune_logger - INFO - Test memory reserved: 24.00 MB
[2026-06-16 09:53:55,411][finetune_logger][INFO] - Test memory reserved: 24.00 MB
2026-06-16 09:53:55 - finetune_logger - INFO - Test memory allocated: 18.10 MB
[2026-06-16 09:53:55,411][finetune_logger][INFO] - Test memory allocated: 18.10 MB
2026-06-16 09:53:55 - finetune_logger - INFO - Epoch 19/20
[2026-06-16 09:53:55,411][finetune_logger][INFO] - Epoch 19/20
2026-06-16 09:56:02 - finetune_logger - INFO - Train loss: 2.0658574496270776
[2026-06-16 09:56:02,403][finetune_logger][INFO] - Train loss: 2.0658574496270776
2026-06-16 09:56:02 - finetune_logger - INFO - Train time: 126.99130463600159s
[2026-06-16 09:56:02,403][finetune_logger][INFO] - Train time: 126.99130463600159s
2026-06-16 09:56:02 - finetune_logger - INFO - Train memory reserved: 24.00 MB
[2026-06-16 09:56:02,403][finetune_logger][INFO] - Train memory reserved: 24.00 MB
2026-06-16 09:56:02 - finetune_logger - INFO - Train memory allocated: 18.10 MB
[2026-06-16 09:56:02,404][finetune_logger][INFO] - Train memory allocated: 18.10 MB
2026-06-16 09:56:02 - finetune_logger - INFO - Current learning rate: 0.00025
[2026-06-16 09:56:02,404][finetune_logger][INFO] - Current learning rate: 0.00025
2026-06-16 09:56:19 - finetune_logger - INFO - Validation metrics: {'MAE': 2.8611804107484407, 'RMSE': 4.156741855258038}
[2026-06-16 09:56:19,717][finetune_logger][INFO] - Validation metrics: {'MAE': 2.8611804107484407, 'RMSE': 4.156741855258038}
2026-06-16 09:56:19 - finetune_logger - INFO - Val time: 17.31s
[2026-06-16 09:56:19,717][finetune_logger][INFO] - Val time: 17.31s
2026-06-16 09:56:19 - finetune_logger - INFO - Val memory reserved: 24.00 MB
[2026-06-16 09:56:19,717][finetune_logger][INFO] - Val memory reserved: 24.00 MB
2026-06-16 09:56:19 - finetune_logger - INFO - Val memory allocated: 18.10 MB
[2026-06-16 09:56:19,717][finetune_logger][INFO] - Val memory allocated: 18.10 MB
2026-06-16 09:56:19 - finetune_logger - INFO - Logged epoch 19 info to /public/home/202411094934/python_project/Spatio-Temporal-Library/time-series/2026-06-16/itransformer/finetune20/etth2/time-series/seed_0/training_log.json
[2026-06-16 09:56:19,721][finetune_logger][INFO] - Logged epoch 19 info to /public/home/202411094934/python_project/Spatio-Temporal-Library/time-series/2026-06-16/itransformer/finetune20/etth2/time-series/seed_0/training_log.json
2026-06-16 09:56:37 - finetune_logger - INFO - Test metrics: {'MAE': 3.0007921956380215, 'RMSE': 4.494391486213315}
[2026-06-16 09:56:37,058][finetune_logger][INFO] - Test metrics: {'MAE': 3.0007921956380215, 'RMSE': 4.494391486213315}
2026-06-16 09:56:37 - finetune_logger - INFO - Test time: 17.34s
[2026-06-16 09:56:37,058][finetune_logger][INFO] - Test time: 17.34s
2026-06-16 09:56:37 - finetune_logger - INFO - Test memory reserved: 24.00 MB
[2026-06-16 09:56:37,058][finetune_logger][INFO] - Test memory reserved: 24.00 MB
2026-06-16 09:56:37 - finetune_logger - INFO - Test memory allocated: 18.10 MB
[2026-06-16 09:56:37,058][finetune_logger][INFO] - Test memory allocated: 18.10 MB
2026-06-16 09:56:37 - finetune_logger - INFO - Epoch 20/20
[2026-06-16 09:56:37,058][finetune_logger][INFO] - Epoch 20/20
2026-06-16 09:58:44 - finetune_logger - INFO - Train loss: 2.0493854328643417
[2026-06-16 09:58:44,039][finetune_logger][INFO] - Train loss: 2.0493854328643417
2026-06-16 09:58:44 - finetune_logger - INFO - Train time: 126.98043131828308s
[2026-06-16 09:58:44,039][finetune_logger][INFO] - Train time: 126.98043131828308s
2026-06-16 09:58:44 - finetune_logger - INFO - Train memory reserved: 24.00 MB
[2026-06-16 09:58:44,040][finetune_logger][INFO] - Train memory reserved: 24.00 MB
2026-06-16 09:58:44 - finetune_logger - INFO - Train memory allocated: 18.10 MB
[2026-06-16 09:58:44,040][finetune_logger][INFO] - Train memory allocated: 18.10 MB
2026-06-16 09:58:44 - finetune_logger - INFO - Current learning rate: 0.00025
[2026-06-16 09:58:44,040][finetune_logger][INFO] - Current learning rate: 0.00025
2026-06-16 09:59:01 - finetune_logger - INFO - Validation metrics: {'MAE': 2.7984525953020403, 'RMSE': 4.077801063673842}
[2026-06-16 09:59:01,478][finetune_logger][INFO] - Validation metrics: {'MAE': 2.7984525953020403, 'RMSE': 4.077801063673842}
2026-06-16 09:59:01 - finetune_logger - INFO - Val time: 17.44s
[2026-06-16 09:59:01,478][finetune_logger][INFO] - Val time: 17.44s
2026-06-16 09:59:01 - finetune_logger - INFO - Val memory reserved: 24.00 MB
[2026-06-16 09:59:01,478][finetune_logger][INFO] - Val memory reserved: 24.00 MB
2026-06-16 09:59:01 - finetune_logger - INFO - Val memory allocated: 18.10 MB
[2026-06-16 09:59:01,478][finetune_logger][INFO] - Val memory allocated: 18.10 MB
2026-06-16 09:59:01 - finetune_logger - INFO - Logged epoch 20 info to /public/home/202411094934/python_project/Spatio-Temporal-Library/time-series/2026-06-16/itransformer/finetune20/etth2/time-series/seed_0/training_log.json
[2026-06-16 09:59:01,481][finetune_logger][INFO] - Logged epoch 20 info to /public/home/202411094934/python_project/Spatio-Temporal-Library/time-series/2026-06-16/itransformer/finetune20/etth2/time-series/seed_0/training_log.json
2026-06-16 09:59:18 - finetune_logger - INFO - Test metrics: {'MAE': 2.9731562064034613, 'RMSE': 4.466526154427298}
[2026-06-16 09:59:18,998][finetune_logger][INFO] - Test metrics: {'MAE': 2.9731562064034613, 'RMSE': 4.466526154427298}
2026-06-16 09:59:18 - finetune_logger - INFO - Test time: 17.49s
[2026-06-16 09:59:18,999][finetune_logger][INFO] - Test time: 17.49s
2026-06-16 09:59:18 - finetune_logger - INFO - Test memory reserved: 24.00 MB
[2026-06-16 09:59:18,999][finetune_logger][INFO] - Test memory reserved: 24.00 MB
2026-06-16 09:59:18 - finetune_logger - INFO - Test memory allocated: 18.10 MB
[2026-06-16 09:59:18,999][finetune_logger][INFO] - Test memory allocated: 18.10 MB
2026-06-16 09:59:18 - finetune_logger - INFO - Training completed. Best epoch: 1, Best val loss: 2.608316
[2026-06-16 09:59:18,999][finetune_logger][INFO] - Training completed. Best epoch: 1, Best val loss: 2.608316
2026-06-16 09:59:19 - finetune_logger - INFO - Loaded checkpoint from epoch 1
[2026-06-16 09:59:19,032][finetune_logger][INFO] - Loaded checkpoint from epoch 1
2026-06-16 09:59:19 - finetune_logger - INFO - Evaluating best model on test sets...
[2026-06-16 09:59:19,032][finetune_logger][INFO] - Evaluating best model on test sets...
2026-06-16 09:59:36 - finetune_logger - INFO - Test metrics: {'MAE': 2.841310685657324, 'RMSE': 4.239512704531357}
[2026-06-16 09:59:36,638][finetune_logger][INFO] - Test metrics: {'MAE': 2.841310685657324, 'RMSE': 4.239512704531357}
2026-06-16 09:59:36 - finetune_logger - INFO - Test time: 17.61s
[2026-06-16 09:59:36,638][finetune_logger][INFO] - Test time: 17.61s
2026-06-16 09:59:36 - finetune_logger - INFO - Test memory reserved: 26.00 MB
[2026-06-16 09:59:36,639][finetune_logger][INFO] - Test memory reserved: 26.00 MB
2026-06-16 09:59:36 - finetune_logger - INFO - Test memory allocated: 18.14 MB
[2026-06-16 09:59:36,639][finetune_logger][INFO] - Test memory allocated: 18.14 MB
2026-06-16 09:59:36 - finetune_logger - INFO - Logged epoch test info to /public/home/202411094934/python_project/Spatio-Temporal-Library/time-series/2026-06-16/itransformer/finetune20/etth2/time-series/seed_0/training_log.json
[2026-06-16 09:59:36,642][finetune_logger][INFO] - Logged epoch test info to /public/home/202411094934/python_project/Spatio-Temporal-Library/time-series/2026-06-16/itransformer/finetune20/etth2/time-series/seed_0/training_log.json
