2026-06-16 04:39:42 - finetune_logger - INFO - No pretrained checkpoint is provided. Finetuning from scratch.
[2026-06-16 04:39:42,211][finetune_logger][INFO] - No pretrained checkpoint is provided. Finetuning from scratch.
2026-06-16 04:39:42 - finetune_logger - INFO - Model parameters: 158,912
[2026-06-16 04:39:42,214][finetune_logger][INFO] - Model parameters: 158,912
2026-06-16 04:39:42 - finetune_logger - INFO - Created new log file at /public/home/202411094934/python_project/Spatio-Temporal-Library/time-series/2026-06-16/itransformer/finetune20/exchange_rate/time-series/seed_2/training_log.json
[2026-06-16 04:39:42,216][finetune_logger][INFO] - Created new log file at /public/home/202411094934/python_project/Spatio-Temporal-Library/time-series/2026-06-16/itransformer/finetune20/exchange_rate/time-series/seed_2/training_log.json
2026-06-16 04:39:42 - finetune_logger - INFO - Starting training...
[2026-06-16 04:39:42,216][finetune_logger][INFO] - Starting training...
2026-06-16 04:39:42 - finetune_logger - INFO - Epoch 1/20
[2026-06-16 04:39:42,216][finetune_logger][INFO] - Epoch 1/20
2026-06-16 04:40:57 - finetune_logger - INFO - Train loss: 0.028202227221564607
[2026-06-16 04:40:57,903][finetune_logger][INFO] - Train loss: 0.028202227221564607
2026-06-16 04:40:57 - finetune_logger - INFO - Train time: 75.68617486953735s
[2026-06-16 04:40:57,903][finetune_logger][INFO] - Train time: 75.68617486953735s
2026-06-16 04:40:57 - finetune_logger - INFO - Train memory reserved: 24.00 MB
[2026-06-16 04:40:57,903][finetune_logger][INFO] - Train memory reserved: 24.00 MB
2026-06-16 04:40:57 - finetune_logger - INFO - Train memory allocated: 18.10 MB
[2026-06-16 04:40:57,903][finetune_logger][INFO] - Train memory allocated: 18.10 MB
2026-06-16 04:40:57 - finetune_logger - INFO - Current learning rate: 0.0005
[2026-06-16 04:40:57,903][finetune_logger][INFO] - Current learning rate: 0.0005
2026-06-16 04:41:01 - finetune_logger - INFO - Validation metrics: {'MAE': 0.024624014073320006, 'RMSE': 0.03614200091370889}
[2026-06-16 04:41:01,885][finetune_logger][INFO] - Validation metrics: {'MAE': 0.024624014073320006, 'RMSE': 0.03614200091370889}
2026-06-16 04:41:01 - finetune_logger - INFO - Val time: 3.98s
[2026-06-16 04:41:01,886][finetune_logger][INFO] - Val time: 3.98s
2026-06-16 04:41:01 - finetune_logger - INFO - Val memory reserved: 24.00 MB
[2026-06-16 04:41:01,886][finetune_logger][INFO] - Val memory reserved: 24.00 MB
2026-06-16 04:41:01 - finetune_logger - INFO - Val memory allocated: 18.10 MB
[2026-06-16 04:41:01,886][finetune_logger][INFO] - Val memory allocated: 18.10 MB
2026-06-16 04:41:01 - finetune_logger - INFO - Logged epoch 1 info to /public/home/202411094934/python_project/Spatio-Temporal-Library/time-series/2026-06-16/itransformer/finetune20/exchange_rate/time-series/seed_2/training_log.json
[2026-06-16 04:41:01,889][finetune_logger][INFO] - Logged epoch 1 info to /public/home/202411094934/python_project/Spatio-Temporal-Library/time-series/2026-06-16/itransformer/finetune20/exchange_rate/time-series/seed_2/training_log.json
2026-06-16 04:41:01 - finetune_logger - INFO - New best model! Val loss: 0.024624
[2026-06-16 04:41:01,889][finetune_logger][INFO] - New best model! Val loss: 0.024624
2026-06-16 04:41:10 - finetune_logger - INFO - Test metrics: {'MAE': 0.02200897130378391, 'RMSE': 0.03280263899639832}
[2026-06-16 04:41:10,596][finetune_logger][INFO] - Test metrics: {'MAE': 0.02200897130378391, 'RMSE': 0.03280263899639832}
2026-06-16 04:41:10 - finetune_logger - INFO - Test time: 8.66s
[2026-06-16 04:41:10,597][finetune_logger][INFO] - Test time: 8.66s
2026-06-16 04:41:10 - finetune_logger - INFO - Test memory reserved: 24.00 MB
[2026-06-16 04:41:10,597][finetune_logger][INFO] - Test memory reserved: 24.00 MB
2026-06-16 04:41:10 - finetune_logger - INFO - Test memory allocated: 18.10 MB
[2026-06-16 04:41:10,597][finetune_logger][INFO] - Test memory allocated: 18.10 MB
2026-06-16 04:41:10 - finetune_logger - INFO - Epoch 2/20
[2026-06-16 04:41:10,597][finetune_logger][INFO] - Epoch 2/20
2026-06-16 04:42:25 - finetune_logger - INFO - Train loss: 0.023572130852929116
[2026-06-16 04:42:25,706][finetune_logger][INFO] - Train loss: 0.023572130852929116
2026-06-16 04:42:25 - finetune_logger - INFO - Train time: 75.10858058929443s
[2026-06-16 04:42:25,706][finetune_logger][INFO] - Train time: 75.10858058929443s
2026-06-16 04:42:25 - finetune_logger - INFO - Train memory reserved: 24.00 MB
[2026-06-16 04:42:25,706][finetune_logger][INFO] - Train memory reserved: 24.00 MB
2026-06-16 04:42:25 - finetune_logger - INFO - Train memory allocated: 18.10 MB
[2026-06-16 04:42:25,707][finetune_logger][INFO] - Train memory allocated: 18.10 MB
2026-06-16 04:42:25 - finetune_logger - INFO - Current learning rate: 0.0005
[2026-06-16 04:42:25,707][finetune_logger][INFO] - Current learning rate: 0.0005
2026-06-16 04:42:29 - finetune_logger - INFO - Validation metrics: {'MAE': 0.02615778985253681, 'RMSE': 0.038315509021963554}
[2026-06-16 04:42:29,676][finetune_logger][INFO] - Validation metrics: {'MAE': 0.02615778985253681, 'RMSE': 0.038315509021963554}
2026-06-16 04:42:29 - finetune_logger - INFO - Val time: 3.97s
[2026-06-16 04:42:29,677][finetune_logger][INFO] - Val time: 3.97s
2026-06-16 04:42:29 - finetune_logger - INFO - Val memory reserved: 24.00 MB
[2026-06-16 04:42:29,677][finetune_logger][INFO] - Val memory reserved: 24.00 MB
2026-06-16 04:42:29 - finetune_logger - INFO - Val memory allocated: 18.10 MB
[2026-06-16 04:42:29,677][finetune_logger][INFO] - Val memory allocated: 18.10 MB
2026-06-16 04:42:29 - finetune_logger - INFO - Logged epoch 2 info to /public/home/202411094934/python_project/Spatio-Temporal-Library/time-series/2026-06-16/itransformer/finetune20/exchange_rate/time-series/seed_2/training_log.json
[2026-06-16 04:42:29,680][finetune_logger][INFO] - Logged epoch 2 info to /public/home/202411094934/python_project/Spatio-Temporal-Library/time-series/2026-06-16/itransformer/finetune20/exchange_rate/time-series/seed_2/training_log.json
2026-06-16 04:42:38 - finetune_logger - INFO - Test metrics: {'MAE': 0.02277835878127995, 'RMSE': 0.03309810502805357}
[2026-06-16 04:42:38,426][finetune_logger][INFO] - Test metrics: {'MAE': 0.02277835878127995, 'RMSE': 0.03309810502805357}
2026-06-16 04:42:38 - finetune_logger - INFO - Test time: 8.75s
[2026-06-16 04:42:38,426][finetune_logger][INFO] - Test time: 8.75s
2026-06-16 04:42:38 - finetune_logger - INFO - Test memory reserved: 24.00 MB
[2026-06-16 04:42:38,427][finetune_logger][INFO] - Test memory reserved: 24.00 MB
2026-06-16 04:42:38 - finetune_logger - INFO - Test memory allocated: 18.10 MB
[2026-06-16 04:42:38,427][finetune_logger][INFO] - Test memory allocated: 18.10 MB
2026-06-16 04:42:38 - finetune_logger - INFO - Epoch 3/20
[2026-06-16 04:42:38,427][finetune_logger][INFO] - Epoch 3/20
2026-06-16 04:43:53 - finetune_logger - INFO - Train loss: 0.02308901848291375
[2026-06-16 04:43:53,499][finetune_logger][INFO] - Train loss: 0.02308901848291375
2026-06-16 04:43:53 - finetune_logger - INFO - Train time: 75.07170367240906s
[2026-06-16 04:43:53,499][finetune_logger][INFO] - Train time: 75.07170367240906s
2026-06-16 04:43:53 - finetune_logger - INFO - Train memory reserved: 24.00 MB
[2026-06-16 04:43:53,499][finetune_logger][INFO] - Train memory reserved: 24.00 MB
2026-06-16 04:43:53 - finetune_logger - INFO - Train memory allocated: 18.10 MB
[2026-06-16 04:43:53,500][finetune_logger][INFO] - Train memory allocated: 18.10 MB
2026-06-16 04:43:53 - finetune_logger - INFO - Current learning rate: 0.0005
[2026-06-16 04:43:53,500][finetune_logger][INFO] - Current learning rate: 0.0005
2026-06-16 04:43:57 - finetune_logger - INFO - Validation metrics: {'MAE': 0.02721135964465308, 'RMSE': 0.039835829846931216}
[2026-06-16 04:43:57,447][finetune_logger][INFO] - Validation metrics: {'MAE': 0.02721135964465308, 'RMSE': 0.039835829846931216}
2026-06-16 04:43:57 - finetune_logger - INFO - Val time: 3.95s
[2026-06-16 04:43:57,447][finetune_logger][INFO] - Val time: 3.95s
2026-06-16 04:43:57 - finetune_logger - INFO - Val memory reserved: 24.00 MB
[2026-06-16 04:43:57,447][finetune_logger][INFO] - Val memory reserved: 24.00 MB
2026-06-16 04:43:57 - finetune_logger - INFO - Val memory allocated: 18.10 MB
[2026-06-16 04:43:57,447][finetune_logger][INFO] - Val memory allocated: 18.10 MB
2026-06-16 04:43:57 - finetune_logger - INFO - Logged epoch 3 info to /public/home/202411094934/python_project/Spatio-Temporal-Library/time-series/2026-06-16/itransformer/finetune20/exchange_rate/time-series/seed_2/training_log.json
[2026-06-16 04:43:57,450][finetune_logger][INFO] - Logged epoch 3 info to /public/home/202411094934/python_project/Spatio-Temporal-Library/time-series/2026-06-16/itransformer/finetune20/exchange_rate/time-series/seed_2/training_log.json
2026-06-16 04:44:06 - finetune_logger - INFO - Test metrics: {'MAE': 0.021758945550492553, 'RMSE': 0.03238716828813659}
[2026-06-16 04:44:06,150][finetune_logger][INFO] - Test metrics: {'MAE': 0.021758945550492553, 'RMSE': 0.03238716828813659}
2026-06-16 04:44:06 - finetune_logger - INFO - Test time: 8.70s
[2026-06-16 04:44:06,150][finetune_logger][INFO] - Test time: 8.70s
2026-06-16 04:44:06 - finetune_logger - INFO - Test memory reserved: 24.00 MB
[2026-06-16 04:44:06,151][finetune_logger][INFO] - Test memory reserved: 24.00 MB
2026-06-16 04:44:06 - finetune_logger - INFO - Test memory allocated: 18.10 MB
[2026-06-16 04:44:06,151][finetune_logger][INFO] - Test memory allocated: 18.10 MB
2026-06-16 04:44:06 - finetune_logger - INFO - Epoch 4/20
[2026-06-16 04:44:06,151][finetune_logger][INFO] - Epoch 4/20
2026-06-16 04:45:21 - finetune_logger - INFO - Train loss: 0.0223654764784533
[2026-06-16 04:45:21,352][finetune_logger][INFO] - Train loss: 0.0223654764784533
2026-06-16 04:45:21 - finetune_logger - INFO - Train time: 75.20081853866577s
[2026-06-16 04:45:21,352][finetune_logger][INFO] - Train time: 75.20081853866577s
2026-06-16 04:45:21 - finetune_logger - INFO - Train memory reserved: 24.00 MB
[2026-06-16 04:45:21,353][finetune_logger][INFO] - Train memory reserved: 24.00 MB
2026-06-16 04:45:21 - finetune_logger - INFO - Train memory allocated: 18.10 MB
[2026-06-16 04:45:21,353][finetune_logger][INFO] - Train memory allocated: 18.10 MB
2026-06-16 04:45:21 - finetune_logger - INFO - Current learning rate: 0.0005
[2026-06-16 04:45:21,353][finetune_logger][INFO] - Current learning rate: 0.0005
2026-06-16 04:45:25 - finetune_logger - INFO - Validation metrics: {'MAE': 0.02508067609797826, 'RMSE': 0.037301389293126715}
[2026-06-16 04:45:25,250][finetune_logger][INFO] - Validation metrics: {'MAE': 0.02508067609797826, 'RMSE': 0.037301389293126715}
2026-06-16 04:45:25 - finetune_logger - INFO - Val time: 3.90s
[2026-06-16 04:45:25,251][finetune_logger][INFO] - Val time: 3.90s
2026-06-16 04:45:25 - finetune_logger - INFO - Val memory reserved: 24.00 MB
[2026-06-16 04:45:25,251][finetune_logger][INFO] - Val memory reserved: 24.00 MB
2026-06-16 04:45:25 - finetune_logger - INFO - Val memory allocated: 18.10 MB
[2026-06-16 04:45:25,251][finetune_logger][INFO] - Val memory allocated: 18.10 MB
2026-06-16 04:45:25 - finetune_logger - INFO - Logged epoch 4 info to /public/home/202411094934/python_project/Spatio-Temporal-Library/time-series/2026-06-16/itransformer/finetune20/exchange_rate/time-series/seed_2/training_log.json
[2026-06-16 04:45:25,254][finetune_logger][INFO] - Logged epoch 4 info to /public/home/202411094934/python_project/Spatio-Temporal-Library/time-series/2026-06-16/itransformer/finetune20/exchange_rate/time-series/seed_2/training_log.json
2026-06-16 04:45:33 - finetune_logger - INFO - Test metrics: {'MAE': 0.021415539824144427, 'RMSE': 0.031945546027980144}
[2026-06-16 04:45:33,893][finetune_logger][INFO] - Test metrics: {'MAE': 0.021415539824144427, 'RMSE': 0.031945546027980144}
2026-06-16 04:45:33 - finetune_logger - INFO - Test time: 8.64s
[2026-06-16 04:45:33,893][finetune_logger][INFO] - Test time: 8.64s
2026-06-16 04:45:33 - finetune_logger - INFO - Test memory reserved: 24.00 MB
[2026-06-16 04:45:33,893][finetune_logger][INFO] - Test memory reserved: 24.00 MB
2026-06-16 04:45:33 - finetune_logger - INFO - Test memory allocated: 18.10 MB
[2026-06-16 04:45:33,893][finetune_logger][INFO] - Test memory allocated: 18.10 MB
2026-06-16 04:45:33 - finetune_logger - INFO - Epoch 5/20
[2026-06-16 04:45:33,893][finetune_logger][INFO] - Epoch 5/20
2026-06-16 04:46:49 - finetune_logger - INFO - Train loss: 0.0220650281092886
[2026-06-16 04:46:49,133][finetune_logger][INFO] - Train loss: 0.0220650281092886
2026-06-16 04:46:49 - finetune_logger - INFO - Train time: 75.23873448371887s
[2026-06-16 04:46:49,133][finetune_logger][INFO] - Train time: 75.23873448371887s
2026-06-16 04:46:49 - finetune_logger - INFO - Train memory reserved: 24.00 MB
[2026-06-16 04:46:49,133][finetune_logger][INFO] - Train memory reserved: 24.00 MB
2026-06-16 04:46:49 - finetune_logger - INFO - Train memory allocated: 18.10 MB
[2026-06-16 04:46:49,133][finetune_logger][INFO] - Train memory allocated: 18.10 MB
2026-06-16 04:46:49 - finetune_logger - INFO - Current learning rate: 0.0005
[2026-06-16 04:46:49,133][finetune_logger][INFO] - Current learning rate: 0.0005
2026-06-16 04:46:53 - finetune_logger - INFO - Validation metrics: {'MAE': 0.02537718090500913, 'RMSE': 0.03704051600091494}
[2026-06-16 04:46:53,099][finetune_logger][INFO] - Validation metrics: {'MAE': 0.02537718090500913, 'RMSE': 0.03704051600091494}
2026-06-16 04:46:53 - finetune_logger - INFO - Val time: 3.97s
[2026-06-16 04:46:53,100][finetune_logger][INFO] - Val time: 3.97s
2026-06-16 04:46:53 - finetune_logger - INFO - Val memory reserved: 24.00 MB
[2026-06-16 04:46:53,100][finetune_logger][INFO] - Val memory reserved: 24.00 MB
2026-06-16 04:46:53 - finetune_logger - INFO - Val memory allocated: 18.10 MB
[2026-06-16 04:46:53,100][finetune_logger][INFO] - Val memory allocated: 18.10 MB
2026-06-16 04:46:53 - finetune_logger - INFO - Logged epoch 5 info to /public/home/202411094934/python_project/Spatio-Temporal-Library/time-series/2026-06-16/itransformer/finetune20/exchange_rate/time-series/seed_2/training_log.json
[2026-06-16 04:46:53,102][finetune_logger][INFO] - Logged epoch 5 info to /public/home/202411094934/python_project/Spatio-Temporal-Library/time-series/2026-06-16/itransformer/finetune20/exchange_rate/time-series/seed_2/training_log.json
2026-06-16 04:47:01 - finetune_logger - INFO - Test metrics: {'MAE': 0.02137581845435989, 'RMSE': 0.0316720384827379}
[2026-06-16 04:47:01,778][finetune_logger][INFO] - Test metrics: {'MAE': 0.02137581845435989, 'RMSE': 0.0316720384827379}
2026-06-16 04:47:01 - finetune_logger - INFO - Test time: 8.68s
[2026-06-16 04:47:01,778][finetune_logger][INFO] - Test time: 8.68s
2026-06-16 04:47:01 - finetune_logger - INFO - Test memory reserved: 24.00 MB
[2026-06-16 04:47:01,778][finetune_logger][INFO] - Test memory reserved: 24.00 MB
2026-06-16 04:47:01 - finetune_logger - INFO - Test memory allocated: 18.10 MB
[2026-06-16 04:47:01,778][finetune_logger][INFO] - Test memory allocated: 18.10 MB
2026-06-16 04:47:01 - finetune_logger - INFO - Epoch 6/20
[2026-06-16 04:47:01,779][finetune_logger][INFO] - Epoch 6/20
2026-06-16 04:48:16 - finetune_logger - INFO - Train loss: 0.02144675779589617
[2026-06-16 04:48:16,897][finetune_logger][INFO] - Train loss: 0.02144675779589617
2026-06-16 04:48:16 - finetune_logger - INFO - Train time: 75.11795258522034s
[2026-06-16 04:48:16,897][finetune_logger][INFO] - Train time: 75.11795258522034s
2026-06-16 04:48:16 - finetune_logger - INFO - Train memory reserved: 24.00 MB
[2026-06-16 04:48:16,898][finetune_logger][INFO] - Train memory reserved: 24.00 MB
2026-06-16 04:48:16 - finetune_logger - INFO - Train memory allocated: 18.10 MB
[2026-06-16 04:48:16,898][finetune_logger][INFO] - Train memory allocated: 18.10 MB
2026-06-16 04:48:16 - finetune_logger - INFO - Current learning rate: 0.0005
[2026-06-16 04:48:16,898][finetune_logger][INFO] - Current learning rate: 0.0005
2026-06-16 04:48:20 - finetune_logger - INFO - Validation metrics: {'MAE': 0.023455213216572218, 'RMSE': 0.0346978015856999}
[2026-06-16 04:48:20,845][finetune_logger][INFO] - Validation metrics: {'MAE': 0.023455213216572218, 'RMSE': 0.0346978015856999}
2026-06-16 04:48:20 - finetune_logger - INFO - Val time: 3.95s
[2026-06-16 04:48:20,845][finetune_logger][INFO] - Val time: 3.95s
2026-06-16 04:48:20 - finetune_logger - INFO - Val memory reserved: 24.00 MB
[2026-06-16 04:48:20,845][finetune_logger][INFO] - Val memory reserved: 24.00 MB
2026-06-16 04:48:20 - finetune_logger - INFO - Val memory allocated: 18.10 MB
[2026-06-16 04:48:20,845][finetune_logger][INFO] - Val memory allocated: 18.10 MB
2026-06-16 04:48:20 - finetune_logger - INFO - Logged epoch 6 info to /public/home/202411094934/python_project/Spatio-Temporal-Library/time-series/2026-06-16/itransformer/finetune20/exchange_rate/time-series/seed_2/training_log.json
[2026-06-16 04:48:20,848][finetune_logger][INFO] - Logged epoch 6 info to /public/home/202411094934/python_project/Spatio-Temporal-Library/time-series/2026-06-16/itransformer/finetune20/exchange_rate/time-series/seed_2/training_log.json
2026-06-16 04:48:20 - finetune_logger - INFO - New best model! Val loss: 0.023455
[2026-06-16 04:48:20,848][finetune_logger][INFO] - New best model! Val loss: 0.023455
2026-06-16 04:48:29 - finetune_logger - INFO - Test metrics: {'MAE': 0.022025897463082166, 'RMSE': 0.032720040538071204}
[2026-06-16 04:48:29,565][finetune_logger][INFO] - Test metrics: {'MAE': 0.022025897463082166, 'RMSE': 0.032720040538071204}
2026-06-16 04:48:29 - finetune_logger - INFO - Test time: 8.67s
[2026-06-16 04:48:29,566][finetune_logger][INFO] - Test time: 8.67s
2026-06-16 04:48:29 - finetune_logger - INFO - Test memory reserved: 24.00 MB
[2026-06-16 04:48:29,566][finetune_logger][INFO] - Test memory reserved: 24.00 MB
2026-06-16 04:48:29 - finetune_logger - INFO - Test memory allocated: 18.10 MB
[2026-06-16 04:48:29,566][finetune_logger][INFO] - Test memory allocated: 18.10 MB
2026-06-16 04:48:29 - finetune_logger - INFO - Epoch 7/20
[2026-06-16 04:48:29,566][finetune_logger][INFO] - Epoch 7/20
2026-06-16 04:49:44 - finetune_logger - INFO - Train loss: 0.020776959370708913
[2026-06-16 04:49:44,684][finetune_logger][INFO] - Train loss: 0.020776959370708913
2026-06-16 04:49:44 - finetune_logger - INFO - Train time: 75.11710953712463s
[2026-06-16 04:49:44,684][finetune_logger][INFO] - Train time: 75.11710953712463s
2026-06-16 04:49:44 - finetune_logger - INFO - Train memory reserved: 24.00 MB
[2026-06-16 04:49:44,684][finetune_logger][INFO] - Train memory reserved: 24.00 MB
2026-06-16 04:49:44 - finetune_logger - INFO - Train memory allocated: 18.10 MB
[2026-06-16 04:49:44,684][finetune_logger][INFO] - Train memory allocated: 18.10 MB
2026-06-16 04:49:44 - finetune_logger - INFO - Current learning rate: 0.0005
[2026-06-16 04:49:44,684][finetune_logger][INFO] - Current learning rate: 0.0005
2026-06-16 04:49:48 - finetune_logger - INFO - Validation metrics: {'MAE': 0.028798852867593087, 'RMSE': 0.04142503613683852}
[2026-06-16 04:49:48,562][finetune_logger][INFO] - Validation metrics: {'MAE': 0.028798852867593087, 'RMSE': 0.04142503613683852}
2026-06-16 04:49:48 - finetune_logger - INFO - Val time: 3.88s
[2026-06-16 04:49:48,562][finetune_logger][INFO] - Val time: 3.88s
2026-06-16 04:49:48 - finetune_logger - INFO - Val memory reserved: 24.00 MB
[2026-06-16 04:49:48,562][finetune_logger][INFO] - Val memory reserved: 24.00 MB
2026-06-16 04:49:48 - finetune_logger - INFO - Val memory allocated: 18.10 MB
[2026-06-16 04:49:48,562][finetune_logger][INFO] - Val memory allocated: 18.10 MB
2026-06-16 04:49:48 - finetune_logger - INFO - Logged epoch 7 info to /public/home/202411094934/python_project/Spatio-Temporal-Library/time-series/2026-06-16/itransformer/finetune20/exchange_rate/time-series/seed_2/training_log.json
[2026-06-16 04:49:48,565][finetune_logger][INFO] - Logged epoch 7 info to /public/home/202411094934/python_project/Spatio-Temporal-Library/time-series/2026-06-16/itransformer/finetune20/exchange_rate/time-series/seed_2/training_log.json
2026-06-16 04:49:57 - finetune_logger - INFO - Test metrics: {'MAE': 0.023985357986780805, 'RMSE': 0.035546393524206944}
[2026-06-16 04:49:57,215][finetune_logger][INFO] - Test metrics: {'MAE': 0.023985357986780805, 'RMSE': 0.035546393524206944}
2026-06-16 04:49:57 - finetune_logger - INFO - Test time: 8.65s
[2026-06-16 04:49:57,215][finetune_logger][INFO] - Test time: 8.65s
2026-06-16 04:49:57 - finetune_logger - INFO - Test memory reserved: 24.00 MB
[2026-06-16 04:49:57,215][finetune_logger][INFO] - Test memory reserved: 24.00 MB
2026-06-16 04:49:57 - finetune_logger - INFO - Test memory allocated: 18.10 MB
[2026-06-16 04:49:57,215][finetune_logger][INFO] - Test memory allocated: 18.10 MB
2026-06-16 04:49:57 - finetune_logger - INFO - Epoch 8/20
[2026-06-16 04:49:57,216][finetune_logger][INFO] - Epoch 8/20
2026-06-16 04:51:12 - finetune_logger - INFO - Train loss: 0.02014580687829962
[2026-06-16 04:51:12,311][finetune_logger][INFO] - Train loss: 0.02014580687829962
2026-06-16 04:51:12 - finetune_logger - INFO - Train time: 75.09527015686035s
[2026-06-16 04:51:12,312][finetune_logger][INFO] - Train time: 75.09527015686035s
2026-06-16 04:51:12 - finetune_logger - INFO - Train memory reserved: 24.00 MB
[2026-06-16 04:51:12,312][finetune_logger][INFO] - Train memory reserved: 24.00 MB
2026-06-16 04:51:12 - finetune_logger - INFO - Train memory allocated: 18.10 MB
[2026-06-16 04:51:12,312][finetune_logger][INFO] - Train memory allocated: 18.10 MB
2026-06-16 04:51:12 - finetune_logger - INFO - Current learning rate: 0.0005
[2026-06-16 04:51:12,312][finetune_logger][INFO] - Current learning rate: 0.0005
2026-06-16 04:51:16 - finetune_logger - INFO - Validation metrics: {'MAE': 0.028467793345347676, 'RMSE': 0.04235702480891233}
[2026-06-16 04:51:16,232][finetune_logger][INFO] - Validation metrics: {'MAE': 0.028467793345347676, 'RMSE': 0.04235702480891233}
2026-06-16 04:51:16 - finetune_logger - INFO - Val time: 3.92s
[2026-06-16 04:51:16,232][finetune_logger][INFO] - Val time: 3.92s
2026-06-16 04:51:16 - finetune_logger - INFO - Val memory reserved: 24.00 MB
[2026-06-16 04:51:16,233][finetune_logger][INFO] - Val memory reserved: 24.00 MB
2026-06-16 04:51:16 - finetune_logger - INFO - Val memory allocated: 18.10 MB
[2026-06-16 04:51:16,233][finetune_logger][INFO] - Val memory allocated: 18.10 MB
2026-06-16 04:51:16 - finetune_logger - INFO - Logged epoch 8 info to /public/home/202411094934/python_project/Spatio-Temporal-Library/time-series/2026-06-16/itransformer/finetune20/exchange_rate/time-series/seed_2/training_log.json
[2026-06-16 04:51:16,235][finetune_logger][INFO] - Logged epoch 8 info to /public/home/202411094934/python_project/Spatio-Temporal-Library/time-series/2026-06-16/itransformer/finetune20/exchange_rate/time-series/seed_2/training_log.json
2026-06-16 04:51:24 - finetune_logger - INFO - Test metrics: {'MAE': 0.023335458248812408, 'RMSE': 0.034470194233050894}
[2026-06-16 04:51:24,919][finetune_logger][INFO] - Test metrics: {'MAE': 0.023335458248812408, 'RMSE': 0.034470194233050894}
2026-06-16 04:51:24 - finetune_logger - INFO - Test time: 8.68s
[2026-06-16 04:51:24,919][finetune_logger][INFO] - Test time: 8.68s
2026-06-16 04:51:24 - finetune_logger - INFO - Test memory reserved: 24.00 MB
[2026-06-16 04:51:24,919][finetune_logger][INFO] - Test memory reserved: 24.00 MB
2026-06-16 04:51:24 - finetune_logger - INFO - Test memory allocated: 18.10 MB
[2026-06-16 04:51:24,919][finetune_logger][INFO] - Test memory allocated: 18.10 MB
2026-06-16 04:51:24 - finetune_logger - INFO - Epoch 9/20
[2026-06-16 04:51:24,919][finetune_logger][INFO] - Epoch 9/20
2026-06-16 04:52:40 - finetune_logger - INFO - Train loss: 0.0193844627866393
[2026-06-16 04:52:40,084][finetune_logger][INFO] - Train loss: 0.0193844627866393
2026-06-16 04:52:40 - finetune_logger - INFO - Train time: 75.16441106796265s
[2026-06-16 04:52:40,085][finetune_logger][INFO] - Train time: 75.16441106796265s
2026-06-16 04:52:40 - finetune_logger - INFO - Train memory reserved: 24.00 MB
[2026-06-16 04:52:40,085][finetune_logger][INFO] - Train memory reserved: 24.00 MB
2026-06-16 04:52:40 - finetune_logger - INFO - Train memory allocated: 18.10 MB
[2026-06-16 04:52:40,085][finetune_logger][INFO] - Train memory allocated: 18.10 MB
2026-06-16 04:52:40 - finetune_logger - INFO - Current learning rate: 0.0005
[2026-06-16 04:52:40,085][finetune_logger][INFO] - Current learning rate: 0.0005
2026-06-16 04:52:44 - finetune_logger - INFO - Validation metrics: {'MAE': 0.02846350808022454, 'RMSE': 0.0417305477330124}
[2026-06-16 04:52:44,050][finetune_logger][INFO] - Validation metrics: {'MAE': 0.02846350808022454, 'RMSE': 0.0417305477330124}
2026-06-16 04:52:44 - finetune_logger - INFO - Val time: 3.96s
[2026-06-16 04:52:44,050][finetune_logger][INFO] - Val time: 3.96s
2026-06-16 04:52:44 - finetune_logger - INFO - Val memory reserved: 24.00 MB
[2026-06-16 04:52:44,050][finetune_logger][INFO] - Val memory reserved: 24.00 MB
2026-06-16 04:52:44 - finetune_logger - INFO - Val memory allocated: 18.10 MB
[2026-06-16 04:52:44,050][finetune_logger][INFO] - Val memory allocated: 18.10 MB
2026-06-16 04:52:44 - finetune_logger - INFO - Logged epoch 9 info to /public/home/202411094934/python_project/Spatio-Temporal-Library/time-series/2026-06-16/itransformer/finetune20/exchange_rate/time-series/seed_2/training_log.json
[2026-06-16 04:52:44,053][finetune_logger][INFO] - Logged epoch 9 info to /public/home/202411094934/python_project/Spatio-Temporal-Library/time-series/2026-06-16/itransformer/finetune20/exchange_rate/time-series/seed_2/training_log.json
2026-06-16 04:52:52 - finetune_logger - INFO - Test metrics: {'MAE': 0.02524322074104125, 'RMSE': 0.03670414700320203}
[2026-06-16 04:52:52,687][finetune_logger][INFO] - Test metrics: {'MAE': 0.02524322074104125, 'RMSE': 0.03670414700320203}
2026-06-16 04:52:52 - finetune_logger - INFO - Test time: 8.63s
[2026-06-16 04:52:52,688][finetune_logger][INFO] - Test time: 8.63s
2026-06-16 04:52:52 - finetune_logger - INFO - Test memory reserved: 24.00 MB
[2026-06-16 04:52:52,688][finetune_logger][INFO] - Test memory reserved: 24.00 MB
2026-06-16 04:52:52 - finetune_logger - INFO - Test memory allocated: 18.10 MB
[2026-06-16 04:52:52,688][finetune_logger][INFO] - Test memory allocated: 18.10 MB
2026-06-16 04:52:52 - finetune_logger - INFO - Epoch 10/20
[2026-06-16 04:52:52,688][finetune_logger][INFO] - Epoch 10/20
2026-06-16 04:54:07 - finetune_logger - INFO - Train loss: 0.01892722526219258
[2026-06-16 04:54:07,949][finetune_logger][INFO] - Train loss: 0.01892722526219258
2026-06-16 04:54:07 - finetune_logger - INFO - Train time: 75.26026034355164s
[2026-06-16 04:54:07,949][finetune_logger][INFO] - Train time: 75.26026034355164s
2026-06-16 04:54:07 - finetune_logger - INFO - Train memory reserved: 24.00 MB
[2026-06-16 04:54:07,949][finetune_logger][INFO] - Train memory reserved: 24.00 MB
2026-06-16 04:54:07 - finetune_logger - INFO - Train memory allocated: 18.10 MB
[2026-06-16 04:54:07,949][finetune_logger][INFO] - Train memory allocated: 18.10 MB
2026-06-16 04:54:07 - finetune_logger - INFO - Current learning rate: 0.0005
[2026-06-16 04:54:07,949][finetune_logger][INFO] - Current learning rate: 0.0005
2026-06-16 04:54:11 - finetune_logger - INFO - Validation metrics: {'MAE': 0.027875549669116435, 'RMSE': 0.04111942550756229}
[2026-06-16 04:54:11,841][finetune_logger][INFO] - Validation metrics: {'MAE': 0.027875549669116435, 'RMSE': 0.04111942550756229}
2026-06-16 04:54:11 - finetune_logger - INFO - Val time: 3.89s
[2026-06-16 04:54:11,841][finetune_logger][INFO] - Val time: 3.89s
2026-06-16 04:54:11 - finetune_logger - INFO - Val memory reserved: 24.00 MB
[2026-06-16 04:54:11,841][finetune_logger][INFO] - Val memory reserved: 24.00 MB
2026-06-16 04:54:11 - finetune_logger - INFO - Val memory allocated: 18.10 MB
[2026-06-16 04:54:11,841][finetune_logger][INFO] - Val memory allocated: 18.10 MB
2026-06-16 04:54:11 - finetune_logger - INFO - Logged epoch 10 info to /public/home/202411094934/python_project/Spatio-Temporal-Library/time-series/2026-06-16/itransformer/finetune20/exchange_rate/time-series/seed_2/training_log.json
[2026-06-16 04:54:11,844][finetune_logger][INFO] - Logged epoch 10 info to /public/home/202411094934/python_project/Spatio-Temporal-Library/time-series/2026-06-16/itransformer/finetune20/exchange_rate/time-series/seed_2/training_log.json
2026-06-16 04:54:20 - finetune_logger - INFO - Test metrics: {'MAE': 0.024146391684484125, 'RMSE': 0.03522272355253274}
[2026-06-16 04:54:20,555][finetune_logger][INFO] - Test metrics: {'MAE': 0.024146391684484125, 'RMSE': 0.03522272355253274}
2026-06-16 04:54:20 - finetune_logger - INFO - Test time: 8.69s
[2026-06-16 04:54:20,556][finetune_logger][INFO] - Test time: 8.69s
2026-06-16 04:54:20 - finetune_logger - INFO - Test memory reserved: 24.00 MB
[2026-06-16 04:54:20,556][finetune_logger][INFO] - Test memory reserved: 24.00 MB
2026-06-16 04:54:20 - finetune_logger - INFO - Test memory allocated: 18.10 MB
[2026-06-16 04:54:20,556][finetune_logger][INFO] - Test memory allocated: 18.10 MB
2026-06-16 04:54:20 - finetune_logger - INFO - Epoch 11/20
[2026-06-16 04:54:20,556][finetune_logger][INFO] - Epoch 11/20
2026-06-16 04:55:35 - finetune_logger - INFO - Train loss: 0.0176854438780803
[2026-06-16 04:55:35,773][finetune_logger][INFO] - Train loss: 0.0176854438780803
2026-06-16 04:55:35 - finetune_logger - INFO - Train time: 75.2167317867279s
[2026-06-16 04:55:35,774][finetune_logger][INFO] - Train time: 75.2167317867279s
2026-06-16 04:55:35 - finetune_logger - INFO - Train memory reserved: 24.00 MB
[2026-06-16 04:55:35,774][finetune_logger][INFO] - Train memory reserved: 24.00 MB
2026-06-16 04:55:35 - finetune_logger - INFO - Train memory allocated: 18.10 MB
[2026-06-16 04:55:35,774][finetune_logger][INFO] - Train memory allocated: 18.10 MB
2026-06-16 04:55:35 - finetune_logger - INFO - Current learning rate: 0.00025
[2026-06-16 04:55:35,774][finetune_logger][INFO] - Current learning rate: 0.00025
2026-06-16 04:55:39 - finetune_logger - INFO - Validation metrics: {'MAE': 0.028934483594125957, 'RMSE': 0.042979052129236764}
[2026-06-16 04:55:39,728][finetune_logger][INFO] - Validation metrics: {'MAE': 0.028934483594125957, 'RMSE': 0.042979052129236764}
2026-06-16 04:55:39 - finetune_logger - INFO - Val time: 3.95s
[2026-06-16 04:55:39,728][finetune_logger][INFO] - Val time: 3.95s
2026-06-16 04:55:39 - finetune_logger - INFO - Val memory reserved: 24.00 MB
[2026-06-16 04:55:39,728][finetune_logger][INFO] - Val memory reserved: 24.00 MB
2026-06-16 04:55:39 - finetune_logger - INFO - Val memory allocated: 18.10 MB
[2026-06-16 04:55:39,729][finetune_logger][INFO] - Val memory allocated: 18.10 MB
2026-06-16 04:55:39 - finetune_logger - INFO - Logged epoch 11 info to /public/home/202411094934/python_project/Spatio-Temporal-Library/time-series/2026-06-16/itransformer/finetune20/exchange_rate/time-series/seed_2/training_log.json
[2026-06-16 04:55:39,732][finetune_logger][INFO] - Logged epoch 11 info to /public/home/202411094934/python_project/Spatio-Temporal-Library/time-series/2026-06-16/itransformer/finetune20/exchange_rate/time-series/seed_2/training_log.json
2026-06-16 04:55:48 - finetune_logger - INFO - Test metrics: {'MAE': 0.025973271035524412, 'RMSE': 0.037847335697918}
[2026-06-16 04:55:48,401][finetune_logger][INFO] - Test metrics: {'MAE': 0.025973271035524412, 'RMSE': 0.037847335697918}
2026-06-16 04:55:48 - finetune_logger - INFO - Test time: 8.67s
[2026-06-16 04:55:48,401][finetune_logger][INFO] - Test time: 8.67s
2026-06-16 04:55:48 - finetune_logger - INFO - Test memory reserved: 24.00 MB
[2026-06-16 04:55:48,401][finetune_logger][INFO] - Test memory reserved: 24.00 MB
2026-06-16 04:55:48 - finetune_logger - INFO - Test memory allocated: 18.10 MB
[2026-06-16 04:55:48,401][finetune_logger][INFO] - Test memory allocated: 18.10 MB
2026-06-16 04:55:48 - finetune_logger - INFO - Epoch 12/20
[2026-06-16 04:55:48,401][finetune_logger][INFO] - Epoch 12/20
2026-06-16 04:57:03 - finetune_logger - INFO - Train loss: 0.017315176814515266
[2026-06-16 04:57:03,635][finetune_logger][INFO] - Train loss: 0.017315176814515266
2026-06-16 04:57:03 - finetune_logger - INFO - Train time: 75.232745885849s
[2026-06-16 04:57:03,635][finetune_logger][INFO] - Train time: 75.232745885849s
2026-06-16 04:57:03 - finetune_logger - INFO - Train memory reserved: 24.00 MB
[2026-06-16 04:57:03,635][finetune_logger][INFO] - Train memory reserved: 24.00 MB
2026-06-16 04:57:03 - finetune_logger - INFO - Train memory allocated: 18.10 MB
[2026-06-16 04:57:03,635][finetune_logger][INFO] - Train memory allocated: 18.10 MB
2026-06-16 04:57:03 - finetune_logger - INFO - Current learning rate: 0.00025
[2026-06-16 04:57:03,635][finetune_logger][INFO] - Current learning rate: 0.00025
2026-06-16 04:57:07 - finetune_logger - INFO - Validation metrics: {'MAE': 0.031334677672246916, 'RMSE': 0.046426858664092144}
[2026-06-16 04:57:07,598][finetune_logger][INFO] - Validation metrics: {'MAE': 0.031334677672246916, 'RMSE': 0.046426858664092144}
2026-06-16 04:57:07 - finetune_logger - INFO - Val time: 3.96s
[2026-06-16 04:57:07,598][finetune_logger][INFO] - Val time: 3.96s
2026-06-16 04:57:07 - finetune_logger - INFO - Val memory reserved: 24.00 MB
[2026-06-16 04:57:07,598][finetune_logger][INFO] - Val memory reserved: 24.00 MB
2026-06-16 04:57:07 - finetune_logger - INFO - Val memory allocated: 18.10 MB
[2026-06-16 04:57:07,598][finetune_logger][INFO] - Val memory allocated: 18.10 MB
2026-06-16 04:57:07 - finetune_logger - INFO - Logged epoch 12 info to /public/home/202411094934/python_project/Spatio-Temporal-Library/time-series/2026-06-16/itransformer/finetune20/exchange_rate/time-series/seed_2/training_log.json
[2026-06-16 04:57:07,601][finetune_logger][INFO] - Logged epoch 12 info to /public/home/202411094934/python_project/Spatio-Temporal-Library/time-series/2026-06-16/itransformer/finetune20/exchange_rate/time-series/seed_2/training_log.json
2026-06-16 04:57:16 - finetune_logger - INFO - Test metrics: {'MAE': 0.02645348292433572, 'RMSE': 0.03849647387927041}
[2026-06-16 04:57:16,253][finetune_logger][INFO] - Test metrics: {'MAE': 0.02645348292433572, 'RMSE': 0.03849647387927041}
2026-06-16 04:57:16 - finetune_logger - INFO - Test time: 8.65s
[2026-06-16 04:57:16,253][finetune_logger][INFO] - Test time: 8.65s
2026-06-16 04:57:16 - finetune_logger - INFO - Test memory reserved: 24.00 MB
[2026-06-16 04:57:16,253][finetune_logger][INFO] - Test memory reserved: 24.00 MB
2026-06-16 04:57:16 - finetune_logger - INFO - Test memory allocated: 18.10 MB
[2026-06-16 04:57:16,253][finetune_logger][INFO] - Test memory allocated: 18.10 MB
2026-06-16 04:57:16 - finetune_logger - INFO - Epoch 13/20
[2026-06-16 04:57:16,253][finetune_logger][INFO] - Epoch 13/20
2026-06-16 04:58:31 - finetune_logger - INFO - Train loss: 0.01687629043461335
[2026-06-16 04:58:31,662][finetune_logger][INFO] - Train loss: 0.01687629043461335
2026-06-16 04:58:31 - finetune_logger - INFO - Train time: 75.40772700309753s
[2026-06-16 04:58:31,662][finetune_logger][INFO] - Train time: 75.40772700309753s
2026-06-16 04:58:31 - finetune_logger - INFO - Train memory reserved: 24.00 MB
[2026-06-16 04:58:31,662][finetune_logger][INFO] - Train memory reserved: 24.00 MB
2026-06-16 04:58:31 - finetune_logger - INFO - Train memory allocated: 18.10 MB
[2026-06-16 04:58:31,662][finetune_logger][INFO] - Train memory allocated: 18.10 MB
2026-06-16 04:58:31 - finetune_logger - INFO - Current learning rate: 0.00025
[2026-06-16 04:58:31,662][finetune_logger][INFO] - Current learning rate: 0.00025
2026-06-16 04:58:35 - finetune_logger - INFO - Validation metrics: {'MAE': 0.03195894438640083, 'RMSE': 0.04804807980628185}
[2026-06-16 04:58:35,614][finetune_logger][INFO] - Validation metrics: {'MAE': 0.03195894438640083, 'RMSE': 0.04804807980628185}
2026-06-16 04:58:35 - finetune_logger - INFO - Val time: 3.95s
[2026-06-16 04:58:35,615][finetune_logger][INFO] - Val time: 3.95s
2026-06-16 04:58:35 - finetune_logger - INFO - Val memory reserved: 24.00 MB
[2026-06-16 04:58:35,615][finetune_logger][INFO] - Val memory reserved: 24.00 MB
2026-06-16 04:58:35 - finetune_logger - INFO - Val memory allocated: 18.10 MB
[2026-06-16 04:58:35,615][finetune_logger][INFO] - Val memory allocated: 18.10 MB
2026-06-16 04:58:35 - finetune_logger - INFO - Logged epoch 13 info to /public/home/202411094934/python_project/Spatio-Temporal-Library/time-series/2026-06-16/itransformer/finetune20/exchange_rate/time-series/seed_2/training_log.json
[2026-06-16 04:58:35,618][finetune_logger][INFO] - Logged epoch 13 info to /public/home/202411094934/python_project/Spatio-Temporal-Library/time-series/2026-06-16/itransformer/finetune20/exchange_rate/time-series/seed_2/training_log.json
2026-06-16 04:58:44 - finetune_logger - INFO - Test metrics: {'MAE': 0.026727835616815958, 'RMSE': 0.038752317634894486}
[2026-06-16 04:58:44,263][finetune_logger][INFO] - Test metrics: {'MAE': 0.026727835616815958, 'RMSE': 0.038752317634894486}
2026-06-16 04:58:44 - finetune_logger - INFO - Test time: 8.65s
[2026-06-16 04:58:44,264][finetune_logger][INFO] - Test time: 8.65s
2026-06-16 04:58:44 - finetune_logger - INFO - Test memory reserved: 24.00 MB
[2026-06-16 04:58:44,264][finetune_logger][INFO] - Test memory reserved: 24.00 MB
2026-06-16 04:58:44 - finetune_logger - INFO - Test memory allocated: 18.10 MB
[2026-06-16 04:58:44,264][finetune_logger][INFO] - Test memory allocated: 18.10 MB
2026-06-16 04:58:44 - finetune_logger - INFO - Epoch 14/20
[2026-06-16 04:58:44,264][finetune_logger][INFO] - Epoch 14/20
2026-06-16 04:59:59 - finetune_logger - INFO - Train loss: 0.016540528751878017
[2026-06-16 04:59:59,582][finetune_logger][INFO] - Train loss: 0.016540528751878017
2026-06-16 04:59:59 - finetune_logger - INFO - Train time: 75.31748843193054s
[2026-06-16 04:59:59,582][finetune_logger][INFO] - Train time: 75.31748843193054s
2026-06-16 04:59:59 - finetune_logger - INFO - Train memory reserved: 24.00 MB
[2026-06-16 04:59:59,582][finetune_logger][INFO] - Train memory reserved: 24.00 MB
2026-06-16 04:59:59 - finetune_logger - INFO - Train memory allocated: 18.10 MB
[2026-06-16 04:59:59,583][finetune_logger][INFO] - Train memory allocated: 18.10 MB
2026-06-16 04:59:59 - finetune_logger - INFO - Current learning rate: 0.00025
[2026-06-16 04:59:59,583][finetune_logger][INFO] - Current learning rate: 0.00025
2026-06-16 05:00:03 - finetune_logger - INFO - Validation metrics: {'MAE': 0.03056642328338998, 'RMSE': 0.04575459042908423}
[2026-06-16 05:00:03,503][finetune_logger][INFO] - Validation metrics: {'MAE': 0.03056642328338998, 'RMSE': 0.04575459042908423}
2026-06-16 05:00:03 - finetune_logger - INFO - Val time: 3.92s
[2026-06-16 05:00:03,503][finetune_logger][INFO] - Val time: 3.92s
2026-06-16 05:00:03 - finetune_logger - INFO - Val memory reserved: 24.00 MB
[2026-06-16 05:00:03,503][finetune_logger][INFO] - Val memory reserved: 24.00 MB
2026-06-16 05:00:03 - finetune_logger - INFO - Val memory allocated: 18.10 MB
[2026-06-16 05:00:03,503][finetune_logger][INFO] - Val memory allocated: 18.10 MB
2026-06-16 05:00:03 - finetune_logger - INFO - Logged epoch 14 info to /public/home/202411094934/python_project/Spatio-Temporal-Library/time-series/2026-06-16/itransformer/finetune20/exchange_rate/time-series/seed_2/training_log.json
[2026-06-16 05:00:03,506][finetune_logger][INFO] - Logged epoch 14 info to /public/home/202411094934/python_project/Spatio-Temporal-Library/time-series/2026-06-16/itransformer/finetune20/exchange_rate/time-series/seed_2/training_log.json
2026-06-16 05:00:12 - finetune_logger - INFO - Test metrics: {'MAE': 0.026248949822303667, 'RMSE': 0.03841369881153201}
[2026-06-16 05:00:12,137][finetune_logger][INFO] - Test metrics: {'MAE': 0.026248949822303667, 'RMSE': 0.03841369881153201}
2026-06-16 05:00:12 - finetune_logger - INFO - Test time: 8.63s
[2026-06-16 05:00:12,137][finetune_logger][INFO] - Test time: 8.63s
2026-06-16 05:00:12 - finetune_logger - INFO - Test memory reserved: 24.00 MB
[2026-06-16 05:00:12,137][finetune_logger][INFO] - Test memory reserved: 24.00 MB
2026-06-16 05:00:12 - finetune_logger - INFO - Test memory allocated: 18.10 MB
[2026-06-16 05:00:12,138][finetune_logger][INFO] - Test memory allocated: 18.10 MB
2026-06-16 05:00:12 - finetune_logger - INFO - Epoch 15/20
[2026-06-16 05:00:12,138][finetune_logger][INFO] - Epoch 15/20
2026-06-16 05:01:27 - finetune_logger - INFO - Train loss: 0.01621470464536424
[2026-06-16 05:01:27,304][finetune_logger][INFO] - Train loss: 0.01621470464536424
2026-06-16 05:01:27 - finetune_logger - INFO - Train time: 75.1659197807312s
[2026-06-16 05:01:27,304][finetune_logger][INFO] - Train time: 75.1659197807312s
2026-06-16 05:01:27 - finetune_logger - INFO - Train memory reserved: 24.00 MB
[2026-06-16 05:01:27,305][finetune_logger][INFO] - Train memory reserved: 24.00 MB
2026-06-16 05:01:27 - finetune_logger - INFO - Train memory allocated: 18.10 MB
[2026-06-16 05:01:27,305][finetune_logger][INFO] - Train memory allocated: 18.10 MB
2026-06-16 05:01:27 - finetune_logger - INFO - Current learning rate: 0.00025
[2026-06-16 05:01:27,305][finetune_logger][INFO] - Current learning rate: 0.00025
2026-06-16 05:01:31 - finetune_logger - INFO - Validation metrics: {'MAE': 0.030251055030118903, 'RMSE': 0.04495168638750761}
[2026-06-16 05:01:31,336][finetune_logger][INFO] - Validation metrics: {'MAE': 0.030251055030118903, 'RMSE': 0.04495168638750761}
2026-06-16 05:01:31 - finetune_logger - INFO - Val time: 4.03s
[2026-06-16 05:01:31,336][finetune_logger][INFO] - Val time: 4.03s
2026-06-16 05:01:31 - finetune_logger - INFO - Val memory reserved: 24.00 MB
[2026-06-16 05:01:31,337][finetune_logger][INFO] - Val memory reserved: 24.00 MB
2026-06-16 05:01:31 - finetune_logger - INFO - Val memory allocated: 18.10 MB
[2026-06-16 05:01:31,337][finetune_logger][INFO] - Val memory allocated: 18.10 MB
2026-06-16 05:01:31 - finetune_logger - INFO - Logged epoch 15 info to /public/home/202411094934/python_project/Spatio-Temporal-Library/time-series/2026-06-16/itransformer/finetune20/exchange_rate/time-series/seed_2/training_log.json
[2026-06-16 05:01:31,340][finetune_logger][INFO] - Logged epoch 15 info to /public/home/202411094934/python_project/Spatio-Temporal-Library/time-series/2026-06-16/itransformer/finetune20/exchange_rate/time-series/seed_2/training_log.json
2026-06-16 05:01:40 - finetune_logger - INFO - Test metrics: {'MAE': 0.026748742831611588, 'RMSE': 0.03873710375414764}
[2026-06-16 05:01:40,643][finetune_logger][INFO] - Test metrics: {'MAE': 0.026748742831611588, 'RMSE': 0.03873710375414764}
2026-06-16 05:01:40 - finetune_logger - INFO - Test time: 9.30s
[2026-06-16 05:01:40,643][finetune_logger][INFO] - Test time: 9.30s
2026-06-16 05:01:40 - finetune_logger - INFO - Test memory reserved: 24.00 MB
[2026-06-16 05:01:40,643][finetune_logger][INFO] - Test memory reserved: 24.00 MB
2026-06-16 05:01:40 - finetune_logger - INFO - Test memory allocated: 18.10 MB
[2026-06-16 05:01:40,643][finetune_logger][INFO] - Test memory allocated: 18.10 MB
2026-06-16 05:01:40 - finetune_logger - INFO - Epoch 16/20
[2026-06-16 05:01:40,643][finetune_logger][INFO] - Epoch 16/20
2026-06-16 05:02:55 - finetune_logger - INFO - Train loss: 0.015972062079066405
[2026-06-16 05:02:55,813][finetune_logger][INFO] - Train loss: 0.015972062079066405
2026-06-16 05:02:55 - finetune_logger - INFO - Train time: 75.16968750953674s
[2026-06-16 05:02:55,814][finetune_logger][INFO] - Train time: 75.16968750953674s
2026-06-16 05:02:55 - finetune_logger - INFO - Train memory reserved: 24.00 MB
[2026-06-16 05:02:55,814][finetune_logger][INFO] - Train memory reserved: 24.00 MB
2026-06-16 05:02:55 - finetune_logger - INFO - Train memory allocated: 18.10 MB
[2026-06-16 05:02:55,814][finetune_logger][INFO] - Train memory allocated: 18.10 MB
2026-06-16 05:02:55 - finetune_logger - INFO - Current learning rate: 0.00025
[2026-06-16 05:02:55,814][finetune_logger][INFO] - Current learning rate: 0.00025
2026-06-16 05:02:59 - finetune_logger - INFO - Validation metrics: {'MAE': 0.03405667121001846, 'RMSE': 0.05106928821275415}
[2026-06-16 05:02:59,760][finetune_logger][INFO] - Validation metrics: {'MAE': 0.03405667121001846, 'RMSE': 0.05106928821275415}
2026-06-16 05:02:59 - finetune_logger - INFO - Val time: 3.95s
[2026-06-16 05:02:59,761][finetune_logger][INFO] - Val time: 3.95s
2026-06-16 05:02:59 - finetune_logger - INFO - Val memory reserved: 24.00 MB
[2026-06-16 05:02:59,761][finetune_logger][INFO] - Val memory reserved: 24.00 MB
2026-06-16 05:02:59 - finetune_logger - INFO - Val memory allocated: 18.10 MB
[2026-06-16 05:02:59,761][finetune_logger][INFO] - Val memory allocated: 18.10 MB
2026-06-16 05:02:59 - finetune_logger - INFO - Logged epoch 16 info to /public/home/202411094934/python_project/Spatio-Temporal-Library/time-series/2026-06-16/itransformer/finetune20/exchange_rate/time-series/seed_2/training_log.json
[2026-06-16 05:02:59,764][finetune_logger][INFO] - Logged epoch 16 info to /public/home/202411094934/python_project/Spatio-Temporal-Library/time-series/2026-06-16/itransformer/finetune20/exchange_rate/time-series/seed_2/training_log.json
2026-06-16 05:03:08 - finetune_logger - INFO - Test metrics: {'MAE': 0.027335818745696877, 'RMSE': 0.039686536605033615}
[2026-06-16 05:03:08,351][finetune_logger][INFO] - Test metrics: {'MAE': 0.027335818745696877, 'RMSE': 0.039686536605033615}
2026-06-16 05:03:08 - finetune_logger - INFO - Test time: 8.59s
[2026-06-16 05:03:08,352][finetune_logger][INFO] - Test time: 8.59s
2026-06-16 05:03:08 - finetune_logger - INFO - Test memory reserved: 24.00 MB
[2026-06-16 05:03:08,352][finetune_logger][INFO] - Test memory reserved: 24.00 MB
2026-06-16 05:03:08 - finetune_logger - INFO - Test memory allocated: 18.10 MB
[2026-06-16 05:03:08,352][finetune_logger][INFO] - Test memory allocated: 18.10 MB
2026-06-16 05:03:08 - finetune_logger - INFO - Epoch 17/20
[2026-06-16 05:03:08,352][finetune_logger][INFO] - Epoch 17/20
2026-06-16 05:04:23 - finetune_logger - INFO - Train loss: 0.015681859861143448
[2026-06-16 05:04:23,802][finetune_logger][INFO] - Train loss: 0.015681859861143448
2026-06-16 05:04:23 - finetune_logger - INFO - Train time: 75.44976949691772s
[2026-06-16 05:04:23,803][finetune_logger][INFO] - Train time: 75.44976949691772s
2026-06-16 05:04:23 - finetune_logger - INFO - Train memory reserved: 24.00 MB
[2026-06-16 05:04:23,803][finetune_logger][INFO] - Train memory reserved: 24.00 MB
2026-06-16 05:04:23 - finetune_logger - INFO - Train memory allocated: 18.10 MB
[2026-06-16 05:04:23,803][finetune_logger][INFO] - Train memory allocated: 18.10 MB
2026-06-16 05:04:23 - finetune_logger - INFO - Current learning rate: 0.00025
[2026-06-16 05:04:23,803][finetune_logger][INFO] - Current learning rate: 0.00025
2026-06-16 05:04:27 - finetune_logger - INFO - Validation metrics: {'MAE': 0.0314546000938233, 'RMSE': 0.047222251357662524}
[2026-06-16 05:04:27,764][finetune_logger][INFO] - Validation metrics: {'MAE': 0.0314546000938233, 'RMSE': 0.047222251357662524}
2026-06-16 05:04:27 - finetune_logger - INFO - Val time: 3.96s
[2026-06-16 05:04:27,765][finetune_logger][INFO] - Val time: 3.96s
2026-06-16 05:04:27 - finetune_logger - INFO - Val memory reserved: 24.00 MB
[2026-06-16 05:04:27,765][finetune_logger][INFO] - Val memory reserved: 24.00 MB
2026-06-16 05:04:27 - finetune_logger - INFO - Val memory allocated: 18.10 MB
[2026-06-16 05:04:27,765][finetune_logger][INFO] - Val memory allocated: 18.10 MB
2026-06-16 05:04:27 - finetune_logger - INFO - Logged epoch 17 info to /public/home/202411094934/python_project/Spatio-Temporal-Library/time-series/2026-06-16/itransformer/finetune20/exchange_rate/time-series/seed_2/training_log.json
[2026-06-16 05:04:27,768][finetune_logger][INFO] - Logged epoch 17 info to /public/home/202411094934/python_project/Spatio-Temporal-Library/time-series/2026-06-16/itransformer/finetune20/exchange_rate/time-series/seed_2/training_log.json
2026-06-16 05:04:36 - finetune_logger - INFO - Test metrics: {'MAE': 0.026998044736535966, 'RMSE': 0.03951538279151565}
[2026-06-16 05:04:36,394][finetune_logger][INFO] - Test metrics: {'MAE': 0.026998044736535966, 'RMSE': 0.03951538279151565}
2026-06-16 05:04:36 - finetune_logger - INFO - Test time: 8.63s
[2026-06-16 05:04:36,394][finetune_logger][INFO] - Test time: 8.63s
2026-06-16 05:04:36 - finetune_logger - INFO - Test memory reserved: 24.00 MB
[2026-06-16 05:04:36,394][finetune_logger][INFO] - Test memory reserved: 24.00 MB
2026-06-16 05:04:36 - finetune_logger - INFO - Test memory allocated: 18.10 MB
[2026-06-16 05:04:36,395][finetune_logger][INFO] - Test memory allocated: 18.10 MB
2026-06-16 05:04:36 - finetune_logger - INFO - Epoch 18/20
[2026-06-16 05:04:36,395][finetune_logger][INFO] - Epoch 18/20
2026-06-16 05:05:51 - finetune_logger - INFO - Train loss: 0.015315947558139868
[2026-06-16 05:05:51,619][finetune_logger][INFO] - Train loss: 0.015315947558139868
2026-06-16 05:05:51 - finetune_logger - INFO - Train time: 75.22337460517883s
[2026-06-16 05:05:51,619][finetune_logger][INFO] - Train time: 75.22337460517883s
2026-06-16 05:05:51 - finetune_logger - INFO - Train memory reserved: 24.00 MB
[2026-06-16 05:05:51,619][finetune_logger][INFO] - Train memory reserved: 24.00 MB
2026-06-16 05:05:51 - finetune_logger - INFO - Train memory allocated: 18.10 MB
[2026-06-16 05:05:51,619][finetune_logger][INFO] - Train memory allocated: 18.10 MB
2026-06-16 05:05:51 - finetune_logger - INFO - Current learning rate: 0.00025
[2026-06-16 05:05:51,619][finetune_logger][INFO] - Current learning rate: 0.00025
2026-06-16 05:05:55 - finetune_logger - INFO - Validation metrics: {'MAE': 0.03132225889490389, 'RMSE': 0.04766014818228023}
[2026-06-16 05:05:55,564][finetune_logger][INFO] - Validation metrics: {'MAE': 0.03132225889490389, 'RMSE': 0.04766014818228023}
2026-06-16 05:05:55 - finetune_logger - INFO - Val time: 3.94s
[2026-06-16 05:05:55,564][finetune_logger][INFO] - Val time: 3.94s
2026-06-16 05:05:55 - finetune_logger - INFO - Val memory reserved: 24.00 MB
[2026-06-16 05:05:55,564][finetune_logger][INFO] - Val memory reserved: 24.00 MB
2026-06-16 05:05:55 - finetune_logger - INFO - Val memory allocated: 18.10 MB
[2026-06-16 05:05:55,564][finetune_logger][INFO] - Val memory allocated: 18.10 MB
2026-06-16 05:05:55 - finetune_logger - INFO - Logged epoch 18 info to /public/home/202411094934/python_project/Spatio-Temporal-Library/time-series/2026-06-16/itransformer/finetune20/exchange_rate/time-series/seed_2/training_log.json
[2026-06-16 05:05:55,567][finetune_logger][INFO] - Logged epoch 18 info to /public/home/202411094934/python_project/Spatio-Temporal-Library/time-series/2026-06-16/itransformer/finetune20/exchange_rate/time-series/seed_2/training_log.json
2026-06-16 05:06:04 - finetune_logger - INFO - Test metrics: {'MAE': 0.026326955713868058, 'RMSE': 0.03847195857493318}
[2026-06-16 05:06:04,253][finetune_logger][INFO] - Test metrics: {'MAE': 0.026326955713868058, 'RMSE': 0.03847195857493318}
2026-06-16 05:06:04 - finetune_logger - INFO - Test time: 8.69s
[2026-06-16 05:06:04,254][finetune_logger][INFO] - Test time: 8.69s
2026-06-16 05:06:04 - finetune_logger - INFO - Test memory reserved: 24.00 MB
[2026-06-16 05:06:04,254][finetune_logger][INFO] - Test memory reserved: 24.00 MB
2026-06-16 05:06:04 - finetune_logger - INFO - Test memory allocated: 18.10 MB
[2026-06-16 05:06:04,254][finetune_logger][INFO] - Test memory allocated: 18.10 MB
2026-06-16 05:06:04 - finetune_logger - INFO - Epoch 19/20
[2026-06-16 05:06:04,254][finetune_logger][INFO] - Epoch 19/20
2026-06-16 05:07:19 - finetune_logger - INFO - Train loss: 0.01508039526130759
[2026-06-16 05:07:19,588][finetune_logger][INFO] - Train loss: 0.01508039526130759
2026-06-16 05:07:19 - finetune_logger - INFO - Train time: 75.33342003822327s
[2026-06-16 05:07:19,588][finetune_logger][INFO] - Train time: 75.33342003822327s
2026-06-16 05:07:19 - finetune_logger - INFO - Train memory reserved: 24.00 MB
[2026-06-16 05:07:19,588][finetune_logger][INFO] - Train memory reserved: 24.00 MB
2026-06-16 05:07:19 - finetune_logger - INFO - Train memory allocated: 18.10 MB
[2026-06-16 05:07:19,589][finetune_logger][INFO] - Train memory allocated: 18.10 MB
2026-06-16 05:07:19 - finetune_logger - INFO - Current learning rate: 0.00025
[2026-06-16 05:07:19,589][finetune_logger][INFO] - Current learning rate: 0.00025
2026-06-16 05:07:23 - finetune_logger - INFO - Validation metrics: {'MAE': 0.03087136310119752, 'RMSE': 0.04725232898863127}
[2026-06-16 05:07:23,512][finetune_logger][INFO] - Validation metrics: {'MAE': 0.03087136310119752, 'RMSE': 0.04725232898863127}
2026-06-16 05:07:23 - finetune_logger - INFO - Val time: 3.92s
[2026-06-16 05:07:23,512][finetune_logger][INFO] - Val time: 3.92s
2026-06-16 05:07:23 - finetune_logger - INFO - Val memory reserved: 24.00 MB
[2026-06-16 05:07:23,513][finetune_logger][INFO] - Val memory reserved: 24.00 MB
2026-06-16 05:07:23 - finetune_logger - INFO - Val memory allocated: 18.10 MB
[2026-06-16 05:07:23,513][finetune_logger][INFO] - Val memory allocated: 18.10 MB
2026-06-16 05:07:23 - finetune_logger - INFO - Logged epoch 19 info to /public/home/202411094934/python_project/Spatio-Temporal-Library/time-series/2026-06-16/itransformer/finetune20/exchange_rate/time-series/seed_2/training_log.json
[2026-06-16 05:07:23,516][finetune_logger][INFO] - Logged epoch 19 info to /public/home/202411094934/python_project/Spatio-Temporal-Library/time-series/2026-06-16/itransformer/finetune20/exchange_rate/time-series/seed_2/training_log.json
2026-06-16 05:07:32 - finetune_logger - INFO - Test metrics: {'MAE': 0.026640245810304376, 'RMSE': 0.03895143392684439}
[2026-06-16 05:07:32,189][finetune_logger][INFO] - Test metrics: {'MAE': 0.026640245810304376, 'RMSE': 0.03895143392684439}
2026-06-16 05:07:32 - finetune_logger - INFO - Test time: 8.67s
[2026-06-16 05:07:32,189][finetune_logger][INFO] - Test time: 8.67s
2026-06-16 05:07:32 - finetune_logger - INFO - Test memory reserved: 24.00 MB
[2026-06-16 05:07:32,190][finetune_logger][INFO] - Test memory reserved: 24.00 MB
2026-06-16 05:07:32 - finetune_logger - INFO - Test memory allocated: 18.10 MB
[2026-06-16 05:07:32,190][finetune_logger][INFO] - Test memory allocated: 18.10 MB
2026-06-16 05:07:32 - finetune_logger - INFO - Epoch 20/20
[2026-06-16 05:07:32,190][finetune_logger][INFO] - Epoch 20/20
2026-06-16 05:08:47 - finetune_logger - INFO - Train loss: 0.014768885312634317
[2026-06-16 05:08:47,435][finetune_logger][INFO] - Train loss: 0.014768885312634317
2026-06-16 05:08:47 - finetune_logger - INFO - Train time: 75.24424815177917s
[2026-06-16 05:08:47,435][finetune_logger][INFO] - Train time: 75.24424815177917s
2026-06-16 05:08:47 - finetune_logger - INFO - Train memory reserved: 24.00 MB
[2026-06-16 05:08:47,435][finetune_logger][INFO] - Train memory reserved: 24.00 MB
2026-06-16 05:08:47 - finetune_logger - INFO - Train memory allocated: 18.10 MB
[2026-06-16 05:08:47,435][finetune_logger][INFO] - Train memory allocated: 18.10 MB
2026-06-16 05:08:47 - finetune_logger - INFO - Current learning rate: 0.00025
[2026-06-16 05:08:47,435][finetune_logger][INFO] - Current learning rate: 0.00025
2026-06-16 05:08:51 - finetune_logger - INFO - Validation metrics: {'MAE': 0.03112713232910478, 'RMSE': 0.0466341626150885}
[2026-06-16 05:08:51,355][finetune_logger][INFO] - Validation metrics: {'MAE': 0.03112713232910478, 'RMSE': 0.0466341626150885}
2026-06-16 05:08:51 - finetune_logger - INFO - Val time: 3.92s
[2026-06-16 05:08:51,355][finetune_logger][INFO] - Val time: 3.92s
2026-06-16 05:08:51 - finetune_logger - INFO - Val memory reserved: 24.00 MB
[2026-06-16 05:08:51,355][finetune_logger][INFO] - Val memory reserved: 24.00 MB
2026-06-16 05:08:51 - finetune_logger - INFO - Val memory allocated: 18.10 MB
[2026-06-16 05:08:51,355][finetune_logger][INFO] - Val memory allocated: 18.10 MB
2026-06-16 05:08:51 - finetune_logger - INFO - Logged epoch 20 info to /public/home/202411094934/python_project/Spatio-Temporal-Library/time-series/2026-06-16/itransformer/finetune20/exchange_rate/time-series/seed_2/training_log.json
[2026-06-16 05:08:51,359][finetune_logger][INFO] - Logged epoch 20 info to /public/home/202411094934/python_project/Spatio-Temporal-Library/time-series/2026-06-16/itransformer/finetune20/exchange_rate/time-series/seed_2/training_log.json
2026-06-16 05:09:00 - finetune_logger - INFO - Test metrics: {'MAE': 0.026807822844107904, 'RMSE': 0.039268756834966834}
[2026-06-16 05:09:00,051][finetune_logger][INFO] - Test metrics: {'MAE': 0.026807822844107904, 'RMSE': 0.039268756834966834}
2026-06-16 05:09:00 - finetune_logger - INFO - Test time: 8.67s
[2026-06-16 05:09:00,051][finetune_logger][INFO] - Test time: 8.67s
2026-06-16 05:09:00 - finetune_logger - INFO - Test memory reserved: 24.00 MB
[2026-06-16 05:09:00,051][finetune_logger][INFO] - Test memory reserved: 24.00 MB
2026-06-16 05:09:00 - finetune_logger - INFO - Test memory allocated: 18.10 MB
[2026-06-16 05:09:00,051][finetune_logger][INFO] - Test memory allocated: 18.10 MB
2026-06-16 05:09:00 - finetune_logger - INFO - Training completed. Best epoch: 6, Best val loss: 0.023455
[2026-06-16 05:09:00,052][finetune_logger][INFO] - Training completed. Best epoch: 6, Best val loss: 0.023455
2026-06-16 05:09:00 - finetune_logger - INFO - Loaded checkpoint from epoch 6
[2026-06-16 05:09:00,084][finetune_logger][INFO] - Loaded checkpoint from epoch 6
2026-06-16 05:09:00 - finetune_logger - INFO - Evaluating best model on test sets...
[2026-06-16 05:09:00,085][finetune_logger][INFO] - Evaluating best model on test sets...
2026-06-16 05:09:08 - finetune_logger - INFO - Test metrics: {'MAE': 0.022025897463082166, 'RMSE': 0.032720040538071204}
[2026-06-16 05:09:08,703][finetune_logger][INFO] - Test metrics: {'MAE': 0.022025897463082166, 'RMSE': 0.032720040538071204}
2026-06-16 05:09:08 - finetune_logger - INFO - Test time: 8.62s
[2026-06-16 05:09:08,703][finetune_logger][INFO] - Test time: 8.62s
2026-06-16 05:09:08 - finetune_logger - INFO - Test memory reserved: 26.00 MB
[2026-06-16 05:09:08,703][finetune_logger][INFO] - Test memory reserved: 26.00 MB
2026-06-16 05:09:08 - finetune_logger - INFO - Test memory allocated: 18.14 MB
[2026-06-16 05:09:08,703][finetune_logger][INFO] - Test memory allocated: 18.14 MB
2026-06-16 05:09:08 - finetune_logger - INFO - Logged epoch test info to /public/home/202411094934/python_project/Spatio-Temporal-Library/time-series/2026-06-16/itransformer/finetune20/exchange_rate/time-series/seed_2/training_log.json
[2026-06-16 05:09:08,707][finetune_logger][INFO] - Logged epoch test info to /public/home/202411094934/python_project/Spatio-Temporal-Library/time-series/2026-06-16/itransformer/finetune20/exchange_rate/time-series/seed_2/training_log.json
2026-06-16 13:05:35 - finetune_logger - INFO - No pretrained checkpoint is provided. Finetuning from scratch.
[2026-06-16 13:05:35,097][finetune_logger][INFO] - No pretrained checkpoint is provided. Finetuning from scratch.
2026-06-16 13:05:35 - finetune_logger - INFO - Model parameters: 158,912
[2026-06-16 13:05:35,101][finetune_logger][INFO] - Model parameters: 158,912
2026-06-16 13:05:35 - finetune_logger - INFO - Log file already exists at /public/home/202411094934/python_project/Spatio-Temporal-Library/time-series/2026-06-16/itransformer/finetune20/exchange_rate/time-series/seed_2/training_log.json, appending to it.
[2026-06-16 13:05:35,103][finetune_logger][INFO] - Log file already exists at /public/home/202411094934/python_project/Spatio-Temporal-Library/time-series/2026-06-16/itransformer/finetune20/exchange_rate/time-series/seed_2/training_log.json, appending to it.
2026-06-16 13:05:35 - finetune_logger - INFO - Starting training...
[2026-06-16 13:05:35,104][finetune_logger][INFO] - Starting training...
2026-06-16 13:05:35 - finetune_logger - INFO - Epoch 1/20
[2026-06-16 13:05:35,104][finetune_logger][INFO] - Epoch 1/20
2026-06-16 13:06:52 - finetune_logger - INFO - Train loss: 0.028202227221564607
[2026-06-16 13:06:52,377][finetune_logger][INFO] - Train loss: 0.028202227221564607
2026-06-16 13:06:52 - finetune_logger - INFO - Train time: 77.2726686000824s
[2026-06-16 13:06:52,377][finetune_logger][INFO] - Train time: 77.2726686000824s
2026-06-16 13:06:52 - finetune_logger - INFO - Train memory reserved: 24.00 MB
[2026-06-16 13:06:52,377][finetune_logger][INFO] - Train memory reserved: 24.00 MB
2026-06-16 13:06:52 - finetune_logger - INFO - Train memory allocated: 18.10 MB
[2026-06-16 13:06:52,378][finetune_logger][INFO] - Train memory allocated: 18.10 MB
2026-06-16 13:06:52 - finetune_logger - INFO - Current learning rate: 0.0005
[2026-06-16 13:06:52,378][finetune_logger][INFO] - Current learning rate: 0.0005
2026-06-16 13:06:56 - finetune_logger - INFO - Validation metrics: {'MAE': 0.024624014073320006, 'RMSE': 0.03614200091370889}
[2026-06-16 13:06:56,416][finetune_logger][INFO] - Validation metrics: {'MAE': 0.024624014073320006, 'RMSE': 0.03614200091370889}
2026-06-16 13:06:56 - finetune_logger - INFO - Val time: 4.04s
[2026-06-16 13:06:56,416][finetune_logger][INFO] - Val time: 4.04s
2026-06-16 13:06:56 - finetune_logger - INFO - Val memory reserved: 24.00 MB
[2026-06-16 13:06:56,416][finetune_logger][INFO] - Val memory reserved: 24.00 MB
2026-06-16 13:06:56 - finetune_logger - INFO - Val memory allocated: 18.10 MB
[2026-06-16 13:06:56,416][finetune_logger][INFO] - Val memory allocated: 18.10 MB
2026-06-16 13:06:56 - finetune_logger - INFO - Logged epoch 1 info to /public/home/202411094934/python_project/Spatio-Temporal-Library/time-series/2026-06-16/itransformer/finetune20/exchange_rate/time-series/seed_2/training_log.json
[2026-06-16 13:06:56,422][finetune_logger][INFO] - Logged epoch 1 info to /public/home/202411094934/python_project/Spatio-Temporal-Library/time-series/2026-06-16/itransformer/finetune20/exchange_rate/time-series/seed_2/training_log.json
2026-06-16 13:06:56 - finetune_logger - INFO - New best model! Val loss: 0.024624
[2026-06-16 13:06:56,422][finetune_logger][INFO] - New best model! Val loss: 0.024624
2026-06-16 13:07:05 - finetune_logger - INFO - Test metrics: {'MAE': 0.02200897130378391, 'RMSE': 0.03280263899639832}
[2026-06-16 13:07:05,297][finetune_logger][INFO] - Test metrics: {'MAE': 0.02200897130378391, 'RMSE': 0.03280263899639832}
2026-06-16 13:07:05 - finetune_logger - INFO - Test time: 8.83s
[2026-06-16 13:07:05,297][finetune_logger][INFO] - Test time: 8.83s
2026-06-16 13:07:05 - finetune_logger - INFO - Test memory reserved: 24.00 MB
[2026-06-16 13:07:05,297][finetune_logger][INFO] - Test memory reserved: 24.00 MB
2026-06-16 13:07:05 - finetune_logger - INFO - Test memory allocated: 18.10 MB
[2026-06-16 13:07:05,298][finetune_logger][INFO] - Test memory allocated: 18.10 MB
2026-06-16 13:07:05 - finetune_logger - INFO - Epoch 2/20
[2026-06-16 13:07:05,298][finetune_logger][INFO] - Epoch 2/20
2026-06-16 13:08:22 - finetune_logger - INFO - Train loss: 0.023572130852929116
[2026-06-16 13:08:22,181][finetune_logger][INFO] - Train loss: 0.023572130852929116
2026-06-16 13:08:22 - finetune_logger - INFO - Train time: 76.88236498832703s
[2026-06-16 13:08:22,181][finetune_logger][INFO] - Train time: 76.88236498832703s
2026-06-16 13:08:22 - finetune_logger - INFO - Train memory reserved: 24.00 MB
[2026-06-16 13:08:22,181][finetune_logger][INFO] - Train memory reserved: 24.00 MB
2026-06-16 13:08:22 - finetune_logger - INFO - Train memory allocated: 18.10 MB
[2026-06-16 13:08:22,181][finetune_logger][INFO] - Train memory allocated: 18.10 MB
2026-06-16 13:08:22 - finetune_logger - INFO - Current learning rate: 0.0005
[2026-06-16 13:08:22,181][finetune_logger][INFO] - Current learning rate: 0.0005
2026-06-16 13:08:26 - finetune_logger - INFO - Validation metrics: {'MAE': 0.02615778985253681, 'RMSE': 0.038315509021963554}
[2026-06-16 13:08:26,199][finetune_logger][INFO] - Validation metrics: {'MAE': 0.02615778985253681, 'RMSE': 0.038315509021963554}
2026-06-16 13:08:26 - finetune_logger - INFO - Val time: 4.02s
[2026-06-16 13:08:26,199][finetune_logger][INFO] - Val time: 4.02s
2026-06-16 13:08:26 - finetune_logger - INFO - Val memory reserved: 24.00 MB
[2026-06-16 13:08:26,200][finetune_logger][INFO] - Val memory reserved: 24.00 MB
2026-06-16 13:08:26 - finetune_logger - INFO - Val memory allocated: 18.10 MB
[2026-06-16 13:08:26,200][finetune_logger][INFO] - Val memory allocated: 18.10 MB
2026-06-16 13:08:26 - finetune_logger - INFO - Logged epoch 2 info to /public/home/202411094934/python_project/Spatio-Temporal-Library/time-series/2026-06-16/itransformer/finetune20/exchange_rate/time-series/seed_2/training_log.json
[2026-06-16 13:08:26,203][finetune_logger][INFO] - Logged epoch 2 info to /public/home/202411094934/python_project/Spatio-Temporal-Library/time-series/2026-06-16/itransformer/finetune20/exchange_rate/time-series/seed_2/training_log.json
2026-06-16 13:08:34 - finetune_logger - INFO - Test metrics: {'MAE': 0.02277835878127995, 'RMSE': 0.03309810502805357}
[2026-06-16 13:08:34,958][finetune_logger][INFO] - Test metrics: {'MAE': 0.02277835878127995, 'RMSE': 0.03309810502805357}
2026-06-16 13:08:34 - finetune_logger - INFO - Test time: 8.75s
[2026-06-16 13:08:34,958][finetune_logger][INFO] - Test time: 8.75s
2026-06-16 13:08:34 - finetune_logger - INFO - Test memory reserved: 24.00 MB
[2026-06-16 13:08:34,958][finetune_logger][INFO] - Test memory reserved: 24.00 MB
2026-06-16 13:08:34 - finetune_logger - INFO - Test memory allocated: 18.10 MB
[2026-06-16 13:08:34,958][finetune_logger][INFO] - Test memory allocated: 18.10 MB
2026-06-16 13:08:34 - finetune_logger - INFO - Epoch 3/20
[2026-06-16 13:08:34,958][finetune_logger][INFO] - Epoch 3/20
2026-06-16 13:09:52 - finetune_logger - INFO - Train loss: 0.02308901848291375
[2026-06-16 13:09:52,015][finetune_logger][INFO] - Train loss: 0.02308901848291375
2026-06-16 13:09:52 - finetune_logger - INFO - Train time: 77.05585741996765s
[2026-06-16 13:09:52,015][finetune_logger][INFO] - Train time: 77.05585741996765s
2026-06-16 13:09:52 - finetune_logger - INFO - Train memory reserved: 24.00 MB
[2026-06-16 13:09:52,015][finetune_logger][INFO] - Train memory reserved: 24.00 MB
2026-06-16 13:09:52 - finetune_logger - INFO - Train memory allocated: 18.10 MB
[2026-06-16 13:09:52,015][finetune_logger][INFO] - Train memory allocated: 18.10 MB
2026-06-16 13:09:52 - finetune_logger - INFO - Current learning rate: 0.0005
[2026-06-16 13:09:52,015][finetune_logger][INFO] - Current learning rate: 0.0005
2026-06-16 13:09:55 - finetune_logger - INFO - Validation metrics: {'MAE': 0.02721135964465308, 'RMSE': 0.039835829846931216}
[2026-06-16 13:09:55,989][finetune_logger][INFO] - Validation metrics: {'MAE': 0.02721135964465308, 'RMSE': 0.039835829846931216}
2026-06-16 13:09:55 - finetune_logger - INFO - Val time: 3.97s
[2026-06-16 13:09:55,989][finetune_logger][INFO] - Val time: 3.97s
2026-06-16 13:09:55 - finetune_logger - INFO - Val memory reserved: 24.00 MB
[2026-06-16 13:09:55,989][finetune_logger][INFO] - Val memory reserved: 24.00 MB
2026-06-16 13:09:55 - finetune_logger - INFO - Val memory allocated: 18.10 MB
[2026-06-16 13:09:55,989][finetune_logger][INFO] - Val memory allocated: 18.10 MB
2026-06-16 13:09:55 - finetune_logger - INFO - Logged epoch 3 info to /public/home/202411094934/python_project/Spatio-Temporal-Library/time-series/2026-06-16/itransformer/finetune20/exchange_rate/time-series/seed_2/training_log.json
[2026-06-16 13:09:55,993][finetune_logger][INFO] - Logged epoch 3 info to /public/home/202411094934/python_project/Spatio-Temporal-Library/time-series/2026-06-16/itransformer/finetune20/exchange_rate/time-series/seed_2/training_log.json
2026-06-16 13:10:04 - finetune_logger - INFO - Test metrics: {'MAE': 0.021758945550492553, 'RMSE': 0.03238716828813659}
[2026-06-16 13:10:04,802][finetune_logger][INFO] - Test metrics: {'MAE': 0.021758945550492553, 'RMSE': 0.03238716828813659}
2026-06-16 13:10:04 - finetune_logger - INFO - Test time: 8.81s
[2026-06-16 13:10:04,802][finetune_logger][INFO] - Test time: 8.81s
2026-06-16 13:10:04 - finetune_logger - INFO - Test memory reserved: 24.00 MB
[2026-06-16 13:10:04,802][finetune_logger][INFO] - Test memory reserved: 24.00 MB
2026-06-16 13:10:04 - finetune_logger - INFO - Test memory allocated: 18.10 MB
[2026-06-16 13:10:04,802][finetune_logger][INFO] - Test memory allocated: 18.10 MB
2026-06-16 13:10:04 - finetune_logger - INFO - Epoch 4/20
[2026-06-16 13:10:04,802][finetune_logger][INFO] - Epoch 4/20
2026-06-16 13:11:21 - finetune_logger - INFO - Train loss: 0.0223654764784533
[2026-06-16 13:11:21,593][finetune_logger][INFO] - Train loss: 0.0223654764784533
2026-06-16 13:11:21 - finetune_logger - INFO - Train time: 76.78988289833069s
[2026-06-16 13:11:21,593][finetune_logger][INFO] - Train time: 76.78988289833069s
2026-06-16 13:11:21 - finetune_logger - INFO - Train memory reserved: 24.00 MB
[2026-06-16 13:11:21,593][finetune_logger][INFO] - Train memory reserved: 24.00 MB
2026-06-16 13:11:21 - finetune_logger - INFO - Train memory allocated: 18.10 MB
[2026-06-16 13:11:21,593][finetune_logger][INFO] - Train memory allocated: 18.10 MB
2026-06-16 13:11:21 - finetune_logger - INFO - Current learning rate: 0.0005
[2026-06-16 13:11:21,593][finetune_logger][INFO] - Current learning rate: 0.0005
2026-06-16 13:11:25 - finetune_logger - INFO - Validation metrics: {'MAE': 0.02508067609797826, 'RMSE': 0.037301389293126715}
[2026-06-16 13:11:25,577][finetune_logger][INFO] - Validation metrics: {'MAE': 0.02508067609797826, 'RMSE': 0.037301389293126715}
2026-06-16 13:11:25 - finetune_logger - INFO - Val time: 3.98s
[2026-06-16 13:11:25,577][finetune_logger][INFO] - Val time: 3.98s
2026-06-16 13:11:25 - finetune_logger - INFO - Val memory reserved: 24.00 MB
[2026-06-16 13:11:25,577][finetune_logger][INFO] - Val memory reserved: 24.00 MB
2026-06-16 13:11:25 - finetune_logger - INFO - Val memory allocated: 18.10 MB
[2026-06-16 13:11:25,578][finetune_logger][INFO] - Val memory allocated: 18.10 MB
2026-06-16 13:11:25 - finetune_logger - INFO - Logged epoch 4 info to /public/home/202411094934/python_project/Spatio-Temporal-Library/time-series/2026-06-16/itransformer/finetune20/exchange_rate/time-series/seed_2/training_log.json
[2026-06-16 13:11:25,581][finetune_logger][INFO] - Logged epoch 4 info to /public/home/202411094934/python_project/Spatio-Temporal-Library/time-series/2026-06-16/itransformer/finetune20/exchange_rate/time-series/seed_2/training_log.json
2026-06-16 13:11:34 - finetune_logger - INFO - Test metrics: {'MAE': 0.021415539824144427, 'RMSE': 0.031945546027980144}
[2026-06-16 13:11:34,367][finetune_logger][INFO] - Test metrics: {'MAE': 0.021415539824144427, 'RMSE': 0.031945546027980144}
2026-06-16 13:11:34 - finetune_logger - INFO - Test time: 8.79s
[2026-06-16 13:11:34,368][finetune_logger][INFO] - Test time: 8.79s
2026-06-16 13:11:34 - finetune_logger - INFO - Test memory reserved: 24.00 MB
[2026-06-16 13:11:34,368][finetune_logger][INFO] - Test memory reserved: 24.00 MB
2026-06-16 13:11:34 - finetune_logger - INFO - Test memory allocated: 18.10 MB
[2026-06-16 13:11:34,368][finetune_logger][INFO] - Test memory allocated: 18.10 MB
2026-06-16 13:11:34 - finetune_logger - INFO - Epoch 5/20
[2026-06-16 13:11:34,368][finetune_logger][INFO] - Epoch 5/20
2026-06-16 13:12:50 - finetune_logger - INFO - Train loss: 0.0220650281092886
[2026-06-16 13:12:50,862][finetune_logger][INFO] - Train loss: 0.0220650281092886
2026-06-16 13:12:50 - finetune_logger - INFO - Train time: 76.49317193031311s
[2026-06-16 13:12:50,862][finetune_logger][INFO] - Train time: 76.49317193031311s
2026-06-16 13:12:50 - finetune_logger - INFO - Train memory reserved: 24.00 MB
[2026-06-16 13:12:50,862][finetune_logger][INFO] - Train memory reserved: 24.00 MB
2026-06-16 13:12:50 - finetune_logger - INFO - Train memory allocated: 18.10 MB
[2026-06-16 13:12:50,862][finetune_logger][INFO] - Train memory allocated: 18.10 MB
2026-06-16 13:12:50 - finetune_logger - INFO - Current learning rate: 0.0005
[2026-06-16 13:12:50,862][finetune_logger][INFO] - Current learning rate: 0.0005
2026-06-16 13:12:54 - finetune_logger - INFO - Validation metrics: {'MAE': 0.02537718090500913, 'RMSE': 0.03704051600091494}
[2026-06-16 13:12:54,878][finetune_logger][INFO] - Validation metrics: {'MAE': 0.02537718090500913, 'RMSE': 0.03704051600091494}
2026-06-16 13:12:54 - finetune_logger - INFO - Val time: 4.02s
[2026-06-16 13:12:54,878][finetune_logger][INFO] - Val time: 4.02s
2026-06-16 13:12:54 - finetune_logger - INFO - Val memory reserved: 24.00 MB
[2026-06-16 13:12:54,878][finetune_logger][INFO] - Val memory reserved: 24.00 MB
2026-06-16 13:12:54 - finetune_logger - INFO - Val memory allocated: 18.10 MB
[2026-06-16 13:12:54,879][finetune_logger][INFO] - Val memory allocated: 18.10 MB
2026-06-16 13:12:54 - finetune_logger - INFO - Logged epoch 5 info to /public/home/202411094934/python_project/Spatio-Temporal-Library/time-series/2026-06-16/itransformer/finetune20/exchange_rate/time-series/seed_2/training_log.json
[2026-06-16 13:12:54,882][finetune_logger][INFO] - Logged epoch 5 info to /public/home/202411094934/python_project/Spatio-Temporal-Library/time-series/2026-06-16/itransformer/finetune20/exchange_rate/time-series/seed_2/training_log.json
2026-06-16 13:13:03 - finetune_logger - INFO - Test metrics: {'MAE': 0.02137581845435989, 'RMSE': 0.0316720384827379}
[2026-06-16 13:13:03,725][finetune_logger][INFO] - Test metrics: {'MAE': 0.02137581845435989, 'RMSE': 0.0316720384827379}
2026-06-16 13:13:03 - finetune_logger - INFO - Test time: 8.84s
[2026-06-16 13:13:03,726][finetune_logger][INFO] - Test time: 8.84s
2026-06-16 13:13:03 - finetune_logger - INFO - Test memory reserved: 24.00 MB
[2026-06-16 13:13:03,726][finetune_logger][INFO] - Test memory reserved: 24.00 MB
2026-06-16 13:13:03 - finetune_logger - INFO - Test memory allocated: 18.10 MB
[2026-06-16 13:13:03,726][finetune_logger][INFO] - Test memory allocated: 18.10 MB
2026-06-16 13:13:03 - finetune_logger - INFO - Epoch 6/20
[2026-06-16 13:13:03,726][finetune_logger][INFO] - Epoch 6/20
2026-06-16 13:14:20 - finetune_logger - INFO - Train loss: 0.02144675779589617
[2026-06-16 13:14:20,401][finetune_logger][INFO] - Train loss: 0.02144675779589617
2026-06-16 13:14:20 - finetune_logger - INFO - Train time: 76.67411422729492s
[2026-06-16 13:14:20,401][finetune_logger][INFO] - Train time: 76.67411422729492s
2026-06-16 13:14:20 - finetune_logger - INFO - Train memory reserved: 24.00 MB
[2026-06-16 13:14:20,401][finetune_logger][INFO] - Train memory reserved: 24.00 MB
2026-06-16 13:14:20 - finetune_logger - INFO - Train memory allocated: 18.10 MB
[2026-06-16 13:14:20,401][finetune_logger][INFO] - Train memory allocated: 18.10 MB
2026-06-16 13:14:20 - finetune_logger - INFO - Current learning rate: 0.0005
[2026-06-16 13:14:20,401][finetune_logger][INFO] - Current learning rate: 0.0005
2026-06-16 13:14:24 - finetune_logger - INFO - Validation metrics: {'MAE': 0.023455213216572218, 'RMSE': 0.0346978015856999}
[2026-06-16 13:14:24,372][finetune_logger][INFO] - Validation metrics: {'MAE': 0.023455213216572218, 'RMSE': 0.0346978015856999}
2026-06-16 13:14:24 - finetune_logger - INFO - Val time: 3.97s
[2026-06-16 13:14:24,372][finetune_logger][INFO] - Val time: 3.97s
2026-06-16 13:14:24 - finetune_logger - INFO - Val memory reserved: 24.00 MB
[2026-06-16 13:14:24,373][finetune_logger][INFO] - Val memory reserved: 24.00 MB
2026-06-16 13:14:24 - finetune_logger - INFO - Val memory allocated: 18.10 MB
[2026-06-16 13:14:24,373][finetune_logger][INFO] - Val memory allocated: 18.10 MB
2026-06-16 13:14:24 - finetune_logger - INFO - Logged epoch 6 info to /public/home/202411094934/python_project/Spatio-Temporal-Library/time-series/2026-06-16/itransformer/finetune20/exchange_rate/time-series/seed_2/training_log.json
[2026-06-16 13:14:24,376][finetune_logger][INFO] - Logged epoch 6 info to /public/home/202411094934/python_project/Spatio-Temporal-Library/time-series/2026-06-16/itransformer/finetune20/exchange_rate/time-series/seed_2/training_log.json
2026-06-16 13:14:24 - finetune_logger - INFO - New best model! Val loss: 0.023455
[2026-06-16 13:14:24,376][finetune_logger][INFO] - New best model! Val loss: 0.023455
2026-06-16 13:14:33 - finetune_logger - INFO - Test metrics: {'MAE': 0.022025897463082166, 'RMSE': 0.032720040538071204}
[2026-06-16 13:14:33,228][finetune_logger][INFO] - Test metrics: {'MAE': 0.022025897463082166, 'RMSE': 0.032720040538071204}
2026-06-16 13:14:33 - finetune_logger - INFO - Test time: 8.80s
[2026-06-16 13:14:33,229][finetune_logger][INFO] - Test time: 8.80s
2026-06-16 13:14:33 - finetune_logger - INFO - Test memory reserved: 24.00 MB
[2026-06-16 13:14:33,229][finetune_logger][INFO] - Test memory reserved: 24.00 MB
2026-06-16 13:14:33 - finetune_logger - INFO - Test memory allocated: 18.10 MB
[2026-06-16 13:14:33,229][finetune_logger][INFO] - Test memory allocated: 18.10 MB
2026-06-16 13:14:33 - finetune_logger - INFO - Epoch 7/20
[2026-06-16 13:14:33,229][finetune_logger][INFO] - Epoch 7/20
2026-06-16 13:15:49 - finetune_logger - INFO - Train loss: 0.020776959370708913
[2026-06-16 13:15:49,963][finetune_logger][INFO] - Train loss: 0.020776959370708913
2026-06-16 13:15:49 - finetune_logger - INFO - Train time: 76.73315739631653s
[2026-06-16 13:15:49,963][finetune_logger][INFO] - Train time: 76.73315739631653s
2026-06-16 13:15:49 - finetune_logger - INFO - Train memory reserved: 24.00 MB
[2026-06-16 13:15:49,963][finetune_logger][INFO] - Train memory reserved: 24.00 MB
2026-06-16 13:15:49 - finetune_logger - INFO - Train memory allocated: 18.10 MB
[2026-06-16 13:15:49,963][finetune_logger][INFO] - Train memory allocated: 18.10 MB
2026-06-16 13:15:49 - finetune_logger - INFO - Current learning rate: 0.0005
[2026-06-16 13:15:49,963][finetune_logger][INFO] - Current learning rate: 0.0005
2026-06-16 13:15:53 - finetune_logger - INFO - Validation metrics: {'MAE': 0.028798852867593087, 'RMSE': 0.04142503613683852}
[2026-06-16 13:15:53,991][finetune_logger][INFO] - Validation metrics: {'MAE': 0.028798852867593087, 'RMSE': 0.04142503613683852}
2026-06-16 13:15:53 - finetune_logger - INFO - Val time: 4.03s
[2026-06-16 13:15:53,991][finetune_logger][INFO] - Val time: 4.03s
2026-06-16 13:15:53 - finetune_logger - INFO - Val memory reserved: 24.00 MB
[2026-06-16 13:15:53,991][finetune_logger][INFO] - Val memory reserved: 24.00 MB
2026-06-16 13:15:53 - finetune_logger - INFO - Val memory allocated: 18.10 MB
[2026-06-16 13:15:53,991][finetune_logger][INFO] - Val memory allocated: 18.10 MB
2026-06-16 13:15:53 - finetune_logger - INFO - Logged epoch 7 info to /public/home/202411094934/python_project/Spatio-Temporal-Library/time-series/2026-06-16/itransformer/finetune20/exchange_rate/time-series/seed_2/training_log.json
[2026-06-16 13:15:53,995][finetune_logger][INFO] - Logged epoch 7 info to /public/home/202411094934/python_project/Spatio-Temporal-Library/time-series/2026-06-16/itransformer/finetune20/exchange_rate/time-series/seed_2/training_log.json
2026-06-16 13:16:02 - finetune_logger - INFO - Test metrics: {'MAE': 0.023985357986780805, 'RMSE': 0.035546393524206944}
[2026-06-16 13:16:02,783][finetune_logger][INFO] - Test metrics: {'MAE': 0.023985357986780805, 'RMSE': 0.035546393524206944}
2026-06-16 13:16:02 - finetune_logger - INFO - Test time: 8.79s
[2026-06-16 13:16:02,784][finetune_logger][INFO] - Test time: 8.79s
2026-06-16 13:16:02 - finetune_logger - INFO - Test memory reserved: 24.00 MB
[2026-06-16 13:16:02,784][finetune_logger][INFO] - Test memory reserved: 24.00 MB
2026-06-16 13:16:02 - finetune_logger - INFO - Test memory allocated: 18.10 MB
[2026-06-16 13:16:02,784][finetune_logger][INFO] - Test memory allocated: 18.10 MB
2026-06-16 13:16:02 - finetune_logger - INFO - Epoch 8/20
[2026-06-16 13:16:02,784][finetune_logger][INFO] - Epoch 8/20
2026-06-16 13:17:19 - finetune_logger - INFO - Train loss: 0.02014580687829962
[2026-06-16 13:17:19,421][finetune_logger][INFO] - Train loss: 0.02014580687829962
2026-06-16 13:17:19 - finetune_logger - INFO - Train time: 76.63615822792053s
[2026-06-16 13:17:19,421][finetune_logger][INFO] - Train time: 76.63615822792053s
2026-06-16 13:17:19 - finetune_logger - INFO - Train memory reserved: 24.00 MB
[2026-06-16 13:17:19,421][finetune_logger][INFO] - Train memory reserved: 24.00 MB
2026-06-16 13:17:19 - finetune_logger - INFO - Train memory allocated: 18.10 MB
[2026-06-16 13:17:19,421][finetune_logger][INFO] - Train memory allocated: 18.10 MB
2026-06-16 13:17:19 - finetune_logger - INFO - Current learning rate: 0.0005
[2026-06-16 13:17:19,421][finetune_logger][INFO] - Current learning rate: 0.0005
2026-06-16 13:17:23 - finetune_logger - INFO - Validation metrics: {'MAE': 0.028467793345347676, 'RMSE': 0.04235702480891233}
[2026-06-16 13:17:23,412][finetune_logger][INFO] - Validation metrics: {'MAE': 0.028467793345347676, 'RMSE': 0.04235702480891233}
2026-06-16 13:17:23 - finetune_logger - INFO - Val time: 3.99s
[2026-06-16 13:17:23,412][finetune_logger][INFO] - Val time: 3.99s
2026-06-16 13:17:23 - finetune_logger - INFO - Val memory reserved: 24.00 MB
[2026-06-16 13:17:23,412][finetune_logger][INFO] - Val memory reserved: 24.00 MB
2026-06-16 13:17:23 - finetune_logger - INFO - Val memory allocated: 18.10 MB
[2026-06-16 13:17:23,412][finetune_logger][INFO] - Val memory allocated: 18.10 MB
2026-06-16 13:17:23 - finetune_logger - INFO - Logged epoch 8 info to /public/home/202411094934/python_project/Spatio-Temporal-Library/time-series/2026-06-16/itransformer/finetune20/exchange_rate/time-series/seed_2/training_log.json
[2026-06-16 13:17:23,416][finetune_logger][INFO] - Logged epoch 8 info to /public/home/202411094934/python_project/Spatio-Temporal-Library/time-series/2026-06-16/itransformer/finetune20/exchange_rate/time-series/seed_2/training_log.json
2026-06-16 13:17:32 - finetune_logger - INFO - Test metrics: {'MAE': 0.023335458248812408, 'RMSE': 0.034470194233050894}
[2026-06-16 13:17:32,305][finetune_logger][INFO] - Test metrics: {'MAE': 0.023335458248812408, 'RMSE': 0.034470194233050894}
2026-06-16 13:17:32 - finetune_logger - INFO - Test time: 8.89s
[2026-06-16 13:17:32,305][finetune_logger][INFO] - Test time: 8.89s
2026-06-16 13:17:32 - finetune_logger - INFO - Test memory reserved: 24.00 MB
[2026-06-16 13:17:32,305][finetune_logger][INFO] - Test memory reserved: 24.00 MB
2026-06-16 13:17:32 - finetune_logger - INFO - Test memory allocated: 18.10 MB
[2026-06-16 13:17:32,305][finetune_logger][INFO] - Test memory allocated: 18.10 MB
2026-06-16 13:17:32 - finetune_logger - INFO - Epoch 9/20
[2026-06-16 13:17:32,305][finetune_logger][INFO] - Epoch 9/20
2026-06-16 13:18:48 - finetune_logger - INFO - Train loss: 0.0193844627866393
[2026-06-16 13:18:48,870][finetune_logger][INFO] - Train loss: 0.0193844627866393
2026-06-16 13:18:48 - finetune_logger - INFO - Train time: 76.56404042243958s
[2026-06-16 13:18:48,870][finetune_logger][INFO] - Train time: 76.56404042243958s
2026-06-16 13:18:48 - finetune_logger - INFO - Train memory reserved: 24.00 MB
[2026-06-16 13:18:48,870][finetune_logger][INFO] - Train memory reserved: 24.00 MB
2026-06-16 13:18:48 - finetune_logger - INFO - Train memory allocated: 18.10 MB
[2026-06-16 13:18:48,870][finetune_logger][INFO] - Train memory allocated: 18.10 MB
2026-06-16 13:18:48 - finetune_logger - INFO - Current learning rate: 0.0005
[2026-06-16 13:18:48,870][finetune_logger][INFO] - Current learning rate: 0.0005
2026-06-16 13:18:52 - finetune_logger - INFO - Validation metrics: {'MAE': 0.02846350808022454, 'RMSE': 0.0417305477330124}
[2026-06-16 13:18:52,854][finetune_logger][INFO] - Validation metrics: {'MAE': 0.02846350808022454, 'RMSE': 0.0417305477330124}
2026-06-16 13:18:52 - finetune_logger - INFO - Val time: 3.98s
[2026-06-16 13:18:52,854][finetune_logger][INFO] - Val time: 3.98s
2026-06-16 13:18:52 - finetune_logger - INFO - Val memory reserved: 24.00 MB
[2026-06-16 13:18:52,854][finetune_logger][INFO] - Val memory reserved: 24.00 MB
2026-06-16 13:18:52 - finetune_logger - INFO - Val memory allocated: 18.10 MB
[2026-06-16 13:18:52,854][finetune_logger][INFO] - Val memory allocated: 18.10 MB
2026-06-16 13:18:52 - finetune_logger - INFO - Logged epoch 9 info to /public/home/202411094934/python_project/Spatio-Temporal-Library/time-series/2026-06-16/itransformer/finetune20/exchange_rate/time-series/seed_2/training_log.json
[2026-06-16 13:18:52,858][finetune_logger][INFO] - Logged epoch 9 info to /public/home/202411094934/python_project/Spatio-Temporal-Library/time-series/2026-06-16/itransformer/finetune20/exchange_rate/time-series/seed_2/training_log.json
2026-06-16 13:19:01 - finetune_logger - INFO - Test metrics: {'MAE': 0.02524322074104125, 'RMSE': 0.03670414700320203}
[2026-06-16 13:19:01,677][finetune_logger][INFO] - Test metrics: {'MAE': 0.02524322074104125, 'RMSE': 0.03670414700320203}
2026-06-16 13:19:01 - finetune_logger - INFO - Test time: 8.82s
[2026-06-16 13:19:01,677][finetune_logger][INFO] - Test time: 8.82s
2026-06-16 13:19:01 - finetune_logger - INFO - Test memory reserved: 24.00 MB
[2026-06-16 13:19:01,678][finetune_logger][INFO] - Test memory reserved: 24.00 MB
2026-06-16 13:19:01 - finetune_logger - INFO - Test memory allocated: 18.10 MB
[2026-06-16 13:19:01,678][finetune_logger][INFO] - Test memory allocated: 18.10 MB
2026-06-16 13:19:01 - finetune_logger - INFO - Epoch 10/20
[2026-06-16 13:19:01,678][finetune_logger][INFO] - Epoch 10/20
2026-06-16 13:20:18 - finetune_logger - INFO - Train loss: 0.01892722526219258
[2026-06-16 13:20:18,413][finetune_logger][INFO] - Train loss: 0.01892722526219258
2026-06-16 13:20:18 - finetune_logger - INFO - Train time: 76.73420906066895s
[2026-06-16 13:20:18,413][finetune_logger][INFO] - Train time: 76.73420906066895s
2026-06-16 13:20:18 - finetune_logger - INFO - Train memory reserved: 24.00 MB
[2026-06-16 13:20:18,413][finetune_logger][INFO] - Train memory reserved: 24.00 MB
2026-06-16 13:20:18 - finetune_logger - INFO - Train memory allocated: 18.10 MB
[2026-06-16 13:20:18,413][finetune_logger][INFO] - Train memory allocated: 18.10 MB
2026-06-16 13:20:18 - finetune_logger - INFO - Current learning rate: 0.0005
[2026-06-16 13:20:18,413][finetune_logger][INFO] - Current learning rate: 0.0005
2026-06-16 13:20:22 - finetune_logger - INFO - Validation metrics: {'MAE': 0.027875549669116435, 'RMSE': 0.04111942550756229}
[2026-06-16 13:20:22,415][finetune_logger][INFO] - Validation metrics: {'MAE': 0.027875549669116435, 'RMSE': 0.04111942550756229}
2026-06-16 13:20:22 - finetune_logger - INFO - Val time: 4.00s
[2026-06-16 13:20:22,415][finetune_logger][INFO] - Val time: 4.00s
2026-06-16 13:20:22 - finetune_logger - INFO - Val memory reserved: 24.00 MB
[2026-06-16 13:20:22,415][finetune_logger][INFO] - Val memory reserved: 24.00 MB
2026-06-16 13:20:22 - finetune_logger - INFO - Val memory allocated: 18.10 MB
[2026-06-16 13:20:22,415][finetune_logger][INFO] - Val memory allocated: 18.10 MB
2026-06-16 13:20:22 - finetune_logger - INFO - Logged epoch 10 info to /public/home/202411094934/python_project/Spatio-Temporal-Library/time-series/2026-06-16/itransformer/finetune20/exchange_rate/time-series/seed_2/training_log.json
[2026-06-16 13:20:22,419][finetune_logger][INFO] - Logged epoch 10 info to /public/home/202411094934/python_project/Spatio-Temporal-Library/time-series/2026-06-16/itransformer/finetune20/exchange_rate/time-series/seed_2/training_log.json
2026-06-16 13:20:31 - finetune_logger - INFO - Test metrics: {'MAE': 0.024146391684484125, 'RMSE': 0.03522272355253274}
[2026-06-16 13:20:31,266][finetune_logger][INFO] - Test metrics: {'MAE': 0.024146391684484125, 'RMSE': 0.03522272355253274}
2026-06-16 13:20:31 - finetune_logger - INFO - Test time: 8.82s
[2026-06-16 13:20:31,266][finetune_logger][INFO] - Test time: 8.82s
2026-06-16 13:20:31 - finetune_logger - INFO - Test memory reserved: 24.00 MB
[2026-06-16 13:20:31,266][finetune_logger][INFO] - Test memory reserved: 24.00 MB
2026-06-16 13:20:31 - finetune_logger - INFO - Test memory allocated: 18.10 MB
[2026-06-16 13:20:31,266][finetune_logger][INFO] - Test memory allocated: 18.10 MB
2026-06-16 13:20:31 - finetune_logger - INFO - Epoch 11/20
[2026-06-16 13:20:31,266][finetune_logger][INFO] - Epoch 11/20
2026-06-16 13:21:48 - finetune_logger - INFO - Train loss: 0.0176854438780803
[2026-06-16 13:21:48,123][finetune_logger][INFO] - Train loss: 0.0176854438780803
2026-06-16 13:21:48 - finetune_logger - INFO - Train time: 76.85572004318237s
[2026-06-16 13:21:48,123][finetune_logger][INFO] - Train time: 76.85572004318237s
2026-06-16 13:21:48 - finetune_logger - INFO - Train memory reserved: 24.00 MB
[2026-06-16 13:21:48,123][finetune_logger][INFO] - Train memory reserved: 24.00 MB
2026-06-16 13:21:48 - finetune_logger - INFO - Train memory allocated: 18.10 MB
[2026-06-16 13:21:48,123][finetune_logger][INFO] - Train memory allocated: 18.10 MB
2026-06-16 13:21:48 - finetune_logger - INFO - Current learning rate: 0.00025
[2026-06-16 13:21:48,123][finetune_logger][INFO] - Current learning rate: 0.00025
2026-06-16 13:21:52 - finetune_logger - INFO - Validation metrics: {'MAE': 0.028934483594125957, 'RMSE': 0.042979052129236764}
[2026-06-16 13:21:52,075][finetune_logger][INFO] - Validation metrics: {'MAE': 0.028934483594125957, 'RMSE': 0.042979052129236764}
2026-06-16 13:21:52 - finetune_logger - INFO - Val time: 3.95s
[2026-06-16 13:21:52,076][finetune_logger][INFO] - Val time: 3.95s
2026-06-16 13:21:52 - finetune_logger - INFO - Val memory reserved: 24.00 MB
[2026-06-16 13:21:52,076][finetune_logger][INFO] - Val memory reserved: 24.00 MB
2026-06-16 13:21:52 - finetune_logger - INFO - Val memory allocated: 18.10 MB
[2026-06-16 13:21:52,076][finetune_logger][INFO] - Val memory allocated: 18.10 MB
2026-06-16 13:21:52 - finetune_logger - INFO - Logged epoch 11 info to /public/home/202411094934/python_project/Spatio-Temporal-Library/time-series/2026-06-16/itransformer/finetune20/exchange_rate/time-series/seed_2/training_log.json
[2026-06-16 13:21:52,080][finetune_logger][INFO] - Logged epoch 11 info to /public/home/202411094934/python_project/Spatio-Temporal-Library/time-series/2026-06-16/itransformer/finetune20/exchange_rate/time-series/seed_2/training_log.json
2026-06-16 13:22:00 - finetune_logger - INFO - Test metrics: {'MAE': 0.025973271035524412, 'RMSE': 0.037847335697918}
[2026-06-16 13:22:00,900][finetune_logger][INFO] - Test metrics: {'MAE': 0.025973271035524412, 'RMSE': 0.037847335697918}
2026-06-16 13:22:00 - finetune_logger - INFO - Test time: 8.82s
[2026-06-16 13:22:00,900][finetune_logger][INFO] - Test time: 8.82s
2026-06-16 13:22:00 - finetune_logger - INFO - Test memory reserved: 24.00 MB
[2026-06-16 13:22:00,900][finetune_logger][INFO] - Test memory reserved: 24.00 MB
2026-06-16 13:22:00 - finetune_logger - INFO - Test memory allocated: 18.10 MB
[2026-06-16 13:22:00,900][finetune_logger][INFO] - Test memory allocated: 18.10 MB
2026-06-16 13:22:00 - finetune_logger - INFO - Epoch 12/20
[2026-06-16 13:22:00,900][finetune_logger][INFO] - Epoch 12/20
2026-06-16 13:23:17 - finetune_logger - INFO - Train loss: 0.017315176814515266
[2026-06-16 13:23:17,697][finetune_logger][INFO] - Train loss: 0.017315176814515266
2026-06-16 13:23:17 - finetune_logger - INFO - Train time: 76.79649710655212s
[2026-06-16 13:23:17,698][finetune_logger][INFO] - Train time: 76.79649710655212s
2026-06-16 13:23:17 - finetune_logger - INFO - Train memory reserved: 24.00 MB
[2026-06-16 13:23:17,698][finetune_logger][INFO] - Train memory reserved: 24.00 MB
2026-06-16 13:23:17 - finetune_logger - INFO - Train memory allocated: 18.10 MB
[2026-06-16 13:23:17,698][finetune_logger][INFO] - Train memory allocated: 18.10 MB
2026-06-16 13:23:17 - finetune_logger - INFO - Current learning rate: 0.00025
[2026-06-16 13:23:17,698][finetune_logger][INFO] - Current learning rate: 0.00025
2026-06-16 13:23:21 - finetune_logger - INFO - Validation metrics: {'MAE': 0.031334677672246916, 'RMSE': 0.046426858664092144}
[2026-06-16 13:23:21,708][finetune_logger][INFO] - Validation metrics: {'MAE': 0.031334677672246916, 'RMSE': 0.046426858664092144}
2026-06-16 13:23:21 - finetune_logger - INFO - Val time: 4.01s
[2026-06-16 13:23:21,708][finetune_logger][INFO] - Val time: 4.01s
2026-06-16 13:23:21 - finetune_logger - INFO - Val memory reserved: 24.00 MB
[2026-06-16 13:23:21,708][finetune_logger][INFO] - Val memory reserved: 24.00 MB
2026-06-16 13:23:21 - finetune_logger - INFO - Val memory allocated: 18.10 MB
[2026-06-16 13:23:21,708][finetune_logger][INFO] - Val memory allocated: 18.10 MB
2026-06-16 13:23:21 - finetune_logger - INFO - Logged epoch 12 info to /public/home/202411094934/python_project/Spatio-Temporal-Library/time-series/2026-06-16/itransformer/finetune20/exchange_rate/time-series/seed_2/training_log.json
[2026-06-16 13:23:21,712][finetune_logger][INFO] - Logged epoch 12 info to /public/home/202411094934/python_project/Spatio-Temporal-Library/time-series/2026-06-16/itransformer/finetune20/exchange_rate/time-series/seed_2/training_log.json
2026-06-16 13:23:30 - finetune_logger - INFO - Test metrics: {'MAE': 0.02645348292433572, 'RMSE': 0.03849647387927041}
[2026-06-16 13:23:30,475][finetune_logger][INFO] - Test metrics: {'MAE': 0.02645348292433572, 'RMSE': 0.03849647387927041}
2026-06-16 13:23:30 - finetune_logger - INFO - Test time: 8.76s
[2026-06-16 13:23:30,475][finetune_logger][INFO] - Test time: 8.76s
2026-06-16 13:23:30 - finetune_logger - INFO - Test memory reserved: 24.00 MB
[2026-06-16 13:23:30,475][finetune_logger][INFO] - Test memory reserved: 24.00 MB
2026-06-16 13:23:30 - finetune_logger - INFO - Test memory allocated: 18.10 MB
[2026-06-16 13:23:30,475][finetune_logger][INFO] - Test memory allocated: 18.10 MB
2026-06-16 13:23:30 - finetune_logger - INFO - Epoch 13/20
[2026-06-16 13:23:30,475][finetune_logger][INFO] - Epoch 13/20
2026-06-16 13:24:47 - finetune_logger - INFO - Train loss: 0.01687629043461335
[2026-06-16 13:24:47,383][finetune_logger][INFO] - Train loss: 0.01687629043461335
2026-06-16 13:24:47 - finetune_logger - INFO - Train time: 76.9071569442749s
[2026-06-16 13:24:47,383][finetune_logger][INFO] - Train time: 76.9071569442749s
2026-06-16 13:24:47 - finetune_logger - INFO - Train memory reserved: 24.00 MB
[2026-06-16 13:24:47,384][finetune_logger][INFO] - Train memory reserved: 24.00 MB
2026-06-16 13:24:47 - finetune_logger - INFO - Train memory allocated: 18.10 MB
[2026-06-16 13:24:47,384][finetune_logger][INFO] - Train memory allocated: 18.10 MB
2026-06-16 13:24:47 - finetune_logger - INFO - Current learning rate: 0.00025
[2026-06-16 13:24:47,384][finetune_logger][INFO] - Current learning rate: 0.00025
2026-06-16 13:24:51 - finetune_logger - INFO - Validation metrics: {'MAE': 0.03195894438640083, 'RMSE': 0.04804807980628185}
[2026-06-16 13:24:51,389][finetune_logger][INFO] - Validation metrics: {'MAE': 0.03195894438640083, 'RMSE': 0.04804807980628185}
2026-06-16 13:24:51 - finetune_logger - INFO - Val time: 4.01s
[2026-06-16 13:24:51,390][finetune_logger][INFO] - Val time: 4.01s
2026-06-16 13:24:51 - finetune_logger - INFO - Val memory reserved: 24.00 MB
[2026-06-16 13:24:51,390][finetune_logger][INFO] - Val memory reserved: 24.00 MB
2026-06-16 13:24:51 - finetune_logger - INFO - Val memory allocated: 18.10 MB
[2026-06-16 13:24:51,390][finetune_logger][INFO] - Val memory allocated: 18.10 MB
2026-06-16 13:24:51 - finetune_logger - INFO - Logged epoch 13 info to /public/home/202411094934/python_project/Spatio-Temporal-Library/time-series/2026-06-16/itransformer/finetune20/exchange_rate/time-series/seed_2/training_log.json
[2026-06-16 13:24:51,394][finetune_logger][INFO] - Logged epoch 13 info to /public/home/202411094934/python_project/Spatio-Temporal-Library/time-series/2026-06-16/itransformer/finetune20/exchange_rate/time-series/seed_2/training_log.json
2026-06-16 13:25:00 - finetune_logger - INFO - Test metrics: {'MAE': 0.026727835616815958, 'RMSE': 0.038752317634894486}
[2026-06-16 13:25:00,151][finetune_logger][INFO] - Test metrics: {'MAE': 0.026727835616815958, 'RMSE': 0.038752317634894486}
2026-06-16 13:25:00 - finetune_logger - INFO - Test time: 8.76s
[2026-06-16 13:25:00,151][finetune_logger][INFO] - Test time: 8.76s
2026-06-16 13:25:00 - finetune_logger - INFO - Test memory reserved: 24.00 MB
[2026-06-16 13:25:00,151][finetune_logger][INFO] - Test memory reserved: 24.00 MB
2026-06-16 13:25:00 - finetune_logger - INFO - Test memory allocated: 18.10 MB
[2026-06-16 13:25:00,152][finetune_logger][INFO] - Test memory allocated: 18.10 MB
2026-06-16 13:25:00 - finetune_logger - INFO - Epoch 14/20
[2026-06-16 13:25:00,152][finetune_logger][INFO] - Epoch 14/20
2026-06-16 13:26:16 - finetune_logger - INFO - Train loss: 0.016540528751878017
[2026-06-16 13:26:16,981][finetune_logger][INFO] - Train loss: 0.016540528751878017
2026-06-16 13:26:16 - finetune_logger - INFO - Train time: 76.82828569412231s
[2026-06-16 13:26:16,981][finetune_logger][INFO] - Train time: 76.82828569412231s
2026-06-16 13:26:16 - finetune_logger - INFO - Train memory reserved: 24.00 MB
[2026-06-16 13:26:16,981][finetune_logger][INFO] - Train memory reserved: 24.00 MB
2026-06-16 13:26:16 - finetune_logger - INFO - Train memory allocated: 18.10 MB
[2026-06-16 13:26:16,981][finetune_logger][INFO] - Train memory allocated: 18.10 MB
2026-06-16 13:26:16 - finetune_logger - INFO - Current learning rate: 0.00025
[2026-06-16 13:26:16,981][finetune_logger][INFO] - Current learning rate: 0.00025
2026-06-16 13:26:20 - finetune_logger - INFO - Validation metrics: {'MAE': 0.03056642328338998, 'RMSE': 0.04575459042908423}
[2026-06-16 13:26:20,958][finetune_logger][INFO] - Validation metrics: {'MAE': 0.03056642328338998, 'RMSE': 0.04575459042908423}
2026-06-16 13:26:20 - finetune_logger - INFO - Val time: 3.98s
[2026-06-16 13:26:20,959][finetune_logger][INFO] - Val time: 3.98s
2026-06-16 13:26:20 - finetune_logger - INFO - Val memory reserved: 24.00 MB
[2026-06-16 13:26:20,959][finetune_logger][INFO] - Val memory reserved: 24.00 MB
2026-06-16 13:26:20 - finetune_logger - INFO - Val memory allocated: 18.10 MB
[2026-06-16 13:26:20,959][finetune_logger][INFO] - Val memory allocated: 18.10 MB
2026-06-16 13:26:20 - finetune_logger - INFO - Logged epoch 14 info to /public/home/202411094934/python_project/Spatio-Temporal-Library/time-series/2026-06-16/itransformer/finetune20/exchange_rate/time-series/seed_2/training_log.json
[2026-06-16 13:26:20,963][finetune_logger][INFO] - Logged epoch 14 info to /public/home/202411094934/python_project/Spatio-Temporal-Library/time-series/2026-06-16/itransformer/finetune20/exchange_rate/time-series/seed_2/training_log.json
2026-06-16 13:26:29 - finetune_logger - INFO - Test metrics: {'MAE': 0.026248949822303667, 'RMSE': 0.03841369881153201}
[2026-06-16 13:26:29,780][finetune_logger][INFO] - Test metrics: {'MAE': 0.026248949822303667, 'RMSE': 0.03841369881153201}
2026-06-16 13:26:29 - finetune_logger - INFO - Test time: 8.82s
[2026-06-16 13:26:29,781][finetune_logger][INFO] - Test time: 8.82s
2026-06-16 13:26:29 - finetune_logger - INFO - Test memory reserved: 24.00 MB
[2026-06-16 13:26:29,781][finetune_logger][INFO] - Test memory reserved: 24.00 MB
2026-06-16 13:26:29 - finetune_logger - INFO - Test memory allocated: 18.10 MB
[2026-06-16 13:26:29,781][finetune_logger][INFO] - Test memory allocated: 18.10 MB
2026-06-16 13:26:29 - finetune_logger - INFO - Epoch 15/20
[2026-06-16 13:26:29,781][finetune_logger][INFO] - Epoch 15/20
2026-06-16 13:27:46 - finetune_logger - INFO - Train loss: 0.01621470464536424
[2026-06-16 13:27:46,531][finetune_logger][INFO] - Train loss: 0.01621470464536424
2026-06-16 13:27:46 - finetune_logger - INFO - Train time: 76.74908924102783s
[2026-06-16 13:27:46,531][finetune_logger][INFO] - Train time: 76.74908924102783s
2026-06-16 13:27:46 - finetune_logger - INFO - Train memory reserved: 24.00 MB
[2026-06-16 13:27:46,531][finetune_logger][INFO] - Train memory reserved: 24.00 MB
2026-06-16 13:27:46 - finetune_logger - INFO - Train memory allocated: 18.10 MB
[2026-06-16 13:27:46,531][finetune_logger][INFO] - Train memory allocated: 18.10 MB
2026-06-16 13:27:46 - finetune_logger - INFO - Current learning rate: 0.00025
[2026-06-16 13:27:46,531][finetune_logger][INFO] - Current learning rate: 0.00025
2026-06-16 13:27:50 - finetune_logger - INFO - Validation metrics: {'MAE': 0.030251055030118903, 'RMSE': 0.04495168638750761}
[2026-06-16 13:27:50,483][finetune_logger][INFO] - Validation metrics: {'MAE': 0.030251055030118903, 'RMSE': 0.04495168638750761}
2026-06-16 13:27:50 - finetune_logger - INFO - Val time: 3.95s
[2026-06-16 13:27:50,483][finetune_logger][INFO] - Val time: 3.95s
2026-06-16 13:27:50 - finetune_logger - INFO - Val memory reserved: 24.00 MB
[2026-06-16 13:27:50,483][finetune_logger][INFO] - Val memory reserved: 24.00 MB
2026-06-16 13:27:50 - finetune_logger - INFO - Val memory allocated: 18.10 MB
[2026-06-16 13:27:50,483][finetune_logger][INFO] - Val memory allocated: 18.10 MB
2026-06-16 13:27:50 - finetune_logger - INFO - Logged epoch 15 info to /public/home/202411094934/python_project/Spatio-Temporal-Library/time-series/2026-06-16/itransformer/finetune20/exchange_rate/time-series/seed_2/training_log.json
[2026-06-16 13:27:50,487][finetune_logger][INFO] - Logged epoch 15 info to /public/home/202411094934/python_project/Spatio-Temporal-Library/time-series/2026-06-16/itransformer/finetune20/exchange_rate/time-series/seed_2/training_log.json
2026-06-16 13:27:59 - finetune_logger - INFO - Test metrics: {'MAE': 0.026748742831611588, 'RMSE': 0.03873710375414764}
[2026-06-16 13:27:59,270][finetune_logger][INFO] - Test metrics: {'MAE': 0.026748742831611588, 'RMSE': 0.03873710375414764}
2026-06-16 13:27:59 - finetune_logger - INFO - Test time: 8.78s
[2026-06-16 13:27:59,270][finetune_logger][INFO] - Test time: 8.78s
2026-06-16 13:27:59 - finetune_logger - INFO - Test memory reserved: 24.00 MB
[2026-06-16 13:27:59,270][finetune_logger][INFO] - Test memory reserved: 24.00 MB
2026-06-16 13:27:59 - finetune_logger - INFO - Test memory allocated: 18.10 MB
[2026-06-16 13:27:59,270][finetune_logger][INFO] - Test memory allocated: 18.10 MB
2026-06-16 13:27:59 - finetune_logger - INFO - Epoch 16/20
[2026-06-16 13:27:59,270][finetune_logger][INFO] - Epoch 16/20
2026-06-16 13:29:16 - finetune_logger - INFO - Train loss: 0.015972062079066405
[2026-06-16 13:29:16,088][finetune_logger][INFO] - Train loss: 0.015972062079066405
2026-06-16 13:29:16 - finetune_logger - INFO - Train time: 76.8174684047699s
[2026-06-16 13:29:16,088][finetune_logger][INFO] - Train time: 76.8174684047699s
2026-06-16 13:29:16 - finetune_logger - INFO - Train memory reserved: 24.00 MB
[2026-06-16 13:29:16,089][finetune_logger][INFO] - Train memory reserved: 24.00 MB
2026-06-16 13:29:16 - finetune_logger - INFO - Train memory allocated: 18.10 MB
[2026-06-16 13:29:16,089][finetune_logger][INFO] - Train memory allocated: 18.10 MB
2026-06-16 13:29:16 - finetune_logger - INFO - Current learning rate: 0.00025
[2026-06-16 13:29:16,089][finetune_logger][INFO] - Current learning rate: 0.00025
2026-06-16 13:29:20 - finetune_logger - INFO - Validation metrics: {'MAE': 0.03405667121001846, 'RMSE': 0.05106928821275415}
[2026-06-16 13:29:20,212][finetune_logger][INFO] - Validation metrics: {'MAE': 0.03405667121001846, 'RMSE': 0.05106928821275415}
2026-06-16 13:29:20 - finetune_logger - INFO - Val time: 4.12s
[2026-06-16 13:29:20,212][finetune_logger][INFO] - Val time: 4.12s
2026-06-16 13:29:20 - finetune_logger - INFO - Val memory reserved: 24.00 MB
[2026-06-16 13:29:20,212][finetune_logger][INFO] - Val memory reserved: 24.00 MB
2026-06-16 13:29:20 - finetune_logger - INFO - Val memory allocated: 18.10 MB
[2026-06-16 13:29:20,213][finetune_logger][INFO] - Val memory allocated: 18.10 MB
2026-06-16 13:29:20 - finetune_logger - INFO - Logged epoch 16 info to /public/home/202411094934/python_project/Spatio-Temporal-Library/time-series/2026-06-16/itransformer/finetune20/exchange_rate/time-series/seed_2/training_log.json
[2026-06-16 13:29:20,216][finetune_logger][INFO] - Logged epoch 16 info to /public/home/202411094934/python_project/Spatio-Temporal-Library/time-series/2026-06-16/itransformer/finetune20/exchange_rate/time-series/seed_2/training_log.json
2026-06-16 13:29:29 - finetune_logger - INFO - Test metrics: {'MAE': 0.027335818745696877, 'RMSE': 0.039686536605033615}
[2026-06-16 13:29:29,097][finetune_logger][INFO] - Test metrics: {'MAE': 0.027335818745696877, 'RMSE': 0.039686536605033615}
2026-06-16 13:29:29 - finetune_logger - INFO - Test time: 8.88s
[2026-06-16 13:29:29,098][finetune_logger][INFO] - Test time: 8.88s
2026-06-16 13:29:29 - finetune_logger - INFO - Test memory reserved: 24.00 MB
[2026-06-16 13:29:29,098][finetune_logger][INFO] - Test memory reserved: 24.00 MB
2026-06-16 13:29:29 - finetune_logger - INFO - Test memory allocated: 18.10 MB
[2026-06-16 13:29:29,098][finetune_logger][INFO] - Test memory allocated: 18.10 MB
2026-06-16 13:29:29 - finetune_logger - INFO - Epoch 17/20
[2026-06-16 13:29:29,098][finetune_logger][INFO] - Epoch 17/20
2026-06-16 13:30:46 - finetune_logger - INFO - Train loss: 0.015681859861143448
[2026-06-16 13:30:46,057][finetune_logger][INFO] - Train loss: 0.015681859861143448
2026-06-16 13:30:46 - finetune_logger - INFO - Train time: 76.95818328857422s
[2026-06-16 13:30:46,057][finetune_logger][INFO] - Train time: 76.95818328857422s
2026-06-16 13:30:46 - finetune_logger - INFO - Train memory reserved: 24.00 MB
[2026-06-16 13:30:46,057][finetune_logger][INFO] - Train memory reserved: 24.00 MB
2026-06-16 13:30:46 - finetune_logger - INFO - Train memory allocated: 18.10 MB
[2026-06-16 13:30:46,057][finetune_logger][INFO] - Train memory allocated: 18.10 MB
2026-06-16 13:30:46 - finetune_logger - INFO - Current learning rate: 0.00025
[2026-06-16 13:30:46,057][finetune_logger][INFO] - Current learning rate: 0.00025
2026-06-16 13:30:50 - finetune_logger - INFO - Validation metrics: {'MAE': 0.0314546000938233, 'RMSE': 0.047222251357662524}
[2026-06-16 13:30:50,079][finetune_logger][INFO] - Validation metrics: {'MAE': 0.0314546000938233, 'RMSE': 0.047222251357662524}
2026-06-16 13:30:50 - finetune_logger - INFO - Val time: 4.02s
[2026-06-16 13:30:50,079][finetune_logger][INFO] - Val time: 4.02s
2026-06-16 13:30:50 - finetune_logger - INFO - Val memory reserved: 24.00 MB
[2026-06-16 13:30:50,079][finetune_logger][INFO] - Val memory reserved: 24.00 MB
2026-06-16 13:30:50 - finetune_logger - INFO - Val memory allocated: 18.10 MB
[2026-06-16 13:30:50,079][finetune_logger][INFO] - Val memory allocated: 18.10 MB
2026-06-16 13:30:50 - finetune_logger - INFO - Logged epoch 17 info to /public/home/202411094934/python_project/Spatio-Temporal-Library/time-series/2026-06-16/itransformer/finetune20/exchange_rate/time-series/seed_2/training_log.json
[2026-06-16 13:30:50,083][finetune_logger][INFO] - Logged epoch 17 info to /public/home/202411094934/python_project/Spatio-Temporal-Library/time-series/2026-06-16/itransformer/finetune20/exchange_rate/time-series/seed_2/training_log.json
2026-06-16 13:30:58 - finetune_logger - INFO - Test metrics: {'MAE': 0.026998044736535966, 'RMSE': 0.03951538279151565}
[2026-06-16 13:30:58,870][finetune_logger][INFO] - Test metrics: {'MAE': 0.026998044736535966, 'RMSE': 0.03951538279151565}
2026-06-16 13:30:58 - finetune_logger - INFO - Test time: 8.79s
[2026-06-16 13:30:58,870][finetune_logger][INFO] - Test time: 8.79s
2026-06-16 13:30:58 - finetune_logger - INFO - Test memory reserved: 24.00 MB
[2026-06-16 13:30:58,870][finetune_logger][INFO] - Test memory reserved: 24.00 MB
2026-06-16 13:30:58 - finetune_logger - INFO - Test memory allocated: 18.10 MB
[2026-06-16 13:30:58,871][finetune_logger][INFO] - Test memory allocated: 18.10 MB
2026-06-16 13:30:58 - finetune_logger - INFO - Epoch 18/20
[2026-06-16 13:30:58,871][finetune_logger][INFO] - Epoch 18/20
2026-06-16 13:32:15 - finetune_logger - INFO - Train loss: 0.015315947558139868
[2026-06-16 13:32:15,826][finetune_logger][INFO] - Train loss: 0.015315947558139868
2026-06-16 13:32:15 - finetune_logger - INFO - Train time: 76.95494604110718s
[2026-06-16 13:32:15,826][finetune_logger][INFO] - Train time: 76.95494604110718s
2026-06-16 13:32:15 - finetune_logger - INFO - Train memory reserved: 24.00 MB
[2026-06-16 13:32:15,827][finetune_logger][INFO] - Train memory reserved: 24.00 MB
2026-06-16 13:32:15 - finetune_logger - INFO - Train memory allocated: 18.10 MB
[2026-06-16 13:32:15,827][finetune_logger][INFO] - Train memory allocated: 18.10 MB
2026-06-16 13:32:15 - finetune_logger - INFO - Current learning rate: 0.00025
[2026-06-16 13:32:15,827][finetune_logger][INFO] - Current learning rate: 0.00025
2026-06-16 13:32:19 - finetune_logger - INFO - Validation metrics: {'MAE': 0.03132225889490389, 'RMSE': 0.04766014818228023}
[2026-06-16 13:32:19,834][finetune_logger][INFO] - Validation metrics: {'MAE': 0.03132225889490389, 'RMSE': 0.04766014818228023}
2026-06-16 13:32:19 - finetune_logger - INFO - Val time: 4.01s
[2026-06-16 13:32:19,835][finetune_logger][INFO] - Val time: 4.01s
2026-06-16 13:32:19 - finetune_logger - INFO - Val memory reserved: 24.00 MB
[2026-06-16 13:32:19,835][finetune_logger][INFO] - Val memory reserved: 24.00 MB
2026-06-16 13:32:19 - finetune_logger - INFO - Val memory allocated: 18.10 MB
[2026-06-16 13:32:19,835][finetune_logger][INFO] - Val memory allocated: 18.10 MB
2026-06-16 13:32:19 - finetune_logger - INFO - Logged epoch 18 info to /public/home/202411094934/python_project/Spatio-Temporal-Library/time-series/2026-06-16/itransformer/finetune20/exchange_rate/time-series/seed_2/training_log.json
[2026-06-16 13:32:19,838][finetune_logger][INFO] - Logged epoch 18 info to /public/home/202411094934/python_project/Spatio-Temporal-Library/time-series/2026-06-16/itransformer/finetune20/exchange_rate/time-series/seed_2/training_log.json
2026-06-16 13:32:28 - finetune_logger - INFO - Test metrics: {'MAE': 0.026326955713868058, 'RMSE': 0.03847195857493318}
[2026-06-16 13:32:28,651][finetune_logger][INFO] - Test metrics: {'MAE': 0.026326955713868058, 'RMSE': 0.03847195857493318}
2026-06-16 13:32:28 - finetune_logger - INFO - Test time: 8.81s
[2026-06-16 13:32:28,651][finetune_logger][INFO] - Test time: 8.81s
2026-06-16 13:32:28 - finetune_logger - INFO - Test memory reserved: 24.00 MB
[2026-06-16 13:32:28,652][finetune_logger][INFO] - Test memory reserved: 24.00 MB
2026-06-16 13:32:28 - finetune_logger - INFO - Test memory allocated: 18.10 MB
[2026-06-16 13:32:28,652][finetune_logger][INFO] - Test memory allocated: 18.10 MB
2026-06-16 13:32:28 - finetune_logger - INFO - Epoch 19/20
[2026-06-16 13:32:28,652][finetune_logger][INFO] - Epoch 19/20
2026-06-16 13:33:45 - finetune_logger - INFO - Train loss: 0.01508039526130759
[2026-06-16 13:33:45,620][finetune_logger][INFO] - Train loss: 0.01508039526130759
2026-06-16 13:33:45 - finetune_logger - INFO - Train time: 76.96796751022339s
[2026-06-16 13:33:45,621][finetune_logger][INFO] - Train time: 76.96796751022339s
2026-06-16 13:33:45 - finetune_logger - INFO - Train memory reserved: 24.00 MB
[2026-06-16 13:33:45,621][finetune_logger][INFO] - Train memory reserved: 24.00 MB
2026-06-16 13:33:45 - finetune_logger - INFO - Train memory allocated: 18.10 MB
[2026-06-16 13:33:45,621][finetune_logger][INFO] - Train memory allocated: 18.10 MB
2026-06-16 13:33:45 - finetune_logger - INFO - Current learning rate: 0.00025
[2026-06-16 13:33:45,621][finetune_logger][INFO] - Current learning rate: 0.00025
2026-06-16 13:33:49 - finetune_logger - INFO - Validation metrics: {'MAE': 0.03087136310119752, 'RMSE': 0.04725232898863127}
[2026-06-16 13:33:49,539][finetune_logger][INFO] - Validation metrics: {'MAE': 0.03087136310119752, 'RMSE': 0.04725232898863127}
2026-06-16 13:33:49 - finetune_logger - INFO - Val time: 3.92s
[2026-06-16 13:33:49,539][finetune_logger][INFO] - Val time: 3.92s
2026-06-16 13:33:49 - finetune_logger - INFO - Val memory reserved: 24.00 MB
[2026-06-16 13:33:49,539][finetune_logger][INFO] - Val memory reserved: 24.00 MB
2026-06-16 13:33:49 - finetune_logger - INFO - Val memory allocated: 18.10 MB
[2026-06-16 13:33:49,540][finetune_logger][INFO] - Val memory allocated: 18.10 MB
2026-06-16 13:33:49 - finetune_logger - INFO - Logged epoch 19 info to /public/home/202411094934/python_project/Spatio-Temporal-Library/time-series/2026-06-16/itransformer/finetune20/exchange_rate/time-series/seed_2/training_log.json
[2026-06-16 13:33:49,543][finetune_logger][INFO] - Logged epoch 19 info to /public/home/202411094934/python_project/Spatio-Temporal-Library/time-series/2026-06-16/itransformer/finetune20/exchange_rate/time-series/seed_2/training_log.json
2026-06-16 13:33:58 - finetune_logger - INFO - Test metrics: {'MAE': 0.026640245810304376, 'RMSE': 0.03895143392684439}
[2026-06-16 13:33:58,378][finetune_logger][INFO] - Test metrics: {'MAE': 0.026640245810304376, 'RMSE': 0.03895143392684439}
2026-06-16 13:33:58 - finetune_logger - INFO - Test time: 8.83s
[2026-06-16 13:33:58,378][finetune_logger][INFO] - Test time: 8.83s
2026-06-16 13:33:58 - finetune_logger - INFO - Test memory reserved: 24.00 MB
[2026-06-16 13:33:58,378][finetune_logger][INFO] - Test memory reserved: 24.00 MB
2026-06-16 13:33:58 - finetune_logger - INFO - Test memory allocated: 18.10 MB
[2026-06-16 13:33:58,378][finetune_logger][INFO] - Test memory allocated: 18.10 MB
2026-06-16 13:33:58 - finetune_logger - INFO - Epoch 20/20
[2026-06-16 13:33:58,378][finetune_logger][INFO] - Epoch 20/20
2026-06-16 13:35:15 - finetune_logger - INFO - Train loss: 0.014768885312634317
[2026-06-16 13:35:15,316][finetune_logger][INFO] - Train loss: 0.014768885312634317
2026-06-16 13:35:15 - finetune_logger - INFO - Train time: 76.93748474121094s
[2026-06-16 13:35:15,317][finetune_logger][INFO] - Train time: 76.93748474121094s
2026-06-16 13:35:15 - finetune_logger - INFO - Train memory reserved: 24.00 MB
[2026-06-16 13:35:15,317][finetune_logger][INFO] - Train memory reserved: 24.00 MB
2026-06-16 13:35:15 - finetune_logger - INFO - Train memory allocated: 18.10 MB
[2026-06-16 13:35:15,317][finetune_logger][INFO] - Train memory allocated: 18.10 MB
2026-06-16 13:35:15 - finetune_logger - INFO - Current learning rate: 0.00025
[2026-06-16 13:35:15,317][finetune_logger][INFO] - Current learning rate: 0.00025
2026-06-16 13:35:19 - finetune_logger - INFO - Validation metrics: {'MAE': 0.03112713232910478, 'RMSE': 0.0466341626150885}
[2026-06-16 13:35:19,332][finetune_logger][INFO] - Validation metrics: {'MAE': 0.03112713232910478, 'RMSE': 0.0466341626150885}
2026-06-16 13:35:19 - finetune_logger - INFO - Val time: 4.01s
[2026-06-16 13:35:19,332][finetune_logger][INFO] - Val time: 4.01s
2026-06-16 13:35:19 - finetune_logger - INFO - Val memory reserved: 24.00 MB
[2026-06-16 13:35:19,332][finetune_logger][INFO] - Val memory reserved: 24.00 MB
2026-06-16 13:35:19 - finetune_logger - INFO - Val memory allocated: 18.10 MB
[2026-06-16 13:35:19,333][finetune_logger][INFO] - Val memory allocated: 18.10 MB
2026-06-16 13:35:19 - finetune_logger - INFO - Logged epoch 20 info to /public/home/202411094934/python_project/Spatio-Temporal-Library/time-series/2026-06-16/itransformer/finetune20/exchange_rate/time-series/seed_2/training_log.json
[2026-06-16 13:35:19,336][finetune_logger][INFO] - Logged epoch 20 info to /public/home/202411094934/python_project/Spatio-Temporal-Library/time-series/2026-06-16/itransformer/finetune20/exchange_rate/time-series/seed_2/training_log.json
2026-06-16 13:35:28 - finetune_logger - INFO - Test metrics: {'MAE': 0.026807822844107904, 'RMSE': 0.039268756834966834}
[2026-06-16 13:35:28,101][finetune_logger][INFO] - Test metrics: {'MAE': 0.026807822844107904, 'RMSE': 0.039268756834966834}
2026-06-16 13:35:28 - finetune_logger - INFO - Test time: 8.74s
[2026-06-16 13:35:28,101][finetune_logger][INFO] - Test time: 8.74s
2026-06-16 13:35:28 - finetune_logger - INFO - Test memory reserved: 24.00 MB
[2026-06-16 13:35:28,102][finetune_logger][INFO] - Test memory reserved: 24.00 MB
2026-06-16 13:35:28 - finetune_logger - INFO - Test memory allocated: 18.10 MB
[2026-06-16 13:35:28,102][finetune_logger][INFO] - Test memory allocated: 18.10 MB
2026-06-16 13:35:28 - finetune_logger - INFO - Training completed. Best epoch: 6, Best val loss: 0.023455
[2026-06-16 13:35:28,102][finetune_logger][INFO] - Training completed. Best epoch: 6, Best val loss: 0.023455
2026-06-16 13:35:28 - finetune_logger - INFO - Loaded checkpoint from epoch 6
[2026-06-16 13:35:28,132][finetune_logger][INFO] - Loaded checkpoint from epoch 6
2026-06-16 13:35:28 - finetune_logger - INFO - Evaluating best model on test sets...
[2026-06-16 13:35:28,133][finetune_logger][INFO] - Evaluating best model on test sets...
2026-06-16 13:35:37 - finetune_logger - INFO - Test metrics: {'MAE': 0.022025897463082166, 'RMSE': 0.032720040538071204}
[2026-06-16 13:35:37,007][finetune_logger][INFO] - Test metrics: {'MAE': 0.022025897463082166, 'RMSE': 0.032720040538071204}
2026-06-16 13:35:37 - finetune_logger - INFO - Test time: 8.87s
[2026-06-16 13:35:37,007][finetune_logger][INFO] - Test time: 8.87s
2026-06-16 13:35:37 - finetune_logger - INFO - Test memory reserved: 26.00 MB
[2026-06-16 13:35:37,007][finetune_logger][INFO] - Test memory reserved: 26.00 MB
2026-06-16 13:35:37 - finetune_logger - INFO - Test memory allocated: 18.14 MB
[2026-06-16 13:35:37,007][finetune_logger][INFO] - Test memory allocated: 18.14 MB
2026-06-16 13:35:37 - finetune_logger - INFO - Logged epoch test info to /public/home/202411094934/python_project/Spatio-Temporal-Library/time-series/2026-06-16/itransformer/finetune20/exchange_rate/time-series/seed_2/training_log.json
[2026-06-16 13:35:37,011][finetune_logger][INFO] - Logged epoch test info to /public/home/202411094934/python_project/Spatio-Temporal-Library/time-series/2026-06-16/itransformer/finetune20/exchange_rate/time-series/seed_2/training_log.json
