2026-06-16 04:53:41 - finetune_logger - INFO - No pretrained checkpoint is provided. Finetuning from scratch.
[2026-06-16 04:53:41,517][finetune_logger][INFO] - No pretrained checkpoint is provided. Finetuning from scratch.
2026-06-16 04:53:41 - finetune_logger - INFO - Model parameters: 158,912
[2026-06-16 04:53:41,520][finetune_logger][INFO] - Model parameters: 158,912
2026-06-16 04:53:42 - finetune_logger - INFO - Created new log file at /public/home/202411094934/python_project/Spatio-Temporal-Library/time-series/2026-06-16/itransformer/finetune20/pulse/time-series/seed_2/training_log.json
[2026-06-16 04:53:42,503][finetune_logger][INFO] - Created new log file at /public/home/202411094934/python_project/Spatio-Temporal-Library/time-series/2026-06-16/itransformer/finetune20/pulse/time-series/seed_2/training_log.json
2026-06-16 04:53:42 - finetune_logger - INFO - Starting training...
[2026-06-16 04:53:42,503][finetune_logger][INFO] - Starting training...
2026-06-16 04:53:42 - finetune_logger - INFO - Epoch 1/20
[2026-06-16 04:53:42,503][finetune_logger][INFO] - Epoch 1/20
2026-06-16 04:57:07 - finetune_logger - INFO - Train loss: 0.034683052034389296
[2026-06-16 04:57:07,921][finetune_logger][INFO] - Train loss: 0.034683052034389296
2026-06-16 04:57:07 - finetune_logger - INFO - Train time: 205.4173834323883s
[2026-06-16 04:57:07,921][finetune_logger][INFO] - Train time: 205.4173834323883s
2026-06-16 04:57:07 - finetune_logger - INFO - Train memory reserved: 24.00 MB
[2026-06-16 04:57:07,921][finetune_logger][INFO] - Train memory reserved: 24.00 MB
2026-06-16 04:57:07 - finetune_logger - INFO - Train memory allocated: 18.10 MB
[2026-06-16 04:57:07,921][finetune_logger][INFO] - Train memory allocated: 18.10 MB
2026-06-16 04:57:07 - finetune_logger - INFO - Current learning rate: 0.0005
[2026-06-16 04:57:07,922][finetune_logger][INFO] - Current learning rate: 0.0005
2026-06-16 04:57:19 - finetune_logger - INFO - Validation metrics: {'MAE': 0.0331683497246152, 'RMSE': 0.17950271333869305}
[2026-06-16 04:57:19,530][finetune_logger][INFO] - Validation metrics: {'MAE': 0.0331683497246152, 'RMSE': 0.17950271333869305}
2026-06-16 04:57:19 - finetune_logger - INFO - Val time: 11.61s
[2026-06-16 04:57:19,531][finetune_logger][INFO] - Val time: 11.61s
2026-06-16 04:57:19 - finetune_logger - INFO - Val memory reserved: 24.00 MB
[2026-06-16 04:57:19,531][finetune_logger][INFO] - Val memory reserved: 24.00 MB
2026-06-16 04:57:19 - finetune_logger - INFO - Val memory allocated: 18.10 MB
[2026-06-16 04:57:19,531][finetune_logger][INFO] - Val memory allocated: 18.10 MB
2026-06-16 04:57:19 - finetune_logger - INFO - Logged epoch 1 info to /public/home/202411094934/python_project/Spatio-Temporal-Library/time-series/2026-06-16/itransformer/finetune20/pulse/time-series/seed_2/training_log.json
[2026-06-16 04:57:19,534][finetune_logger][INFO] - Logged epoch 1 info to /public/home/202411094934/python_project/Spatio-Temporal-Library/time-series/2026-06-16/itransformer/finetune20/pulse/time-series/seed_2/training_log.json
2026-06-16 04:57:19 - finetune_logger - INFO - New best model! Val loss: 0.033168
[2026-06-16 04:57:19,534][finetune_logger][INFO] - New best model! Val loss: 0.033168
2026-06-16 04:57:43 - finetune_logger - INFO - Test metrics: {'MAE': 0.033157249393863976, 'RMSE': 0.17947289743553935}
[2026-06-16 04:57:43,652][finetune_logger][INFO] - Test metrics: {'MAE': 0.033157249393863976, 'RMSE': 0.17947289743553935}
2026-06-16 04:57:43 - finetune_logger - INFO - Test time: 24.07s
[2026-06-16 04:57:43,652][finetune_logger][INFO] - Test time: 24.07s
2026-06-16 04:57:43 - finetune_logger - INFO - Test memory reserved: 24.00 MB
[2026-06-16 04:57:43,652][finetune_logger][INFO] - Test memory reserved: 24.00 MB
2026-06-16 04:57:43 - finetune_logger - INFO - Test memory allocated: 18.10 MB
[2026-06-16 04:57:43,652][finetune_logger][INFO] - Test memory allocated: 18.10 MB
2026-06-16 04:57:43 - finetune_logger - INFO - Epoch 2/20
[2026-06-16 04:57:43,653][finetune_logger][INFO] - Epoch 2/20
2026-06-16 05:01:08 - finetune_logger - INFO - Train loss: 0.03274278096738147
[2026-06-16 05:01:08,517][finetune_logger][INFO] - Train loss: 0.03274278096738147
2026-06-16 05:01:08 - finetune_logger - INFO - Train time: 204.86399793624878s
[2026-06-16 05:01:08,517][finetune_logger][INFO] - Train time: 204.86399793624878s
2026-06-16 05:01:08 - finetune_logger - INFO - Train memory reserved: 24.00 MB
[2026-06-16 05:01:08,517][finetune_logger][INFO] - Train memory reserved: 24.00 MB
2026-06-16 05:01:08 - finetune_logger - INFO - Train memory allocated: 18.10 MB
[2026-06-16 05:01:08,518][finetune_logger][INFO] - Train memory allocated: 18.10 MB
2026-06-16 05:01:08 - finetune_logger - INFO - Current learning rate: 0.0005
[2026-06-16 05:01:08,518][finetune_logger][INFO] - Current learning rate: 0.0005
2026-06-16 05:01:20 - finetune_logger - INFO - Validation metrics: {'MAE': 0.03282722852547743, 'RMSE': 0.17946729431179653}
[2026-06-16 05:01:20,153][finetune_logger][INFO] - Validation metrics: {'MAE': 0.03282722852547743, 'RMSE': 0.17946729431179653}
2026-06-16 05:01:20 - finetune_logger - INFO - Val time: 11.63s
[2026-06-16 05:01:20,153][finetune_logger][INFO] - Val time: 11.63s
2026-06-16 05:01:20 - finetune_logger - INFO - Val memory reserved: 24.00 MB
[2026-06-16 05:01:20,153][finetune_logger][INFO] - Val memory reserved: 24.00 MB
2026-06-16 05:01:20 - finetune_logger - INFO - Val memory allocated: 18.10 MB
[2026-06-16 05:01:20,153][finetune_logger][INFO] - Val memory allocated: 18.10 MB
2026-06-16 05:01:20 - finetune_logger - INFO - Logged epoch 2 info to /public/home/202411094934/python_project/Spatio-Temporal-Library/time-series/2026-06-16/itransformer/finetune20/pulse/time-series/seed_2/training_log.json
[2026-06-16 05:01:20,156][finetune_logger][INFO] - Logged epoch 2 info to /public/home/202411094934/python_project/Spatio-Temporal-Library/time-series/2026-06-16/itransformer/finetune20/pulse/time-series/seed_2/training_log.json
2026-06-16 05:01:20 - finetune_logger - INFO - New best model! Val loss: 0.032827
[2026-06-16 05:01:20,156][finetune_logger][INFO] - New best model! Val loss: 0.032827
2026-06-16 05:01:44 - finetune_logger - INFO - Test metrics: {'MAE': 0.03281612643034486, 'RMSE': 0.17943758397140566}
[2026-06-16 05:01:44,290][finetune_logger][INFO] - Test metrics: {'MAE': 0.03281612643034486, 'RMSE': 0.17943758397140566}
2026-06-16 05:01:44 - finetune_logger - INFO - Test time: 24.09s
[2026-06-16 05:01:44,290][finetune_logger][INFO] - Test time: 24.09s
2026-06-16 05:01:44 - finetune_logger - INFO - Test memory reserved: 24.00 MB
[2026-06-16 05:01:44,290][finetune_logger][INFO] - Test memory reserved: 24.00 MB
2026-06-16 05:01:44 - finetune_logger - INFO - Test memory allocated: 18.10 MB
[2026-06-16 05:01:44,290][finetune_logger][INFO] - Test memory allocated: 18.10 MB
2026-06-16 05:01:44 - finetune_logger - INFO - Epoch 3/20
[2026-06-16 05:01:44,290][finetune_logger][INFO] - Epoch 3/20
2026-06-16 05:05:08 - finetune_logger - INFO - Train loss: 0.03268645266948426
[2026-06-16 05:05:08,250][finetune_logger][INFO] - Train loss: 0.03268645266948426
2026-06-16 05:05:08 - finetune_logger - INFO - Train time: 203.95944571495056s
[2026-06-16 05:05:08,251][finetune_logger][INFO] - Train time: 203.95944571495056s
2026-06-16 05:05:08 - finetune_logger - INFO - Train memory reserved: 24.00 MB
[2026-06-16 05:05:08,251][finetune_logger][INFO] - Train memory reserved: 24.00 MB
2026-06-16 05:05:08 - finetune_logger - INFO - Train memory allocated: 18.10 MB
[2026-06-16 05:05:08,251][finetune_logger][INFO] - Train memory allocated: 18.10 MB
2026-06-16 05:05:08 - finetune_logger - INFO - Current learning rate: 0.0005
[2026-06-16 05:05:08,251][finetune_logger][INFO] - Current learning rate: 0.0005
2026-06-16 05:05:19 - finetune_logger - INFO - Validation metrics: {'MAE': 0.0328709404200399, 'RMSE': 0.17953532089647384}
[2026-06-16 05:05:19,904][finetune_logger][INFO] - Validation metrics: {'MAE': 0.0328709404200399, 'RMSE': 0.17953532089647384}
2026-06-16 05:05:19 - finetune_logger - INFO - Val time: 11.65s
[2026-06-16 05:05:19,904][finetune_logger][INFO] - Val time: 11.65s
2026-06-16 05:05:19 - finetune_logger - INFO - Val memory reserved: 24.00 MB
[2026-06-16 05:05:19,905][finetune_logger][INFO] - Val memory reserved: 24.00 MB
2026-06-16 05:05:19 - finetune_logger - INFO - Val memory allocated: 18.10 MB
[2026-06-16 05:05:19,905][finetune_logger][INFO] - Val memory allocated: 18.10 MB
2026-06-16 05:05:19 - finetune_logger - INFO - Logged epoch 3 info to /public/home/202411094934/python_project/Spatio-Temporal-Library/time-series/2026-06-16/itransformer/finetune20/pulse/time-series/seed_2/training_log.json
[2026-06-16 05:05:19,908][finetune_logger][INFO] - Logged epoch 3 info to /public/home/202411094934/python_project/Spatio-Temporal-Library/time-series/2026-06-16/itransformer/finetune20/pulse/time-series/seed_2/training_log.json
2026-06-16 05:05:44 - finetune_logger - INFO - Test metrics: {'MAE': 0.0328598262819254, 'RMSE': 0.17950547608498393}
[2026-06-16 05:05:44,015][finetune_logger][INFO] - Test metrics: {'MAE': 0.0328598262819254, 'RMSE': 0.17950547608498393}
2026-06-16 05:05:44 - finetune_logger - INFO - Test time: 24.11s
[2026-06-16 05:05:44,015][finetune_logger][INFO] - Test time: 24.11s
2026-06-16 05:05:44 - finetune_logger - INFO - Test memory reserved: 24.00 MB
[2026-06-16 05:05:44,015][finetune_logger][INFO] - Test memory reserved: 24.00 MB
2026-06-16 05:05:44 - finetune_logger - INFO - Test memory allocated: 18.10 MB
[2026-06-16 05:05:44,015][finetune_logger][INFO] - Test memory allocated: 18.10 MB
2026-06-16 05:05:44 - finetune_logger - INFO - Epoch 4/20
[2026-06-16 05:05:44,015][finetune_logger][INFO] - Epoch 4/20
2026-06-16 05:09:08 - finetune_logger - INFO - Train loss: 0.03266090017290437
[2026-06-16 05:09:08,834][finetune_logger][INFO] - Train loss: 0.03266090017290437
2026-06-16 05:09:08 - finetune_logger - INFO - Train time: 204.8176465034485s
[2026-06-16 05:09:08,834][finetune_logger][INFO] - Train time: 204.8176465034485s
2026-06-16 05:09:08 - finetune_logger - INFO - Train memory reserved: 24.00 MB
[2026-06-16 05:09:08,834][finetune_logger][INFO] - Train memory reserved: 24.00 MB
2026-06-16 05:09:08 - finetune_logger - INFO - Train memory allocated: 18.10 MB
[2026-06-16 05:09:08,834][finetune_logger][INFO] - Train memory allocated: 18.10 MB
2026-06-16 05:09:08 - finetune_logger - INFO - Current learning rate: 0.0005
[2026-06-16 05:09:08,834][finetune_logger][INFO] - Current learning rate: 0.0005
2026-06-16 05:09:20 - finetune_logger - INFO - Validation metrics: {'MAE': 0.03280369255979978, 'RMSE': 0.17950296675236616}
[2026-06-16 05:09:20,479][finetune_logger][INFO] - Validation metrics: {'MAE': 0.03280369255979978, 'RMSE': 0.17950296675236616}
2026-06-16 05:09:20 - finetune_logger - INFO - Val time: 11.64s
[2026-06-16 05:09:20,480][finetune_logger][INFO] - Val time: 11.64s
2026-06-16 05:09:20 - finetune_logger - INFO - Val memory reserved: 24.00 MB
[2026-06-16 05:09:20,480][finetune_logger][INFO] - Val memory reserved: 24.00 MB
2026-06-16 05:09:20 - finetune_logger - INFO - Val memory allocated: 18.10 MB
[2026-06-16 05:09:20,480][finetune_logger][INFO] - Val memory allocated: 18.10 MB
2026-06-16 05:09:20 - finetune_logger - INFO - Logged epoch 4 info to /public/home/202411094934/python_project/Spatio-Temporal-Library/time-series/2026-06-16/itransformer/finetune20/pulse/time-series/seed_2/training_log.json
[2026-06-16 05:09:20,483][finetune_logger][INFO] - Logged epoch 4 info to /public/home/202411094934/python_project/Spatio-Temporal-Library/time-series/2026-06-16/itransformer/finetune20/pulse/time-series/seed_2/training_log.json
2026-06-16 05:09:20 - finetune_logger - INFO - New best model! Val loss: 0.032804
[2026-06-16 05:09:20,483][finetune_logger][INFO] - New best model! Val loss: 0.032804
2026-06-16 05:09:44 - finetune_logger - INFO - Test metrics: {'MAE': 0.03279261831965066, 'RMSE': 0.17947328968821594}
[2026-06-16 05:09:44,588][finetune_logger][INFO] - Test metrics: {'MAE': 0.03279261831965066, 'RMSE': 0.17947328968821594}
2026-06-16 05:09:44 - finetune_logger - INFO - Test time: 24.06s
[2026-06-16 05:09:44,588][finetune_logger][INFO] - Test time: 24.06s
2026-06-16 05:09:44 - finetune_logger - INFO - Test memory reserved: 24.00 MB
[2026-06-16 05:09:44,588][finetune_logger][INFO] - Test memory reserved: 24.00 MB
2026-06-16 05:09:44 - finetune_logger - INFO - Test memory allocated: 18.10 MB
[2026-06-16 05:09:44,588][finetune_logger][INFO] - Test memory allocated: 18.10 MB
2026-06-16 05:09:44 - finetune_logger - INFO - Epoch 5/20
[2026-06-16 05:09:44,589][finetune_logger][INFO] - Epoch 5/20
2026-06-16 05:13:09 - finetune_logger - INFO - Train loss: 0.032644749064744856
[2026-06-16 05:13:09,165][finetune_logger][INFO] - Train loss: 0.032644749064744856
2026-06-16 05:13:09 - finetune_logger - INFO - Train time: 204.57607293128967s
[2026-06-16 05:13:09,165][finetune_logger][INFO] - Train time: 204.57607293128967s
2026-06-16 05:13:09 - finetune_logger - INFO - Train memory reserved: 24.00 MB
[2026-06-16 05:13:09,166][finetune_logger][INFO] - Train memory reserved: 24.00 MB
2026-06-16 05:13:09 - finetune_logger - INFO - Train memory allocated: 18.10 MB
[2026-06-16 05:13:09,166][finetune_logger][INFO] - Train memory allocated: 18.10 MB
2026-06-16 05:13:09 - finetune_logger - INFO - Current learning rate: 0.0005
[2026-06-16 05:13:09,166][finetune_logger][INFO] - Current learning rate: 0.0005
2026-06-16 05:13:20 - finetune_logger - INFO - Validation metrics: {'MAE': 0.0328173143004618, 'RMSE': 0.1795142548986014}
[2026-06-16 05:13:20,875][finetune_logger][INFO] - Validation metrics: {'MAE': 0.0328173143004618, 'RMSE': 0.1795142548986014}
2026-06-16 05:13:20 - finetune_logger - INFO - Val time: 11.71s
[2026-06-16 05:13:20,875][finetune_logger][INFO] - Val time: 11.71s
2026-06-16 05:13:20 - finetune_logger - INFO - Val memory reserved: 24.00 MB
[2026-06-16 05:13:20,875][finetune_logger][INFO] - Val memory reserved: 24.00 MB
2026-06-16 05:13:20 - finetune_logger - INFO - Val memory allocated: 18.10 MB
[2026-06-16 05:13:20,875][finetune_logger][INFO] - Val memory allocated: 18.10 MB
2026-06-16 05:13:20 - finetune_logger - INFO - Logged epoch 5 info to /public/home/202411094934/python_project/Spatio-Temporal-Library/time-series/2026-06-16/itransformer/finetune20/pulse/time-series/seed_2/training_log.json
[2026-06-16 05:13:20,878][finetune_logger][INFO] - Logged epoch 5 info to /public/home/202411094934/python_project/Spatio-Temporal-Library/time-series/2026-06-16/itransformer/finetune20/pulse/time-series/seed_2/training_log.json
2026-06-16 05:13:44 - finetune_logger - INFO - Test metrics: {'MAE': 0.03280621511893991, 'RMSE': 0.1794845368419685}
[2026-06-16 05:13:44,951][finetune_logger][INFO] - Test metrics: {'MAE': 0.03280621511893991, 'RMSE': 0.1794845368419685}
2026-06-16 05:13:44 - finetune_logger - INFO - Test time: 24.07s
[2026-06-16 05:13:44,951][finetune_logger][INFO] - Test time: 24.07s
2026-06-16 05:13:44 - finetune_logger - INFO - Test memory reserved: 24.00 MB
[2026-06-16 05:13:44,951][finetune_logger][INFO] - Test memory reserved: 24.00 MB
2026-06-16 05:13:44 - finetune_logger - INFO - Test memory allocated: 18.10 MB
[2026-06-16 05:13:44,951][finetune_logger][INFO] - Test memory allocated: 18.10 MB
2026-06-16 05:13:44 - finetune_logger - INFO - Epoch 6/20
[2026-06-16 05:13:44,951][finetune_logger][INFO] - Epoch 6/20
2026-06-16 05:17:09 - finetune_logger - INFO - Train loss: 0.03226838080910712
[2026-06-16 05:17:09,633][finetune_logger][INFO] - Train loss: 0.03226838080910712
2026-06-16 05:17:09 - finetune_logger - INFO - Train time: 204.68110132217407s
[2026-06-16 05:17:09,633][finetune_logger][INFO] - Train time: 204.68110132217407s
2026-06-16 05:17:09 - finetune_logger - INFO - Train memory reserved: 24.00 MB
[2026-06-16 05:17:09,633][finetune_logger][INFO] - Train memory reserved: 24.00 MB
2026-06-16 05:17:09 - finetune_logger - INFO - Train memory allocated: 18.10 MB
[2026-06-16 05:17:09,633][finetune_logger][INFO] - Train memory allocated: 18.10 MB
2026-06-16 05:17:09 - finetune_logger - INFO - Current learning rate: 0.0005
[2026-06-16 05:17:09,633][finetune_logger][INFO] - Current learning rate: 0.0005
2026-06-16 05:17:21 - finetune_logger - INFO - Validation metrics: {'MAE': 0.03196125241439452, 'RMSE': 0.17416583237726588}
[2026-06-16 05:17:21,283][finetune_logger][INFO] - Validation metrics: {'MAE': 0.03196125241439452, 'RMSE': 0.17416583237726588}
2026-06-16 05:17:21 - finetune_logger - INFO - Val time: 11.65s
[2026-06-16 05:17:21,283][finetune_logger][INFO] - Val time: 11.65s
2026-06-16 05:17:21 - finetune_logger - INFO - Val memory reserved: 24.00 MB
[2026-06-16 05:17:21,283][finetune_logger][INFO] - Val memory reserved: 24.00 MB
2026-06-16 05:17:21 - finetune_logger - INFO - Val memory allocated: 18.10 MB
[2026-06-16 05:17:21,283][finetune_logger][INFO] - Val memory allocated: 18.10 MB
2026-06-16 05:17:21 - finetune_logger - INFO - Logged epoch 6 info to /public/home/202411094934/python_project/Spatio-Temporal-Library/time-series/2026-06-16/itransformer/finetune20/pulse/time-series/seed_2/training_log.json
[2026-06-16 05:17:21,286][finetune_logger][INFO] - Logged epoch 6 info to /public/home/202411094934/python_project/Spatio-Temporal-Library/time-series/2026-06-16/itransformer/finetune20/pulse/time-series/seed_2/training_log.json
2026-06-16 05:17:21 - finetune_logger - INFO - New best model! Val loss: 0.031961
[2026-06-16 05:17:21,286][finetune_logger][INFO] - New best model! Val loss: 0.031961
2026-06-16 05:17:45 - finetune_logger - INFO - Test metrics: {'MAE': 0.03195144150639863, 'RMSE': 0.17414429403234702}
[2026-06-16 05:17:45,348][finetune_logger][INFO] - Test metrics: {'MAE': 0.03195144150639863, 'RMSE': 0.17414429403234702}
2026-06-16 05:17:45 - finetune_logger - INFO - Test time: 24.02s
[2026-06-16 05:17:45,348][finetune_logger][INFO] - Test time: 24.02s
2026-06-16 05:17:45 - finetune_logger - INFO - Test memory reserved: 24.00 MB
[2026-06-16 05:17:45,348][finetune_logger][INFO] - Test memory reserved: 24.00 MB
2026-06-16 05:17:45 - finetune_logger - INFO - Test memory allocated: 18.10 MB
[2026-06-16 05:17:45,348][finetune_logger][INFO] - Test memory allocated: 18.10 MB
2026-06-16 05:17:45 - finetune_logger - INFO - Epoch 7/20
[2026-06-16 05:17:45,348][finetune_logger][INFO] - Epoch 7/20
2026-06-16 05:21:10 - finetune_logger - INFO - Train loss: 0.03175709330511167
[2026-06-16 05:21:10,131][finetune_logger][INFO] - Train loss: 0.03175709330511167
2026-06-16 05:21:10 - finetune_logger - INFO - Train time: 204.78253746032715s
[2026-06-16 05:21:10,132][finetune_logger][INFO] - Train time: 204.78253746032715s
2026-06-16 05:21:10 - finetune_logger - INFO - Train memory reserved: 24.00 MB
[2026-06-16 05:21:10,132][finetune_logger][INFO] - Train memory reserved: 24.00 MB
2026-06-16 05:21:10 - finetune_logger - INFO - Train memory allocated: 18.10 MB
[2026-06-16 05:21:10,132][finetune_logger][INFO] - Train memory allocated: 18.10 MB
2026-06-16 05:21:10 - finetune_logger - INFO - Current learning rate: 0.0005
[2026-06-16 05:21:10,132][finetune_logger][INFO] - Current learning rate: 0.0005
2026-06-16 05:21:21 - finetune_logger - INFO - Validation metrics: {'MAE': 0.03196116727923597, 'RMSE': 0.17422694393932667}
[2026-06-16 05:21:21,768][finetune_logger][INFO] - Validation metrics: {'MAE': 0.03196116727923597, 'RMSE': 0.17422694393932667}
2026-06-16 05:21:21 - finetune_logger - INFO - Val time: 11.64s
[2026-06-16 05:21:21,768][finetune_logger][INFO] - Val time: 11.64s
2026-06-16 05:21:21 - finetune_logger - INFO - Val memory reserved: 24.00 MB
[2026-06-16 05:21:21,768][finetune_logger][INFO] - Val memory reserved: 24.00 MB
2026-06-16 05:21:21 - finetune_logger - INFO - Val memory allocated: 18.10 MB
[2026-06-16 05:21:21,768][finetune_logger][INFO] - Val memory allocated: 18.10 MB
2026-06-16 05:21:21 - finetune_logger - INFO - Logged epoch 7 info to /public/home/202411094934/python_project/Spatio-Temporal-Library/time-series/2026-06-16/itransformer/finetune20/pulse/time-series/seed_2/training_log.json
[2026-06-16 05:21:21,771][finetune_logger][INFO] - Logged epoch 7 info to /public/home/202411094934/python_project/Spatio-Temporal-Library/time-series/2026-06-16/itransformer/finetune20/pulse/time-series/seed_2/training_log.json
2026-06-16 05:21:21 - finetune_logger - INFO - New best model! Val loss: 0.031961
[2026-06-16 05:21:21,771][finetune_logger][INFO] - New best model! Val loss: 0.031961
2026-06-16 05:21:45 - finetune_logger - INFO - Test metrics: {'MAE': 0.031951349898078574, 'RMSE': 0.1742052409812824}
[2026-06-16 05:21:45,901][finetune_logger][INFO] - Test metrics: {'MAE': 0.031951349898078574, 'RMSE': 0.1742052409812824}
2026-06-16 05:21:45 - finetune_logger - INFO - Test time: 24.08s
[2026-06-16 05:21:45,901][finetune_logger][INFO] - Test time: 24.08s
2026-06-16 05:21:45 - finetune_logger - INFO - Test memory reserved: 24.00 MB
[2026-06-16 05:21:45,901][finetune_logger][INFO] - Test memory reserved: 24.00 MB
2026-06-16 05:21:45 - finetune_logger - INFO - Test memory allocated: 18.10 MB
[2026-06-16 05:21:45,901][finetune_logger][INFO] - Test memory allocated: 18.10 MB
2026-06-16 05:21:45 - finetune_logger - INFO - Epoch 8/20
[2026-06-16 05:21:45,902][finetune_logger][INFO] - Epoch 8/20
2026-06-16 05:25:10 - finetune_logger - INFO - Train loss: 0.03171502331296491
[2026-06-16 05:25:10,294][finetune_logger][INFO] - Train loss: 0.03171502331296491
2026-06-16 05:25:10 - finetune_logger - INFO - Train time: 204.39166378974915s
[2026-06-16 05:25:10,294][finetune_logger][INFO] - Train time: 204.39166378974915s
2026-06-16 05:25:10 - finetune_logger - INFO - Train memory reserved: 24.00 MB
[2026-06-16 05:25:10,294][finetune_logger][INFO] - Train memory reserved: 24.00 MB
2026-06-16 05:25:10 - finetune_logger - INFO - Train memory allocated: 18.10 MB
[2026-06-16 05:25:10,294][finetune_logger][INFO] - Train memory allocated: 18.10 MB
2026-06-16 05:25:10 - finetune_logger - INFO - Current learning rate: 0.0005
[2026-06-16 05:25:10,294][finetune_logger][INFO] - Current learning rate: 0.0005
2026-06-16 05:25:21 - finetune_logger - INFO - Validation metrics: {'MAE': 0.03184939192282439, 'RMSE': 0.17412621188471183}
[2026-06-16 05:25:21,900][finetune_logger][INFO] - Validation metrics: {'MAE': 0.03184939192282439, 'RMSE': 0.17412621188471183}
2026-06-16 05:25:21 - finetune_logger - INFO - Val time: 11.60s
[2026-06-16 05:25:21,900][finetune_logger][INFO] - Val time: 11.60s
2026-06-16 05:25:21 - finetune_logger - INFO - Val memory reserved: 24.00 MB
[2026-06-16 05:25:21,900][finetune_logger][INFO] - Val memory reserved: 24.00 MB
2026-06-16 05:25:21 - finetune_logger - INFO - Val memory allocated: 18.10 MB
[2026-06-16 05:25:21,900][finetune_logger][INFO] - Val memory allocated: 18.10 MB
2026-06-16 05:25:21 - finetune_logger - INFO - Logged epoch 8 info to /public/home/202411094934/python_project/Spatio-Temporal-Library/time-series/2026-06-16/itransformer/finetune20/pulse/time-series/seed_2/training_log.json
[2026-06-16 05:25:21,903][finetune_logger][INFO] - Logged epoch 8 info to /public/home/202411094934/python_project/Spatio-Temporal-Library/time-series/2026-06-16/itransformer/finetune20/pulse/time-series/seed_2/training_log.json
2026-06-16 05:25:21 - finetune_logger - INFO - New best model! Val loss: 0.031849
[2026-06-16 05:25:21,903][finetune_logger][INFO] - New best model! Val loss: 0.031849
2026-06-16 05:25:46 - finetune_logger - INFO - Test metrics: {'MAE': 0.03183960350098534, 'RMSE': 0.17410475684899307}
[2026-06-16 05:25:46,035][finetune_logger][INFO] - Test metrics: {'MAE': 0.03183960350098534, 'RMSE': 0.17410475684899307}
2026-06-16 05:25:46 - finetune_logger - INFO - Test time: 24.09s
[2026-06-16 05:25:46,035][finetune_logger][INFO] - Test time: 24.09s
2026-06-16 05:25:46 - finetune_logger - INFO - Test memory reserved: 24.00 MB
[2026-06-16 05:25:46,035][finetune_logger][INFO] - Test memory reserved: 24.00 MB
2026-06-16 05:25:46 - finetune_logger - INFO - Test memory allocated: 18.10 MB
[2026-06-16 05:25:46,035][finetune_logger][INFO] - Test memory allocated: 18.10 MB
2026-06-16 05:25:46 - finetune_logger - INFO - Epoch 9/20
[2026-06-16 05:25:46,035][finetune_logger][INFO] - Epoch 9/20
2026-06-16 05:29:10 - finetune_logger - INFO - Train loss: 0.031688125186891694
[2026-06-16 05:29:10,732][finetune_logger][INFO] - Train loss: 0.031688125186891694
2026-06-16 05:29:10 - finetune_logger - INFO - Train time: 204.69648599624634s
[2026-06-16 05:29:10,733][finetune_logger][INFO] - Train time: 204.69648599624634s
2026-06-16 05:29:10 - finetune_logger - INFO - Train memory reserved: 24.00 MB
[2026-06-16 05:29:10,733][finetune_logger][INFO] - Train memory reserved: 24.00 MB
2026-06-16 05:29:10 - finetune_logger - INFO - Train memory allocated: 18.10 MB
[2026-06-16 05:29:10,733][finetune_logger][INFO] - Train memory allocated: 18.10 MB
2026-06-16 05:29:10 - finetune_logger - INFO - Current learning rate: 0.0005
[2026-06-16 05:29:10,733][finetune_logger][INFO] - Current learning rate: 0.0005
2026-06-16 05:29:22 - finetune_logger - INFO - Validation metrics: {'MAE': 0.03175576727805304, 'RMSE': 0.17392972922299538}
[2026-06-16 05:29:22,335][finetune_logger][INFO] - Validation metrics: {'MAE': 0.03175576727805304, 'RMSE': 0.17392972922299538}
2026-06-16 05:29:22 - finetune_logger - INFO - Val time: 11.60s
[2026-06-16 05:29:22,335][finetune_logger][INFO] - Val time: 11.60s
2026-06-16 05:29:22 - finetune_logger - INFO - Val memory reserved: 24.00 MB
[2026-06-16 05:29:22,335][finetune_logger][INFO] - Val memory reserved: 24.00 MB
2026-06-16 05:29:22 - finetune_logger - INFO - Val memory allocated: 18.10 MB
[2026-06-16 05:29:22,335][finetune_logger][INFO] - Val memory allocated: 18.10 MB
2026-06-16 05:29:22 - finetune_logger - INFO - Logged epoch 9 info to /public/home/202411094934/python_project/Spatio-Temporal-Library/time-series/2026-06-16/itransformer/finetune20/pulse/time-series/seed_2/training_log.json
[2026-06-16 05:29:22,338][finetune_logger][INFO] - Logged epoch 9 info to /public/home/202411094934/python_project/Spatio-Temporal-Library/time-series/2026-06-16/itransformer/finetune20/pulse/time-series/seed_2/training_log.json
2026-06-16 05:29:22 - finetune_logger - INFO - New best model! Val loss: 0.031756
[2026-06-16 05:29:22,338][finetune_logger][INFO] - New best model! Val loss: 0.031756
2026-06-16 05:29:46 - finetune_logger - INFO - Test metrics: {'MAE': 0.0317461205658828, 'RMSE': 0.17390864220197888}
[2026-06-16 05:29:46,446][finetune_logger][INFO] - Test metrics: {'MAE': 0.0317461205658828, 'RMSE': 0.17390864220197888}
2026-06-16 05:29:46 - finetune_logger - INFO - Test time: 24.06s
[2026-06-16 05:29:46,446][finetune_logger][INFO] - Test time: 24.06s
2026-06-16 05:29:46 - finetune_logger - INFO - Test memory reserved: 24.00 MB
[2026-06-16 05:29:46,446][finetune_logger][INFO] - Test memory reserved: 24.00 MB
2026-06-16 05:29:46 - finetune_logger - INFO - Test memory allocated: 18.10 MB
[2026-06-16 05:29:46,447][finetune_logger][INFO] - Test memory allocated: 18.10 MB
2026-06-16 05:29:46 - finetune_logger - INFO - Epoch 10/20
[2026-06-16 05:29:46,447][finetune_logger][INFO] - Epoch 10/20
2026-06-16 05:33:10 - finetune_logger - INFO - Train loss: 0.03166687876796536
[2026-06-16 05:33:10,890][finetune_logger][INFO] - Train loss: 0.03166687876796536
2026-06-16 05:33:10 - finetune_logger - INFO - Train time: 204.44332695007324s
[2026-06-16 05:33:10,891][finetune_logger][INFO] - Train time: 204.44332695007324s
2026-06-16 05:33:10 - finetune_logger - INFO - Train memory reserved: 24.00 MB
[2026-06-16 05:33:10,891][finetune_logger][INFO] - Train memory reserved: 24.00 MB
2026-06-16 05:33:10 - finetune_logger - INFO - Train memory allocated: 18.10 MB
[2026-06-16 05:33:10,891][finetune_logger][INFO] - Train memory allocated: 18.10 MB
2026-06-16 05:33:10 - finetune_logger - INFO - Current learning rate: 0.0005
[2026-06-16 05:33:10,891][finetune_logger][INFO] - Current learning rate: 0.0005
2026-06-16 05:33:22 - finetune_logger - INFO - Validation metrics: {'MAE': 0.03180342253436327, 'RMSE': 0.17407730359658813}
[2026-06-16 05:33:22,519][finetune_logger][INFO] - Validation metrics: {'MAE': 0.03180342253436327, 'RMSE': 0.17407730359658813}
2026-06-16 05:33:22 - finetune_logger - INFO - Val time: 11.63s
[2026-06-16 05:33:22,519][finetune_logger][INFO] - Val time: 11.63s
2026-06-16 05:33:22 - finetune_logger - INFO - Val memory reserved: 24.00 MB
[2026-06-16 05:33:22,520][finetune_logger][INFO] - Val memory reserved: 24.00 MB
2026-06-16 05:33:22 - finetune_logger - INFO - Val memory allocated: 18.10 MB
[2026-06-16 05:33:22,520][finetune_logger][INFO] - Val memory allocated: 18.10 MB
2026-06-16 05:33:22 - finetune_logger - INFO - Logged epoch 10 info to /public/home/202411094934/python_project/Spatio-Temporal-Library/time-series/2026-06-16/itransformer/finetune20/pulse/time-series/seed_2/training_log.json
[2026-06-16 05:33:22,523][finetune_logger][INFO] - Logged epoch 10 info to /public/home/202411094934/python_project/Spatio-Temporal-Library/time-series/2026-06-16/itransformer/finetune20/pulse/time-series/seed_2/training_log.json
2026-06-16 05:33:46 - finetune_logger - INFO - Test metrics: {'MAE': 0.031793625019142506, 'RMSE': 0.17405589893957554}
[2026-06-16 05:33:46,484][finetune_logger][INFO] - Test metrics: {'MAE': 0.031793625019142506, 'RMSE': 0.17405589893957554}
2026-06-16 05:33:46 - finetune_logger - INFO - Test time: 23.94s
[2026-06-16 05:33:46,485][finetune_logger][INFO] - Test time: 23.94s
2026-06-16 05:33:46 - finetune_logger - INFO - Test memory reserved: 24.00 MB
[2026-06-16 05:33:46,485][finetune_logger][INFO] - Test memory reserved: 24.00 MB
2026-06-16 05:33:46 - finetune_logger - INFO - Test memory allocated: 18.10 MB
[2026-06-16 05:33:46,485][finetune_logger][INFO] - Test memory allocated: 18.10 MB
2026-06-16 05:33:46 - finetune_logger - INFO - Epoch 11/20
[2026-06-16 05:33:46,485][finetune_logger][INFO] - Epoch 11/20
2026-06-16 05:37:11 - finetune_logger - INFO - Train loss: 0.03146336687385795
[2026-06-16 05:37:11,003][finetune_logger][INFO] - Train loss: 0.03146336687385795
2026-06-16 05:37:11 - finetune_logger - INFO - Train time: 204.5173363685608s
[2026-06-16 05:37:11,003][finetune_logger][INFO] - Train time: 204.5173363685608s
2026-06-16 05:37:11 - finetune_logger - INFO - Train memory reserved: 24.00 MB
[2026-06-16 05:37:11,003][finetune_logger][INFO] - Train memory reserved: 24.00 MB
2026-06-16 05:37:11 - finetune_logger - INFO - Train memory allocated: 18.10 MB
[2026-06-16 05:37:11,003][finetune_logger][INFO] - Train memory allocated: 18.10 MB
2026-06-16 05:37:11 - finetune_logger - INFO - Current learning rate: 0.00025
[2026-06-16 05:37:11,003][finetune_logger][INFO] - Current learning rate: 0.00025
2026-06-16 05:37:22 - finetune_logger - INFO - Validation metrics: {'MAE': 0.031495308832273555, 'RMSE': 0.1739264394041882}
[2026-06-16 05:37:22,595][finetune_logger][INFO] - Validation metrics: {'MAE': 0.031495308832273555, 'RMSE': 0.1739264394041882}
2026-06-16 05:37:22 - finetune_logger - INFO - Val time: 11.59s
[2026-06-16 05:37:22,595][finetune_logger][INFO] - Val time: 11.59s
2026-06-16 05:37:22 - finetune_logger - INFO - Val memory reserved: 24.00 MB
[2026-06-16 05:37:22,595][finetune_logger][INFO] - Val memory reserved: 24.00 MB
2026-06-16 05:37:22 - finetune_logger - INFO - Val memory allocated: 18.10 MB
[2026-06-16 05:37:22,595][finetune_logger][INFO] - Val memory allocated: 18.10 MB
2026-06-16 05:37:22 - finetune_logger - INFO - Logged epoch 11 info to /public/home/202411094934/python_project/Spatio-Temporal-Library/time-series/2026-06-16/itransformer/finetune20/pulse/time-series/seed_2/training_log.json
[2026-06-16 05:37:22,598][finetune_logger][INFO] - Logged epoch 11 info to /public/home/202411094934/python_project/Spatio-Temporal-Library/time-series/2026-06-16/itransformer/finetune20/pulse/time-series/seed_2/training_log.json
2026-06-16 05:37:22 - finetune_logger - INFO - New best model! Val loss: 0.031495
[2026-06-16 05:37:22,598][finetune_logger][INFO] - New best model! Val loss: 0.031495
2026-06-16 05:37:46 - finetune_logger - INFO - Test metrics: {'MAE': 0.031485666782757944, 'RMSE': 0.17390527358012536}
[2026-06-16 05:37:46,632][finetune_logger][INFO] - Test metrics: {'MAE': 0.031485666782757944, 'RMSE': 0.17390527358012536}
2026-06-16 05:37:46 - finetune_logger - INFO - Test time: 23.99s
[2026-06-16 05:37:46,632][finetune_logger][INFO] - Test time: 23.99s
2026-06-16 05:37:46 - finetune_logger - INFO - Test memory reserved: 24.00 MB
[2026-06-16 05:37:46,632][finetune_logger][INFO] - Test memory reserved: 24.00 MB
2026-06-16 05:37:46 - finetune_logger - INFO - Test memory allocated: 18.10 MB
[2026-06-16 05:37:46,633][finetune_logger][INFO] - Test memory allocated: 18.10 MB
2026-06-16 05:37:46 - finetune_logger - INFO - Epoch 12/20
[2026-06-16 05:37:46,633][finetune_logger][INFO] - Epoch 12/20
2026-06-16 05:41:11 - finetune_logger - INFO - Train loss: 0.031454593133369256
[2026-06-16 05:41:11,286][finetune_logger][INFO] - Train loss: 0.031454593133369256
2026-06-16 05:41:11 - finetune_logger - INFO - Train time: 204.6528604030609s
[2026-06-16 05:41:11,286][finetune_logger][INFO] - Train time: 204.6528604030609s
2026-06-16 05:41:11 - finetune_logger - INFO - Train memory reserved: 24.00 MB
[2026-06-16 05:41:11,286][finetune_logger][INFO] - Train memory reserved: 24.00 MB
2026-06-16 05:41:11 - finetune_logger - INFO - Train memory allocated: 18.10 MB
[2026-06-16 05:41:11,287][finetune_logger][INFO] - Train memory allocated: 18.10 MB
2026-06-16 05:41:11 - finetune_logger - INFO - Current learning rate: 0.00025
[2026-06-16 05:41:11,287][finetune_logger][INFO] - Current learning rate: 0.00025
2026-06-16 05:41:22 - finetune_logger - INFO - Validation metrics: {'MAE': 0.031596366311810356, 'RMSE': 0.17396100226437394}
[2026-06-16 05:41:22,902][finetune_logger][INFO] - Validation metrics: {'MAE': 0.031596366311810356, 'RMSE': 0.17396100226437394}
2026-06-16 05:41:22 - finetune_logger - INFO - Val time: 11.62s
[2026-06-16 05:41:22,903][finetune_logger][INFO] - Val time: 11.62s
2026-06-16 05:41:22 - finetune_logger - INFO - Val memory reserved: 24.00 MB
[2026-06-16 05:41:22,903][finetune_logger][INFO] - Val memory reserved: 24.00 MB
2026-06-16 05:41:22 - finetune_logger - INFO - Val memory allocated: 18.10 MB
[2026-06-16 05:41:22,903][finetune_logger][INFO] - Val memory allocated: 18.10 MB
2026-06-16 05:41:22 - finetune_logger - INFO - Logged epoch 12 info to /public/home/202411094934/python_project/Spatio-Temporal-Library/time-series/2026-06-16/itransformer/finetune20/pulse/time-series/seed_2/training_log.json
[2026-06-16 05:41:22,906][finetune_logger][INFO] - Logged epoch 12 info to /public/home/202411094934/python_project/Spatio-Temporal-Library/time-series/2026-06-16/itransformer/finetune20/pulse/time-series/seed_2/training_log.json
2026-06-16 05:41:47 - finetune_logger - INFO - Test metrics: {'MAE': 0.03158672301369759, 'RMSE': 0.1739398484504986}
[2026-06-16 05:41:47,050][finetune_logger][INFO] - Test metrics: {'MAE': 0.03158672301369759, 'RMSE': 0.1739398484504986}
2026-06-16 05:41:47 - finetune_logger - INFO - Test time: 24.14s
[2026-06-16 05:41:47,050][finetune_logger][INFO] - Test time: 24.14s
2026-06-16 05:41:47 - finetune_logger - INFO - Test memory reserved: 24.00 MB
[2026-06-16 05:41:47,050][finetune_logger][INFO] - Test memory reserved: 24.00 MB
2026-06-16 05:41:47 - finetune_logger - INFO - Test memory allocated: 18.10 MB
[2026-06-16 05:41:47,050][finetune_logger][INFO] - Test memory allocated: 18.10 MB
2026-06-16 05:41:47 - finetune_logger - INFO - Epoch 13/20
[2026-06-16 05:41:47,051][finetune_logger][INFO] - Epoch 13/20
2026-06-16 05:45:11 - finetune_logger - INFO - Train loss: 0.031462035930286875
[2026-06-16 05:45:11,598][finetune_logger][INFO] - Train loss: 0.031462035930286875
2026-06-16 05:45:11 - finetune_logger - INFO - Train time: 204.54718255996704s
[2026-06-16 05:45:11,598][finetune_logger][INFO] - Train time: 204.54718255996704s
2026-06-16 05:45:11 - finetune_logger - INFO - Train memory reserved: 24.00 MB
[2026-06-16 05:45:11,599][finetune_logger][INFO] - Train memory reserved: 24.00 MB
2026-06-16 05:45:11 - finetune_logger - INFO - Train memory allocated: 18.10 MB
[2026-06-16 05:45:11,599][finetune_logger][INFO] - Train memory allocated: 18.10 MB
2026-06-16 05:45:11 - finetune_logger - INFO - Current learning rate: 0.00025
[2026-06-16 05:45:11,599][finetune_logger][INFO] - Current learning rate: 0.00025
2026-06-16 05:45:23 - finetune_logger - INFO - Validation metrics: {'MAE': 0.03158613906634219, 'RMSE': 0.17397888569017178}
[2026-06-16 05:45:23,255][finetune_logger][INFO] - Validation metrics: {'MAE': 0.03158613906634219, 'RMSE': 0.17397888569017178}
2026-06-16 05:45:23 - finetune_logger - INFO - Val time: 11.66s
[2026-06-16 05:45:23,255][finetune_logger][INFO] - Val time: 11.66s
2026-06-16 05:45:23 - finetune_logger - INFO - Val memory reserved: 24.00 MB
[2026-06-16 05:45:23,255][finetune_logger][INFO] - Val memory reserved: 24.00 MB
2026-06-16 05:45:23 - finetune_logger - INFO - Val memory allocated: 18.10 MB
[2026-06-16 05:45:23,255][finetune_logger][INFO] - Val memory allocated: 18.10 MB
2026-06-16 05:45:23 - finetune_logger - INFO - Logged epoch 13 info to /public/home/202411094934/python_project/Spatio-Temporal-Library/time-series/2026-06-16/itransformer/finetune20/pulse/time-series/seed_2/training_log.json
[2026-06-16 05:45:23,258][finetune_logger][INFO] - Logged epoch 13 info to /public/home/202411094934/python_project/Spatio-Temporal-Library/time-series/2026-06-16/itransformer/finetune20/pulse/time-series/seed_2/training_log.json
2026-06-16 05:45:47 - finetune_logger - INFO - Test metrics: {'MAE': 0.0315764188696848, 'RMSE': 0.17395774688178717}
[2026-06-16 05:45:47,283][finetune_logger][INFO] - Test metrics: {'MAE': 0.0315764188696848, 'RMSE': 0.17395774688178717}
2026-06-16 05:45:47 - finetune_logger - INFO - Test time: 24.02s
[2026-06-16 05:45:47,283][finetune_logger][INFO] - Test time: 24.02s
2026-06-16 05:45:47 - finetune_logger - INFO - Test memory reserved: 24.00 MB
[2026-06-16 05:45:47,284][finetune_logger][INFO] - Test memory reserved: 24.00 MB
2026-06-16 05:45:47 - finetune_logger - INFO - Test memory allocated: 18.10 MB
[2026-06-16 05:45:47,284][finetune_logger][INFO] - Test memory allocated: 18.10 MB
2026-06-16 05:45:47 - finetune_logger - INFO - Epoch 14/20
[2026-06-16 05:45:47,284][finetune_logger][INFO] - Epoch 14/20
2026-06-16 05:49:11 - finetune_logger - INFO - Train loss: 0.031450804413903015
[2026-06-16 05:49:11,767][finetune_logger][INFO] - Train loss: 0.031450804413903015
2026-06-16 05:49:11 - finetune_logger - INFO - Train time: 204.48220109939575s
[2026-06-16 05:49:11,767][finetune_logger][INFO] - Train time: 204.48220109939575s
2026-06-16 05:49:11 - finetune_logger - INFO - Train memory reserved: 24.00 MB
[2026-06-16 05:49:11,767][finetune_logger][INFO] - Train memory reserved: 24.00 MB
2026-06-16 05:49:11 - finetune_logger - INFO - Train memory allocated: 18.10 MB
[2026-06-16 05:49:11,767][finetune_logger][INFO] - Train memory allocated: 18.10 MB
2026-06-16 05:49:11 - finetune_logger - INFO - Current learning rate: 0.00025
[2026-06-16 05:49:11,767][finetune_logger][INFO] - Current learning rate: 0.00025
2026-06-16 05:49:23 - finetune_logger - INFO - Validation metrics: {'MAE': 0.03152082697982048, 'RMSE': 0.17387482292341758}
[2026-06-16 05:49:23,421][finetune_logger][INFO] - Validation metrics: {'MAE': 0.03152082697982048, 'RMSE': 0.17387482292341758}
2026-06-16 05:49:23 - finetune_logger - INFO - Val time: 11.65s
[2026-06-16 05:49:23,422][finetune_logger][INFO] - Val time: 11.65s
2026-06-16 05:49:23 - finetune_logger - INFO - Val memory reserved: 24.00 MB
[2026-06-16 05:49:23,422][finetune_logger][INFO] - Val memory reserved: 24.00 MB
2026-06-16 05:49:23 - finetune_logger - INFO - Val memory allocated: 18.10 MB
[2026-06-16 05:49:23,422][finetune_logger][INFO] - Val memory allocated: 18.10 MB
2026-06-16 05:49:23 - finetune_logger - INFO - Logged epoch 14 info to /public/home/202411094934/python_project/Spatio-Temporal-Library/time-series/2026-06-16/itransformer/finetune20/pulse/time-series/seed_2/training_log.json
[2026-06-16 05:49:23,425][finetune_logger][INFO] - Logged epoch 14 info to /public/home/202411094934/python_project/Spatio-Temporal-Library/time-series/2026-06-16/itransformer/finetune20/pulse/time-series/seed_2/training_log.json
2026-06-16 05:49:47 - finetune_logger - INFO - Test metrics: {'MAE': 0.03151123281282299, 'RMSE': 0.17385375156068547}
[2026-06-16 05:49:47,466][finetune_logger][INFO] - Test metrics: {'MAE': 0.03151123281282299, 'RMSE': 0.17385375156068547}
2026-06-16 05:49:47 - finetune_logger - INFO - Test time: 24.04s
[2026-06-16 05:49:47,466][finetune_logger][INFO] - Test time: 24.04s
2026-06-16 05:49:47 - finetune_logger - INFO - Test memory reserved: 24.00 MB
[2026-06-16 05:49:47,466][finetune_logger][INFO] - Test memory reserved: 24.00 MB
2026-06-16 05:49:47 - finetune_logger - INFO - Test memory allocated: 18.10 MB
[2026-06-16 05:49:47,466][finetune_logger][INFO] - Test memory allocated: 18.10 MB
2026-06-16 05:49:47 - finetune_logger - INFO - Epoch 15/20
[2026-06-16 05:49:47,467][finetune_logger][INFO] - Epoch 15/20
2026-06-16 05:53:12 - finetune_logger - INFO - Train loss: 0.0314496247846568
[2026-06-16 05:53:12,081][finetune_logger][INFO] - Train loss: 0.0314496247846568
2026-06-16 05:53:12 - finetune_logger - INFO - Train time: 204.61410784721375s
[2026-06-16 05:53:12,081][finetune_logger][INFO] - Train time: 204.61410784721375s
2026-06-16 05:53:12 - finetune_logger - INFO - Train memory reserved: 24.00 MB
[2026-06-16 05:53:12,082][finetune_logger][INFO] - Train memory reserved: 24.00 MB
2026-06-16 05:53:12 - finetune_logger - INFO - Train memory allocated: 18.10 MB
[2026-06-16 05:53:12,082][finetune_logger][INFO] - Train memory allocated: 18.10 MB
2026-06-16 05:53:12 - finetune_logger - INFO - Current learning rate: 0.00025
[2026-06-16 05:53:12,082][finetune_logger][INFO] - Current learning rate: 0.00025
2026-06-16 05:53:23 - finetune_logger - INFO - Validation metrics: {'MAE': 0.03148588703459597, 'RMSE': 0.17394903399434436}
[2026-06-16 05:53:23,719][finetune_logger][INFO] - Validation metrics: {'MAE': 0.03148588703459597, 'RMSE': 0.17394903399434436}
2026-06-16 05:53:23 - finetune_logger - INFO - Val time: 11.64s
[2026-06-16 05:53:23,719][finetune_logger][INFO] - Val time: 11.64s
2026-06-16 05:53:23 - finetune_logger - INFO - Val memory reserved: 24.00 MB
[2026-06-16 05:53:23,719][finetune_logger][INFO] - Val memory reserved: 24.00 MB
2026-06-16 05:53:23 - finetune_logger - INFO - Val memory allocated: 18.10 MB
[2026-06-16 05:53:23,719][finetune_logger][INFO] - Val memory allocated: 18.10 MB
2026-06-16 05:53:23 - finetune_logger - INFO - Logged epoch 15 info to /public/home/202411094934/python_project/Spatio-Temporal-Library/time-series/2026-06-16/itransformer/finetune20/pulse/time-series/seed_2/training_log.json
[2026-06-16 05:53:23,722][finetune_logger][INFO] - Logged epoch 15 info to /public/home/202411094934/python_project/Spatio-Temporal-Library/time-series/2026-06-16/itransformer/finetune20/pulse/time-series/seed_2/training_log.json
2026-06-16 05:53:23 - finetune_logger - INFO - New best model! Val loss: 0.031486
[2026-06-16 05:53:23,723][finetune_logger][INFO] - New best model! Val loss: 0.031486
2026-06-16 05:53:47 - finetune_logger - INFO - Test metrics: {'MAE': 0.03147626340274849, 'RMSE': 0.17392786519181697}
[2026-06-16 05:53:47,784][finetune_logger][INFO] - Test metrics: {'MAE': 0.03147626340274849, 'RMSE': 0.17392786519181697}
2026-06-16 05:53:47 - finetune_logger - INFO - Test time: 24.02s
[2026-06-16 05:53:47,784][finetune_logger][INFO] - Test time: 24.02s
2026-06-16 05:53:47 - finetune_logger - INFO - Test memory reserved: 24.00 MB
[2026-06-16 05:53:47,784][finetune_logger][INFO] - Test memory reserved: 24.00 MB
2026-06-16 05:53:47 - finetune_logger - INFO - Test memory allocated: 18.10 MB
[2026-06-16 05:53:47,784][finetune_logger][INFO] - Test memory allocated: 18.10 MB
2026-06-16 05:53:47 - finetune_logger - INFO - Epoch 16/20
[2026-06-16 05:53:47,784][finetune_logger][INFO] - Epoch 16/20
2026-06-16 05:57:12 - finetune_logger - INFO - Train loss: 0.031448711092593985
[2026-06-16 05:57:12,515][finetune_logger][INFO] - Train loss: 0.031448711092593985
2026-06-16 05:57:12 - finetune_logger - INFO - Train time: 204.72975134849548s
[2026-06-16 05:57:12,515][finetune_logger][INFO] - Train time: 204.72975134849548s
2026-06-16 05:57:12 - finetune_logger - INFO - Train memory reserved: 24.00 MB
[2026-06-16 05:57:12,515][finetune_logger][INFO] - Train memory reserved: 24.00 MB
2026-06-16 05:57:12 - finetune_logger - INFO - Train memory allocated: 18.10 MB
[2026-06-16 05:57:12,515][finetune_logger][INFO] - Train memory allocated: 18.10 MB
2026-06-16 05:57:12 - finetune_logger - INFO - Current learning rate: 0.00025
[2026-06-16 05:57:12,515][finetune_logger][INFO] - Current learning rate: 0.00025
2026-06-16 05:57:24 - finetune_logger - INFO - Validation metrics: {'MAE': 0.03150033932019089, 'RMSE': 0.17390703516758735}
[2026-06-16 05:57:24,139][finetune_logger][INFO] - Validation metrics: {'MAE': 0.03150033932019089, 'RMSE': 0.17390703516758735}
2026-06-16 05:57:24 - finetune_logger - INFO - Val time: 11.62s
[2026-06-16 05:57:24,140][finetune_logger][INFO] - Val time: 11.62s
2026-06-16 05:57:24 - finetune_logger - INFO - Val memory reserved: 24.00 MB
[2026-06-16 05:57:24,140][finetune_logger][INFO] - Val memory reserved: 24.00 MB
2026-06-16 05:57:24 - finetune_logger - INFO - Val memory allocated: 18.10 MB
[2026-06-16 05:57:24,140][finetune_logger][INFO] - Val memory allocated: 18.10 MB
2026-06-16 05:57:24 - finetune_logger - INFO - Logged epoch 16 info to /public/home/202411094934/python_project/Spatio-Temporal-Library/time-series/2026-06-16/itransformer/finetune20/pulse/time-series/seed_2/training_log.json
[2026-06-16 05:57:24,143][finetune_logger][INFO] - Logged epoch 16 info to /public/home/202411094934/python_project/Spatio-Temporal-Library/time-series/2026-06-16/itransformer/finetune20/pulse/time-series/seed_2/training_log.json
2026-06-16 05:57:48 - finetune_logger - INFO - Test metrics: {'MAE': 0.03149071366629385, 'RMSE': 0.17388589420220335}
[2026-06-16 05:57:48,499][finetune_logger][INFO] - Test metrics: {'MAE': 0.03149071366629385, 'RMSE': 0.17388589420220335}
2026-06-16 05:57:48 - finetune_logger - INFO - Test time: 24.36s
[2026-06-16 05:57:48,500][finetune_logger][INFO] - Test time: 24.36s
2026-06-16 05:57:48 - finetune_logger - INFO - Test memory reserved: 24.00 MB
[2026-06-16 05:57:48,500][finetune_logger][INFO] - Test memory reserved: 24.00 MB
2026-06-16 05:57:48 - finetune_logger - INFO - Test memory allocated: 18.10 MB
[2026-06-16 05:57:48,500][finetune_logger][INFO] - Test memory allocated: 18.10 MB
2026-06-16 05:57:48 - finetune_logger - INFO - Epoch 17/20
[2026-06-16 05:57:48,500][finetune_logger][INFO] - Epoch 17/20
2026-06-16 06:01:13 - finetune_logger - INFO - Train loss: 0.031442966636906954
[2026-06-16 06:01:13,008][finetune_logger][INFO] - Train loss: 0.031442966636906954
2026-06-16 06:01:13 - finetune_logger - INFO - Train time: 204.5075159072876s
[2026-06-16 06:01:13,008][finetune_logger][INFO] - Train time: 204.5075159072876s
2026-06-16 06:01:13 - finetune_logger - INFO - Train memory reserved: 24.00 MB
[2026-06-16 06:01:13,008][finetune_logger][INFO] - Train memory reserved: 24.00 MB
2026-06-16 06:01:13 - finetune_logger - INFO - Train memory allocated: 18.10 MB
[2026-06-16 06:01:13,009][finetune_logger][INFO] - Train memory allocated: 18.10 MB
2026-06-16 06:01:13 - finetune_logger - INFO - Current learning rate: 0.00025
[2026-06-16 06:01:13,009][finetune_logger][INFO] - Current learning rate: 0.00025
2026-06-16 06:01:24 - finetune_logger - INFO - Validation metrics: {'MAE': 0.031524715620095664, 'RMSE': 0.1739023249201412}
[2026-06-16 06:01:24,649][finetune_logger][INFO] - Validation metrics: {'MAE': 0.031524715620095664, 'RMSE': 0.1739023249201412}
2026-06-16 06:01:24 - finetune_logger - INFO - Val time: 11.64s
[2026-06-16 06:01:24,649][finetune_logger][INFO] - Val time: 11.64s
2026-06-16 06:01:24 - finetune_logger - INFO - Val memory reserved: 24.00 MB
[2026-06-16 06:01:24,649][finetune_logger][INFO] - Val memory reserved: 24.00 MB
2026-06-16 06:01:24 - finetune_logger - INFO - Val memory allocated: 18.10 MB
[2026-06-16 06:01:24,649][finetune_logger][INFO] - Val memory allocated: 18.10 MB
2026-06-16 06:01:24 - finetune_logger - INFO - Logged epoch 17 info to /public/home/202411094934/python_project/Spatio-Temporal-Library/time-series/2026-06-16/itransformer/finetune20/pulse/time-series/seed_2/training_log.json
[2026-06-16 06:01:24,652][finetune_logger][INFO] - Logged epoch 17 info to /public/home/202411094934/python_project/Spatio-Temporal-Library/time-series/2026-06-16/itransformer/finetune20/pulse/time-series/seed_2/training_log.json
2026-06-16 06:01:48 - finetune_logger - INFO - Test metrics: {'MAE': 0.0315151069420222, 'RMSE': 0.17388124647879863}
[2026-06-16 06:01:48,731][finetune_logger][INFO] - Test metrics: {'MAE': 0.0315151069420222, 'RMSE': 0.17388124647879863}
2026-06-16 06:01:48 - finetune_logger - INFO - Test time: 24.08s
[2026-06-16 06:01:48,731][finetune_logger][INFO] - Test time: 24.08s
2026-06-16 06:01:48 - finetune_logger - INFO - Test memory reserved: 24.00 MB
[2026-06-16 06:01:48,731][finetune_logger][INFO] - Test memory reserved: 24.00 MB
2026-06-16 06:01:48 - finetune_logger - INFO - Test memory allocated: 18.10 MB
[2026-06-16 06:01:48,731][finetune_logger][INFO] - Test memory allocated: 18.10 MB
2026-06-16 06:01:48 - finetune_logger - INFO - Epoch 18/20
[2026-06-16 06:01:48,731][finetune_logger][INFO] - Epoch 18/20
2026-06-16 06:05:13 - finetune_logger - INFO - Train loss: 0.03144432848409258
[2026-06-16 06:05:13,333][finetune_logger][INFO] - Train loss: 0.03144432848409258
2026-06-16 06:05:13 - finetune_logger - INFO - Train time: 204.60133576393127s
[2026-06-16 06:05:13,333][finetune_logger][INFO] - Train time: 204.60133576393127s
2026-06-16 06:05:13 - finetune_logger - INFO - Train memory reserved: 24.00 MB
[2026-06-16 06:05:13,333][finetune_logger][INFO] - Train memory reserved: 24.00 MB
2026-06-16 06:05:13 - finetune_logger - INFO - Train memory allocated: 18.10 MB
[2026-06-16 06:05:13,334][finetune_logger][INFO] - Train memory allocated: 18.10 MB
2026-06-16 06:05:13 - finetune_logger - INFO - Current learning rate: 0.00025
[2026-06-16 06:05:13,334][finetune_logger][INFO] - Current learning rate: 0.00025
2026-06-16 06:05:25 - finetune_logger - INFO - Validation metrics: {'MAE': 0.031515361067644194, 'RMSE': 0.173888594570722}
[2026-06-16 06:05:25,076][finetune_logger][INFO] - Validation metrics: {'MAE': 0.031515361067644194, 'RMSE': 0.173888594570722}
2026-06-16 06:05:25 - finetune_logger - INFO - Val time: 11.74s
[2026-06-16 06:05:25,077][finetune_logger][INFO] - Val time: 11.74s
2026-06-16 06:05:25 - finetune_logger - INFO - Val memory reserved: 24.00 MB
[2026-06-16 06:05:25,077][finetune_logger][INFO] - Val memory reserved: 24.00 MB
2026-06-16 06:05:25 - finetune_logger - INFO - Val memory allocated: 18.10 MB
[2026-06-16 06:05:25,077][finetune_logger][INFO] - Val memory allocated: 18.10 MB
2026-06-16 06:05:25 - finetune_logger - INFO - Logged epoch 18 info to /public/home/202411094934/python_project/Spatio-Temporal-Library/time-series/2026-06-16/itransformer/finetune20/pulse/time-series/seed_2/training_log.json
[2026-06-16 06:05:25,080][finetune_logger][INFO] - Logged epoch 18 info to /public/home/202411094934/python_project/Spatio-Temporal-Library/time-series/2026-06-16/itransformer/finetune20/pulse/time-series/seed_2/training_log.json
2026-06-16 06:05:49 - finetune_logger - INFO - Test metrics: {'MAE': 0.03150573603619874, 'RMSE': 0.17386752258444013}
[2026-06-16 06:05:49,091][finetune_logger][INFO] - Test metrics: {'MAE': 0.03150573603619874, 'RMSE': 0.17386752258444013}
2026-06-16 06:05:49 - finetune_logger - INFO - Test time: 24.01s
[2026-06-16 06:05:49,091][finetune_logger][INFO] - Test time: 24.01s
2026-06-16 06:05:49 - finetune_logger - INFO - Test memory reserved: 24.00 MB
[2026-06-16 06:05:49,091][finetune_logger][INFO] - Test memory reserved: 24.00 MB
2026-06-16 06:05:49 - finetune_logger - INFO - Test memory allocated: 18.10 MB
[2026-06-16 06:05:49,091][finetune_logger][INFO] - Test memory allocated: 18.10 MB
2026-06-16 06:05:49 - finetune_logger - INFO - Epoch 19/20
[2026-06-16 06:05:49,091][finetune_logger][INFO] - Epoch 19/20
2026-06-16 06:09:13 - finetune_logger - INFO - Train loss: 0.0314370696135516
[2026-06-16 06:09:13,493][finetune_logger][INFO] - Train loss: 0.0314370696135516
2026-06-16 06:09:13 - finetune_logger - INFO - Train time: 204.40132236480713s
[2026-06-16 06:09:13,493][finetune_logger][INFO] - Train time: 204.40132236480713s
2026-06-16 06:09:13 - finetune_logger - INFO - Train memory reserved: 24.00 MB
[2026-06-16 06:09:13,493][finetune_logger][INFO] - Train memory reserved: 24.00 MB
2026-06-16 06:09:13 - finetune_logger - INFO - Train memory allocated: 18.10 MB
[2026-06-16 06:09:13,494][finetune_logger][INFO] - Train memory allocated: 18.10 MB
2026-06-16 06:09:13 - finetune_logger - INFO - Current learning rate: 0.00025
[2026-06-16 06:09:13,494][finetune_logger][INFO] - Current learning rate: 0.00025
2026-06-16 06:09:25 - finetune_logger - INFO - Validation metrics: {'MAE': 0.031451693040593615, 'RMSE': 0.17386812873632937}
[2026-06-16 06:09:25,159][finetune_logger][INFO] - Validation metrics: {'MAE': 0.031451693040593615, 'RMSE': 0.17386812873632937}
2026-06-16 06:09:25 - finetune_logger - INFO - Val time: 11.66s
[2026-06-16 06:09:25,159][finetune_logger][INFO] - Val time: 11.66s
2026-06-16 06:09:25 - finetune_logger - INFO - Val memory reserved: 24.00 MB
[2026-06-16 06:09:25,159][finetune_logger][INFO] - Val memory reserved: 24.00 MB
2026-06-16 06:09:25 - finetune_logger - INFO - Val memory allocated: 18.10 MB
[2026-06-16 06:09:25,159][finetune_logger][INFO] - Val memory allocated: 18.10 MB
2026-06-16 06:09:25 - finetune_logger - INFO - Logged epoch 19 info to /public/home/202411094934/python_project/Spatio-Temporal-Library/time-series/2026-06-16/itransformer/finetune20/pulse/time-series/seed_2/training_log.json
[2026-06-16 06:09:25,163][finetune_logger][INFO] - Logged epoch 19 info to /public/home/202411094934/python_project/Spatio-Temporal-Library/time-series/2026-06-16/itransformer/finetune20/pulse/time-series/seed_2/training_log.json
2026-06-16 06:09:25 - finetune_logger - INFO - New best model! Val loss: 0.031452
[2026-06-16 06:09:25,163][finetune_logger][INFO] - New best model! Val loss: 0.031452
2026-06-16 06:09:49 - finetune_logger - INFO - Test metrics: {'MAE': 0.031442094598219096, 'RMSE': 0.17384705981301823}
[2026-06-16 06:09:49,178][finetune_logger][INFO] - Test metrics: {'MAE': 0.031442094598219096, 'RMSE': 0.17384705981301823}
2026-06-16 06:09:49 - finetune_logger - INFO - Test time: 23.97s
[2026-06-16 06:09:49,178][finetune_logger][INFO] - Test time: 23.97s
2026-06-16 06:09:49 - finetune_logger - INFO - Test memory reserved: 24.00 MB
[2026-06-16 06:09:49,179][finetune_logger][INFO] - Test memory reserved: 24.00 MB
2026-06-16 06:09:49 - finetune_logger - INFO - Test memory allocated: 18.10 MB
[2026-06-16 06:09:49,179][finetune_logger][INFO] - Test memory allocated: 18.10 MB
2026-06-16 06:09:49 - finetune_logger - INFO - Epoch 20/20
[2026-06-16 06:09:49,179][finetune_logger][INFO] - Epoch 20/20
2026-06-16 06:13:13 - finetune_logger - INFO - Train loss: 0.03143590348948836
[2026-06-16 06:13:13,706][finetune_logger][INFO] - Train loss: 0.03143590348948836
2026-06-16 06:13:13 - finetune_logger - INFO - Train time: 204.52724647521973s
[2026-06-16 06:13:13,707][finetune_logger][INFO] - Train time: 204.52724647521973s
2026-06-16 06:13:13 - finetune_logger - INFO - Train memory reserved: 24.00 MB
[2026-06-16 06:13:13,707][finetune_logger][INFO] - Train memory reserved: 24.00 MB
2026-06-16 06:13:13 - finetune_logger - INFO - Train memory allocated: 18.10 MB
[2026-06-16 06:13:13,707][finetune_logger][INFO] - Train memory allocated: 18.10 MB
2026-06-16 06:13:13 - finetune_logger - INFO - Current learning rate: 0.00025
[2026-06-16 06:13:13,707][finetune_logger][INFO] - Current learning rate: 0.00025
2026-06-16 06:13:25 - finetune_logger - INFO - Validation metrics: {'MAE': 0.03147956709721696, 'RMSE': 0.17383863229923624}
[2026-06-16 06:13:25,409][finetune_logger][INFO] - Validation metrics: {'MAE': 0.03147956709721696, 'RMSE': 0.17383863229923624}
2026-06-16 06:13:25 - finetune_logger - INFO - Val time: 11.70s
[2026-06-16 06:13:25,409][finetune_logger][INFO] - Val time: 11.70s
2026-06-16 06:13:25 - finetune_logger - INFO - Val memory reserved: 24.00 MB
[2026-06-16 06:13:25,410][finetune_logger][INFO] - Val memory reserved: 24.00 MB
2026-06-16 06:13:25 - finetune_logger - INFO - Val memory allocated: 18.10 MB
[2026-06-16 06:13:25,410][finetune_logger][INFO] - Val memory allocated: 18.10 MB
2026-06-16 06:13:25 - finetune_logger - INFO - Logged epoch 20 info to /public/home/202411094934/python_project/Spatio-Temporal-Library/time-series/2026-06-16/itransformer/finetune20/pulse/time-series/seed_2/training_log.json
[2026-06-16 06:13:25,413][finetune_logger][INFO] - Logged epoch 20 info to /public/home/202411094934/python_project/Spatio-Temporal-Library/time-series/2026-06-16/itransformer/finetune20/pulse/time-series/seed_2/training_log.json
2026-06-16 06:13:49 - finetune_logger - INFO - Test metrics: {'MAE': 0.03146999015389518, 'RMSE': 0.17381762127865705}
[2026-06-16 06:13:49,446][finetune_logger][INFO] - Test metrics: {'MAE': 0.03146999015389518, 'RMSE': 0.17381762127865705}
2026-06-16 06:13:49 - finetune_logger - INFO - Test time: 24.01s
[2026-06-16 06:13:49,447][finetune_logger][INFO] - Test time: 24.01s
2026-06-16 06:13:49 - finetune_logger - INFO - Test memory reserved: 24.00 MB
[2026-06-16 06:13:49,447][finetune_logger][INFO] - Test memory reserved: 24.00 MB
2026-06-16 06:13:49 - finetune_logger - INFO - Test memory allocated: 18.10 MB
[2026-06-16 06:13:49,447][finetune_logger][INFO] - Test memory allocated: 18.10 MB
2026-06-16 06:13:49 - finetune_logger - INFO - Training completed. Best epoch: 19, Best val loss: 0.031452
[2026-06-16 06:13:49,447][finetune_logger][INFO] - Training completed. Best epoch: 19, Best val loss: 0.031452
2026-06-16 06:13:49 - finetune_logger - INFO - Loaded checkpoint from epoch 19
[2026-06-16 06:13:49,480][finetune_logger][INFO] - Loaded checkpoint from epoch 19
2026-06-16 06:13:49 - finetune_logger - INFO - Evaluating best model on test sets...
[2026-06-16 06:13:49,480][finetune_logger][INFO] - Evaluating best model on test sets...
2026-06-16 06:14:13 - finetune_logger - INFO - Test metrics: {'MAE': 0.031442094598219096, 'RMSE': 0.17384705981301823}
[2026-06-16 06:14:13,674][finetune_logger][INFO] - Test metrics: {'MAE': 0.031442094598219096, 'RMSE': 0.17384705981301823}
2026-06-16 06:14:13 - finetune_logger - INFO - Test time: 24.19s
[2026-06-16 06:14:13,674][finetune_logger][INFO] - Test time: 24.19s
2026-06-16 06:14:13 - finetune_logger - INFO - Test memory reserved: 26.00 MB
[2026-06-16 06:14:13,675][finetune_logger][INFO] - Test memory reserved: 26.00 MB
2026-06-16 06:14:13 - finetune_logger - INFO - Test memory allocated: 18.14 MB
[2026-06-16 06:14:13,675][finetune_logger][INFO] - Test memory allocated: 18.14 MB
2026-06-16 06:14:13 - finetune_logger - INFO - Logged epoch test info to /public/home/202411094934/python_project/Spatio-Temporal-Library/time-series/2026-06-16/itransformer/finetune20/pulse/time-series/seed_2/training_log.json
[2026-06-16 06:14:13,678][finetune_logger][INFO] - Logged epoch test info to /public/home/202411094934/python_project/Spatio-Temporal-Library/time-series/2026-06-16/itransformer/finetune20/pulse/time-series/seed_2/training_log.json
2026-06-16 13:13:43 - finetune_logger - INFO - No pretrained checkpoint is provided. Finetuning from scratch.
[2026-06-16 13:13:43,420][finetune_logger][INFO] - No pretrained checkpoint is provided. Finetuning from scratch.
2026-06-16 13:13:43 - finetune_logger - INFO - Model parameters: 158,912
[2026-06-16 13:13:43,422][finetune_logger][INFO] - Model parameters: 158,912
2026-06-16 13:13:44 - finetune_logger - INFO - Log file already exists at /public/home/202411094934/python_project/Spatio-Temporal-Library/time-series/2026-06-16/itransformer/finetune20/pulse/time-series/seed_2/training_log.json, appending to it.
[2026-06-16 13:13:44,401][finetune_logger][INFO] - Log file already exists at /public/home/202411094934/python_project/Spatio-Temporal-Library/time-series/2026-06-16/itransformer/finetune20/pulse/time-series/seed_2/training_log.json, appending to it.
2026-06-16 13:13:44 - finetune_logger - INFO - Starting training...
[2026-06-16 13:13:44,401][finetune_logger][INFO] - Starting training...
2026-06-16 13:13:44 - finetune_logger - INFO - Epoch 1/20
[2026-06-16 13:13:44,401][finetune_logger][INFO] - Epoch 1/20
2026-06-16 13:17:07 - finetune_logger - INFO - Train loss: 0.034683052034389296
[2026-06-16 13:17:07,620][finetune_logger][INFO] - Train loss: 0.034683052034389296
2026-06-16 13:17:07 - finetune_logger - INFO - Train time: 203.2185890674591s
[2026-06-16 13:17:07,620][finetune_logger][INFO] - Train time: 203.2185890674591s
2026-06-16 13:17:07 - finetune_logger - INFO - Train memory reserved: 24.00 MB
[2026-06-16 13:17:07,621][finetune_logger][INFO] - Train memory reserved: 24.00 MB
2026-06-16 13:17:07 - finetune_logger - INFO - Train memory allocated: 18.10 MB
[2026-06-16 13:17:07,621][finetune_logger][INFO] - Train memory allocated: 18.10 MB
2026-06-16 13:17:07 - finetune_logger - INFO - Current learning rate: 0.0005
[2026-06-16 13:17:07,621][finetune_logger][INFO] - Current learning rate: 0.0005
2026-06-16 13:17:19 - finetune_logger - INFO - Validation metrics: {'MAE': 0.0331683497246152, 'RMSE': 0.17950271333869305}
[2026-06-16 13:17:19,269][finetune_logger][INFO] - Validation metrics: {'MAE': 0.0331683497246152, 'RMSE': 0.17950271333869305}
2026-06-16 13:17:19 - finetune_logger - INFO - Val time: 11.65s
[2026-06-16 13:17:19,269][finetune_logger][INFO] - Val time: 11.65s
2026-06-16 13:17:19 - finetune_logger - INFO - Val memory reserved: 24.00 MB
[2026-06-16 13:17:19,269][finetune_logger][INFO] - Val memory reserved: 24.00 MB
2026-06-16 13:17:19 - finetune_logger - INFO - Val memory allocated: 18.10 MB
[2026-06-16 13:17:19,270][finetune_logger][INFO] - Val memory allocated: 18.10 MB
2026-06-16 13:17:19 - finetune_logger - INFO - Logged epoch 1 info to /public/home/202411094934/python_project/Spatio-Temporal-Library/time-series/2026-06-16/itransformer/finetune20/pulse/time-series/seed_2/training_log.json
[2026-06-16 13:17:19,273][finetune_logger][INFO] - Logged epoch 1 info to /public/home/202411094934/python_project/Spatio-Temporal-Library/time-series/2026-06-16/itransformer/finetune20/pulse/time-series/seed_2/training_log.json
2026-06-16 13:17:19 - finetune_logger - INFO - New best model! Val loss: 0.033168
[2026-06-16 13:17:19,273][finetune_logger][INFO] - New best model! Val loss: 0.033168
2026-06-16 13:17:43 - finetune_logger - INFO - Test metrics: {'MAE': 0.033157249393863976, 'RMSE': 0.17947289743553935}
[2026-06-16 13:17:43,204][finetune_logger][INFO] - Test metrics: {'MAE': 0.033157249393863976, 'RMSE': 0.17947289743553935}
2026-06-16 13:17:43 - finetune_logger - INFO - Test time: 23.89s
[2026-06-16 13:17:43,204][finetune_logger][INFO] - Test time: 23.89s
2026-06-16 13:17:43 - finetune_logger - INFO - Test memory reserved: 24.00 MB
[2026-06-16 13:17:43,204][finetune_logger][INFO] - Test memory reserved: 24.00 MB
2026-06-16 13:17:43 - finetune_logger - INFO - Test memory allocated: 18.10 MB
[2026-06-16 13:17:43,205][finetune_logger][INFO] - Test memory allocated: 18.10 MB
2026-06-16 13:17:43 - finetune_logger - INFO - Epoch 2/20
[2026-06-16 13:17:43,205][finetune_logger][INFO] - Epoch 2/20
2026-06-16 13:21:06 - finetune_logger - INFO - Train loss: 0.03274278096738147
[2026-06-16 13:21:06,106][finetune_logger][INFO] - Train loss: 0.03274278096738147
2026-06-16 13:21:06 - finetune_logger - INFO - Train time: 202.90070986747742s
[2026-06-16 13:21:06,106][finetune_logger][INFO] - Train time: 202.90070986747742s
2026-06-16 13:21:06 - finetune_logger - INFO - Train memory reserved: 24.00 MB
[2026-06-16 13:21:06,106][finetune_logger][INFO] - Train memory reserved: 24.00 MB
2026-06-16 13:21:06 - finetune_logger - INFO - Train memory allocated: 18.10 MB
[2026-06-16 13:21:06,106][finetune_logger][INFO] - Train memory allocated: 18.10 MB
2026-06-16 13:21:06 - finetune_logger - INFO - Current learning rate: 0.0005
[2026-06-16 13:21:06,107][finetune_logger][INFO] - Current learning rate: 0.0005
2026-06-16 13:21:17 - finetune_logger - INFO - Validation metrics: {'MAE': 0.03282722852547743, 'RMSE': 0.17946729431179653}
[2026-06-16 13:21:17,620][finetune_logger][INFO] - Validation metrics: {'MAE': 0.03282722852547743, 'RMSE': 0.17946729431179653}
2026-06-16 13:21:17 - finetune_logger - INFO - Val time: 11.51s
[2026-06-16 13:21:17,620][finetune_logger][INFO] - Val time: 11.51s
2026-06-16 13:21:17 - finetune_logger - INFO - Val memory reserved: 24.00 MB
[2026-06-16 13:21:17,620][finetune_logger][INFO] - Val memory reserved: 24.00 MB
2026-06-16 13:21:17 - finetune_logger - INFO - Val memory allocated: 18.10 MB
[2026-06-16 13:21:17,621][finetune_logger][INFO] - Val memory allocated: 18.10 MB
2026-06-16 13:21:17 - finetune_logger - INFO - Logged epoch 2 info to /public/home/202411094934/python_project/Spatio-Temporal-Library/time-series/2026-06-16/itransformer/finetune20/pulse/time-series/seed_2/training_log.json
[2026-06-16 13:21:17,624][finetune_logger][INFO] - Logged epoch 2 info to /public/home/202411094934/python_project/Spatio-Temporal-Library/time-series/2026-06-16/itransformer/finetune20/pulse/time-series/seed_2/training_log.json
2026-06-16 13:21:17 - finetune_logger - INFO - New best model! Val loss: 0.032827
[2026-06-16 13:21:17,625][finetune_logger][INFO] - New best model! Val loss: 0.032827
2026-06-16 13:21:41 - finetune_logger - INFO - Test metrics: {'MAE': 0.03281612643034486, 'RMSE': 0.17943758397140566}
[2026-06-16 13:21:41,618][finetune_logger][INFO] - Test metrics: {'MAE': 0.03281612643034486, 'RMSE': 0.17943758397140566}
2026-06-16 13:21:41 - finetune_logger - INFO - Test time: 23.95s
[2026-06-16 13:21:41,618][finetune_logger][INFO] - Test time: 23.95s
2026-06-16 13:21:41 - finetune_logger - INFO - Test memory reserved: 24.00 MB
[2026-06-16 13:21:41,618][finetune_logger][INFO] - Test memory reserved: 24.00 MB
2026-06-16 13:21:41 - finetune_logger - INFO - Test memory allocated: 18.10 MB
[2026-06-16 13:21:41,618][finetune_logger][INFO] - Test memory allocated: 18.10 MB
2026-06-16 13:21:41 - finetune_logger - INFO - Epoch 3/20
[2026-06-16 13:21:41,618][finetune_logger][INFO] - Epoch 3/20
2026-06-16 13:25:04 - finetune_logger - INFO - Train loss: 0.03268645266948426
[2026-06-16 13:25:04,122][finetune_logger][INFO] - Train loss: 0.03268645266948426
2026-06-16 13:25:04 - finetune_logger - INFO - Train time: 202.50362610816956s
[2026-06-16 13:25:04,123][finetune_logger][INFO] - Train time: 202.50362610816956s
2026-06-16 13:25:04 - finetune_logger - INFO - Train memory reserved: 24.00 MB
[2026-06-16 13:25:04,123][finetune_logger][INFO] - Train memory reserved: 24.00 MB
2026-06-16 13:25:04 - finetune_logger - INFO - Train memory allocated: 18.10 MB
[2026-06-16 13:25:04,123][finetune_logger][INFO] - Train memory allocated: 18.10 MB
2026-06-16 13:25:04 - finetune_logger - INFO - Current learning rate: 0.0005
[2026-06-16 13:25:04,123][finetune_logger][INFO] - Current learning rate: 0.0005
2026-06-16 13:25:15 - finetune_logger - INFO - Validation metrics: {'MAE': 0.0328709404200399, 'RMSE': 0.17953532089647384}
[2026-06-16 13:25:15,644][finetune_logger][INFO] - Validation metrics: {'MAE': 0.0328709404200399, 'RMSE': 0.17953532089647384}
2026-06-16 13:25:15 - finetune_logger - INFO - Val time: 11.52s
[2026-06-16 13:25:15,644][finetune_logger][INFO] - Val time: 11.52s
2026-06-16 13:25:15 - finetune_logger - INFO - Val memory reserved: 24.00 MB
[2026-06-16 13:25:15,644][finetune_logger][INFO] - Val memory reserved: 24.00 MB
2026-06-16 13:25:15 - finetune_logger - INFO - Val memory allocated: 18.10 MB
[2026-06-16 13:25:15,644][finetune_logger][INFO] - Val memory allocated: 18.10 MB
2026-06-16 13:25:15 - finetune_logger - INFO - Logged epoch 3 info to /public/home/202411094934/python_project/Spatio-Temporal-Library/time-series/2026-06-16/itransformer/finetune20/pulse/time-series/seed_2/training_log.json
[2026-06-16 13:25:15,648][finetune_logger][INFO] - Logged epoch 3 info to /public/home/202411094934/python_project/Spatio-Temporal-Library/time-series/2026-06-16/itransformer/finetune20/pulse/time-series/seed_2/training_log.json
2026-06-16 13:25:39 - finetune_logger - INFO - Test metrics: {'MAE': 0.0328598262819254, 'RMSE': 0.17950547608498393}
[2026-06-16 13:25:39,607][finetune_logger][INFO] - Test metrics: {'MAE': 0.0328598262819254, 'RMSE': 0.17950547608498393}
2026-06-16 13:25:39 - finetune_logger - INFO - Test time: 23.96s
[2026-06-16 13:25:39,607][finetune_logger][INFO] - Test time: 23.96s
2026-06-16 13:25:39 - finetune_logger - INFO - Test memory reserved: 24.00 MB
[2026-06-16 13:25:39,608][finetune_logger][INFO] - Test memory reserved: 24.00 MB
2026-06-16 13:25:39 - finetune_logger - INFO - Test memory allocated: 18.10 MB
[2026-06-16 13:25:39,608][finetune_logger][INFO] - Test memory allocated: 18.10 MB
2026-06-16 13:25:39 - finetune_logger - INFO - Epoch 4/20
[2026-06-16 13:25:39,608][finetune_logger][INFO] - Epoch 4/20
2026-06-16 13:29:02 - finetune_logger - INFO - Train loss: 0.03266090017290437
[2026-06-16 13:29:02,632][finetune_logger][INFO] - Train loss: 0.03266090017290437
2026-06-16 13:29:02 - finetune_logger - INFO - Train time: 203.02348566055298s
[2026-06-16 13:29:02,632][finetune_logger][INFO] - Train time: 203.02348566055298s
2026-06-16 13:29:02 - finetune_logger - INFO - Train memory reserved: 24.00 MB
[2026-06-16 13:29:02,632][finetune_logger][INFO] - Train memory reserved: 24.00 MB
2026-06-16 13:29:02 - finetune_logger - INFO - Train memory allocated: 18.10 MB
[2026-06-16 13:29:02,632][finetune_logger][INFO] - Train memory allocated: 18.10 MB
2026-06-16 13:29:02 - finetune_logger - INFO - Current learning rate: 0.0005
[2026-06-16 13:29:02,632][finetune_logger][INFO] - Current learning rate: 0.0005
2026-06-16 13:29:14 - finetune_logger - INFO - Validation metrics: {'MAE': 0.03280369255979978, 'RMSE': 0.17950296675236616}
[2026-06-16 13:29:14,154][finetune_logger][INFO] - Validation metrics: {'MAE': 0.03280369255979978, 'RMSE': 0.17950296675236616}
2026-06-16 13:29:14 - finetune_logger - INFO - Val time: 11.52s
[2026-06-16 13:29:14,154][finetune_logger][INFO] - Val time: 11.52s
2026-06-16 13:29:14 - finetune_logger - INFO - Val memory reserved: 24.00 MB
[2026-06-16 13:29:14,154][finetune_logger][INFO] - Val memory reserved: 24.00 MB
2026-06-16 13:29:14 - finetune_logger - INFO - Val memory allocated: 18.10 MB
[2026-06-16 13:29:14,154][finetune_logger][INFO] - Val memory allocated: 18.10 MB
2026-06-16 13:29:14 - finetune_logger - INFO - Logged epoch 4 info to /public/home/202411094934/python_project/Spatio-Temporal-Library/time-series/2026-06-16/itransformer/finetune20/pulse/time-series/seed_2/training_log.json
[2026-06-16 13:29:14,158][finetune_logger][INFO] - Logged epoch 4 info to /public/home/202411094934/python_project/Spatio-Temporal-Library/time-series/2026-06-16/itransformer/finetune20/pulse/time-series/seed_2/training_log.json
2026-06-16 13:29:14 - finetune_logger - INFO - New best model! Val loss: 0.032804
[2026-06-16 13:29:14,158][finetune_logger][INFO] - New best model! Val loss: 0.032804
2026-06-16 13:29:38 - finetune_logger - INFO - Test metrics: {'MAE': 0.03279261831965066, 'RMSE': 0.17947328968821594}
[2026-06-16 13:29:38,035][finetune_logger][INFO] - Test metrics: {'MAE': 0.03279261831965066, 'RMSE': 0.17947328968821594}
2026-06-16 13:29:38 - finetune_logger - INFO - Test time: 23.83s
[2026-06-16 13:29:38,036][finetune_logger][INFO] - Test time: 23.83s
2026-06-16 13:29:38 - finetune_logger - INFO - Test memory reserved: 24.00 MB
[2026-06-16 13:29:38,036][finetune_logger][INFO] - Test memory reserved: 24.00 MB
2026-06-16 13:29:38 - finetune_logger - INFO - Test memory allocated: 18.10 MB
[2026-06-16 13:29:38,036][finetune_logger][INFO] - Test memory allocated: 18.10 MB
2026-06-16 13:29:38 - finetune_logger - INFO - Epoch 5/20
[2026-06-16 13:29:38,036][finetune_logger][INFO] - Epoch 5/20
2026-06-16 13:33:01 - finetune_logger - INFO - Train loss: 0.032644749064744856
[2026-06-16 13:33:01,184][finetune_logger][INFO] - Train loss: 0.032644749064744856
2026-06-16 13:33:01 - finetune_logger - INFO - Train time: 203.14700865745544s
[2026-06-16 13:33:01,184][finetune_logger][INFO] - Train time: 203.14700865745544s
2026-06-16 13:33:01 - finetune_logger - INFO - Train memory reserved: 24.00 MB
[2026-06-16 13:33:01,184][finetune_logger][INFO] - Train memory reserved: 24.00 MB
2026-06-16 13:33:01 - finetune_logger - INFO - Train memory allocated: 18.10 MB
[2026-06-16 13:33:01,184][finetune_logger][INFO] - Train memory allocated: 18.10 MB
2026-06-16 13:33:01 - finetune_logger - INFO - Current learning rate: 0.0005
[2026-06-16 13:33:01,184][finetune_logger][INFO] - Current learning rate: 0.0005
2026-06-16 13:33:12 - finetune_logger - INFO - Validation metrics: {'MAE': 0.0328173143004618, 'RMSE': 0.1795142548986014}
[2026-06-16 13:33:12,751][finetune_logger][INFO] - Validation metrics: {'MAE': 0.0328173143004618, 'RMSE': 0.1795142548986014}
2026-06-16 13:33:12 - finetune_logger - INFO - Val time: 11.57s
[2026-06-16 13:33:12,751][finetune_logger][INFO] - Val time: 11.57s
2026-06-16 13:33:12 - finetune_logger - INFO - Val memory reserved: 24.00 MB
[2026-06-16 13:33:12,751][finetune_logger][INFO] - Val memory reserved: 24.00 MB
2026-06-16 13:33:12 - finetune_logger - INFO - Val memory allocated: 18.10 MB
[2026-06-16 13:33:12,751][finetune_logger][INFO] - Val memory allocated: 18.10 MB
2026-06-16 13:33:12 - finetune_logger - INFO - Logged epoch 5 info to /public/home/202411094934/python_project/Spatio-Temporal-Library/time-series/2026-06-16/itransformer/finetune20/pulse/time-series/seed_2/training_log.json
[2026-06-16 13:33:12,755][finetune_logger][INFO] - Logged epoch 5 info to /public/home/202411094934/python_project/Spatio-Temporal-Library/time-series/2026-06-16/itransformer/finetune20/pulse/time-series/seed_2/training_log.json
2026-06-16 13:33:36 - finetune_logger - INFO - Test metrics: {'MAE': 0.03280621511893991, 'RMSE': 0.1794845368419685}
[2026-06-16 13:33:36,620][finetune_logger][INFO] - Test metrics: {'MAE': 0.03280621511893991, 'RMSE': 0.1794845368419685}
2026-06-16 13:33:36 - finetune_logger - INFO - Test time: 23.86s
[2026-06-16 13:33:36,621][finetune_logger][INFO] - Test time: 23.86s
2026-06-16 13:33:36 - finetune_logger - INFO - Test memory reserved: 24.00 MB
[2026-06-16 13:33:36,621][finetune_logger][INFO] - Test memory reserved: 24.00 MB
2026-06-16 13:33:36 - finetune_logger - INFO - Test memory allocated: 18.10 MB
[2026-06-16 13:33:36,621][finetune_logger][INFO] - Test memory allocated: 18.10 MB
2026-06-16 13:33:36 - finetune_logger - INFO - Epoch 6/20
[2026-06-16 13:33:36,621][finetune_logger][INFO] - Epoch 6/20
2026-06-16 13:36:59 - finetune_logger - INFO - Train loss: 0.03226838080910712
[2026-06-16 13:36:59,417][finetune_logger][INFO] - Train loss: 0.03226838080910712
2026-06-16 13:36:59 - finetune_logger - INFO - Train time: 202.79544305801392s
[2026-06-16 13:36:59,417][finetune_logger][INFO] - Train time: 202.79544305801392s
2026-06-16 13:36:59 - finetune_logger - INFO - Train memory reserved: 24.00 MB
[2026-06-16 13:36:59,417][finetune_logger][INFO] - Train memory reserved: 24.00 MB
2026-06-16 13:36:59 - finetune_logger - INFO - Train memory allocated: 18.10 MB
[2026-06-16 13:36:59,417][finetune_logger][INFO] - Train memory allocated: 18.10 MB
2026-06-16 13:36:59 - finetune_logger - INFO - Current learning rate: 0.0005
[2026-06-16 13:36:59,418][finetune_logger][INFO] - Current learning rate: 0.0005
2026-06-16 13:37:10 - finetune_logger - INFO - Validation metrics: {'MAE': 0.03196125241439452, 'RMSE': 0.17416583237726588}
[2026-06-16 13:37:10,953][finetune_logger][INFO] - Validation metrics: {'MAE': 0.03196125241439452, 'RMSE': 0.17416583237726588}
2026-06-16 13:37:10 - finetune_logger - INFO - Val time: 11.54s
[2026-06-16 13:37:10,953][finetune_logger][INFO] - Val time: 11.54s
2026-06-16 13:37:10 - finetune_logger - INFO - Val memory reserved: 24.00 MB
[2026-06-16 13:37:10,953][finetune_logger][INFO] - Val memory reserved: 24.00 MB
2026-06-16 13:37:10 - finetune_logger - INFO - Val memory allocated: 18.10 MB
[2026-06-16 13:37:10,954][finetune_logger][INFO] - Val memory allocated: 18.10 MB
2026-06-16 13:37:10 - finetune_logger - INFO - Logged epoch 6 info to /public/home/202411094934/python_project/Spatio-Temporal-Library/time-series/2026-06-16/itransformer/finetune20/pulse/time-series/seed_2/training_log.json
[2026-06-16 13:37:10,957][finetune_logger][INFO] - Logged epoch 6 info to /public/home/202411094934/python_project/Spatio-Temporal-Library/time-series/2026-06-16/itransformer/finetune20/pulse/time-series/seed_2/training_log.json
2026-06-16 13:37:10 - finetune_logger - INFO - New best model! Val loss: 0.031961
[2026-06-16 13:37:10,958][finetune_logger][INFO] - New best model! Val loss: 0.031961
2026-06-16 13:37:34 - finetune_logger - INFO - Test metrics: {'MAE': 0.03195144150639863, 'RMSE': 0.17414429403234702}
[2026-06-16 13:37:34,889][finetune_logger][INFO] - Test metrics: {'MAE': 0.03195144150639863, 'RMSE': 0.17414429403234702}
2026-06-16 13:37:34 - finetune_logger - INFO - Test time: 23.88s
[2026-06-16 13:37:34,889][finetune_logger][INFO] - Test time: 23.88s
2026-06-16 13:37:34 - finetune_logger - INFO - Test memory reserved: 24.00 MB
[2026-06-16 13:37:34,889][finetune_logger][INFO] - Test memory reserved: 24.00 MB
2026-06-16 13:37:34 - finetune_logger - INFO - Test memory allocated: 18.10 MB
[2026-06-16 13:37:34,889][finetune_logger][INFO] - Test memory allocated: 18.10 MB
2026-06-16 13:37:34 - finetune_logger - INFO - Epoch 7/20
[2026-06-16 13:37:34,889][finetune_logger][INFO] - Epoch 7/20
2026-06-16 13:40:57 - finetune_logger - INFO - Train loss: 0.03175709330511167
[2026-06-16 13:40:57,660][finetune_logger][INFO] - Train loss: 0.03175709330511167
2026-06-16 13:40:57 - finetune_logger - INFO - Train time: 202.77028441429138s
[2026-06-16 13:40:57,660][finetune_logger][INFO] - Train time: 202.77028441429138s
2026-06-16 13:40:57 - finetune_logger - INFO - Train memory reserved: 24.00 MB
[2026-06-16 13:40:57,661][finetune_logger][INFO] - Train memory reserved: 24.00 MB
2026-06-16 13:40:57 - finetune_logger - INFO - Train memory allocated: 18.10 MB
[2026-06-16 13:40:57,661][finetune_logger][INFO] - Train memory allocated: 18.10 MB
2026-06-16 13:40:57 - finetune_logger - INFO - Current learning rate: 0.0005
[2026-06-16 13:40:57,661][finetune_logger][INFO] - Current learning rate: 0.0005
2026-06-16 13:41:09 - finetune_logger - INFO - Validation metrics: {'MAE': 0.03196116727923597, 'RMSE': 0.17422694393932667}
[2026-06-16 13:41:09,232][finetune_logger][INFO] - Validation metrics: {'MAE': 0.03196116727923597, 'RMSE': 0.17422694393932667}
2026-06-16 13:41:09 - finetune_logger - INFO - Val time: 11.57s
[2026-06-16 13:41:09,232][finetune_logger][INFO] - Val time: 11.57s
2026-06-16 13:41:09 - finetune_logger - INFO - Val memory reserved: 24.00 MB
[2026-06-16 13:41:09,232][finetune_logger][INFO] - Val memory reserved: 24.00 MB
2026-06-16 13:41:09 - finetune_logger - INFO - Val memory allocated: 18.10 MB
[2026-06-16 13:41:09,232][finetune_logger][INFO] - Val memory allocated: 18.10 MB
2026-06-16 13:41:09 - finetune_logger - INFO - Logged epoch 7 info to /public/home/202411094934/python_project/Spatio-Temporal-Library/time-series/2026-06-16/itransformer/finetune20/pulse/time-series/seed_2/training_log.json
[2026-06-16 13:41:09,236][finetune_logger][INFO] - Logged epoch 7 info to /public/home/202411094934/python_project/Spatio-Temporal-Library/time-series/2026-06-16/itransformer/finetune20/pulse/time-series/seed_2/training_log.json
2026-06-16 13:41:09 - finetune_logger - INFO - New best model! Val loss: 0.031961
[2026-06-16 13:41:09,236][finetune_logger][INFO] - New best model! Val loss: 0.031961
2026-06-16 13:41:33 - finetune_logger - INFO - Test metrics: {'MAE': 0.031951349898078574, 'RMSE': 0.1742052409812824}
[2026-06-16 13:41:33,200][finetune_logger][INFO] - Test metrics: {'MAE': 0.031951349898078574, 'RMSE': 0.1742052409812824}
2026-06-16 13:41:33 - finetune_logger - INFO - Test time: 23.92s
[2026-06-16 13:41:33,200][finetune_logger][INFO] - Test time: 23.92s
2026-06-16 13:41:33 - finetune_logger - INFO - Test memory reserved: 24.00 MB
[2026-06-16 13:41:33,200][finetune_logger][INFO] - Test memory reserved: 24.00 MB
2026-06-16 13:41:33 - finetune_logger - INFO - Test memory allocated: 18.10 MB
[2026-06-16 13:41:33,200][finetune_logger][INFO] - Test memory allocated: 18.10 MB
2026-06-16 13:41:33 - finetune_logger - INFO - Epoch 8/20
[2026-06-16 13:41:33,200][finetune_logger][INFO] - Epoch 8/20
2026-06-16 13:44:55 - finetune_logger - INFO - Train loss: 0.03171502331296491
[2026-06-16 13:44:55,833][finetune_logger][INFO] - Train loss: 0.03171502331296491
2026-06-16 13:44:55 - finetune_logger - INFO - Train time: 202.63251519203186s
[2026-06-16 13:44:55,834][finetune_logger][INFO] - Train time: 202.63251519203186s
2026-06-16 13:44:55 - finetune_logger - INFO - Train memory reserved: 24.00 MB
[2026-06-16 13:44:55,834][finetune_logger][INFO] - Train memory reserved: 24.00 MB
2026-06-16 13:44:55 - finetune_logger - INFO - Train memory allocated: 18.10 MB
[2026-06-16 13:44:55,834][finetune_logger][INFO] - Train memory allocated: 18.10 MB
2026-06-16 13:44:55 - finetune_logger - INFO - Current learning rate: 0.0005
[2026-06-16 13:44:55,834][finetune_logger][INFO] - Current learning rate: 0.0005
2026-06-16 13:45:07 - finetune_logger - INFO - Validation metrics: {'MAE': 0.03184939192282439, 'RMSE': 0.17412621188471183}
[2026-06-16 13:45:07,376][finetune_logger][INFO] - Validation metrics: {'MAE': 0.03184939192282439, 'RMSE': 0.17412621188471183}
2026-06-16 13:45:07 - finetune_logger - INFO - Val time: 11.54s
[2026-06-16 13:45:07,376][finetune_logger][INFO] - Val time: 11.54s
2026-06-16 13:45:07 - finetune_logger - INFO - Val memory reserved: 24.00 MB
[2026-06-16 13:45:07,376][finetune_logger][INFO] - Val memory reserved: 24.00 MB
2026-06-16 13:45:07 - finetune_logger - INFO - Val memory allocated: 18.10 MB
[2026-06-16 13:45:07,376][finetune_logger][INFO] - Val memory allocated: 18.10 MB
2026-06-16 13:45:07 - finetune_logger - INFO - Logged epoch 8 info to /public/home/202411094934/python_project/Spatio-Temporal-Library/time-series/2026-06-16/itransformer/finetune20/pulse/time-series/seed_2/training_log.json
[2026-06-16 13:45:07,380][finetune_logger][INFO] - Logged epoch 8 info to /public/home/202411094934/python_project/Spatio-Temporal-Library/time-series/2026-06-16/itransformer/finetune20/pulse/time-series/seed_2/training_log.json
2026-06-16 13:45:07 - finetune_logger - INFO - New best model! Val loss: 0.031849
[2026-06-16 13:45:07,380][finetune_logger][INFO] - New best model! Val loss: 0.031849
2026-06-16 13:45:31 - finetune_logger - INFO - Test metrics: {'MAE': 0.03183960350098534, 'RMSE': 0.17410475684899307}
[2026-06-16 13:45:31,333][finetune_logger][INFO] - Test metrics: {'MAE': 0.03183960350098534, 'RMSE': 0.17410475684899307}
2026-06-16 13:45:31 - finetune_logger - INFO - Test time: 23.91s
[2026-06-16 13:45:31,333][finetune_logger][INFO] - Test time: 23.91s
2026-06-16 13:45:31 - finetune_logger - INFO - Test memory reserved: 24.00 MB
[2026-06-16 13:45:31,333][finetune_logger][INFO] - Test memory reserved: 24.00 MB
2026-06-16 13:45:31 - finetune_logger - INFO - Test memory allocated: 18.10 MB
[2026-06-16 13:45:31,333][finetune_logger][INFO] - Test memory allocated: 18.10 MB
2026-06-16 13:45:31 - finetune_logger - INFO - Epoch 9/20
[2026-06-16 13:45:31,333][finetune_logger][INFO] - Epoch 9/20
2026-06-16 13:48:54 - finetune_logger - INFO - Train loss: 0.031688125186891694
[2026-06-16 13:48:54,112][finetune_logger][INFO] - Train loss: 0.031688125186891694
2026-06-16 13:48:54 - finetune_logger - INFO - Train time: 202.77829384803772s
[2026-06-16 13:48:54,112][finetune_logger][INFO] - Train time: 202.77829384803772s
2026-06-16 13:48:54 - finetune_logger - INFO - Train memory reserved: 24.00 MB
[2026-06-16 13:48:54,112][finetune_logger][INFO] - Train memory reserved: 24.00 MB
2026-06-16 13:48:54 - finetune_logger - INFO - Train memory allocated: 18.10 MB
[2026-06-16 13:48:54,113][finetune_logger][INFO] - Train memory allocated: 18.10 MB
2026-06-16 13:48:54 - finetune_logger - INFO - Current learning rate: 0.0005
[2026-06-16 13:48:54,113][finetune_logger][INFO] - Current learning rate: 0.0005
2026-06-16 13:49:05 - finetune_logger - INFO - Validation metrics: {'MAE': 0.03175576727805304, 'RMSE': 0.17392972922299538}
[2026-06-16 13:49:05,645][finetune_logger][INFO] - Validation metrics: {'MAE': 0.03175576727805304, 'RMSE': 0.17392972922299538}
2026-06-16 13:49:05 - finetune_logger - INFO - Val time: 11.53s
[2026-06-16 13:49:05,645][finetune_logger][INFO] - Val time: 11.53s
2026-06-16 13:49:05 - finetune_logger - INFO - Val memory reserved: 24.00 MB
[2026-06-16 13:49:05,645][finetune_logger][INFO] - Val memory reserved: 24.00 MB
2026-06-16 13:49:05 - finetune_logger - INFO - Val memory allocated: 18.10 MB
[2026-06-16 13:49:05,645][finetune_logger][INFO] - Val memory allocated: 18.10 MB
2026-06-16 13:49:05 - finetune_logger - INFO - Logged epoch 9 info to /public/home/202411094934/python_project/Spatio-Temporal-Library/time-series/2026-06-16/itransformer/finetune20/pulse/time-series/seed_2/training_log.json
[2026-06-16 13:49:05,649][finetune_logger][INFO] - Logged epoch 9 info to /public/home/202411094934/python_project/Spatio-Temporal-Library/time-series/2026-06-16/itransformer/finetune20/pulse/time-series/seed_2/training_log.json
2026-06-16 13:49:05 - finetune_logger - INFO - New best model! Val loss: 0.031756
[2026-06-16 13:49:05,649][finetune_logger][INFO] - New best model! Val loss: 0.031756
2026-06-16 13:49:29 - finetune_logger - INFO - Test metrics: {'MAE': 0.0317461205658828, 'RMSE': 0.17390864220197888}
[2026-06-16 13:49:29,562][finetune_logger][INFO] - Test metrics: {'MAE': 0.0317461205658828, 'RMSE': 0.17390864220197888}
2026-06-16 13:49:29 - finetune_logger - INFO - Test time: 23.87s
[2026-06-16 13:49:29,562][finetune_logger][INFO] - Test time: 23.87s
2026-06-16 13:49:29 - finetune_logger - INFO - Test memory reserved: 24.00 MB
[2026-06-16 13:49:29,563][finetune_logger][INFO] - Test memory reserved: 24.00 MB
2026-06-16 13:49:29 - finetune_logger - INFO - Test memory allocated: 18.10 MB
[2026-06-16 13:49:29,563][finetune_logger][INFO] - Test memory allocated: 18.10 MB
2026-06-16 13:49:29 - finetune_logger - INFO - Epoch 10/20
[2026-06-16 13:49:29,563][finetune_logger][INFO] - Epoch 10/20
2026-06-16 13:52:52 - finetune_logger - INFO - Train loss: 0.03166687876796536
[2026-06-16 13:52:52,495][finetune_logger][INFO] - Train loss: 0.03166687876796536
2026-06-16 13:52:52 - finetune_logger - INFO - Train time: 202.93167543411255s
[2026-06-16 13:52:52,495][finetune_logger][INFO] - Train time: 202.93167543411255s
2026-06-16 13:52:52 - finetune_logger - INFO - Train memory reserved: 24.00 MB
[2026-06-16 13:52:52,495][finetune_logger][INFO] - Train memory reserved: 24.00 MB
2026-06-16 13:52:52 - finetune_logger - INFO - Train memory allocated: 18.10 MB
[2026-06-16 13:52:52,495][finetune_logger][INFO] - Train memory allocated: 18.10 MB
2026-06-16 13:52:52 - finetune_logger - INFO - Current learning rate: 0.0005
[2026-06-16 13:52:52,496][finetune_logger][INFO] - Current learning rate: 0.0005
2026-06-16 13:53:04 - finetune_logger - INFO - Validation metrics: {'MAE': 0.03180342253436327, 'RMSE': 0.17407730359658813}
[2026-06-16 13:53:04,058][finetune_logger][INFO] - Validation metrics: {'MAE': 0.03180342253436327, 'RMSE': 0.17407730359658813}
2026-06-16 13:53:04 - finetune_logger - INFO - Val time: 11.56s
[2026-06-16 13:53:04,058][finetune_logger][INFO] - Val time: 11.56s
2026-06-16 13:53:04 - finetune_logger - INFO - Val memory reserved: 24.00 MB
[2026-06-16 13:53:04,058][finetune_logger][INFO] - Val memory reserved: 24.00 MB
2026-06-16 13:53:04 - finetune_logger - INFO - Val memory allocated: 18.10 MB
[2026-06-16 13:53:04,058][finetune_logger][INFO] - Val memory allocated: 18.10 MB
2026-06-16 13:53:04 - finetune_logger - INFO - Logged epoch 10 info to /public/home/202411094934/python_project/Spatio-Temporal-Library/time-series/2026-06-16/itransformer/finetune20/pulse/time-series/seed_2/training_log.json
[2026-06-16 13:53:04,062][finetune_logger][INFO] - Logged epoch 10 info to /public/home/202411094934/python_project/Spatio-Temporal-Library/time-series/2026-06-16/itransformer/finetune20/pulse/time-series/seed_2/training_log.json
2026-06-16 13:53:27 - finetune_logger - INFO - Test metrics: {'MAE': 0.031793625019142506, 'RMSE': 0.17405589893957554}
[2026-06-16 13:53:27,952][finetune_logger][INFO] - Test metrics: {'MAE': 0.031793625019142506, 'RMSE': 0.17405589893957554}
2026-06-16 13:53:27 - finetune_logger - INFO - Test time: 23.87s
[2026-06-16 13:53:27,952][finetune_logger][INFO] - Test time: 23.87s
2026-06-16 13:53:27 - finetune_logger - INFO - Test memory reserved: 24.00 MB
[2026-06-16 13:53:27,952][finetune_logger][INFO] - Test memory reserved: 24.00 MB
2026-06-16 13:53:27 - finetune_logger - INFO - Test memory allocated: 18.10 MB
[2026-06-16 13:53:27,952][finetune_logger][INFO] - Test memory allocated: 18.10 MB
2026-06-16 13:53:27 - finetune_logger - INFO - Epoch 11/20
[2026-06-16 13:53:27,953][finetune_logger][INFO] - Epoch 11/20
2026-06-16 13:56:50 - finetune_logger - INFO - Train loss: 0.03146336687385795
[2026-06-16 13:56:50,828][finetune_logger][INFO] - Train loss: 0.03146336687385795
2026-06-16 13:56:50 - finetune_logger - INFO - Train time: 202.87442421913147s
[2026-06-16 13:56:50,828][finetune_logger][INFO] - Train time: 202.87442421913147s
2026-06-16 13:56:50 - finetune_logger - INFO - Train memory reserved: 24.00 MB
[2026-06-16 13:56:50,828][finetune_logger][INFO] - Train memory reserved: 24.00 MB
2026-06-16 13:56:50 - finetune_logger - INFO - Train memory allocated: 18.10 MB
[2026-06-16 13:56:50,828][finetune_logger][INFO] - Train memory allocated: 18.10 MB
2026-06-16 13:56:50 - finetune_logger - INFO - Current learning rate: 0.00025
[2026-06-16 13:56:50,828][finetune_logger][INFO] - Current learning rate: 0.00025
2026-06-16 13:57:02 - finetune_logger - INFO - Validation metrics: {'MAE': 0.031495308832273555, 'RMSE': 0.1739264394041882}
[2026-06-16 13:57:02,373][finetune_logger][INFO] - Validation metrics: {'MAE': 0.031495308832273555, 'RMSE': 0.1739264394041882}
2026-06-16 13:57:02 - finetune_logger - INFO - Val time: 11.54s
[2026-06-16 13:57:02,373][finetune_logger][INFO] - Val time: 11.54s
2026-06-16 13:57:02 - finetune_logger - INFO - Val memory reserved: 24.00 MB
[2026-06-16 13:57:02,373][finetune_logger][INFO] - Val memory reserved: 24.00 MB
2026-06-16 13:57:02 - finetune_logger - INFO - Val memory allocated: 18.10 MB
[2026-06-16 13:57:02,373][finetune_logger][INFO] - Val memory allocated: 18.10 MB
2026-06-16 13:57:02 - finetune_logger - INFO - Logged epoch 11 info to /public/home/202411094934/python_project/Spatio-Temporal-Library/time-series/2026-06-16/itransformer/finetune20/pulse/time-series/seed_2/training_log.json
[2026-06-16 13:57:02,377][finetune_logger][INFO] - Logged epoch 11 info to /public/home/202411094934/python_project/Spatio-Temporal-Library/time-series/2026-06-16/itransformer/finetune20/pulse/time-series/seed_2/training_log.json
2026-06-16 13:57:02 - finetune_logger - INFO - New best model! Val loss: 0.031495
[2026-06-16 13:57:02,377][finetune_logger][INFO] - New best model! Val loss: 0.031495
2026-06-16 13:57:26 - finetune_logger - INFO - Test metrics: {'MAE': 0.031485666782757944, 'RMSE': 0.17390527358012536}
[2026-06-16 13:57:26,305][finetune_logger][INFO] - Test metrics: {'MAE': 0.031485666782757944, 'RMSE': 0.17390527358012536}
2026-06-16 13:57:26 - finetune_logger - INFO - Test time: 23.88s
[2026-06-16 13:57:26,305][finetune_logger][INFO] - Test time: 23.88s
2026-06-16 13:57:26 - finetune_logger - INFO - Test memory reserved: 24.00 MB
[2026-06-16 13:57:26,305][finetune_logger][INFO] - Test memory reserved: 24.00 MB
2026-06-16 13:57:26 - finetune_logger - INFO - Test memory allocated: 18.10 MB
[2026-06-16 13:57:26,305][finetune_logger][INFO] - Test memory allocated: 18.10 MB
2026-06-16 13:57:26 - finetune_logger - INFO - Epoch 12/20
[2026-06-16 13:57:26,306][finetune_logger][INFO] - Epoch 12/20
2026-06-16 14:00:49 - finetune_logger - INFO - Train loss: 0.031454593133369256
[2026-06-16 14:00:49,089][finetune_logger][INFO] - Train loss: 0.031454593133369256
2026-06-16 14:00:49 - finetune_logger - INFO - Train time: 202.78253960609436s
[2026-06-16 14:00:49,089][finetune_logger][INFO] - Train time: 202.78253960609436s
2026-06-16 14:00:49 - finetune_logger - INFO - Train memory reserved: 24.00 MB
[2026-06-16 14:00:49,089][finetune_logger][INFO] - Train memory reserved: 24.00 MB
2026-06-16 14:00:49 - finetune_logger - INFO - Train memory allocated: 18.10 MB
[2026-06-16 14:00:49,089][finetune_logger][INFO] - Train memory allocated: 18.10 MB
2026-06-16 14:00:49 - finetune_logger - INFO - Current learning rate: 0.00025
[2026-06-16 14:00:49,089][finetune_logger][INFO] - Current learning rate: 0.00025
2026-06-16 14:01:00 - finetune_logger - INFO - Validation metrics: {'MAE': 0.031596366311810356, 'RMSE': 0.17396100226437394}
[2026-06-16 14:01:00,675][finetune_logger][INFO] - Validation metrics: {'MAE': 0.031596366311810356, 'RMSE': 0.17396100226437394}
2026-06-16 14:01:00 - finetune_logger - INFO - Val time: 11.59s
[2026-06-16 14:01:00,675][finetune_logger][INFO] - Val time: 11.59s
2026-06-16 14:01:00 - finetune_logger - INFO - Val memory reserved: 24.00 MB
[2026-06-16 14:01:00,675][finetune_logger][INFO] - Val memory reserved: 24.00 MB
2026-06-16 14:01:00 - finetune_logger - INFO - Val memory allocated: 18.10 MB
[2026-06-16 14:01:00,675][finetune_logger][INFO] - Val memory allocated: 18.10 MB
2026-06-16 14:01:00 - finetune_logger - INFO - Logged epoch 12 info to /public/home/202411094934/python_project/Spatio-Temporal-Library/time-series/2026-06-16/itransformer/finetune20/pulse/time-series/seed_2/training_log.json
[2026-06-16 14:01:00,679][finetune_logger][INFO] - Logged epoch 12 info to /public/home/202411094934/python_project/Spatio-Temporal-Library/time-series/2026-06-16/itransformer/finetune20/pulse/time-series/seed_2/training_log.json
2026-06-16 14:01:24 - finetune_logger - INFO - Test metrics: {'MAE': 0.03158672301369759, 'RMSE': 0.1739398484504986}
[2026-06-16 14:01:24,609][finetune_logger][INFO] - Test metrics: {'MAE': 0.03158672301369759, 'RMSE': 0.1739398484504986}
2026-06-16 14:01:24 - finetune_logger - INFO - Test time: 23.93s
[2026-06-16 14:01:24,609][finetune_logger][INFO] - Test time: 23.93s
2026-06-16 14:01:24 - finetune_logger - INFO - Test memory reserved: 24.00 MB
[2026-06-16 14:01:24,609][finetune_logger][INFO] - Test memory reserved: 24.00 MB
2026-06-16 14:01:24 - finetune_logger - INFO - Test memory allocated: 18.10 MB
[2026-06-16 14:01:24,609][finetune_logger][INFO] - Test memory allocated: 18.10 MB
2026-06-16 14:01:24 - finetune_logger - INFO - Epoch 13/20
[2026-06-16 14:01:24,609][finetune_logger][INFO] - Epoch 13/20
2026-06-16 14:04:47 - finetune_logger - INFO - Train loss: 0.031462035930286875
[2026-06-16 14:04:47,337][finetune_logger][INFO] - Train loss: 0.031462035930286875
2026-06-16 14:04:47 - finetune_logger - INFO - Train time: 202.72727155685425s
[2026-06-16 14:04:47,337][finetune_logger][INFO] - Train time: 202.72727155685425s
2026-06-16 14:04:47 - finetune_logger - INFO - Train memory reserved: 24.00 MB
[2026-06-16 14:04:47,337][finetune_logger][INFO] - Train memory reserved: 24.00 MB
2026-06-16 14:04:47 - finetune_logger - INFO - Train memory allocated: 18.10 MB
[2026-06-16 14:04:47,338][finetune_logger][INFO] - Train memory allocated: 18.10 MB
2026-06-16 14:04:47 - finetune_logger - INFO - Current learning rate: 0.00025
[2026-06-16 14:04:47,338][finetune_logger][INFO] - Current learning rate: 0.00025
2026-06-16 14:04:59 - finetune_logger - INFO - Validation metrics: {'MAE': 0.03158613906634219, 'RMSE': 0.17397888569017178}
[2026-06-16 14:04:59,231][finetune_logger][INFO] - Validation metrics: {'MAE': 0.03158613906634219, 'RMSE': 0.17397888569017178}
2026-06-16 14:04:59 - finetune_logger - INFO - Val time: 11.89s
[2026-06-16 14:04:59,231][finetune_logger][INFO] - Val time: 11.89s
2026-06-16 14:04:59 - finetune_logger - INFO - Val memory reserved: 24.00 MB
[2026-06-16 14:04:59,231][finetune_logger][INFO] - Val memory reserved: 24.00 MB
2026-06-16 14:04:59 - finetune_logger - INFO - Val memory allocated: 18.10 MB
[2026-06-16 14:04:59,231][finetune_logger][INFO] - Val memory allocated: 18.10 MB
2026-06-16 14:04:59 - finetune_logger - INFO - Logged epoch 13 info to /public/home/202411094934/python_project/Spatio-Temporal-Library/time-series/2026-06-16/itransformer/finetune20/pulse/time-series/seed_2/training_log.json
[2026-06-16 14:04:59,235][finetune_logger][INFO] - Logged epoch 13 info to /public/home/202411094934/python_project/Spatio-Temporal-Library/time-series/2026-06-16/itransformer/finetune20/pulse/time-series/seed_2/training_log.json
2026-06-16 14:05:23 - finetune_logger - INFO - Test metrics: {'MAE': 0.0315764188696848, 'RMSE': 0.17395774688178717}
[2026-06-16 14:05:23,165][finetune_logger][INFO] - Test metrics: {'MAE': 0.0315764188696848, 'RMSE': 0.17395774688178717}
2026-06-16 14:05:23 - finetune_logger - INFO - Test time: 23.93s
[2026-06-16 14:05:23,165][finetune_logger][INFO] - Test time: 23.93s
2026-06-16 14:05:23 - finetune_logger - INFO - Test memory reserved: 24.00 MB
[2026-06-16 14:05:23,165][finetune_logger][INFO] - Test memory reserved: 24.00 MB
2026-06-16 14:05:23 - finetune_logger - INFO - Test memory allocated: 18.10 MB
[2026-06-16 14:05:23,165][finetune_logger][INFO] - Test memory allocated: 18.10 MB
2026-06-16 14:05:23 - finetune_logger - INFO - Epoch 14/20
[2026-06-16 14:05:23,165][finetune_logger][INFO] - Epoch 14/20
2026-06-16 14:08:46 - finetune_logger - INFO - Train loss: 0.031450804413903015
[2026-06-16 14:08:46,174][finetune_logger][INFO] - Train loss: 0.031450804413903015
2026-06-16 14:08:46 - finetune_logger - INFO - Train time: 203.0084331035614s
[2026-06-16 14:08:46,175][finetune_logger][INFO] - Train time: 203.0084331035614s
2026-06-16 14:08:46 - finetune_logger - INFO - Train memory reserved: 24.00 MB
[2026-06-16 14:08:46,175][finetune_logger][INFO] - Train memory reserved: 24.00 MB
2026-06-16 14:08:46 - finetune_logger - INFO - Train memory allocated: 18.10 MB
[2026-06-16 14:08:46,175][finetune_logger][INFO] - Train memory allocated: 18.10 MB
2026-06-16 14:08:46 - finetune_logger - INFO - Current learning rate: 0.00025
[2026-06-16 14:08:46,175][finetune_logger][INFO] - Current learning rate: 0.00025
2026-06-16 14:08:57 - finetune_logger - INFO - Validation metrics: {'MAE': 0.03152082697982048, 'RMSE': 0.17387482292341758}
[2026-06-16 14:08:57,702][finetune_logger][INFO] - Validation metrics: {'MAE': 0.03152082697982048, 'RMSE': 0.17387482292341758}
2026-06-16 14:08:57 - finetune_logger - INFO - Val time: 11.53s
[2026-06-16 14:08:57,702][finetune_logger][INFO] - Val time: 11.53s
2026-06-16 14:08:57 - finetune_logger - INFO - Val memory reserved: 24.00 MB
[2026-06-16 14:08:57,703][finetune_logger][INFO] - Val memory reserved: 24.00 MB
2026-06-16 14:08:57 - finetune_logger - INFO - Val memory allocated: 18.10 MB
[2026-06-16 14:08:57,703][finetune_logger][INFO] - Val memory allocated: 18.10 MB
2026-06-16 14:08:57 - finetune_logger - INFO - Logged epoch 14 info to /public/home/202411094934/python_project/Spatio-Temporal-Library/time-series/2026-06-16/itransformer/finetune20/pulse/time-series/seed_2/training_log.json
[2026-06-16 14:08:57,706][finetune_logger][INFO] - Logged epoch 14 info to /public/home/202411094934/python_project/Spatio-Temporal-Library/time-series/2026-06-16/itransformer/finetune20/pulse/time-series/seed_2/training_log.json
2026-06-16 14:09:21 - finetune_logger - INFO - Test metrics: {'MAE': 0.03151123281282299, 'RMSE': 0.17385375156068547}
[2026-06-16 14:09:21,606][finetune_logger][INFO] - Test metrics: {'MAE': 0.03151123281282299, 'RMSE': 0.17385375156068547}
2026-06-16 14:09:21 - finetune_logger - INFO - Test time: 23.90s
[2026-06-16 14:09:21,606][finetune_logger][INFO] - Test time: 23.90s
2026-06-16 14:09:21 - finetune_logger - INFO - Test memory reserved: 24.00 MB
[2026-06-16 14:09:21,606][finetune_logger][INFO] - Test memory reserved: 24.00 MB
2026-06-16 14:09:21 - finetune_logger - INFO - Test memory allocated: 18.10 MB
[2026-06-16 14:09:21,606][finetune_logger][INFO] - Test memory allocated: 18.10 MB
2026-06-16 14:09:21 - finetune_logger - INFO - Epoch 15/20
[2026-06-16 14:09:21,607][finetune_logger][INFO] - Epoch 15/20
2026-06-16 14:12:44 - finetune_logger - INFO - Train loss: 0.0314496247846568
[2026-06-16 14:12:44,506][finetune_logger][INFO] - Train loss: 0.0314496247846568
2026-06-16 14:12:44 - finetune_logger - INFO - Train time: 202.8993468284607s
[2026-06-16 14:12:44,507][finetune_logger][INFO] - Train time: 202.8993468284607s
2026-06-16 14:12:44 - finetune_logger - INFO - Train memory reserved: 24.00 MB
[2026-06-16 14:12:44,507][finetune_logger][INFO] - Train memory reserved: 24.00 MB
2026-06-16 14:12:44 - finetune_logger - INFO - Train memory allocated: 18.10 MB
[2026-06-16 14:12:44,507][finetune_logger][INFO] - Train memory allocated: 18.10 MB
2026-06-16 14:12:44 - finetune_logger - INFO - Current learning rate: 0.00025
[2026-06-16 14:12:44,507][finetune_logger][INFO] - Current learning rate: 0.00025
2026-06-16 14:12:56 - finetune_logger - INFO - Validation metrics: {'MAE': 0.03148588703459597, 'RMSE': 0.17394903399434436}
[2026-06-16 14:12:56,013][finetune_logger][INFO] - Validation metrics: {'MAE': 0.03148588703459597, 'RMSE': 0.17394903399434436}
2026-06-16 14:12:56 - finetune_logger - INFO - Val time: 11.51s
[2026-06-16 14:12:56,014][finetune_logger][INFO] - Val time: 11.51s
2026-06-16 14:12:56 - finetune_logger - INFO - Val memory reserved: 24.00 MB
[2026-06-16 14:12:56,014][finetune_logger][INFO] - Val memory reserved: 24.00 MB
2026-06-16 14:12:56 - finetune_logger - INFO - Val memory allocated: 18.10 MB
[2026-06-16 14:12:56,014][finetune_logger][INFO] - Val memory allocated: 18.10 MB
2026-06-16 14:12:56 - finetune_logger - INFO - Logged epoch 15 info to /public/home/202411094934/python_project/Spatio-Temporal-Library/time-series/2026-06-16/itransformer/finetune20/pulse/time-series/seed_2/training_log.json
[2026-06-16 14:12:56,017][finetune_logger][INFO] - Logged epoch 15 info to /public/home/202411094934/python_project/Spatio-Temporal-Library/time-series/2026-06-16/itransformer/finetune20/pulse/time-series/seed_2/training_log.json
2026-06-16 14:12:56 - finetune_logger - INFO - New best model! Val loss: 0.031486
[2026-06-16 14:12:56,018][finetune_logger][INFO] - New best model! Val loss: 0.031486
2026-06-16 14:13:19 - finetune_logger - INFO - Test metrics: {'MAE': 0.03147626340274849, 'RMSE': 0.17392786519181697}
[2026-06-16 14:13:19,906][finetune_logger][INFO] - Test metrics: {'MAE': 0.03147626340274849, 'RMSE': 0.17392786519181697}
2026-06-16 14:13:19 - finetune_logger - INFO - Test time: 23.84s
[2026-06-16 14:13:19,906][finetune_logger][INFO] - Test time: 23.84s
2026-06-16 14:13:19 - finetune_logger - INFO - Test memory reserved: 24.00 MB
[2026-06-16 14:13:19,907][finetune_logger][INFO] - Test memory reserved: 24.00 MB
2026-06-16 14:13:19 - finetune_logger - INFO - Test memory allocated: 18.10 MB
[2026-06-16 14:13:19,907][finetune_logger][INFO] - Test memory allocated: 18.10 MB
2026-06-16 14:13:19 - finetune_logger - INFO - Epoch 16/20
[2026-06-16 14:13:19,907][finetune_logger][INFO] - Epoch 16/20
2026-06-16 14:16:42 - finetune_logger - INFO - Train loss: 0.031448711092593985
[2026-06-16 14:16:42,961][finetune_logger][INFO] - Train loss: 0.031448711092593985
2026-06-16 14:16:42 - finetune_logger - INFO - Train time: 203.05379843711853s
[2026-06-16 14:16:42,961][finetune_logger][INFO] - Train time: 203.05379843711853s
2026-06-16 14:16:42 - finetune_logger - INFO - Train memory reserved: 24.00 MB
[2026-06-16 14:16:42,961][finetune_logger][INFO] - Train memory reserved: 24.00 MB
2026-06-16 14:16:42 - finetune_logger - INFO - Train memory allocated: 18.10 MB
[2026-06-16 14:16:42,962][finetune_logger][INFO] - Train memory allocated: 18.10 MB
2026-06-16 14:16:42 - finetune_logger - INFO - Current learning rate: 0.00025
[2026-06-16 14:16:42,962][finetune_logger][INFO] - Current learning rate: 0.00025
2026-06-16 14:16:54 - finetune_logger - INFO - Validation metrics: {'MAE': 0.03150033932019089, 'RMSE': 0.17390703516758735}
[2026-06-16 14:16:54,475][finetune_logger][INFO] - Validation metrics: {'MAE': 0.03150033932019089, 'RMSE': 0.17390703516758735}
2026-06-16 14:16:54 - finetune_logger - INFO - Val time: 11.51s
[2026-06-16 14:16:54,475][finetune_logger][INFO] - Val time: 11.51s
2026-06-16 14:16:54 - finetune_logger - INFO - Val memory reserved: 24.00 MB
[2026-06-16 14:16:54,476][finetune_logger][INFO] - Val memory reserved: 24.00 MB
2026-06-16 14:16:54 - finetune_logger - INFO - Val memory allocated: 18.10 MB
[2026-06-16 14:16:54,476][finetune_logger][INFO] - Val memory allocated: 18.10 MB
2026-06-16 14:16:54 - finetune_logger - INFO - Logged epoch 16 info to /public/home/202411094934/python_project/Spatio-Temporal-Library/time-series/2026-06-16/itransformer/finetune20/pulse/time-series/seed_2/training_log.json
[2026-06-16 14:16:54,480][finetune_logger][INFO] - Logged epoch 16 info to /public/home/202411094934/python_project/Spatio-Temporal-Library/time-series/2026-06-16/itransformer/finetune20/pulse/time-series/seed_2/training_log.json
2026-06-16 14:17:18 - finetune_logger - INFO - Test metrics: {'MAE': 0.03149071366629385, 'RMSE': 0.17388589420220335}
[2026-06-16 14:17:18,303][finetune_logger][INFO] - Test metrics: {'MAE': 0.03149071366629385, 'RMSE': 0.17388589420220335}
2026-06-16 14:17:18 - finetune_logger - INFO - Test time: 23.82s
[2026-06-16 14:17:18,303][finetune_logger][INFO] - Test time: 23.82s
2026-06-16 14:17:18 - finetune_logger - INFO - Test memory reserved: 24.00 MB
[2026-06-16 14:17:18,303][finetune_logger][INFO] - Test memory reserved: 24.00 MB
2026-06-16 14:17:18 - finetune_logger - INFO - Test memory allocated: 18.10 MB
[2026-06-16 14:17:18,304][finetune_logger][INFO] - Test memory allocated: 18.10 MB
2026-06-16 14:17:18 - finetune_logger - INFO - Epoch 17/20
[2026-06-16 14:17:18,304][finetune_logger][INFO] - Epoch 17/20
2026-06-16 14:20:41 - finetune_logger - INFO - Train loss: 0.031442966636906954
[2026-06-16 14:20:41,054][finetune_logger][INFO] - Train loss: 0.031442966636906954
2026-06-16 14:20:41 - finetune_logger - INFO - Train time: 202.74944376945496s
[2026-06-16 14:20:41,054][finetune_logger][INFO] - Train time: 202.74944376945496s
2026-06-16 14:20:41 - finetune_logger - INFO - Train memory reserved: 24.00 MB
[2026-06-16 14:20:41,054][finetune_logger][INFO] - Train memory reserved: 24.00 MB
2026-06-16 14:20:41 - finetune_logger - INFO - Train memory allocated: 18.10 MB
[2026-06-16 14:20:41,054][finetune_logger][INFO] - Train memory allocated: 18.10 MB
2026-06-16 14:20:41 - finetune_logger - INFO - Current learning rate: 0.00025
[2026-06-16 14:20:41,054][finetune_logger][INFO] - Current learning rate: 0.00025
2026-06-16 14:20:52 - finetune_logger - INFO - Validation metrics: {'MAE': 0.031524715620095664, 'RMSE': 0.1739023249201412}
[2026-06-16 14:20:52,664][finetune_logger][INFO] - Validation metrics: {'MAE': 0.031524715620095664, 'RMSE': 0.1739023249201412}
2026-06-16 14:20:52 - finetune_logger - INFO - Val time: 11.61s
[2026-06-16 14:20:52,664][finetune_logger][INFO] - Val time: 11.61s
2026-06-16 14:20:52 - finetune_logger - INFO - Val memory reserved: 24.00 MB
[2026-06-16 14:20:52,664][finetune_logger][INFO] - Val memory reserved: 24.00 MB
2026-06-16 14:20:52 - finetune_logger - INFO - Val memory allocated: 18.10 MB
[2026-06-16 14:20:52,665][finetune_logger][INFO] - Val memory allocated: 18.10 MB
2026-06-16 14:20:52 - finetune_logger - INFO - Logged epoch 17 info to /public/home/202411094934/python_project/Spatio-Temporal-Library/time-series/2026-06-16/itransformer/finetune20/pulse/time-series/seed_2/training_log.json
[2026-06-16 14:20:52,668][finetune_logger][INFO] - Logged epoch 17 info to /public/home/202411094934/python_project/Spatio-Temporal-Library/time-series/2026-06-16/itransformer/finetune20/pulse/time-series/seed_2/training_log.json
2026-06-16 14:21:16 - finetune_logger - INFO - Test metrics: {'MAE': 0.0315151069420222, 'RMSE': 0.17388124647879863}
[2026-06-16 14:21:16,648][finetune_logger][INFO] - Test metrics: {'MAE': 0.0315151069420222, 'RMSE': 0.17388124647879863}
2026-06-16 14:21:16 - finetune_logger - INFO - Test time: 23.98s
[2026-06-16 14:21:16,648][finetune_logger][INFO] - Test time: 23.98s
2026-06-16 14:21:16 - finetune_logger - INFO - Test memory reserved: 24.00 MB
[2026-06-16 14:21:16,648][finetune_logger][INFO] - Test memory reserved: 24.00 MB
2026-06-16 14:21:16 - finetune_logger - INFO - Test memory allocated: 18.10 MB
[2026-06-16 14:21:16,648][finetune_logger][INFO] - Test memory allocated: 18.10 MB
2026-06-16 14:21:16 - finetune_logger - INFO - Epoch 18/20
[2026-06-16 14:21:16,648][finetune_logger][INFO] - Epoch 18/20
2026-06-16 14:24:39 - finetune_logger - INFO - Train loss: 0.03144432848409258
[2026-06-16 14:24:39,486][finetune_logger][INFO] - Train loss: 0.03144432848409258
2026-06-16 14:24:39 - finetune_logger - INFO - Train time: 202.83743572235107s
[2026-06-16 14:24:39,487][finetune_logger][INFO] - Train time: 202.83743572235107s
2026-06-16 14:24:39 - finetune_logger - INFO - Train memory reserved: 24.00 MB
[2026-06-16 14:24:39,487][finetune_logger][INFO] - Train memory reserved: 24.00 MB
2026-06-16 14:24:39 - finetune_logger - INFO - Train memory allocated: 18.10 MB
[2026-06-16 14:24:39,487][finetune_logger][INFO] - Train memory allocated: 18.10 MB
2026-06-16 14:24:39 - finetune_logger - INFO - Current learning rate: 0.00025
[2026-06-16 14:24:39,487][finetune_logger][INFO] - Current learning rate: 0.00025
2026-06-16 14:24:51 - finetune_logger - INFO - Validation metrics: {'MAE': 0.031515361067644194, 'RMSE': 0.173888594570722}
[2026-06-16 14:24:51,028][finetune_logger][INFO] - Validation metrics: {'MAE': 0.031515361067644194, 'RMSE': 0.173888594570722}
2026-06-16 14:24:51 - finetune_logger - INFO - Val time: 11.54s
[2026-06-16 14:24:51,028][finetune_logger][INFO] - Val time: 11.54s
2026-06-16 14:24:51 - finetune_logger - INFO - Val memory reserved: 24.00 MB
[2026-06-16 14:24:51,028][finetune_logger][INFO] - Val memory reserved: 24.00 MB
2026-06-16 14:24:51 - finetune_logger - INFO - Val memory allocated: 18.10 MB
[2026-06-16 14:24:51,028][finetune_logger][INFO] - Val memory allocated: 18.10 MB
2026-06-16 14:24:51 - finetune_logger - INFO - Logged epoch 18 info to /public/home/202411094934/python_project/Spatio-Temporal-Library/time-series/2026-06-16/itransformer/finetune20/pulse/time-series/seed_2/training_log.json
[2026-06-16 14:24:51,032][finetune_logger][INFO] - Logged epoch 18 info to /public/home/202411094934/python_project/Spatio-Temporal-Library/time-series/2026-06-16/itransformer/finetune20/pulse/time-series/seed_2/training_log.json
2026-06-16 14:25:14 - finetune_logger - INFO - Test metrics: {'MAE': 0.03150573603619874, 'RMSE': 0.17386752258444013}
[2026-06-16 14:25:14,921][finetune_logger][INFO] - Test metrics: {'MAE': 0.03150573603619874, 'RMSE': 0.17386752258444013}
2026-06-16 14:25:14 - finetune_logger - INFO - Test time: 23.89s
[2026-06-16 14:25:14,921][finetune_logger][INFO] - Test time: 23.89s
2026-06-16 14:25:14 - finetune_logger - INFO - Test memory reserved: 24.00 MB
[2026-06-16 14:25:14,921][finetune_logger][INFO] - Test memory reserved: 24.00 MB
2026-06-16 14:25:14 - finetune_logger - INFO - Test memory allocated: 18.10 MB
[2026-06-16 14:25:14,921][finetune_logger][INFO] - Test memory allocated: 18.10 MB
2026-06-16 14:25:14 - finetune_logger - INFO - Epoch 19/20
[2026-06-16 14:25:14,921][finetune_logger][INFO] - Epoch 19/20
2026-06-16 14:28:38 - finetune_logger - INFO - Train loss: 0.0314370696135516
[2026-06-16 14:28:38,005][finetune_logger][INFO] - Train loss: 0.0314370696135516
2026-06-16 14:28:38 - finetune_logger - INFO - Train time: 203.08346319198608s
[2026-06-16 14:28:38,006][finetune_logger][INFO] - Train time: 203.08346319198608s
2026-06-16 14:28:38 - finetune_logger - INFO - Train memory reserved: 24.00 MB
[2026-06-16 14:28:38,006][finetune_logger][INFO] - Train memory reserved: 24.00 MB
2026-06-16 14:28:38 - finetune_logger - INFO - Train memory allocated: 18.10 MB
[2026-06-16 14:28:38,006][finetune_logger][INFO] - Train memory allocated: 18.10 MB
2026-06-16 14:28:38 - finetune_logger - INFO - Current learning rate: 0.00025
[2026-06-16 14:28:38,006][finetune_logger][INFO] - Current learning rate: 0.00025
2026-06-16 14:28:49 - finetune_logger - INFO - Validation metrics: {'MAE': 0.031451693040593615, 'RMSE': 0.17386812873632937}
[2026-06-16 14:28:49,575][finetune_logger][INFO] - Validation metrics: {'MAE': 0.031451693040593615, 'RMSE': 0.17386812873632937}
2026-06-16 14:28:49 - finetune_logger - INFO - Val time: 11.57s
[2026-06-16 14:28:49,575][finetune_logger][INFO] - Val time: 11.57s
2026-06-16 14:28:49 - finetune_logger - INFO - Val memory reserved: 24.00 MB
[2026-06-16 14:28:49,576][finetune_logger][INFO] - Val memory reserved: 24.00 MB
2026-06-16 14:28:49 - finetune_logger - INFO - Val memory allocated: 18.10 MB
[2026-06-16 14:28:49,576][finetune_logger][INFO] - Val memory allocated: 18.10 MB
2026-06-16 14:28:49 - finetune_logger - INFO - Logged epoch 19 info to /public/home/202411094934/python_project/Spatio-Temporal-Library/time-series/2026-06-16/itransformer/finetune20/pulse/time-series/seed_2/training_log.json
[2026-06-16 14:28:49,579][finetune_logger][INFO] - Logged epoch 19 info to /public/home/202411094934/python_project/Spatio-Temporal-Library/time-series/2026-06-16/itransformer/finetune20/pulse/time-series/seed_2/training_log.json
2026-06-16 14:28:49 - finetune_logger - INFO - New best model! Val loss: 0.031452
[2026-06-16 14:28:49,579][finetune_logger][INFO] - New best model! Val loss: 0.031452
2026-06-16 14:29:13 - finetune_logger - INFO - Test metrics: {'MAE': 0.031442094598219096, 'RMSE': 0.17384705981301823}
[2026-06-16 14:29:13,411][finetune_logger][INFO] - Test metrics: {'MAE': 0.031442094598219096, 'RMSE': 0.17384705981301823}
2026-06-16 14:29:13 - finetune_logger - INFO - Test time: 23.79s
[2026-06-16 14:29:13,411][finetune_logger][INFO] - Test time: 23.79s
2026-06-16 14:29:13 - finetune_logger - INFO - Test memory reserved: 24.00 MB
[2026-06-16 14:29:13,411][finetune_logger][INFO] - Test memory reserved: 24.00 MB
2026-06-16 14:29:13 - finetune_logger - INFO - Test memory allocated: 18.10 MB
[2026-06-16 14:29:13,411][finetune_logger][INFO] - Test memory allocated: 18.10 MB
2026-06-16 14:29:13 - finetune_logger - INFO - Epoch 20/20
[2026-06-16 14:29:13,411][finetune_logger][INFO] - Epoch 20/20
2026-06-16 14:32:36 - finetune_logger - INFO - Train loss: 0.03143590348948836
[2026-06-16 14:32:36,081][finetune_logger][INFO] - Train loss: 0.03143590348948836
2026-06-16 14:32:36 - finetune_logger - INFO - Train time: 202.66909456253052s
[2026-06-16 14:32:36,081][finetune_logger][INFO] - Train time: 202.66909456253052s
2026-06-16 14:32:36 - finetune_logger - INFO - Train memory reserved: 24.00 MB
[2026-06-16 14:32:36,081][finetune_logger][INFO] - Train memory reserved: 24.00 MB
2026-06-16 14:32:36 - finetune_logger - INFO - Train memory allocated: 18.10 MB
[2026-06-16 14:32:36,082][finetune_logger][INFO] - Train memory allocated: 18.10 MB
2026-06-16 14:32:36 - finetune_logger - INFO - Current learning rate: 0.00025
[2026-06-16 14:32:36,082][finetune_logger][INFO] - Current learning rate: 0.00025
2026-06-16 14:32:47 - finetune_logger - INFO - Validation metrics: {'MAE': 0.03147956709721696, 'RMSE': 0.17383863229923624}
[2026-06-16 14:32:47,620][finetune_logger][INFO] - Validation metrics: {'MAE': 0.03147956709721696, 'RMSE': 0.17383863229923624}
2026-06-16 14:32:47 - finetune_logger - INFO - Val time: 11.54s
[2026-06-16 14:32:47,621][finetune_logger][INFO] - Val time: 11.54s
2026-06-16 14:32:47 - finetune_logger - INFO - Val memory reserved: 24.00 MB
[2026-06-16 14:32:47,621][finetune_logger][INFO] - Val memory reserved: 24.00 MB
2026-06-16 14:32:47 - finetune_logger - INFO - Val memory allocated: 18.10 MB
[2026-06-16 14:32:47,621][finetune_logger][INFO] - Val memory allocated: 18.10 MB
2026-06-16 14:32:47 - finetune_logger - INFO - Logged epoch 20 info to /public/home/202411094934/python_project/Spatio-Temporal-Library/time-series/2026-06-16/itransformer/finetune20/pulse/time-series/seed_2/training_log.json
[2026-06-16 14:32:47,625][finetune_logger][INFO] - Logged epoch 20 info to /public/home/202411094934/python_project/Spatio-Temporal-Library/time-series/2026-06-16/itransformer/finetune20/pulse/time-series/seed_2/training_log.json
2026-06-16 14:33:11 - finetune_logger - INFO - Test metrics: {'MAE': 0.03146999015389518, 'RMSE': 0.17381762127865705}
[2026-06-16 14:33:11,525][finetune_logger][INFO] - Test metrics: {'MAE': 0.03146999015389518, 'RMSE': 0.17381762127865705}
2026-06-16 14:33:11 - finetune_logger - INFO - Test time: 23.88s
[2026-06-16 14:33:11,525][finetune_logger][INFO] - Test time: 23.88s
2026-06-16 14:33:11 - finetune_logger - INFO - Test memory reserved: 24.00 MB
[2026-06-16 14:33:11,525][finetune_logger][INFO] - Test memory reserved: 24.00 MB
2026-06-16 14:33:11 - finetune_logger - INFO - Test memory allocated: 18.10 MB
[2026-06-16 14:33:11,525][finetune_logger][INFO] - Test memory allocated: 18.10 MB
2026-06-16 14:33:11 - finetune_logger - INFO - Training completed. Best epoch: 19, Best val loss: 0.031452
[2026-06-16 14:33:11,525][finetune_logger][INFO] - Training completed. Best epoch: 19, Best val loss: 0.031452
2026-06-16 14:33:11 - finetune_logger - INFO - Loaded checkpoint from epoch 19
[2026-06-16 14:33:11,556][finetune_logger][INFO] - Loaded checkpoint from epoch 19
2026-06-16 14:33:11 - finetune_logger - INFO - Evaluating best model on test sets...
[2026-06-16 14:33:11,556][finetune_logger][INFO] - Evaluating best model on test sets...
2026-06-16 14:33:35 - finetune_logger - INFO - Test metrics: {'MAE': 0.031442094598219096, 'RMSE': 0.17384705981301823}
[2026-06-16 14:33:35,413][finetune_logger][INFO] - Test metrics: {'MAE': 0.031442094598219096, 'RMSE': 0.17384705981301823}
2026-06-16 14:33:35 - finetune_logger - INFO - Test time: 23.86s
[2026-06-16 14:33:35,413][finetune_logger][INFO] - Test time: 23.86s
2026-06-16 14:33:35 - finetune_logger - INFO - Test memory reserved: 26.00 MB
[2026-06-16 14:33:35,413][finetune_logger][INFO] - Test memory reserved: 26.00 MB
2026-06-16 14:33:35 - finetune_logger - INFO - Test memory allocated: 18.14 MB
[2026-06-16 14:33:35,413][finetune_logger][INFO] - Test memory allocated: 18.14 MB
2026-06-16 14:33:35 - finetune_logger - INFO - Logged epoch test info to /public/home/202411094934/python_project/Spatio-Temporal-Library/time-series/2026-06-16/itransformer/finetune20/pulse/time-series/seed_2/training_log.json
[2026-06-16 14:33:35,417][finetune_logger][INFO] - Logged epoch test info to /public/home/202411094934/python_project/Spatio-Temporal-Library/time-series/2026-06-16/itransformer/finetune20/pulse/time-series/seed_2/training_log.json
