2026-06-16 01:12:42 - finetune_logger - INFO - No pretrained checkpoint is provided. Finetuning from scratch.
[2026-06-16 01:12:42,416][finetune_logger][INFO] - No pretrained checkpoint is provided. Finetuning from scratch.
2026-06-16 01:12:42 - finetune_logger - INFO - Model parameters: 158,912
[2026-06-16 01:12:42,419][finetune_logger][INFO] - Model parameters: 158,912
2026-06-16 01:12:42 - finetune_logger - INFO - Created new log file at /public/home/202411094934/python_project/Spatio-Temporal-Library/time-series/2026-06-16/itransformer/finetune20/electricity/time-series/seed_1/training_log.json
[2026-06-16 01:12:42,421][finetune_logger][INFO] - Created new log file at /public/home/202411094934/python_project/Spatio-Temporal-Library/time-series/2026-06-16/itransformer/finetune20/electricity/time-series/seed_1/training_log.json
2026-06-16 01:12:42 - finetune_logger - INFO - Starting training...
[2026-06-16 01:12:42,421][finetune_logger][INFO] - Starting training...
2026-06-16 01:12:42 - finetune_logger - INFO - Epoch 1/20
[2026-06-16 01:12:42,421][finetune_logger][INFO] - Epoch 1/20
2026-06-16 01:17:59 - finetune_logger - INFO - Train loss: 290.82504853247525
[2026-06-16 01:17:59,018][finetune_logger][INFO] - Train loss: 290.82504853247525
2026-06-16 01:17:59 - finetune_logger - INFO - Train time: 316.5962862968445s
[2026-06-16 01:17:59,018][finetune_logger][INFO] - Train time: 316.5962862968445s
2026-06-16 01:17:59 - finetune_logger - INFO - Train memory reserved: 54.00 MB
[2026-06-16 01:17:59,019][finetune_logger][INFO] - Train memory reserved: 54.00 MB
2026-06-16 01:17:59 - finetune_logger - INFO - Train memory allocated: 18.10 MB
[2026-06-16 01:17:59,019][finetune_logger][INFO] - Train memory allocated: 18.10 MB
2026-06-16 01:17:59 - finetune_logger - INFO - Current learning rate: 0.0005
[2026-06-16 01:17:59,019][finetune_logger][INFO] - Current learning rate: 0.0005
2026-06-16 01:18:16 - finetune_logger - INFO - Validation metrics: {'MAE': 202.69795067074406, 'RMSE': 1387.503964329772}
[2026-06-16 01:18:16,442][finetune_logger][INFO] - Validation metrics: {'MAE': 202.69795067074406, 'RMSE': 1387.503964329772}
2026-06-16 01:18:16 - finetune_logger - INFO - Val time: 17.42s
[2026-06-16 01:18:16,443][finetune_logger][INFO] - Val time: 17.42s
2026-06-16 01:18:16 - finetune_logger - INFO - Val memory reserved: 54.00 MB
[2026-06-16 01:18:16,443][finetune_logger][INFO] - Val memory reserved: 54.00 MB
2026-06-16 01:18:16 - finetune_logger - INFO - Val memory allocated: 18.10 MB
[2026-06-16 01:18:16,443][finetune_logger][INFO] - Val memory allocated: 18.10 MB
2026-06-16 01:18:16 - finetune_logger - INFO - Logged epoch 1 info to /public/home/202411094934/python_project/Spatio-Temporal-Library/time-series/2026-06-16/itransformer/finetune20/electricity/time-series/seed_1/training_log.json
[2026-06-16 01:18:16,446][finetune_logger][INFO] - Logged epoch 1 info to /public/home/202411094934/python_project/Spatio-Temporal-Library/time-series/2026-06-16/itransformer/finetune20/electricity/time-series/seed_1/training_log.json
2026-06-16 01:18:16 - finetune_logger - INFO - New best model! Val loss: 202.697951
[2026-06-16 01:18:16,446][finetune_logger][INFO] - New best model! Val loss: 202.697951
2026-06-16 01:18:52 - finetune_logger - INFO - Test metrics: {'MAE': 266.4974522820153, 'RMSE': 2269.7725873961863}
[2026-06-16 01:18:52,288][finetune_logger][INFO] - Test metrics: {'MAE': 266.4974522820153, 'RMSE': 2269.7725873961863}
2026-06-16 01:18:52 - finetune_logger - INFO - Test time: 35.80s
[2026-06-16 01:18:52,289][finetune_logger][INFO] - Test time: 35.80s
2026-06-16 01:18:52 - finetune_logger - INFO - Test memory reserved: 54.00 MB
[2026-06-16 01:18:52,289][finetune_logger][INFO] - Test memory reserved: 54.00 MB
2026-06-16 01:18:52 - finetune_logger - INFO - Test memory allocated: 18.10 MB
[2026-06-16 01:18:52,289][finetune_logger][INFO] - Test memory allocated: 18.10 MB
2026-06-16 01:18:52 - finetune_logger - INFO - Epoch 2/20
[2026-06-16 01:18:52,289][finetune_logger][INFO] - Epoch 2/20
2026-06-16 01:24:08 - finetune_logger - INFO - Train loss: 251.8875198023883
[2026-06-16 01:24:08,459][finetune_logger][INFO] - Train loss: 251.8875198023883
2026-06-16 01:24:08 - finetune_logger - INFO - Train time: 316.1698718070984s
[2026-06-16 01:24:08,460][finetune_logger][INFO] - Train time: 316.1698718070984s
2026-06-16 01:24:08 - finetune_logger - INFO - Train memory reserved: 54.00 MB
[2026-06-16 01:24:08,460][finetune_logger][INFO] - Train memory reserved: 54.00 MB
2026-06-16 01:24:08 - finetune_logger - INFO - Train memory allocated: 18.10 MB
[2026-06-16 01:24:08,460][finetune_logger][INFO] - Train memory allocated: 18.10 MB
2026-06-16 01:24:08 - finetune_logger - INFO - Current learning rate: 0.0005
[2026-06-16 01:24:08,460][finetune_logger][INFO] - Current learning rate: 0.0005
2026-06-16 01:24:25 - finetune_logger - INFO - Validation metrics: {'MAE': 194.22470702482482, 'RMSE': 1342.7683168688307}
[2026-06-16 01:24:25,902][finetune_logger][INFO] - Validation metrics: {'MAE': 194.22470702482482, 'RMSE': 1342.7683168688307}
2026-06-16 01:24:25 - finetune_logger - INFO - Val time: 17.44s
[2026-06-16 01:24:25,902][finetune_logger][INFO] - Val time: 17.44s
2026-06-16 01:24:25 - finetune_logger - INFO - Val memory reserved: 54.00 MB
[2026-06-16 01:24:25,903][finetune_logger][INFO] - Val memory reserved: 54.00 MB
2026-06-16 01:24:25 - finetune_logger - INFO - Val memory allocated: 18.10 MB
[2026-06-16 01:24:25,903][finetune_logger][INFO] - Val memory allocated: 18.10 MB
2026-06-16 01:24:25 - finetune_logger - INFO - Logged epoch 2 info to /public/home/202411094934/python_project/Spatio-Temporal-Library/time-series/2026-06-16/itransformer/finetune20/electricity/time-series/seed_1/training_log.json
[2026-06-16 01:24:25,905][finetune_logger][INFO] - Logged epoch 2 info to /public/home/202411094934/python_project/Spatio-Temporal-Library/time-series/2026-06-16/itransformer/finetune20/electricity/time-series/seed_1/training_log.json
2026-06-16 01:24:25 - finetune_logger - INFO - New best model! Val loss: 194.224707
[2026-06-16 01:24:25,905][finetune_logger][INFO] - New best model! Val loss: 194.224707
2026-06-16 01:25:01 - finetune_logger - INFO - Test metrics: {'MAE': 252.93406153687084, 'RMSE': 2175.550783797707}
[2026-06-16 01:25:01,802][finetune_logger][INFO] - Test metrics: {'MAE': 252.93406153687084, 'RMSE': 2175.550783797707}
2026-06-16 01:25:01 - finetune_logger - INFO - Test time: 35.85s
[2026-06-16 01:25:01,802][finetune_logger][INFO] - Test time: 35.85s
2026-06-16 01:25:01 - finetune_logger - INFO - Test memory reserved: 54.00 MB
[2026-06-16 01:25:01,802][finetune_logger][INFO] - Test memory reserved: 54.00 MB
2026-06-16 01:25:01 - finetune_logger - INFO - Test memory allocated: 18.10 MB
[2026-06-16 01:25:01,802][finetune_logger][INFO] - Test memory allocated: 18.10 MB
2026-06-16 01:25:01 - finetune_logger - INFO - Epoch 3/20
[2026-06-16 01:25:01,802][finetune_logger][INFO] - Epoch 3/20
2026-06-16 01:30:18 - finetune_logger - INFO - Train loss: 243.55955518060557
[2026-06-16 01:30:18,113][finetune_logger][INFO] - Train loss: 243.55955518060557
2026-06-16 01:30:18 - finetune_logger - INFO - Train time: 316.3099660873413s
[2026-06-16 01:30:18,113][finetune_logger][INFO] - Train time: 316.3099660873413s
2026-06-16 01:30:18 - finetune_logger - INFO - Train memory reserved: 54.00 MB
[2026-06-16 01:30:18,113][finetune_logger][INFO] - Train memory reserved: 54.00 MB
2026-06-16 01:30:18 - finetune_logger - INFO - Train memory allocated: 18.10 MB
[2026-06-16 01:30:18,113][finetune_logger][INFO] - Train memory allocated: 18.10 MB
2026-06-16 01:30:18 - finetune_logger - INFO - Current learning rate: 0.0005
[2026-06-16 01:30:18,114][finetune_logger][INFO] - Current learning rate: 0.0005
2026-06-16 01:30:35 - finetune_logger - INFO - Validation metrics: {'MAE': 189.45577832031208, 'RMSE': 1328.2246067537035}
[2026-06-16 01:30:35,537][finetune_logger][INFO] - Validation metrics: {'MAE': 189.45577832031208, 'RMSE': 1328.2246067537035}
2026-06-16 01:30:35 - finetune_logger - INFO - Val time: 17.42s
[2026-06-16 01:30:35,537][finetune_logger][INFO] - Val time: 17.42s
2026-06-16 01:30:35 - finetune_logger - INFO - Val memory reserved: 54.00 MB
[2026-06-16 01:30:35,537][finetune_logger][INFO] - Val memory reserved: 54.00 MB
2026-06-16 01:30:35 - finetune_logger - INFO - Val memory allocated: 18.10 MB
[2026-06-16 01:30:35,537][finetune_logger][INFO] - Val memory allocated: 18.10 MB
2026-06-16 01:30:35 - finetune_logger - INFO - Logged epoch 3 info to /public/home/202411094934/python_project/Spatio-Temporal-Library/time-series/2026-06-16/itransformer/finetune20/electricity/time-series/seed_1/training_log.json
[2026-06-16 01:30:35,540][finetune_logger][INFO] - Logged epoch 3 info to /public/home/202411094934/python_project/Spatio-Temporal-Library/time-series/2026-06-16/itransformer/finetune20/electricity/time-series/seed_1/training_log.json
2026-06-16 01:30:35 - finetune_logger - INFO - New best model! Val loss: 189.455778
[2026-06-16 01:30:35,540][finetune_logger][INFO] - New best model! Val loss: 189.455778
2026-06-16 01:31:11 - finetune_logger - INFO - Test metrics: {'MAE': 247.83924597238436, 'RMSE': 2147.967363793687}
[2026-06-16 01:31:11,443][finetune_logger][INFO] - Test metrics: {'MAE': 247.83924597238436, 'RMSE': 2147.967363793687}
2026-06-16 01:31:11 - finetune_logger - INFO - Test time: 35.86s
[2026-06-16 01:31:11,443][finetune_logger][INFO] - Test time: 35.86s
2026-06-16 01:31:11 - finetune_logger - INFO - Test memory reserved: 54.00 MB
[2026-06-16 01:31:11,443][finetune_logger][INFO] - Test memory reserved: 54.00 MB
2026-06-16 01:31:11 - finetune_logger - INFO - Test memory allocated: 18.10 MB
[2026-06-16 01:31:11,443][finetune_logger][INFO] - Test memory allocated: 18.10 MB
2026-06-16 01:31:11 - finetune_logger - INFO - Epoch 4/20
[2026-06-16 01:31:11,443][finetune_logger][INFO] - Epoch 4/20
2026-06-16 01:36:27 - finetune_logger - INFO - Train loss: 238.38204751926105
[2026-06-16 01:36:27,731][finetune_logger][INFO] - Train loss: 238.38204751926105
2026-06-16 01:36:27 - finetune_logger - INFO - Train time: 316.2867257595062s
[2026-06-16 01:36:27,731][finetune_logger][INFO] - Train time: 316.2867257595062s
2026-06-16 01:36:27 - finetune_logger - INFO - Train memory reserved: 54.00 MB
[2026-06-16 01:36:27,731][finetune_logger][INFO] - Train memory reserved: 54.00 MB
2026-06-16 01:36:27 - finetune_logger - INFO - Train memory allocated: 18.10 MB
[2026-06-16 01:36:27,731][finetune_logger][INFO] - Train memory allocated: 18.10 MB
2026-06-16 01:36:27 - finetune_logger - INFO - Current learning rate: 0.0005
[2026-06-16 01:36:27,731][finetune_logger][INFO] - Current learning rate: 0.0005
2026-06-16 01:36:45 - finetune_logger - INFO - Validation metrics: {'MAE': 188.64769648501795, 'RMSE': 1333.2524086400065}
[2026-06-16 01:36:45,161][finetune_logger][INFO] - Validation metrics: {'MAE': 188.64769648501795, 'RMSE': 1333.2524086400065}
2026-06-16 01:36:45 - finetune_logger - INFO - Val time: 17.43s
[2026-06-16 01:36:45,161][finetune_logger][INFO] - Val time: 17.43s
2026-06-16 01:36:45 - finetune_logger - INFO - Val memory reserved: 54.00 MB
[2026-06-16 01:36:45,162][finetune_logger][INFO] - Val memory reserved: 54.00 MB
2026-06-16 01:36:45 - finetune_logger - INFO - Val memory allocated: 18.10 MB
[2026-06-16 01:36:45,162][finetune_logger][INFO] - Val memory allocated: 18.10 MB
2026-06-16 01:36:45 - finetune_logger - INFO - Logged epoch 4 info to /public/home/202411094934/python_project/Spatio-Temporal-Library/time-series/2026-06-16/itransformer/finetune20/electricity/time-series/seed_1/training_log.json
[2026-06-16 01:36:45,165][finetune_logger][INFO] - Logged epoch 4 info to /public/home/202411094934/python_project/Spatio-Temporal-Library/time-series/2026-06-16/itransformer/finetune20/electricity/time-series/seed_1/training_log.json
2026-06-16 01:36:45 - finetune_logger - INFO - New best model! Val loss: 188.647696
[2026-06-16 01:36:45,165][finetune_logger][INFO] - New best model! Val loss: 188.647696
2026-06-16 01:37:20 - finetune_logger - INFO - Test metrics: {'MAE': 246.80379264379042, 'RMSE': 2148.415271537322}
[2026-06-16 01:37:20,933][finetune_logger][INFO] - Test metrics: {'MAE': 246.80379264379042, 'RMSE': 2148.415271537322}
2026-06-16 01:37:20 - finetune_logger - INFO - Test time: 35.73s
[2026-06-16 01:37:20,934][finetune_logger][INFO] - Test time: 35.73s
2026-06-16 01:37:20 - finetune_logger - INFO - Test memory reserved: 54.00 MB
[2026-06-16 01:37:20,934][finetune_logger][INFO] - Test memory reserved: 54.00 MB
2026-06-16 01:37:20 - finetune_logger - INFO - Test memory allocated: 18.10 MB
[2026-06-16 01:37:20,934][finetune_logger][INFO] - Test memory allocated: 18.10 MB
2026-06-16 01:37:20 - finetune_logger - INFO - Epoch 5/20
[2026-06-16 01:37:20,934][finetune_logger][INFO] - Epoch 5/20
2026-06-16 01:42:36 - finetune_logger - INFO - Train loss: 234.689962380465
[2026-06-16 01:42:36,982][finetune_logger][INFO] - Train loss: 234.689962380465
2026-06-16 01:42:36 - finetune_logger - INFO - Train time: 316.04799699783325s
[2026-06-16 01:42:36,983][finetune_logger][INFO] - Train time: 316.04799699783325s
2026-06-16 01:42:36 - finetune_logger - INFO - Train memory reserved: 54.00 MB
[2026-06-16 01:42:36,983][finetune_logger][INFO] - Train memory reserved: 54.00 MB
2026-06-16 01:42:36 - finetune_logger - INFO - Train memory allocated: 18.10 MB
[2026-06-16 01:42:36,983][finetune_logger][INFO] - Train memory allocated: 18.10 MB
2026-06-16 01:42:36 - finetune_logger - INFO - Current learning rate: 0.0005
[2026-06-16 01:42:36,983][finetune_logger][INFO] - Current learning rate: 0.0005
2026-06-16 01:42:54 - finetune_logger - INFO - Validation metrics: {'MAE': 190.24934625244143, 'RMSE': 1339.4907320363852}
[2026-06-16 01:42:54,460][finetune_logger][INFO] - Validation metrics: {'MAE': 190.24934625244143, 'RMSE': 1339.4907320363852}
2026-06-16 01:42:54 - finetune_logger - INFO - Val time: 17.48s
[2026-06-16 01:42:54,461][finetune_logger][INFO] - Val time: 17.48s
2026-06-16 01:42:54 - finetune_logger - INFO - Val memory reserved: 54.00 MB
[2026-06-16 01:42:54,461][finetune_logger][INFO] - Val memory reserved: 54.00 MB
2026-06-16 01:42:54 - finetune_logger - INFO - Val memory allocated: 18.10 MB
[2026-06-16 01:42:54,461][finetune_logger][INFO] - Val memory allocated: 18.10 MB
2026-06-16 01:42:54 - finetune_logger - INFO - Logged epoch 5 info to /public/home/202411094934/python_project/Spatio-Temporal-Library/time-series/2026-06-16/itransformer/finetune20/electricity/time-series/seed_1/training_log.json
[2026-06-16 01:42:54,464][finetune_logger][INFO] - Logged epoch 5 info to /public/home/202411094934/python_project/Spatio-Temporal-Library/time-series/2026-06-16/itransformer/finetune20/electricity/time-series/seed_1/training_log.json
2026-06-16 01:43:30 - finetune_logger - INFO - Test metrics: {'MAE': 248.3734887490515, 'RMSE': 2153.8515612688016}
[2026-06-16 01:43:30,380][finetune_logger][INFO] - Test metrics: {'MAE': 248.3734887490515, 'RMSE': 2153.8515612688016}
2026-06-16 01:43:30 - finetune_logger - INFO - Test time: 35.92s
[2026-06-16 01:43:30,381][finetune_logger][INFO] - Test time: 35.92s
2026-06-16 01:43:30 - finetune_logger - INFO - Test memory reserved: 54.00 MB
[2026-06-16 01:43:30,381][finetune_logger][INFO] - Test memory reserved: 54.00 MB
2026-06-16 01:43:30 - finetune_logger - INFO - Test memory allocated: 18.10 MB
[2026-06-16 01:43:30,381][finetune_logger][INFO] - Test memory allocated: 18.10 MB
2026-06-16 01:43:30 - finetune_logger - INFO - Epoch 6/20
[2026-06-16 01:43:30,381][finetune_logger][INFO] - Epoch 6/20
2026-06-16 01:48:46 - finetune_logger - INFO - Train loss: 231.56470986292928
[2026-06-16 01:48:46,459][finetune_logger][INFO] - Train loss: 231.56470986292928
2026-06-16 01:48:46 - finetune_logger - INFO - Train time: 316.0768930912018s
[2026-06-16 01:48:46,459][finetune_logger][INFO] - Train time: 316.0768930912018s
2026-06-16 01:48:46 - finetune_logger - INFO - Train memory reserved: 54.00 MB
[2026-06-16 01:48:46,459][finetune_logger][INFO] - Train memory reserved: 54.00 MB
2026-06-16 01:48:46 - finetune_logger - INFO - Train memory allocated: 18.10 MB
[2026-06-16 01:48:46,459][finetune_logger][INFO] - Train memory allocated: 18.10 MB
2026-06-16 01:48:46 - finetune_logger - INFO - Current learning rate: 0.0005
[2026-06-16 01:48:46,459][finetune_logger][INFO] - Current learning rate: 0.0005
2026-06-16 01:49:03 - finetune_logger - INFO - Validation metrics: {'MAE': 179.72650278513035, 'RMSE': 1278.2472739771815}
[2026-06-16 01:49:03,881][finetune_logger][INFO] - Validation metrics: {'MAE': 179.72650278513035, 'RMSE': 1278.2472739771815}
2026-06-16 01:49:03 - finetune_logger - INFO - Val time: 17.42s
[2026-06-16 01:49:03,882][finetune_logger][INFO] - Val time: 17.42s
2026-06-16 01:49:03 - finetune_logger - INFO - Val memory reserved: 54.00 MB
[2026-06-16 01:49:03,882][finetune_logger][INFO] - Val memory reserved: 54.00 MB
2026-06-16 01:49:03 - finetune_logger - INFO - Val memory allocated: 18.10 MB
[2026-06-16 01:49:03,882][finetune_logger][INFO] - Val memory allocated: 18.10 MB
2026-06-16 01:49:03 - finetune_logger - INFO - Logged epoch 6 info to /public/home/202411094934/python_project/Spatio-Temporal-Library/time-series/2026-06-16/itransformer/finetune20/electricity/time-series/seed_1/training_log.json
[2026-06-16 01:49:03,885][finetune_logger][INFO] - Logged epoch 6 info to /public/home/202411094934/python_project/Spatio-Temporal-Library/time-series/2026-06-16/itransformer/finetune20/electricity/time-series/seed_1/training_log.json
2026-06-16 01:49:03 - finetune_logger - INFO - New best model! Val loss: 179.726503
[2026-06-16 01:49:03,885][finetune_logger][INFO] - New best model! Val loss: 179.726503
2026-06-16 01:49:39 - finetune_logger - INFO - Test metrics: {'MAE': 236.0991688784124, 'RMSE': 2061.9587666622133}
[2026-06-16 01:49:39,869][finetune_logger][INFO] - Test metrics: {'MAE': 236.0991688784124, 'RMSE': 2061.9587666622133}
2026-06-16 01:49:39 - finetune_logger - INFO - Test time: 35.94s
[2026-06-16 01:49:39,869][finetune_logger][INFO] - Test time: 35.94s
2026-06-16 01:49:39 - finetune_logger - INFO - Test memory reserved: 54.00 MB
[2026-06-16 01:49:39,869][finetune_logger][INFO] - Test memory reserved: 54.00 MB
2026-06-16 01:49:39 - finetune_logger - INFO - Test memory allocated: 18.10 MB
[2026-06-16 01:49:39,869][finetune_logger][INFO] - Test memory allocated: 18.10 MB
2026-06-16 01:49:39 - finetune_logger - INFO - Epoch 7/20
[2026-06-16 01:49:39,869][finetune_logger][INFO] - Epoch 7/20
2026-06-16 01:54:55 - finetune_logger - INFO - Train loss: 228.86191568124104
[2026-06-16 01:54:55,956][finetune_logger][INFO] - Train loss: 228.86191568124104
2026-06-16 01:54:55 - finetune_logger - INFO - Train time: 316.0861871242523s
[2026-06-16 01:54:55,956][finetune_logger][INFO] - Train time: 316.0861871242523s
2026-06-16 01:54:55 - finetune_logger - INFO - Train memory reserved: 54.00 MB
[2026-06-16 01:54:55,957][finetune_logger][INFO] - Train memory reserved: 54.00 MB
2026-06-16 01:54:55 - finetune_logger - INFO - Train memory allocated: 18.10 MB
[2026-06-16 01:54:55,957][finetune_logger][INFO] - Train memory allocated: 18.10 MB
2026-06-16 01:54:55 - finetune_logger - INFO - Current learning rate: 0.0005
[2026-06-16 01:54:55,957][finetune_logger][INFO] - Current learning rate: 0.0005
2026-06-16 01:55:13 - finetune_logger - INFO - Validation metrics: {'MAE': 180.13979346988043, 'RMSE': 1288.8240636050577}
[2026-06-16 01:55:13,446][finetune_logger][INFO] - Validation metrics: {'MAE': 180.13979346988043, 'RMSE': 1288.8240636050577}
2026-06-16 01:55:13 - finetune_logger - INFO - Val time: 17.49s
[2026-06-16 01:55:13,446][finetune_logger][INFO] - Val time: 17.49s
2026-06-16 01:55:13 - finetune_logger - INFO - Val memory reserved: 54.00 MB
[2026-06-16 01:55:13,447][finetune_logger][INFO] - Val memory reserved: 54.00 MB
2026-06-16 01:55:13 - finetune_logger - INFO - Val memory allocated: 18.10 MB
[2026-06-16 01:55:13,447][finetune_logger][INFO] - Val memory allocated: 18.10 MB
2026-06-16 01:55:13 - finetune_logger - INFO - Logged epoch 7 info to /public/home/202411094934/python_project/Spatio-Temporal-Library/time-series/2026-06-16/itransformer/finetune20/electricity/time-series/seed_1/training_log.json
[2026-06-16 01:55:13,450][finetune_logger][INFO] - Logged epoch 7 info to /public/home/202411094934/python_project/Spatio-Temporal-Library/time-series/2026-06-16/itransformer/finetune20/electricity/time-series/seed_1/training_log.json
2026-06-16 01:55:49 - finetune_logger - INFO - Test metrics: {'MAE': 237.72045959082485, 'RMSE': 2085.494899974498}
[2026-06-16 01:55:49,233][finetune_logger][INFO] - Test metrics: {'MAE': 237.72045959082485, 'RMSE': 2085.494899974498}
2026-06-16 01:55:49 - finetune_logger - INFO - Test time: 35.78s
[2026-06-16 01:55:49,233][finetune_logger][INFO] - Test time: 35.78s
2026-06-16 01:55:49 - finetune_logger - INFO - Test memory reserved: 54.00 MB
[2026-06-16 01:55:49,233][finetune_logger][INFO] - Test memory reserved: 54.00 MB
2026-06-16 01:55:49 - finetune_logger - INFO - Test memory allocated: 18.10 MB
[2026-06-16 01:55:49,234][finetune_logger][INFO] - Test memory allocated: 18.10 MB
2026-06-16 01:55:49 - finetune_logger - INFO - Epoch 8/20
[2026-06-16 01:55:49,234][finetune_logger][INFO] - Epoch 8/20
2026-06-16 02:01:05 - finetune_logger - INFO - Train loss: 226.92572776145857
[2026-06-16 02:01:05,416][finetune_logger][INFO] - Train loss: 226.92572776145857
2026-06-16 02:01:05 - finetune_logger - INFO - Train time: 316.18144249916077s
[2026-06-16 02:01:05,416][finetune_logger][INFO] - Train time: 316.18144249916077s
2026-06-16 02:01:05 - finetune_logger - INFO - Train memory reserved: 54.00 MB
[2026-06-16 02:01:05,416][finetune_logger][INFO] - Train memory reserved: 54.00 MB
2026-06-16 02:01:05 - finetune_logger - INFO - Train memory allocated: 18.10 MB
[2026-06-16 02:01:05,416][finetune_logger][INFO] - Train memory allocated: 18.10 MB
2026-06-16 02:01:05 - finetune_logger - INFO - Current learning rate: 0.0005
[2026-06-16 02:01:05,416][finetune_logger][INFO] - Current learning rate: 0.0005
2026-06-16 02:01:22 - finetune_logger - INFO - Validation metrics: {'MAE': 177.559395443565, 'RMSE': 1259.737762579672}
[2026-06-16 02:01:22,903][finetune_logger][INFO] - Validation metrics: {'MAE': 177.559395443565, 'RMSE': 1259.737762579672}
2026-06-16 02:01:22 - finetune_logger - INFO - Val time: 17.49s
[2026-06-16 02:01:22,903][finetune_logger][INFO] - Val time: 17.49s
2026-06-16 02:01:22 - finetune_logger - INFO - Val memory reserved: 54.00 MB
[2026-06-16 02:01:22,904][finetune_logger][INFO] - Val memory reserved: 54.00 MB
2026-06-16 02:01:22 - finetune_logger - INFO - Val memory allocated: 18.10 MB
[2026-06-16 02:01:22,904][finetune_logger][INFO] - Val memory allocated: 18.10 MB
2026-06-16 02:01:22 - finetune_logger - INFO - Logged epoch 8 info to /public/home/202411094934/python_project/Spatio-Temporal-Library/time-series/2026-06-16/itransformer/finetune20/electricity/time-series/seed_1/training_log.json
[2026-06-16 02:01:22,906][finetune_logger][INFO] - Logged epoch 8 info to /public/home/202411094934/python_project/Spatio-Temporal-Library/time-series/2026-06-16/itransformer/finetune20/electricity/time-series/seed_1/training_log.json
2026-06-16 02:01:22 - finetune_logger - INFO - New best model! Val loss: 177.559395
[2026-06-16 02:01:22,907][finetune_logger][INFO] - New best model! Val loss: 177.559395
2026-06-16 02:01:58 - finetune_logger - INFO - Test metrics: {'MAE': 235.62919252523932, 'RMSE': 2059.893171459368}
[2026-06-16 02:01:58,807][finetune_logger][INFO] - Test metrics: {'MAE': 235.62919252523932, 'RMSE': 2059.893171459368}
2026-06-16 02:01:58 - finetune_logger - INFO - Test time: 35.86s
[2026-06-16 02:01:58,807][finetune_logger][INFO] - Test time: 35.86s
2026-06-16 02:01:58 - finetune_logger - INFO - Test memory reserved: 54.00 MB
[2026-06-16 02:01:58,807][finetune_logger][INFO] - Test memory reserved: 54.00 MB
2026-06-16 02:01:58 - finetune_logger - INFO - Test memory allocated: 18.10 MB
[2026-06-16 02:01:58,807][finetune_logger][INFO] - Test memory allocated: 18.10 MB
2026-06-16 02:01:58 - finetune_logger - INFO - Epoch 9/20
[2026-06-16 02:01:58,807][finetune_logger][INFO] - Epoch 9/20
2026-06-16 02:07:14 - finetune_logger - INFO - Train loss: 224.78851201798525
[2026-06-16 02:07:14,977][finetune_logger][INFO] - Train loss: 224.78851201798525
2026-06-16 02:07:14 - finetune_logger - INFO - Train time: 316.1694211959839s
[2026-06-16 02:07:14,978][finetune_logger][INFO] - Train time: 316.1694211959839s
2026-06-16 02:07:14 - finetune_logger - INFO - Train memory reserved: 54.00 MB
[2026-06-16 02:07:14,978][finetune_logger][INFO] - Train memory reserved: 54.00 MB
2026-06-16 02:07:14 - finetune_logger - INFO - Train memory allocated: 18.10 MB
[2026-06-16 02:07:14,978][finetune_logger][INFO] - Train memory allocated: 18.10 MB
2026-06-16 02:07:14 - finetune_logger - INFO - Current learning rate: 0.0005
[2026-06-16 02:07:14,978][finetune_logger][INFO] - Current learning rate: 0.0005
2026-06-16 02:07:32 - finetune_logger - INFO - Validation metrics: {'MAE': 174.6602051873454, 'RMSE': 1239.5449396715671}
[2026-06-16 02:07:32,512][finetune_logger][INFO] - Validation metrics: {'MAE': 174.6602051873454, 'RMSE': 1239.5449396715671}
2026-06-16 02:07:32 - finetune_logger - INFO - Val time: 17.53s
[2026-06-16 02:07:32,513][finetune_logger][INFO] - Val time: 17.53s
2026-06-16 02:07:32 - finetune_logger - INFO - Val memory reserved: 54.00 MB
[2026-06-16 02:07:32,513][finetune_logger][INFO] - Val memory reserved: 54.00 MB
2026-06-16 02:07:32 - finetune_logger - INFO - Val memory allocated: 18.10 MB
[2026-06-16 02:07:32,513][finetune_logger][INFO] - Val memory allocated: 18.10 MB
2026-06-16 02:07:32 - finetune_logger - INFO - Logged epoch 9 info to /public/home/202411094934/python_project/Spatio-Temporal-Library/time-series/2026-06-16/itransformer/finetune20/electricity/time-series/seed_1/training_log.json
[2026-06-16 02:07:32,516][finetune_logger][INFO] - Logged epoch 9 info to /public/home/202411094934/python_project/Spatio-Temporal-Library/time-series/2026-06-16/itransformer/finetune20/electricity/time-series/seed_1/training_log.json
2026-06-16 02:07:32 - finetune_logger - INFO - New best model! Val loss: 174.660205
[2026-06-16 02:07:32,516][finetune_logger][INFO] - New best model! Val loss: 174.660205
2026-06-16 02:08:08 - finetune_logger - INFO - Test metrics: {'MAE': 232.27291673858664, 'RMSE': 2046.7673744306776}
[2026-06-16 02:08:08,464][finetune_logger][INFO] - Test metrics: {'MAE': 232.27291673858664, 'RMSE': 2046.7673744306776}
2026-06-16 02:08:08 - finetune_logger - INFO - Test time: 35.90s
[2026-06-16 02:08:08,464][finetune_logger][INFO] - Test time: 35.90s
2026-06-16 02:08:08 - finetune_logger - INFO - Test memory reserved: 54.00 MB
[2026-06-16 02:08:08,464][finetune_logger][INFO] - Test memory reserved: 54.00 MB
2026-06-16 02:08:08 - finetune_logger - INFO - Test memory allocated: 18.10 MB
[2026-06-16 02:08:08,464][finetune_logger][INFO] - Test memory allocated: 18.10 MB
2026-06-16 02:08:08 - finetune_logger - INFO - Epoch 10/20
[2026-06-16 02:08:08,464][finetune_logger][INFO] - Epoch 10/20
2026-06-16 02:13:24 - finetune_logger - INFO - Train loss: 223.19333316268944
[2026-06-16 02:13:24,495][finetune_logger][INFO] - Train loss: 223.19333316268944
2026-06-16 02:13:24 - finetune_logger - INFO - Train time: 316.03030252456665s
[2026-06-16 02:13:24,495][finetune_logger][INFO] - Train time: 316.03030252456665s
2026-06-16 02:13:24 - finetune_logger - INFO - Train memory reserved: 54.00 MB
[2026-06-16 02:13:24,495][finetune_logger][INFO] - Train memory reserved: 54.00 MB
2026-06-16 02:13:24 - finetune_logger - INFO - Train memory allocated: 18.10 MB
[2026-06-16 02:13:24,496][finetune_logger][INFO] - Train memory allocated: 18.10 MB
2026-06-16 02:13:24 - finetune_logger - INFO - Current learning rate: 0.0005
[2026-06-16 02:13:24,496][finetune_logger][INFO] - Current learning rate: 0.0005
2026-06-16 02:13:41 - finetune_logger - INFO - Validation metrics: {'MAE': 176.65139148591726, 'RMSE': 1255.5228480802816}
[2026-06-16 02:13:41,960][finetune_logger][INFO] - Validation metrics: {'MAE': 176.65139148591726, 'RMSE': 1255.5228480802816}
2026-06-16 02:13:41 - finetune_logger - INFO - Val time: 17.46s
[2026-06-16 02:13:41,961][finetune_logger][INFO] - Val time: 17.46s
2026-06-16 02:13:41 - finetune_logger - INFO - Val memory reserved: 54.00 MB
[2026-06-16 02:13:41,961][finetune_logger][INFO] - Val memory reserved: 54.00 MB
2026-06-16 02:13:41 - finetune_logger - INFO - Val memory allocated: 18.10 MB
[2026-06-16 02:13:41,961][finetune_logger][INFO] - Val memory allocated: 18.10 MB
2026-06-16 02:13:41 - finetune_logger - INFO - Logged epoch 10 info to /public/home/202411094934/python_project/Spatio-Temporal-Library/time-series/2026-06-16/itransformer/finetune20/electricity/time-series/seed_1/training_log.json
[2026-06-16 02:13:41,964][finetune_logger][INFO] - Logged epoch 10 info to /public/home/202411094934/python_project/Spatio-Temporal-Library/time-series/2026-06-16/itransformer/finetune20/electricity/time-series/seed_1/training_log.json
2026-06-16 02:14:17 - finetune_logger - INFO - Test metrics: {'MAE': 232.1587191902274, 'RMSE': 2037.2787257141797}
[2026-06-16 02:14:17,809][finetune_logger][INFO] - Test metrics: {'MAE': 232.1587191902274, 'RMSE': 2037.2787257141797}
2026-06-16 02:14:17 - finetune_logger - INFO - Test time: 35.82s
[2026-06-16 02:14:17,809][finetune_logger][INFO] - Test time: 35.82s
2026-06-16 02:14:17 - finetune_logger - INFO - Test memory reserved: 54.00 MB
[2026-06-16 02:14:17,809][finetune_logger][INFO] - Test memory reserved: 54.00 MB
2026-06-16 02:14:17 - finetune_logger - INFO - Test memory allocated: 18.10 MB
[2026-06-16 02:14:17,809][finetune_logger][INFO] - Test memory allocated: 18.10 MB
2026-06-16 02:14:17 - finetune_logger - INFO - Epoch 11/20
[2026-06-16 02:14:17,809][finetune_logger][INFO] - Epoch 11/20
2026-06-16 02:19:33 - finetune_logger - INFO - Train loss: 218.00998132462817
[2026-06-16 02:19:33,958][finetune_logger][INFO] - Train loss: 218.00998132462817
2026-06-16 02:19:33 - finetune_logger - INFO - Train time: 316.1488125324249s
[2026-06-16 02:19:33,959][finetune_logger][INFO] - Train time: 316.1488125324249s
2026-06-16 02:19:33 - finetune_logger - INFO - Train memory reserved: 54.00 MB
[2026-06-16 02:19:33,959][finetune_logger][INFO] - Train memory reserved: 54.00 MB
2026-06-16 02:19:33 - finetune_logger - INFO - Train memory allocated: 18.10 MB
[2026-06-16 02:19:33,959][finetune_logger][INFO] - Train memory allocated: 18.10 MB
2026-06-16 02:19:33 - finetune_logger - INFO - Current learning rate: 0.00025
[2026-06-16 02:19:33,959][finetune_logger][INFO] - Current learning rate: 0.00025
2026-06-16 02:19:51 - finetune_logger - INFO - Validation metrics: {'MAE': 173.4536998965612, 'RMSE': 1223.7206312834053}
[2026-06-16 02:19:51,390][finetune_logger][INFO] - Validation metrics: {'MAE': 173.4536998965612, 'RMSE': 1223.7206312834053}
2026-06-16 02:19:51 - finetune_logger - INFO - Val time: 17.43s
[2026-06-16 02:19:51,390][finetune_logger][INFO] - Val time: 17.43s
2026-06-16 02:19:51 - finetune_logger - INFO - Val memory reserved: 54.00 MB
[2026-06-16 02:19:51,391][finetune_logger][INFO] - Val memory reserved: 54.00 MB
2026-06-16 02:19:51 - finetune_logger - INFO - Val memory allocated: 18.10 MB
[2026-06-16 02:19:51,391][finetune_logger][INFO] - Val memory allocated: 18.10 MB
2026-06-16 02:19:51 - finetune_logger - INFO - Logged epoch 11 info to /public/home/202411094934/python_project/Spatio-Temporal-Library/time-series/2026-06-16/itransformer/finetune20/electricity/time-series/seed_1/training_log.json
[2026-06-16 02:19:51,394][finetune_logger][INFO] - Logged epoch 11 info to /public/home/202411094934/python_project/Spatio-Temporal-Library/time-series/2026-06-16/itransformer/finetune20/electricity/time-series/seed_1/training_log.json
2026-06-16 02:19:51 - finetune_logger - INFO - New best model! Val loss: 173.453700
[2026-06-16 02:19:51,394][finetune_logger][INFO] - New best model! Val loss: 173.453700
2026-06-16 02:20:27 - finetune_logger - INFO - Test metrics: {'MAE': 231.45836257401243, 'RMSE': 2022.9546617645392}
[2026-06-16 02:20:27,198][finetune_logger][INFO] - Test metrics: {'MAE': 231.45836257401243, 'RMSE': 2022.9546617645392}
2026-06-16 02:20:27 - finetune_logger - INFO - Test time: 35.76s
[2026-06-16 02:20:27,198][finetune_logger][INFO] - Test time: 35.76s
2026-06-16 02:20:27 - finetune_logger - INFO - Test memory reserved: 54.00 MB
[2026-06-16 02:20:27,198][finetune_logger][INFO] - Test memory reserved: 54.00 MB
2026-06-16 02:20:27 - finetune_logger - INFO - Test memory allocated: 18.10 MB
[2026-06-16 02:20:27,198][finetune_logger][INFO] - Test memory allocated: 18.10 MB
2026-06-16 02:20:27 - finetune_logger - INFO - Epoch 12/20
[2026-06-16 02:20:27,199][finetune_logger][INFO] - Epoch 12/20
2026-06-16 02:25:43 - finetune_logger - INFO - Train loss: 216.77057763635398
[2026-06-16 02:25:43,293][finetune_logger][INFO] - Train loss: 216.77057763635398
2026-06-16 02:25:43 - finetune_logger - INFO - Train time: 316.0937309265137s
[2026-06-16 02:25:43,293][finetune_logger][INFO] - Train time: 316.0937309265137s
2026-06-16 02:25:43 - finetune_logger - INFO - Train memory reserved: 54.00 MB
[2026-06-16 02:25:43,293][finetune_logger][INFO] - Train memory reserved: 54.00 MB
2026-06-16 02:25:43 - finetune_logger - INFO - Train memory allocated: 18.10 MB
[2026-06-16 02:25:43,293][finetune_logger][INFO] - Train memory allocated: 18.10 MB
2026-06-16 02:25:43 - finetune_logger - INFO - Current learning rate: 0.00025
[2026-06-16 02:25:43,293][finetune_logger][INFO] - Current learning rate: 0.00025
2026-06-16 02:26:00 - finetune_logger - INFO - Validation metrics: {'MAE': 173.98099954063002, 'RMSE': 1217.1534595626038}
[2026-06-16 02:26:00,726][finetune_logger][INFO] - Validation metrics: {'MAE': 173.98099954063002, 'RMSE': 1217.1534595626038}
2026-06-16 02:26:00 - finetune_logger - INFO - Val time: 17.43s
[2026-06-16 02:26:00,726][finetune_logger][INFO] - Val time: 17.43s
2026-06-16 02:26:00 - finetune_logger - INFO - Val memory reserved: 54.00 MB
[2026-06-16 02:26:00,726][finetune_logger][INFO] - Val memory reserved: 54.00 MB
2026-06-16 02:26:00 - finetune_logger - INFO - Val memory allocated: 18.10 MB
[2026-06-16 02:26:00,726][finetune_logger][INFO] - Val memory allocated: 18.10 MB
2026-06-16 02:26:00 - finetune_logger - INFO - Logged epoch 12 info to /public/home/202411094934/python_project/Spatio-Temporal-Library/time-series/2026-06-16/itransformer/finetune20/electricity/time-series/seed_1/training_log.json
[2026-06-16 02:26:00,730][finetune_logger][INFO] - Logged epoch 12 info to /public/home/202411094934/python_project/Spatio-Temporal-Library/time-series/2026-06-16/itransformer/finetune20/electricity/time-series/seed_1/training_log.json
2026-06-16 02:26:36 - finetune_logger - INFO - Test metrics: {'MAE': 230.28950563875966, 'RMSE': 1998.3137144130947}
[2026-06-16 02:26:36,572][finetune_logger][INFO] - Test metrics: {'MAE': 230.28950563875966, 'RMSE': 1998.3137144130947}
2026-06-16 02:26:36 - finetune_logger - INFO - Test time: 35.84s
[2026-06-16 02:26:36,572][finetune_logger][INFO] - Test time: 35.84s
2026-06-16 02:26:36 - finetune_logger - INFO - Test memory reserved: 54.00 MB
[2026-06-16 02:26:36,572][finetune_logger][INFO] - Test memory reserved: 54.00 MB
2026-06-16 02:26:36 - finetune_logger - INFO - Test memory allocated: 18.10 MB
[2026-06-16 02:26:36,572][finetune_logger][INFO] - Test memory allocated: 18.10 MB
2026-06-16 02:26:36 - finetune_logger - INFO - Epoch 13/20
[2026-06-16 02:26:36,573][finetune_logger][INFO] - Epoch 13/20
2026-06-16 02:31:52 - finetune_logger - INFO - Train loss: 215.71145596897892
[2026-06-16 02:31:52,856][finetune_logger][INFO] - Train loss: 215.71145596897892
2026-06-16 02:31:52 - finetune_logger - INFO - Train time: 316.28301429748535s
[2026-06-16 02:31:52,856][finetune_logger][INFO] - Train time: 316.28301429748535s
2026-06-16 02:31:52 - finetune_logger - INFO - Train memory reserved: 54.00 MB
[2026-06-16 02:31:52,857][finetune_logger][INFO] - Train memory reserved: 54.00 MB
2026-06-16 02:31:52 - finetune_logger - INFO - Train memory allocated: 18.10 MB
[2026-06-16 02:31:52,857][finetune_logger][INFO] - Train memory allocated: 18.10 MB
2026-06-16 02:31:52 - finetune_logger - INFO - Current learning rate: 0.00025
[2026-06-16 02:31:52,857][finetune_logger][INFO] - Current learning rate: 0.00025
2026-06-16 02:32:10 - finetune_logger - INFO - Validation metrics: {'MAE': 171.8672442466331, 'RMSE': 1206.8822341308567}
[2026-06-16 02:32:10,321][finetune_logger][INFO] - Validation metrics: {'MAE': 171.8672442466331, 'RMSE': 1206.8822341308567}
2026-06-16 02:32:10 - finetune_logger - INFO - Val time: 17.46s
[2026-06-16 02:32:10,322][finetune_logger][INFO] - Val time: 17.46s
2026-06-16 02:32:10 - finetune_logger - INFO - Val memory reserved: 54.00 MB
[2026-06-16 02:32:10,322][finetune_logger][INFO] - Val memory reserved: 54.00 MB
2026-06-16 02:32:10 - finetune_logger - INFO - Val memory allocated: 18.10 MB
[2026-06-16 02:32:10,322][finetune_logger][INFO] - Val memory allocated: 18.10 MB
2026-06-16 02:32:10 - finetune_logger - INFO - Logged epoch 13 info to /public/home/202411094934/python_project/Spatio-Temporal-Library/time-series/2026-06-16/itransformer/finetune20/electricity/time-series/seed_1/training_log.json
[2026-06-16 02:32:10,325][finetune_logger][INFO] - Logged epoch 13 info to /public/home/202411094934/python_project/Spatio-Temporal-Library/time-series/2026-06-16/itransformer/finetune20/electricity/time-series/seed_1/training_log.json
2026-06-16 02:32:10 - finetune_logger - INFO - New best model! Val loss: 171.867244
[2026-06-16 02:32:10,325][finetune_logger][INFO] - New best model! Val loss: 171.867244
2026-06-16 02:32:46 - finetune_logger - INFO - Test metrics: {'MAE': 228.8767319776962, 'RMSE': 1998.1527993865293}
[2026-06-16 02:32:46,288][finetune_logger][INFO] - Test metrics: {'MAE': 228.8767319776962, 'RMSE': 1998.1527993865293}
2026-06-16 02:32:46 - finetune_logger - INFO - Test time: 35.92s
[2026-06-16 02:32:46,288][finetune_logger][INFO] - Test time: 35.92s
2026-06-16 02:32:46 - finetune_logger - INFO - Test memory reserved: 54.00 MB
[2026-06-16 02:32:46,288][finetune_logger][INFO] - Test memory reserved: 54.00 MB
2026-06-16 02:32:46 - finetune_logger - INFO - Test memory allocated: 18.10 MB
[2026-06-16 02:32:46,289][finetune_logger][INFO] - Test memory allocated: 18.10 MB
2026-06-16 02:32:46 - finetune_logger - INFO - Epoch 14/20
[2026-06-16 02:32:46,289][finetune_logger][INFO] - Epoch 14/20
2026-06-16 02:38:02 - finetune_logger - INFO - Train loss: 214.87244885728
[2026-06-16 02:38:02,121][finetune_logger][INFO] - Train loss: 214.87244885728
2026-06-16 02:38:02 - finetune_logger - INFO - Train time: 315.83151507377625s
[2026-06-16 02:38:02,121][finetune_logger][INFO] - Train time: 315.83151507377625s
2026-06-16 02:38:02 - finetune_logger - INFO - Train memory reserved: 54.00 MB
[2026-06-16 02:38:02,121][finetune_logger][INFO] - Train memory reserved: 54.00 MB
2026-06-16 02:38:02 - finetune_logger - INFO - Train memory allocated: 18.10 MB
[2026-06-16 02:38:02,121][finetune_logger][INFO] - Train memory allocated: 18.10 MB
2026-06-16 02:38:02 - finetune_logger - INFO - Current learning rate: 0.00025
[2026-06-16 02:38:02,121][finetune_logger][INFO] - Current learning rate: 0.00025
2026-06-16 02:38:19 - finetune_logger - INFO - Validation metrics: {'MAE': 170.91319174033728, 'RMSE': 1209.7327378186674}
[2026-06-16 02:38:19,527][finetune_logger][INFO] - Validation metrics: {'MAE': 170.91319174033728, 'RMSE': 1209.7327378186674}
2026-06-16 02:38:19 - finetune_logger - INFO - Val time: 17.40s
[2026-06-16 02:38:19,527][finetune_logger][INFO] - Val time: 17.40s
2026-06-16 02:38:19 - finetune_logger - INFO - Val memory reserved: 54.00 MB
[2026-06-16 02:38:19,527][finetune_logger][INFO] - Val memory reserved: 54.00 MB
2026-06-16 02:38:19 - finetune_logger - INFO - Val memory allocated: 18.10 MB
[2026-06-16 02:38:19,527][finetune_logger][INFO] - Val memory allocated: 18.10 MB
2026-06-16 02:38:19 - finetune_logger - INFO - Logged epoch 14 info to /public/home/202411094934/python_project/Spatio-Temporal-Library/time-series/2026-06-16/itransformer/finetune20/electricity/time-series/seed_1/training_log.json
[2026-06-16 02:38:19,530][finetune_logger][INFO] - Logged epoch 14 info to /public/home/202411094934/python_project/Spatio-Temporal-Library/time-series/2026-06-16/itransformer/finetune20/electricity/time-series/seed_1/training_log.json
2026-06-16 02:38:19 - finetune_logger - INFO - New best model! Val loss: 170.913192
[2026-06-16 02:38:19,531][finetune_logger][INFO] - New best model! Val loss: 170.913192
2026-06-16 02:38:55 - finetune_logger - INFO - Test metrics: {'MAE': 227.09181869656095, 'RMSE': 1990.6728571211138}
[2026-06-16 02:38:55,404][finetune_logger][INFO] - Test metrics: {'MAE': 227.09181869656095, 'RMSE': 1990.6728571211138}
2026-06-16 02:38:55 - finetune_logger - INFO - Test time: 35.83s
[2026-06-16 02:38:55,404][finetune_logger][INFO] - Test time: 35.83s
2026-06-16 02:38:55 - finetune_logger - INFO - Test memory reserved: 54.00 MB
[2026-06-16 02:38:55,405][finetune_logger][INFO] - Test memory reserved: 54.00 MB
2026-06-16 02:38:55 - finetune_logger - INFO - Test memory allocated: 18.10 MB
[2026-06-16 02:38:55,405][finetune_logger][INFO] - Test memory allocated: 18.10 MB
2026-06-16 02:38:55 - finetune_logger - INFO - Epoch 15/20
[2026-06-16 02:38:55,405][finetune_logger][INFO] - Epoch 15/20
2026-06-16 02:44:11 - finetune_logger - INFO - Train loss: 214.2053875980654
[2026-06-16 02:44:11,774][finetune_logger][INFO] - Train loss: 214.2053875980654
2026-06-16 02:44:11 - finetune_logger - INFO - Train time: 316.3686463832855s
[2026-06-16 02:44:11,774][finetune_logger][INFO] - Train time: 316.3686463832855s
2026-06-16 02:44:11 - finetune_logger - INFO - Train memory reserved: 54.00 MB
[2026-06-16 02:44:11,774][finetune_logger][INFO] - Train memory reserved: 54.00 MB
2026-06-16 02:44:11 - finetune_logger - INFO - Train memory allocated: 18.10 MB
[2026-06-16 02:44:11,774][finetune_logger][INFO] - Train memory allocated: 18.10 MB
2026-06-16 02:44:11 - finetune_logger - INFO - Current learning rate: 0.00025
[2026-06-16 02:44:11,775][finetune_logger][INFO] - Current learning rate: 0.00025
2026-06-16 02:44:29 - finetune_logger - INFO - Validation metrics: {'MAE': 172.92869496235082, 'RMSE': 1222.4370634380143}
[2026-06-16 02:44:29,280][finetune_logger][INFO] - Validation metrics: {'MAE': 172.92869496235082, 'RMSE': 1222.4370634380143}
2026-06-16 02:44:29 - finetune_logger - INFO - Val time: 17.51s
[2026-06-16 02:44:29,281][finetune_logger][INFO] - Val time: 17.51s
2026-06-16 02:44:29 - finetune_logger - INFO - Val memory reserved: 54.00 MB
[2026-06-16 02:44:29,281][finetune_logger][INFO] - Val memory reserved: 54.00 MB
2026-06-16 02:44:29 - finetune_logger - INFO - Val memory allocated: 18.10 MB
[2026-06-16 02:44:29,281][finetune_logger][INFO] - Val memory allocated: 18.10 MB
2026-06-16 02:44:29 - finetune_logger - INFO - Logged epoch 15 info to /public/home/202411094934/python_project/Spatio-Temporal-Library/time-series/2026-06-16/itransformer/finetune20/electricity/time-series/seed_1/training_log.json
[2026-06-16 02:44:29,284][finetune_logger][INFO] - Logged epoch 15 info to /public/home/202411094934/python_project/Spatio-Temporal-Library/time-series/2026-06-16/itransformer/finetune20/electricity/time-series/seed_1/training_log.json
2026-06-16 02:45:05 - finetune_logger - INFO - Test metrics: {'MAE': 229.64822523156153, 'RMSE': 2010.21524021642}
[2026-06-16 02:45:05,033][finetune_logger][INFO] - Test metrics: {'MAE': 229.64822523156153, 'RMSE': 2010.21524021642}
2026-06-16 02:45:05 - finetune_logger - INFO - Test time: 35.75s
[2026-06-16 02:45:05,033][finetune_logger][INFO] - Test time: 35.75s
2026-06-16 02:45:05 - finetune_logger - INFO - Test memory reserved: 54.00 MB
[2026-06-16 02:45:05,033][finetune_logger][INFO] - Test memory reserved: 54.00 MB
2026-06-16 02:45:05 - finetune_logger - INFO - Test memory allocated: 18.10 MB
[2026-06-16 02:45:05,033][finetune_logger][INFO] - Test memory allocated: 18.10 MB
2026-06-16 02:45:05 - finetune_logger - INFO - Epoch 16/20
[2026-06-16 02:45:05,034][finetune_logger][INFO] - Epoch 16/20
2026-06-16 02:50:21 - finetune_logger - INFO - Train loss: 213.425384340381
[2026-06-16 02:50:21,066][finetune_logger][INFO] - Train loss: 213.425384340381
2026-06-16 02:50:21 - finetune_logger - INFO - Train time: 316.0315856933594s
[2026-06-16 02:50:21,066][finetune_logger][INFO] - Train time: 316.0315856933594s
2026-06-16 02:50:21 - finetune_logger - INFO - Train memory reserved: 54.00 MB
[2026-06-16 02:50:21,066][finetune_logger][INFO] - Train memory reserved: 54.00 MB
2026-06-16 02:50:21 - finetune_logger - INFO - Train memory allocated: 18.10 MB
[2026-06-16 02:50:21,066][finetune_logger][INFO] - Train memory allocated: 18.10 MB
2026-06-16 02:50:21 - finetune_logger - INFO - Current learning rate: 0.00025
[2026-06-16 02:50:21,066][finetune_logger][INFO] - Current learning rate: 0.00025
2026-06-16 02:50:38 - finetune_logger - INFO - Validation metrics: {'MAE': 170.83571605481598, 'RMSE': 1204.6219862510327}
[2026-06-16 02:50:38,522][finetune_logger][INFO] - Validation metrics: {'MAE': 170.83571605481598, 'RMSE': 1204.6219862510327}
2026-06-16 02:50:38 - finetune_logger - INFO - Val time: 17.46s
[2026-06-16 02:50:38,522][finetune_logger][INFO] - Val time: 17.46s
2026-06-16 02:50:38 - finetune_logger - INFO - Val memory reserved: 54.00 MB
[2026-06-16 02:50:38,522][finetune_logger][INFO] - Val memory reserved: 54.00 MB
2026-06-16 02:50:38 - finetune_logger - INFO - Val memory allocated: 18.10 MB
[2026-06-16 02:50:38,522][finetune_logger][INFO] - Val memory allocated: 18.10 MB
2026-06-16 02:50:38 - finetune_logger - INFO - Logged epoch 16 info to /public/home/202411094934/python_project/Spatio-Temporal-Library/time-series/2026-06-16/itransformer/finetune20/electricity/time-series/seed_1/training_log.json
[2026-06-16 02:50:38,526][finetune_logger][INFO] - Logged epoch 16 info to /public/home/202411094934/python_project/Spatio-Temporal-Library/time-series/2026-06-16/itransformer/finetune20/electricity/time-series/seed_1/training_log.json
2026-06-16 02:50:38 - finetune_logger - INFO - New best model! Val loss: 170.835716
[2026-06-16 02:50:38,526][finetune_logger][INFO] - New best model! Val loss: 170.835716
2026-06-16 02:51:14 - finetune_logger - INFO - Test metrics: {'MAE': 227.21701709891212, 'RMSE': 1987.0392317942265}
[2026-06-16 02:51:14,468][finetune_logger][INFO] - Test metrics: {'MAE': 227.21701709891212, 'RMSE': 1987.0392317942265}
2026-06-16 02:51:14 - finetune_logger - INFO - Test time: 35.90s
[2026-06-16 02:51:14,468][finetune_logger][INFO] - Test time: 35.90s
2026-06-16 02:51:14 - finetune_logger - INFO - Test memory reserved: 54.00 MB
[2026-06-16 02:51:14,469][finetune_logger][INFO] - Test memory reserved: 54.00 MB
2026-06-16 02:51:14 - finetune_logger - INFO - Test memory allocated: 18.10 MB
[2026-06-16 02:51:14,469][finetune_logger][INFO] - Test memory allocated: 18.10 MB
2026-06-16 02:51:14 - finetune_logger - INFO - Epoch 17/20
[2026-06-16 02:51:14,469][finetune_logger][INFO] - Epoch 17/20
2026-06-16 02:56:30 - finetune_logger - INFO - Train loss: 212.66682483454233
[2026-06-16 02:56:30,556][finetune_logger][INFO] - Train loss: 212.66682483454233
2026-06-16 02:56:30 - finetune_logger - INFO - Train time: 316.08670711517334s
[2026-06-16 02:56:30,556][finetune_logger][INFO] - Train time: 316.08670711517334s
2026-06-16 02:56:30 - finetune_logger - INFO - Train memory reserved: 54.00 MB
[2026-06-16 02:56:30,556][finetune_logger][INFO] - Train memory reserved: 54.00 MB
2026-06-16 02:56:30 - finetune_logger - INFO - Train memory allocated: 18.10 MB
[2026-06-16 02:56:30,557][finetune_logger][INFO] - Train memory allocated: 18.10 MB
2026-06-16 02:56:30 - finetune_logger - INFO - Current learning rate: 0.00025
[2026-06-16 02:56:30,557][finetune_logger][INFO] - Current learning rate: 0.00025
2026-06-16 02:56:47 - finetune_logger - INFO - Validation metrics: {'MAE': 170.6868250732422, 'RMSE': 1208.4402787571937}
[2026-06-16 02:56:47,966][finetune_logger][INFO] - Validation metrics: {'MAE': 170.6868250732422, 'RMSE': 1208.4402787571937}
2026-06-16 02:56:47 - finetune_logger - INFO - Val time: 17.41s
[2026-06-16 02:56:47,967][finetune_logger][INFO] - Val time: 17.41s
2026-06-16 02:56:47 - finetune_logger - INFO - Val memory reserved: 54.00 MB
[2026-06-16 02:56:47,967][finetune_logger][INFO] - Val memory reserved: 54.00 MB
2026-06-16 02:56:47 - finetune_logger - INFO - Val memory allocated: 18.10 MB
[2026-06-16 02:56:47,967][finetune_logger][INFO] - Val memory allocated: 18.10 MB
2026-06-16 02:56:47 - finetune_logger - INFO - Logged epoch 17 info to /public/home/202411094934/python_project/Spatio-Temporal-Library/time-series/2026-06-16/itransformer/finetune20/electricity/time-series/seed_1/training_log.json
[2026-06-16 02:56:47,970][finetune_logger][INFO] - Logged epoch 17 info to /public/home/202411094934/python_project/Spatio-Temporal-Library/time-series/2026-06-16/itransformer/finetune20/electricity/time-series/seed_1/training_log.json
2026-06-16 02:56:47 - finetune_logger - INFO - New best model! Val loss: 170.686825
[2026-06-16 02:56:47,970][finetune_logger][INFO] - New best model! Val loss: 170.686825
2026-06-16 02:57:23 - finetune_logger - INFO - Test metrics: {'MAE': 228.16755587587468, 'RMSE': 2001.468536236755}
[2026-06-16 02:57:23,962][finetune_logger][INFO] - Test metrics: {'MAE': 228.16755587587468, 'RMSE': 2001.468536236755}
2026-06-16 02:57:23 - finetune_logger - INFO - Test time: 35.95s
[2026-06-16 02:57:23,962][finetune_logger][INFO] - Test time: 35.95s
2026-06-16 02:57:23 - finetune_logger - INFO - Test memory reserved: 54.00 MB
[2026-06-16 02:57:23,962][finetune_logger][INFO] - Test memory reserved: 54.00 MB
2026-06-16 02:57:23 - finetune_logger - INFO - Test memory allocated: 18.10 MB
[2026-06-16 02:57:23,962][finetune_logger][INFO] - Test memory allocated: 18.10 MB
2026-06-16 02:57:23 - finetune_logger - INFO - Epoch 18/20
[2026-06-16 02:57:23,962][finetune_logger][INFO] - Epoch 18/20
2026-06-16 03:02:40 - finetune_logger - INFO - Train loss: 212.11252718412248
[2026-06-16 03:02:40,129][finetune_logger][INFO] - Train loss: 212.11252718412248
2026-06-16 03:02:40 - finetune_logger - INFO - Train time: 316.165979385376s
[2026-06-16 03:02:40,129][finetune_logger][INFO] - Train time: 316.165979385376s
2026-06-16 03:02:40 - finetune_logger - INFO - Train memory reserved: 54.00 MB
[2026-06-16 03:02:40,129][finetune_logger][INFO] - Train memory reserved: 54.00 MB
2026-06-16 03:02:40 - finetune_logger - INFO - Train memory allocated: 18.10 MB
[2026-06-16 03:02:40,129][finetune_logger][INFO] - Train memory allocated: 18.10 MB
2026-06-16 03:02:40 - finetune_logger - INFO - Current learning rate: 0.00025
[2026-06-16 03:02:40,129][finetune_logger][INFO] - Current learning rate: 0.00025
2026-06-16 03:02:57 - finetune_logger - INFO - Validation metrics: {'MAE': 170.46023135857803, 'RMSE': 1206.9124079204366}
[2026-06-16 03:02:57,553][finetune_logger][INFO] - Validation metrics: {'MAE': 170.46023135857803, 'RMSE': 1206.9124079204366}
2026-06-16 03:02:57 - finetune_logger - INFO - Val time: 17.42s
[2026-06-16 03:02:57,554][finetune_logger][INFO] - Val time: 17.42s
2026-06-16 03:02:57 - finetune_logger - INFO - Val memory reserved: 54.00 MB
[2026-06-16 03:02:57,554][finetune_logger][INFO] - Val memory reserved: 54.00 MB
2026-06-16 03:02:57 - finetune_logger - INFO - Val memory allocated: 18.10 MB
[2026-06-16 03:02:57,554][finetune_logger][INFO] - Val memory allocated: 18.10 MB
2026-06-16 03:02:57 - finetune_logger - INFO - Logged epoch 18 info to /public/home/202411094934/python_project/Spatio-Temporal-Library/time-series/2026-06-16/itransformer/finetune20/electricity/time-series/seed_1/training_log.json
[2026-06-16 03:02:57,557][finetune_logger][INFO] - Logged epoch 18 info to /public/home/202411094934/python_project/Spatio-Temporal-Library/time-series/2026-06-16/itransformer/finetune20/electricity/time-series/seed_1/training_log.json
2026-06-16 03:02:57 - finetune_logger - INFO - New best model! Val loss: 170.460231
[2026-06-16 03:02:57,557][finetune_logger][INFO] - New best model! Val loss: 170.460231
2026-06-16 03:03:33 - finetune_logger - INFO - Test metrics: {'MAE': 228.30706469560695, 'RMSE': 1991.198310585393}
[2026-06-16 03:03:33,371][finetune_logger][INFO] - Test metrics: {'MAE': 228.30706469560695, 'RMSE': 1991.198310585393}
2026-06-16 03:03:33 - finetune_logger - INFO - Test time: 35.77s
[2026-06-16 03:03:33,372][finetune_logger][INFO] - Test time: 35.77s
2026-06-16 03:03:33 - finetune_logger - INFO - Test memory reserved: 54.00 MB
[2026-06-16 03:03:33,372][finetune_logger][INFO] - Test memory reserved: 54.00 MB
2026-06-16 03:03:33 - finetune_logger - INFO - Test memory allocated: 18.10 MB
[2026-06-16 03:03:33,372][finetune_logger][INFO] - Test memory allocated: 18.10 MB
2026-06-16 03:03:33 - finetune_logger - INFO - Epoch 19/20
[2026-06-16 03:03:33,372][finetune_logger][INFO] - Epoch 19/20
2026-06-16 03:08:49 - finetune_logger - INFO - Train loss: 211.32956610384076
[2026-06-16 03:08:49,441][finetune_logger][INFO] - Train loss: 211.32956610384076
2026-06-16 03:08:49 - finetune_logger - INFO - Train time: 316.0686137676239s
[2026-06-16 03:08:49,441][finetune_logger][INFO] - Train time: 316.0686137676239s
2026-06-16 03:08:49 - finetune_logger - INFO - Train memory reserved: 54.00 MB
[2026-06-16 03:08:49,442][finetune_logger][INFO] - Train memory reserved: 54.00 MB
2026-06-16 03:08:49 - finetune_logger - INFO - Train memory allocated: 18.10 MB
[2026-06-16 03:08:49,442][finetune_logger][INFO] - Train memory allocated: 18.10 MB
2026-06-16 03:08:49 - finetune_logger - INFO - Current learning rate: 0.00025
[2026-06-16 03:08:49,442][finetune_logger][INFO] - Current learning rate: 0.00025
2026-06-16 03:09:06 - finetune_logger - INFO - Validation metrics: {'MAE': 169.7166947374839, 'RMSE': 1223.090374049139}
[2026-06-16 03:09:06,860][finetune_logger][INFO] - Validation metrics: {'MAE': 169.7166947374839, 'RMSE': 1223.090374049139}
2026-06-16 03:09:06 - finetune_logger - INFO - Val time: 17.42s
[2026-06-16 03:09:06,860][finetune_logger][INFO] - Val time: 17.42s
2026-06-16 03:09:06 - finetune_logger - INFO - Val memory reserved: 54.00 MB
[2026-06-16 03:09:06,860][finetune_logger][INFO] - Val memory reserved: 54.00 MB
2026-06-16 03:09:06 - finetune_logger - INFO - Val memory allocated: 18.10 MB
[2026-06-16 03:09:06,860][finetune_logger][INFO] - Val memory allocated: 18.10 MB
2026-06-16 03:09:06 - finetune_logger - INFO - Logged epoch 19 info to /public/home/202411094934/python_project/Spatio-Temporal-Library/time-series/2026-06-16/itransformer/finetune20/electricity/time-series/seed_1/training_log.json
[2026-06-16 03:09:06,864][finetune_logger][INFO] - Logged epoch 19 info to /public/home/202411094934/python_project/Spatio-Temporal-Library/time-series/2026-06-16/itransformer/finetune20/electricity/time-series/seed_1/training_log.json
2026-06-16 03:09:06 - finetune_logger - INFO - New best model! Val loss: 169.716695
[2026-06-16 03:09:06,864][finetune_logger][INFO] - New best model! Val loss: 169.716695
2026-06-16 03:09:42 - finetune_logger - INFO - Test metrics: {'MAE': 226.7701290718011, 'RMSE': 1999.7976774532185}
[2026-06-16 03:09:42,639][finetune_logger][INFO] - Test metrics: {'MAE': 226.7701290718011, 'RMSE': 1999.7976774532185}
2026-06-16 03:09:42 - finetune_logger - INFO - Test time: 35.73s
[2026-06-16 03:09:42,640][finetune_logger][INFO] - Test time: 35.73s
2026-06-16 03:09:42 - finetune_logger - INFO - Test memory reserved: 54.00 MB
[2026-06-16 03:09:42,640][finetune_logger][INFO] - Test memory reserved: 54.00 MB
2026-06-16 03:09:42 - finetune_logger - INFO - Test memory allocated: 18.10 MB
[2026-06-16 03:09:42,640][finetune_logger][INFO] - Test memory allocated: 18.10 MB
2026-06-16 03:09:42 - finetune_logger - INFO - Epoch 20/20
[2026-06-16 03:09:42,640][finetune_logger][INFO] - Epoch 20/20
2026-06-16 03:14:58 - finetune_logger - INFO - Train loss: 210.69497211479418
[2026-06-16 03:14:58,555][finetune_logger][INFO] - Train loss: 210.69497211479418
2026-06-16 03:14:58 - finetune_logger - INFO - Train time: 315.9147939682007s
[2026-06-16 03:14:58,556][finetune_logger][INFO] - Train time: 315.9147939682007s
2026-06-16 03:14:58 - finetune_logger - INFO - Train memory reserved: 54.00 MB
[2026-06-16 03:14:58,556][finetune_logger][INFO] - Train memory reserved: 54.00 MB
2026-06-16 03:14:58 - finetune_logger - INFO - Train memory allocated: 18.10 MB
[2026-06-16 03:14:58,556][finetune_logger][INFO] - Train memory allocated: 18.10 MB
2026-06-16 03:14:58 - finetune_logger - INFO - Current learning rate: 0.00025
[2026-06-16 03:14:58,556][finetune_logger][INFO] - Current learning rate: 0.00025
2026-06-16 03:15:15 - finetune_logger - INFO - Validation metrics: {'MAE': 169.90299124948572, 'RMSE': 1200.8786356907865}
[2026-06-16 03:15:15,978][finetune_logger][INFO] - Validation metrics: {'MAE': 169.90299124948572, 'RMSE': 1200.8786356907865}
2026-06-16 03:15:15 - finetune_logger - INFO - Val time: 17.42s
[2026-06-16 03:15:15,978][finetune_logger][INFO] - Val time: 17.42s
2026-06-16 03:15:15 - finetune_logger - INFO - Val memory reserved: 54.00 MB
[2026-06-16 03:15:15,978][finetune_logger][INFO] - Val memory reserved: 54.00 MB
2026-06-16 03:15:15 - finetune_logger - INFO - Val memory allocated: 18.10 MB
[2026-06-16 03:15:15,978][finetune_logger][INFO] - Val memory allocated: 18.10 MB
2026-06-16 03:15:15 - finetune_logger - INFO - Logged epoch 20 info to /public/home/202411094934/python_project/Spatio-Temporal-Library/time-series/2026-06-16/itransformer/finetune20/electricity/time-series/seed_1/training_log.json
[2026-06-16 03:15:15,981][finetune_logger][INFO] - Logged epoch 20 info to /public/home/202411094934/python_project/Spatio-Temporal-Library/time-series/2026-06-16/itransformer/finetune20/electricity/time-series/seed_1/training_log.json
2026-06-16 03:15:51 - finetune_logger - INFO - Test metrics: {'MAE': 226.56607636820488, 'RMSE': 1991.5804252342487}
[2026-06-16 03:15:51,873][finetune_logger][INFO] - Test metrics: {'MAE': 226.56607636820488, 'RMSE': 1991.5804252342487}
2026-06-16 03:15:51 - finetune_logger - INFO - Test time: 35.87s
[2026-06-16 03:15:51,874][finetune_logger][INFO] - Test time: 35.87s
2026-06-16 03:15:51 - finetune_logger - INFO - Test memory reserved: 54.00 MB
[2026-06-16 03:15:51,874][finetune_logger][INFO] - Test memory reserved: 54.00 MB
2026-06-16 03:15:51 - finetune_logger - INFO - Test memory allocated: 18.10 MB
[2026-06-16 03:15:51,874][finetune_logger][INFO] - Test memory allocated: 18.10 MB
2026-06-16 03:15:51 - finetune_logger - INFO - Training completed. Best epoch: 19, Best val loss: 169.716695
[2026-06-16 03:15:51,874][finetune_logger][INFO] - Training completed. Best epoch: 19, Best val loss: 169.716695
2026-06-16 03:15:51 - finetune_logger - INFO - Loaded checkpoint from epoch 19
[2026-06-16 03:15:51,908][finetune_logger][INFO] - Loaded checkpoint from epoch 19
2026-06-16 03:15:51 - finetune_logger - INFO - Evaluating best model on test sets...
[2026-06-16 03:15:51,908][finetune_logger][INFO] - Evaluating best model on test sets...
2026-06-16 03:16:27 - finetune_logger - INFO - Test metrics: {'MAE': 226.7701290718011, 'RMSE': 1999.7976774532185}
[2026-06-16 03:16:27,822][finetune_logger][INFO] - Test metrics: {'MAE': 226.7701290718011, 'RMSE': 1999.7976774532185}
2026-06-16 03:16:27 - finetune_logger - INFO - Test time: 35.91s
[2026-06-16 03:16:27,822][finetune_logger][INFO] - Test time: 35.91s
2026-06-16 03:16:27 - finetune_logger - INFO - Test memory reserved: 54.00 MB
[2026-06-16 03:16:27,823][finetune_logger][INFO] - Test memory reserved: 54.00 MB
2026-06-16 03:16:27 - finetune_logger - INFO - Test memory allocated: 18.14 MB
[2026-06-16 03:16:27,823][finetune_logger][INFO] - Test memory allocated: 18.14 MB
2026-06-16 03:16:27 - finetune_logger - INFO - Logged epoch test info to /public/home/202411094934/python_project/Spatio-Temporal-Library/time-series/2026-06-16/itransformer/finetune20/electricity/time-series/seed_1/training_log.json
[2026-06-16 03:16:27,826][finetune_logger][INFO] - Logged epoch test info to /public/home/202411094934/python_project/Spatio-Temporal-Library/time-series/2026-06-16/itransformer/finetune20/electricity/time-series/seed_1/training_log.json
2026-06-16 09:35:44 - finetune_logger - INFO - No pretrained checkpoint is provided. Finetuning from scratch.
[2026-06-16 09:35:44,768][finetune_logger][INFO] - No pretrained checkpoint is provided. Finetuning from scratch.
2026-06-16 09:35:44 - finetune_logger - INFO - Model parameters: 158,912
[2026-06-16 09:35:44,770][finetune_logger][INFO] - Model parameters: 158,912
2026-06-16 09:35:44 - finetune_logger - INFO - Log file already exists at /public/home/202411094934/python_project/Spatio-Temporal-Library/time-series/2026-06-16/itransformer/finetune20/electricity/time-series/seed_1/training_log.json, appending to it.
[2026-06-16 09:35:44,772][finetune_logger][INFO] - Log file already exists at /public/home/202411094934/python_project/Spatio-Temporal-Library/time-series/2026-06-16/itransformer/finetune20/electricity/time-series/seed_1/training_log.json, appending to it.
2026-06-16 09:35:44 - finetune_logger - INFO - Starting training...
[2026-06-16 09:35:44,772][finetune_logger][INFO] - Starting training...
2026-06-16 09:35:44 - finetune_logger - INFO - Epoch 1/20
[2026-06-16 09:35:44,772][finetune_logger][INFO] - Epoch 1/20
2026-06-16 09:40:59 - finetune_logger - INFO - Train loss: 290.82504853247525
[2026-06-16 09:40:59,567][finetune_logger][INFO] - Train loss: 290.82504853247525
2026-06-16 09:40:59 - finetune_logger - INFO - Train time: 314.7941632270813s
[2026-06-16 09:40:59,567][finetune_logger][INFO] - Train time: 314.7941632270813s
2026-06-16 09:40:59 - finetune_logger - INFO - Train memory reserved: 54.00 MB
[2026-06-16 09:40:59,567][finetune_logger][INFO] - Train memory reserved: 54.00 MB
2026-06-16 09:40:59 - finetune_logger - INFO - Train memory allocated: 18.10 MB
[2026-06-16 09:40:59,567][finetune_logger][INFO] - Train memory allocated: 18.10 MB
2026-06-16 09:40:59 - finetune_logger - INFO - Current learning rate: 0.0005
[2026-06-16 09:40:59,567][finetune_logger][INFO] - Current learning rate: 0.0005
2026-06-16 09:41:16 - finetune_logger - INFO - Validation metrics: {'MAE': 202.69795067074406, 'RMSE': 1387.503964329772}
[2026-06-16 09:41:16,831][finetune_logger][INFO] - Validation metrics: {'MAE': 202.69795067074406, 'RMSE': 1387.503964329772}
2026-06-16 09:41:16 - finetune_logger - INFO - Val time: 17.26s
[2026-06-16 09:41:16,831][finetune_logger][INFO] - Val time: 17.26s
2026-06-16 09:41:16 - finetune_logger - INFO - Val memory reserved: 54.00 MB
[2026-06-16 09:41:16,831][finetune_logger][INFO] - Val memory reserved: 54.00 MB
2026-06-16 09:41:16 - finetune_logger - INFO - Val memory allocated: 18.10 MB
[2026-06-16 09:41:16,831][finetune_logger][INFO] - Val memory allocated: 18.10 MB
2026-06-16 09:41:16 - finetune_logger - INFO - Logged epoch 1 info to /public/home/202411094934/python_project/Spatio-Temporal-Library/time-series/2026-06-16/itransformer/finetune20/electricity/time-series/seed_1/training_log.json
[2026-06-16 09:41:16,834][finetune_logger][INFO] - Logged epoch 1 info to /public/home/202411094934/python_project/Spatio-Temporal-Library/time-series/2026-06-16/itransformer/finetune20/electricity/time-series/seed_1/training_log.json
2026-06-16 09:41:16 - finetune_logger - INFO - New best model! Val loss: 202.697951
[2026-06-16 09:41:16,834][finetune_logger][INFO] - New best model! Val loss: 202.697951
2026-06-16 09:41:52 - finetune_logger - INFO - Test metrics: {'MAE': 266.4974522820153, 'RMSE': 2269.7725873961863}
[2026-06-16 09:41:52,462][finetune_logger][INFO] - Test metrics: {'MAE': 266.4974522820153, 'RMSE': 2269.7725873961863}
2026-06-16 09:41:52 - finetune_logger - INFO - Test time: 35.58s
[2026-06-16 09:41:52,462][finetune_logger][INFO] - Test time: 35.58s
2026-06-16 09:41:52 - finetune_logger - INFO - Test memory reserved: 54.00 MB
[2026-06-16 09:41:52,462][finetune_logger][INFO] - Test memory reserved: 54.00 MB
2026-06-16 09:41:52 - finetune_logger - INFO - Test memory allocated: 18.10 MB
[2026-06-16 09:41:52,463][finetune_logger][INFO] - Test memory allocated: 18.10 MB
2026-06-16 09:41:52 - finetune_logger - INFO - Epoch 2/20
[2026-06-16 09:41:52,463][finetune_logger][INFO] - Epoch 2/20
2026-06-16 09:47:06 - finetune_logger - INFO - Train loss: 251.8875198023883
[2026-06-16 09:47:06,514][finetune_logger][INFO] - Train loss: 251.8875198023883
2026-06-16 09:47:06 - finetune_logger - INFO - Train time: 314.050439119339s
[2026-06-16 09:47:06,514][finetune_logger][INFO] - Train time: 314.050439119339s
2026-06-16 09:47:06 - finetune_logger - INFO - Train memory reserved: 54.00 MB
[2026-06-16 09:47:06,514][finetune_logger][INFO] - Train memory reserved: 54.00 MB
2026-06-16 09:47:06 - finetune_logger - INFO - Train memory allocated: 18.10 MB
[2026-06-16 09:47:06,514][finetune_logger][INFO] - Train memory allocated: 18.10 MB
2026-06-16 09:47:06 - finetune_logger - INFO - Current learning rate: 0.0005
[2026-06-16 09:47:06,514][finetune_logger][INFO] - Current learning rate: 0.0005
2026-06-16 09:47:23 - finetune_logger - INFO - Validation metrics: {'MAE': 194.22470702482482, 'RMSE': 1342.7683168688307}
[2026-06-16 09:47:23,821][finetune_logger][INFO] - Validation metrics: {'MAE': 194.22470702482482, 'RMSE': 1342.7683168688307}
2026-06-16 09:47:23 - finetune_logger - INFO - Val time: 17.31s
[2026-06-16 09:47:23,821][finetune_logger][INFO] - Val time: 17.31s
2026-06-16 09:47:23 - finetune_logger - INFO - Val memory reserved: 54.00 MB
[2026-06-16 09:47:23,821][finetune_logger][INFO] - Val memory reserved: 54.00 MB
2026-06-16 09:47:23 - finetune_logger - INFO - Val memory allocated: 18.10 MB
[2026-06-16 09:47:23,822][finetune_logger][INFO] - Val memory allocated: 18.10 MB
2026-06-16 09:47:23 - finetune_logger - INFO - Logged epoch 2 info to /public/home/202411094934/python_project/Spatio-Temporal-Library/time-series/2026-06-16/itransformer/finetune20/electricity/time-series/seed_1/training_log.json
[2026-06-16 09:47:23,825][finetune_logger][INFO] - Logged epoch 2 info to /public/home/202411094934/python_project/Spatio-Temporal-Library/time-series/2026-06-16/itransformer/finetune20/electricity/time-series/seed_1/training_log.json
2026-06-16 09:47:23 - finetune_logger - INFO - New best model! Val loss: 194.224707
[2026-06-16 09:47:23,825][finetune_logger][INFO] - New best model! Val loss: 194.224707
2026-06-16 09:47:59 - finetune_logger - INFO - Test metrics: {'MAE': 252.93406153687084, 'RMSE': 2175.550783797707}
[2026-06-16 09:47:59,534][finetune_logger][INFO] - Test metrics: {'MAE': 252.93406153687084, 'RMSE': 2175.550783797707}
2026-06-16 09:47:59 - finetune_logger - INFO - Test time: 35.66s
[2026-06-16 09:47:59,535][finetune_logger][INFO] - Test time: 35.66s
2026-06-16 09:47:59 - finetune_logger - INFO - Test memory reserved: 54.00 MB
[2026-06-16 09:47:59,535][finetune_logger][INFO] - Test memory reserved: 54.00 MB
2026-06-16 09:47:59 - finetune_logger - INFO - Test memory allocated: 18.10 MB
[2026-06-16 09:47:59,535][finetune_logger][INFO] - Test memory allocated: 18.10 MB
2026-06-16 09:47:59 - finetune_logger - INFO - Epoch 3/20
[2026-06-16 09:47:59,535][finetune_logger][INFO] - Epoch 3/20
2026-06-16 09:53:14 - finetune_logger - INFO - Train loss: 243.55955518060557
[2026-06-16 09:53:14,593][finetune_logger][INFO] - Train loss: 243.55955518060557
2026-06-16 09:53:14 - finetune_logger - INFO - Train time: 315.057341337204s
[2026-06-16 09:53:14,593][finetune_logger][INFO] - Train time: 315.057341337204s
2026-06-16 09:53:14 - finetune_logger - INFO - Train memory reserved: 54.00 MB
[2026-06-16 09:53:14,593][finetune_logger][INFO] - Train memory reserved: 54.00 MB
2026-06-16 09:53:14 - finetune_logger - INFO - Train memory allocated: 18.10 MB
[2026-06-16 09:53:14,593][finetune_logger][INFO] - Train memory allocated: 18.10 MB
2026-06-16 09:53:14 - finetune_logger - INFO - Current learning rate: 0.0005
[2026-06-16 09:53:14,593][finetune_logger][INFO] - Current learning rate: 0.0005
2026-06-16 09:53:31 - finetune_logger - INFO - Validation metrics: {'MAE': 189.45577832031208, 'RMSE': 1328.2246067537035}
[2026-06-16 09:53:31,907][finetune_logger][INFO] - Validation metrics: {'MAE': 189.45577832031208, 'RMSE': 1328.2246067537035}
2026-06-16 09:53:31 - finetune_logger - INFO - Val time: 17.31s
[2026-06-16 09:53:31,907][finetune_logger][INFO] - Val time: 17.31s
2026-06-16 09:53:31 - finetune_logger - INFO - Val memory reserved: 54.00 MB
[2026-06-16 09:53:31,907][finetune_logger][INFO] - Val memory reserved: 54.00 MB
2026-06-16 09:53:31 - finetune_logger - INFO - Val memory allocated: 18.10 MB
[2026-06-16 09:53:31,907][finetune_logger][INFO] - Val memory allocated: 18.10 MB
2026-06-16 09:53:31 - finetune_logger - INFO - Logged epoch 3 info to /public/home/202411094934/python_project/Spatio-Temporal-Library/time-series/2026-06-16/itransformer/finetune20/electricity/time-series/seed_1/training_log.json
[2026-06-16 09:53:31,911][finetune_logger][INFO] - Logged epoch 3 info to /public/home/202411094934/python_project/Spatio-Temporal-Library/time-series/2026-06-16/itransformer/finetune20/electricity/time-series/seed_1/training_log.json
2026-06-16 09:53:31 - finetune_logger - INFO - New best model! Val loss: 189.455778
[2026-06-16 09:53:31,911][finetune_logger][INFO] - New best model! Val loss: 189.455778
2026-06-16 09:54:07 - finetune_logger - INFO - Test metrics: {'MAE': 247.83924597238436, 'RMSE': 2147.967363793687}
[2026-06-16 09:54:07,433][finetune_logger][INFO] - Test metrics: {'MAE': 247.83924597238436, 'RMSE': 2147.967363793687}
2026-06-16 09:54:07 - finetune_logger - INFO - Test time: 35.48s
[2026-06-16 09:54:07,434][finetune_logger][INFO] - Test time: 35.48s
2026-06-16 09:54:07 - finetune_logger - INFO - Test memory reserved: 54.00 MB
[2026-06-16 09:54:07,434][finetune_logger][INFO] - Test memory reserved: 54.00 MB
2026-06-16 09:54:07 - finetune_logger - INFO - Test memory allocated: 18.10 MB
[2026-06-16 09:54:07,434][finetune_logger][INFO] - Test memory allocated: 18.10 MB
2026-06-16 09:54:07 - finetune_logger - INFO - Epoch 4/20
[2026-06-16 09:54:07,434][finetune_logger][INFO] - Epoch 4/20
2026-06-16 09:59:22 - finetune_logger - INFO - Train loss: 238.38204751926105
[2026-06-16 09:59:22,269][finetune_logger][INFO] - Train loss: 238.38204751926105
2026-06-16 09:59:22 - finetune_logger - INFO - Train time: 314.8348035812378s
[2026-06-16 09:59:22,270][finetune_logger][INFO] - Train time: 314.8348035812378s
2026-06-16 09:59:22 - finetune_logger - INFO - Train memory reserved: 54.00 MB
[2026-06-16 09:59:22,270][finetune_logger][INFO] - Train memory reserved: 54.00 MB
2026-06-16 09:59:22 - finetune_logger - INFO - Train memory allocated: 18.10 MB
[2026-06-16 09:59:22,270][finetune_logger][INFO] - Train memory allocated: 18.10 MB
2026-06-16 09:59:22 - finetune_logger - INFO - Current learning rate: 0.0005
[2026-06-16 09:59:22,270][finetune_logger][INFO] - Current learning rate: 0.0005
2026-06-16 09:59:39 - finetune_logger - INFO - Validation metrics: {'MAE': 188.64769648501795, 'RMSE': 1333.2524086400065}
[2026-06-16 09:59:39,700][finetune_logger][INFO] - Validation metrics: {'MAE': 188.64769648501795, 'RMSE': 1333.2524086400065}
2026-06-16 09:59:39 - finetune_logger - INFO - Val time: 17.43s
[2026-06-16 09:59:39,700][finetune_logger][INFO] - Val time: 17.43s
2026-06-16 09:59:39 - finetune_logger - INFO - Val memory reserved: 54.00 MB
[2026-06-16 09:59:39,700][finetune_logger][INFO] - Val memory reserved: 54.00 MB
2026-06-16 09:59:39 - finetune_logger - INFO - Val memory allocated: 18.10 MB
[2026-06-16 09:59:39,700][finetune_logger][INFO] - Val memory allocated: 18.10 MB
2026-06-16 09:59:39 - finetune_logger - INFO - Logged epoch 4 info to /public/home/202411094934/python_project/Spatio-Temporal-Library/time-series/2026-06-16/itransformer/finetune20/electricity/time-series/seed_1/training_log.json
[2026-06-16 09:59:39,703][finetune_logger][INFO] - Logged epoch 4 info to /public/home/202411094934/python_project/Spatio-Temporal-Library/time-series/2026-06-16/itransformer/finetune20/electricity/time-series/seed_1/training_log.json
2026-06-16 09:59:39 - finetune_logger - INFO - New best model! Val loss: 188.647696
[2026-06-16 09:59:39,704][finetune_logger][INFO] - New best model! Val loss: 188.647696
2026-06-16 10:00:15 - finetune_logger - INFO - Test metrics: {'MAE': 246.80379264379042, 'RMSE': 2148.415271537322}
[2026-06-16 10:00:15,367][finetune_logger][INFO] - Test metrics: {'MAE': 246.80379264379042, 'RMSE': 2148.415271537322}
2026-06-16 10:00:15 - finetune_logger - INFO - Test time: 35.62s
[2026-06-16 10:00:15,367][finetune_logger][INFO] - Test time: 35.62s
2026-06-16 10:00:15 - finetune_logger - INFO - Test memory reserved: 54.00 MB
[2026-06-16 10:00:15,367][finetune_logger][INFO] - Test memory reserved: 54.00 MB
2026-06-16 10:00:15 - finetune_logger - INFO - Test memory allocated: 18.10 MB
[2026-06-16 10:00:15,367][finetune_logger][INFO] - Test memory allocated: 18.10 MB
2026-06-16 10:00:15 - finetune_logger - INFO - Epoch 5/20
[2026-06-16 10:00:15,368][finetune_logger][INFO] - Epoch 5/20
2026-06-16 10:05:30 - finetune_logger - INFO - Train loss: 234.689962380465
[2026-06-16 10:05:30,341][finetune_logger][INFO] - Train loss: 234.689962380465
2026-06-16 10:05:30 - finetune_logger - INFO - Train time: 314.97344946861267s
[2026-06-16 10:05:30,342][finetune_logger][INFO] - Train time: 314.97344946861267s
2026-06-16 10:05:30 - finetune_logger - INFO - Train memory reserved: 54.00 MB
[2026-06-16 10:05:30,342][finetune_logger][INFO] - Train memory reserved: 54.00 MB
2026-06-16 10:05:30 - finetune_logger - INFO - Train memory allocated: 18.10 MB
[2026-06-16 10:05:30,342][finetune_logger][INFO] - Train memory allocated: 18.10 MB
2026-06-16 10:05:30 - finetune_logger - INFO - Current learning rate: 0.0005
[2026-06-16 10:05:30,342][finetune_logger][INFO] - Current learning rate: 0.0005
2026-06-16 10:05:47 - finetune_logger - INFO - Validation metrics: {'MAE': 190.24934625244143, 'RMSE': 1339.4907320363852}
[2026-06-16 10:05:47,607][finetune_logger][INFO] - Validation metrics: {'MAE': 190.24934625244143, 'RMSE': 1339.4907320363852}
2026-06-16 10:05:47 - finetune_logger - INFO - Val time: 17.26s
[2026-06-16 10:05:47,607][finetune_logger][INFO] - Val time: 17.26s
2026-06-16 10:05:47 - finetune_logger - INFO - Val memory reserved: 54.00 MB
[2026-06-16 10:05:47,607][finetune_logger][INFO] - Val memory reserved: 54.00 MB
2026-06-16 10:05:47 - finetune_logger - INFO - Val memory allocated: 18.10 MB
[2026-06-16 10:05:47,607][finetune_logger][INFO] - Val memory allocated: 18.10 MB
2026-06-16 10:05:47 - finetune_logger - INFO - Logged epoch 5 info to /public/home/202411094934/python_project/Spatio-Temporal-Library/time-series/2026-06-16/itransformer/finetune20/electricity/time-series/seed_1/training_log.json
[2026-06-16 10:05:47,610][finetune_logger][INFO] - Logged epoch 5 info to /public/home/202411094934/python_project/Spatio-Temporal-Library/time-series/2026-06-16/itransformer/finetune20/electricity/time-series/seed_1/training_log.json
2026-06-16 10:06:23 - finetune_logger - INFO - Test metrics: {'MAE': 248.3734887490515, 'RMSE': 2153.8515612688016}
[2026-06-16 10:06:23,181][finetune_logger][INFO] - Test metrics: {'MAE': 248.3734887490515, 'RMSE': 2153.8515612688016}
2026-06-16 10:06:23 - finetune_logger - INFO - Test time: 35.57s
[2026-06-16 10:06:23,181][finetune_logger][INFO] - Test time: 35.57s
2026-06-16 10:06:23 - finetune_logger - INFO - Test memory reserved: 54.00 MB
[2026-06-16 10:06:23,181][finetune_logger][INFO] - Test memory reserved: 54.00 MB
2026-06-16 10:06:23 - finetune_logger - INFO - Test memory allocated: 18.10 MB
[2026-06-16 10:06:23,181][finetune_logger][INFO] - Test memory allocated: 18.10 MB
2026-06-16 10:06:23 - finetune_logger - INFO - Epoch 6/20
[2026-06-16 10:06:23,181][finetune_logger][INFO] - Epoch 6/20
2026-06-16 10:11:37 - finetune_logger - INFO - Train loss: 231.56470986292928
[2026-06-16 10:11:37,902][finetune_logger][INFO] - Train loss: 231.56470986292928
2026-06-16 10:11:37 - finetune_logger - INFO - Train time: 314.71981477737427s
[2026-06-16 10:11:37,902][finetune_logger][INFO] - Train time: 314.71981477737427s
2026-06-16 10:11:37 - finetune_logger - INFO - Train memory reserved: 54.00 MB
[2026-06-16 10:11:37,902][finetune_logger][INFO] - Train memory reserved: 54.00 MB
2026-06-16 10:11:37 - finetune_logger - INFO - Train memory allocated: 18.10 MB
[2026-06-16 10:11:37,902][finetune_logger][INFO] - Train memory allocated: 18.10 MB
2026-06-16 10:11:37 - finetune_logger - INFO - Current learning rate: 0.0005
[2026-06-16 10:11:37,902][finetune_logger][INFO] - Current learning rate: 0.0005
2026-06-16 10:11:55 - finetune_logger - INFO - Validation metrics: {'MAE': 179.72650278513035, 'RMSE': 1278.2472739771815}
[2026-06-16 10:11:55,190][finetune_logger][INFO] - Validation metrics: {'MAE': 179.72650278513035, 'RMSE': 1278.2472739771815}
2026-06-16 10:11:55 - finetune_logger - INFO - Val time: 17.29s
[2026-06-16 10:11:55,190][finetune_logger][INFO] - Val time: 17.29s
2026-06-16 10:11:55 - finetune_logger - INFO - Val memory reserved: 54.00 MB
[2026-06-16 10:11:55,190][finetune_logger][INFO] - Val memory reserved: 54.00 MB
2026-06-16 10:11:55 - finetune_logger - INFO - Val memory allocated: 18.10 MB
[2026-06-16 10:11:55,190][finetune_logger][INFO] - Val memory allocated: 18.10 MB
2026-06-16 10:11:55 - finetune_logger - INFO - Logged epoch 6 info to /public/home/202411094934/python_project/Spatio-Temporal-Library/time-series/2026-06-16/itransformer/finetune20/electricity/time-series/seed_1/training_log.json
[2026-06-16 10:11:55,194][finetune_logger][INFO] - Logged epoch 6 info to /public/home/202411094934/python_project/Spatio-Temporal-Library/time-series/2026-06-16/itransformer/finetune20/electricity/time-series/seed_1/training_log.json
2026-06-16 10:11:55 - finetune_logger - INFO - New best model! Val loss: 179.726503
[2026-06-16 10:11:55,194][finetune_logger][INFO] - New best model! Val loss: 179.726503
2026-06-16 10:12:30 - finetune_logger - INFO - Test metrics: {'MAE': 236.0991688784124, 'RMSE': 2061.9587666622133}
[2026-06-16 10:12:30,819][finetune_logger][INFO] - Test metrics: {'MAE': 236.0991688784124, 'RMSE': 2061.9587666622133}
2026-06-16 10:12:30 - finetune_logger - INFO - Test time: 35.58s
[2026-06-16 10:12:30,819][finetune_logger][INFO] - Test time: 35.58s
2026-06-16 10:12:30 - finetune_logger - INFO - Test memory reserved: 54.00 MB
[2026-06-16 10:12:30,819][finetune_logger][INFO] - Test memory reserved: 54.00 MB
2026-06-16 10:12:30 - finetune_logger - INFO - Test memory allocated: 18.10 MB
[2026-06-16 10:12:30,819][finetune_logger][INFO] - Test memory allocated: 18.10 MB
2026-06-16 10:12:30 - finetune_logger - INFO - Epoch 7/20
[2026-06-16 10:12:30,819][finetune_logger][INFO] - Epoch 7/20
2026-06-16 10:17:45 - finetune_logger - INFO - Train loss: 228.86191568124104
[2026-06-16 10:17:45,633][finetune_logger][INFO] - Train loss: 228.86191568124104
2026-06-16 10:17:45 - finetune_logger - INFO - Train time: 314.81264305114746s
[2026-06-16 10:17:45,633][finetune_logger][INFO] - Train time: 314.81264305114746s
2026-06-16 10:17:45 - finetune_logger - INFO - Train memory reserved: 54.00 MB
[2026-06-16 10:17:45,633][finetune_logger][INFO] - Train memory reserved: 54.00 MB
2026-06-16 10:17:45 - finetune_logger - INFO - Train memory allocated: 18.10 MB
[2026-06-16 10:17:45,633][finetune_logger][INFO] - Train memory allocated: 18.10 MB
2026-06-16 10:17:45 - finetune_logger - INFO - Current learning rate: 0.0005
[2026-06-16 10:17:45,633][finetune_logger][INFO] - Current learning rate: 0.0005
2026-06-16 10:18:02 - finetune_logger - INFO - Validation metrics: {'MAE': 180.13979346988043, 'RMSE': 1288.8240636050577}
[2026-06-16 10:18:02,919][finetune_logger][INFO] - Validation metrics: {'MAE': 180.13979346988043, 'RMSE': 1288.8240636050577}
2026-06-16 10:18:02 - finetune_logger - INFO - Val time: 17.29s
[2026-06-16 10:18:02,920][finetune_logger][INFO] - Val time: 17.29s
2026-06-16 10:18:02 - finetune_logger - INFO - Val memory reserved: 54.00 MB
[2026-06-16 10:18:02,920][finetune_logger][INFO] - Val memory reserved: 54.00 MB
2026-06-16 10:18:02 - finetune_logger - INFO - Val memory allocated: 18.10 MB
[2026-06-16 10:18:02,920][finetune_logger][INFO] - Val memory allocated: 18.10 MB
2026-06-16 10:18:02 - finetune_logger - INFO - Logged epoch 7 info to /public/home/202411094934/python_project/Spatio-Temporal-Library/time-series/2026-06-16/itransformer/finetune20/electricity/time-series/seed_1/training_log.json
[2026-06-16 10:18:02,923][finetune_logger][INFO] - Logged epoch 7 info to /public/home/202411094934/python_project/Spatio-Temporal-Library/time-series/2026-06-16/itransformer/finetune20/electricity/time-series/seed_1/training_log.json
2026-06-16 10:18:38 - finetune_logger - INFO - Test metrics: {'MAE': 237.72045959082485, 'RMSE': 2085.494899974498}
[2026-06-16 10:18:38,497][finetune_logger][INFO] - Test metrics: {'MAE': 237.72045959082485, 'RMSE': 2085.494899974498}
2026-06-16 10:18:38 - finetune_logger - INFO - Test time: 35.57s
[2026-06-16 10:18:38,497][finetune_logger][INFO] - Test time: 35.57s
2026-06-16 10:18:38 - finetune_logger - INFO - Test memory reserved: 54.00 MB
[2026-06-16 10:18:38,497][finetune_logger][INFO] - Test memory reserved: 54.00 MB
2026-06-16 10:18:38 - finetune_logger - INFO - Test memory allocated: 18.10 MB
[2026-06-16 10:18:38,497][finetune_logger][INFO] - Test memory allocated: 18.10 MB
2026-06-16 10:18:38 - finetune_logger - INFO - Epoch 8/20
[2026-06-16 10:18:38,497][finetune_logger][INFO] - Epoch 8/20
2026-06-16 10:23:53 - finetune_logger - INFO - Train loss: 226.92572776145857
[2026-06-16 10:23:53,178][finetune_logger][INFO] - Train loss: 226.92572776145857
2026-06-16 10:23:53 - finetune_logger - INFO - Train time: 314.6801414489746s
[2026-06-16 10:23:53,178][finetune_logger][INFO] - Train time: 314.6801414489746s
2026-06-16 10:23:53 - finetune_logger - INFO - Train memory reserved: 54.00 MB
[2026-06-16 10:23:53,178][finetune_logger][INFO] - Train memory reserved: 54.00 MB
2026-06-16 10:23:53 - finetune_logger - INFO - Train memory allocated: 18.10 MB
[2026-06-16 10:23:53,179][finetune_logger][INFO] - Train memory allocated: 18.10 MB
2026-06-16 10:23:53 - finetune_logger - INFO - Current learning rate: 0.0005
[2026-06-16 10:23:53,179][finetune_logger][INFO] - Current learning rate: 0.0005
2026-06-16 10:24:10 - finetune_logger - INFO - Validation metrics: {'MAE': 177.559395443565, 'RMSE': 1259.737762579672}
[2026-06-16 10:24:10,508][finetune_logger][INFO] - Validation metrics: {'MAE': 177.559395443565, 'RMSE': 1259.737762579672}
2026-06-16 10:24:10 - finetune_logger - INFO - Val time: 17.33s
[2026-06-16 10:24:10,508][finetune_logger][INFO] - Val time: 17.33s
2026-06-16 10:24:10 - finetune_logger - INFO - Val memory reserved: 54.00 MB
[2026-06-16 10:24:10,508][finetune_logger][INFO] - Val memory reserved: 54.00 MB
2026-06-16 10:24:10 - finetune_logger - INFO - Val memory allocated: 18.10 MB
[2026-06-16 10:24:10,508][finetune_logger][INFO] - Val memory allocated: 18.10 MB
2026-06-16 10:24:10 - finetune_logger - INFO - Logged epoch 8 info to /public/home/202411094934/python_project/Spatio-Temporal-Library/time-series/2026-06-16/itransformer/finetune20/electricity/time-series/seed_1/training_log.json
[2026-06-16 10:24:10,512][finetune_logger][INFO] - Logged epoch 8 info to /public/home/202411094934/python_project/Spatio-Temporal-Library/time-series/2026-06-16/itransformer/finetune20/electricity/time-series/seed_1/training_log.json
2026-06-16 10:24:10 - finetune_logger - INFO - New best model! Val loss: 177.559395
[2026-06-16 10:24:10,512][finetune_logger][INFO] - New best model! Val loss: 177.559395
2026-06-16 10:24:46 - finetune_logger - INFO - Test metrics: {'MAE': 235.62919252523932, 'RMSE': 2059.893171459368}
[2026-06-16 10:24:46,140][finetune_logger][INFO] - Test metrics: {'MAE': 235.62919252523932, 'RMSE': 2059.893171459368}
2026-06-16 10:24:46 - finetune_logger - INFO - Test time: 35.58s
[2026-06-16 10:24:46,140][finetune_logger][INFO] - Test time: 35.58s
2026-06-16 10:24:46 - finetune_logger - INFO - Test memory reserved: 54.00 MB
[2026-06-16 10:24:46,140][finetune_logger][INFO] - Test memory reserved: 54.00 MB
2026-06-16 10:24:46 - finetune_logger - INFO - Test memory allocated: 18.10 MB
[2026-06-16 10:24:46,140][finetune_logger][INFO] - Test memory allocated: 18.10 MB
2026-06-16 10:24:46 - finetune_logger - INFO - Epoch 9/20
[2026-06-16 10:24:46,140][finetune_logger][INFO] - Epoch 9/20
2026-06-16 10:30:00 - finetune_logger - INFO - Train loss: 224.78851201798525
[2026-06-16 10:30:00,736][finetune_logger][INFO] - Train loss: 224.78851201798525
2026-06-16 10:30:00 - finetune_logger - INFO - Train time: 314.5955536365509s
[2026-06-16 10:30:00,737][finetune_logger][INFO] - Train time: 314.5955536365509s
2026-06-16 10:30:00 - finetune_logger - INFO - Train memory reserved: 54.00 MB
[2026-06-16 10:30:00,737][finetune_logger][INFO] - Train memory reserved: 54.00 MB
2026-06-16 10:30:00 - finetune_logger - INFO - Train memory allocated: 18.10 MB
[2026-06-16 10:30:00,737][finetune_logger][INFO] - Train memory allocated: 18.10 MB
2026-06-16 10:30:00 - finetune_logger - INFO - Current learning rate: 0.0005
[2026-06-16 10:30:00,737][finetune_logger][INFO] - Current learning rate: 0.0005
2026-06-16 10:30:17 - finetune_logger - INFO - Validation metrics: {'MAE': 174.6602051873454, 'RMSE': 1239.5449396715671}
[2026-06-16 10:30:17,979][finetune_logger][INFO] - Validation metrics: {'MAE': 174.6602051873454, 'RMSE': 1239.5449396715671}
2026-06-16 10:30:17 - finetune_logger - INFO - Val time: 17.24s
[2026-06-16 10:30:17,979][finetune_logger][INFO] - Val time: 17.24s
2026-06-16 10:30:17 - finetune_logger - INFO - Val memory reserved: 54.00 MB
[2026-06-16 10:30:17,979][finetune_logger][INFO] - Val memory reserved: 54.00 MB
2026-06-16 10:30:17 - finetune_logger - INFO - Val memory allocated: 18.10 MB
[2026-06-16 10:30:17,979][finetune_logger][INFO] - Val memory allocated: 18.10 MB
2026-06-16 10:30:17 - finetune_logger - INFO - Logged epoch 9 info to /public/home/202411094934/python_project/Spatio-Temporal-Library/time-series/2026-06-16/itransformer/finetune20/electricity/time-series/seed_1/training_log.json
[2026-06-16 10:30:17,983][finetune_logger][INFO] - Logged epoch 9 info to /public/home/202411094934/python_project/Spatio-Temporal-Library/time-series/2026-06-16/itransformer/finetune20/electricity/time-series/seed_1/training_log.json
2026-06-16 10:30:17 - finetune_logger - INFO - New best model! Val loss: 174.660205
[2026-06-16 10:30:17,983][finetune_logger][INFO] - New best model! Val loss: 174.660205
2026-06-16 10:30:53 - finetune_logger - INFO - Test metrics: {'MAE': 232.27291673858664, 'RMSE': 2046.7673744306776}
[2026-06-16 10:30:53,571][finetune_logger][INFO] - Test metrics: {'MAE': 232.27291673858664, 'RMSE': 2046.7673744306776}
2026-06-16 10:30:53 - finetune_logger - INFO - Test time: 35.54s
[2026-06-16 10:30:53,571][finetune_logger][INFO] - Test time: 35.54s
2026-06-16 10:30:53 - finetune_logger - INFO - Test memory reserved: 54.00 MB
[2026-06-16 10:30:53,571][finetune_logger][INFO] - Test memory reserved: 54.00 MB
2026-06-16 10:30:53 - finetune_logger - INFO - Test memory allocated: 18.10 MB
[2026-06-16 10:30:53,572][finetune_logger][INFO] - Test memory allocated: 18.10 MB
2026-06-16 10:30:53 - finetune_logger - INFO - Epoch 10/20
[2026-06-16 10:30:53,572][finetune_logger][INFO] - Epoch 10/20
2026-06-16 10:36:08 - finetune_logger - INFO - Train loss: 223.19333316268944
[2026-06-16 10:36:08,486][finetune_logger][INFO] - Train loss: 223.19333316268944
2026-06-16 10:36:08 - finetune_logger - INFO - Train time: 314.91400027275085s
[2026-06-16 10:36:08,487][finetune_logger][INFO] - Train time: 314.91400027275085s
2026-06-16 10:36:08 - finetune_logger - INFO - Train memory reserved: 54.00 MB
[2026-06-16 10:36:08,487][finetune_logger][INFO] - Train memory reserved: 54.00 MB
2026-06-16 10:36:08 - finetune_logger - INFO - Train memory allocated: 18.10 MB
[2026-06-16 10:36:08,487][finetune_logger][INFO] - Train memory allocated: 18.10 MB
2026-06-16 10:36:08 - finetune_logger - INFO - Current learning rate: 0.0005
[2026-06-16 10:36:08,487][finetune_logger][INFO] - Current learning rate: 0.0005
2026-06-16 10:36:25 - finetune_logger - INFO - Validation metrics: {'MAE': 176.65139148591726, 'RMSE': 1255.5228480802816}
[2026-06-16 10:36:25,892][finetune_logger][INFO] - Validation metrics: {'MAE': 176.65139148591726, 'RMSE': 1255.5228480802816}
2026-06-16 10:36:25 - finetune_logger - INFO - Val time: 17.40s
[2026-06-16 10:36:25,892][finetune_logger][INFO] - Val time: 17.40s
2026-06-16 10:36:25 - finetune_logger - INFO - Val memory reserved: 54.00 MB
[2026-06-16 10:36:25,892][finetune_logger][INFO] - Val memory reserved: 54.00 MB
2026-06-16 10:36:25 - finetune_logger - INFO - Val memory allocated: 18.10 MB
[2026-06-16 10:36:25,892][finetune_logger][INFO] - Val memory allocated: 18.10 MB
2026-06-16 10:36:25 - finetune_logger - INFO - Logged epoch 10 info to /public/home/202411094934/python_project/Spatio-Temporal-Library/time-series/2026-06-16/itransformer/finetune20/electricity/time-series/seed_1/training_log.json
[2026-06-16 10:36:25,896][finetune_logger][INFO] - Logged epoch 10 info to /public/home/202411094934/python_project/Spatio-Temporal-Library/time-series/2026-06-16/itransformer/finetune20/electricity/time-series/seed_1/training_log.json
2026-06-16 10:37:01 - finetune_logger - INFO - Test metrics: {'MAE': 232.1587191902274, 'RMSE': 2037.2787257141797}
[2026-06-16 10:37:01,480][finetune_logger][INFO] - Test metrics: {'MAE': 232.1587191902274, 'RMSE': 2037.2787257141797}
2026-06-16 10:37:01 - finetune_logger - INFO - Test time: 35.56s
[2026-06-16 10:37:01,481][finetune_logger][INFO] - Test time: 35.56s
2026-06-16 10:37:01 - finetune_logger - INFO - Test memory reserved: 54.00 MB
[2026-06-16 10:37:01,481][finetune_logger][INFO] - Test memory reserved: 54.00 MB
2026-06-16 10:37:01 - finetune_logger - INFO - Test memory allocated: 18.10 MB
[2026-06-16 10:37:01,481][finetune_logger][INFO] - Test memory allocated: 18.10 MB
2026-06-16 10:37:01 - finetune_logger - INFO - Epoch 11/20
[2026-06-16 10:37:01,481][finetune_logger][INFO] - Epoch 11/20
2026-06-16 10:42:16 - finetune_logger - INFO - Train loss: 218.00998132462817
[2026-06-16 10:42:16,231][finetune_logger][INFO] - Train loss: 218.00998132462817
2026-06-16 10:42:16 - finetune_logger - INFO - Train time: 314.7498354911804s
[2026-06-16 10:42:16,232][finetune_logger][INFO] - Train time: 314.7498354911804s
2026-06-16 10:42:16 - finetune_logger - INFO - Train memory reserved: 54.00 MB
[2026-06-16 10:42:16,232][finetune_logger][INFO] - Train memory reserved: 54.00 MB
2026-06-16 10:42:16 - finetune_logger - INFO - Train memory allocated: 18.10 MB
[2026-06-16 10:42:16,232][finetune_logger][INFO] - Train memory allocated: 18.10 MB
2026-06-16 10:42:16 - finetune_logger - INFO - Current learning rate: 0.00025
[2026-06-16 10:42:16,232][finetune_logger][INFO] - Current learning rate: 0.00025
2026-06-16 10:42:33 - finetune_logger - INFO - Validation metrics: {'MAE': 173.4536998965612, 'RMSE': 1223.7206312834053}
[2026-06-16 10:42:33,595][finetune_logger][INFO] - Validation metrics: {'MAE': 173.4536998965612, 'RMSE': 1223.7206312834053}
2026-06-16 10:42:33 - finetune_logger - INFO - Val time: 17.36s
[2026-06-16 10:42:33,595][finetune_logger][INFO] - Val time: 17.36s
2026-06-16 10:42:33 - finetune_logger - INFO - Val memory reserved: 54.00 MB
[2026-06-16 10:42:33,595][finetune_logger][INFO] - Val memory reserved: 54.00 MB
2026-06-16 10:42:33 - finetune_logger - INFO - Val memory allocated: 18.10 MB
[2026-06-16 10:42:33,595][finetune_logger][INFO] - Val memory allocated: 18.10 MB
2026-06-16 10:42:33 - finetune_logger - INFO - Logged epoch 11 info to /public/home/202411094934/python_project/Spatio-Temporal-Library/time-series/2026-06-16/itransformer/finetune20/electricity/time-series/seed_1/training_log.json
[2026-06-16 10:42:33,598][finetune_logger][INFO] - Logged epoch 11 info to /public/home/202411094934/python_project/Spatio-Temporal-Library/time-series/2026-06-16/itransformer/finetune20/electricity/time-series/seed_1/training_log.json
2026-06-16 10:42:33 - finetune_logger - INFO - New best model! Val loss: 173.453700
[2026-06-16 10:42:33,599][finetune_logger][INFO] - New best model! Val loss: 173.453700
2026-06-16 10:43:09 - finetune_logger - INFO - Test metrics: {'MAE': 231.45836257401243, 'RMSE': 2022.9546617645392}
[2026-06-16 10:43:09,372][finetune_logger][INFO] - Test metrics: {'MAE': 231.45836257401243, 'RMSE': 2022.9546617645392}
2026-06-16 10:43:09 - finetune_logger - INFO - Test time: 35.73s
[2026-06-16 10:43:09,372][finetune_logger][INFO] - Test time: 35.73s
2026-06-16 10:43:09 - finetune_logger - INFO - Test memory reserved: 54.00 MB
[2026-06-16 10:43:09,372][finetune_logger][INFO] - Test memory reserved: 54.00 MB
2026-06-16 10:43:09 - finetune_logger - INFO - Test memory allocated: 18.10 MB
[2026-06-16 10:43:09,373][finetune_logger][INFO] - Test memory allocated: 18.10 MB
2026-06-16 10:43:09 - finetune_logger - INFO - Epoch 12/20
[2026-06-16 10:43:09,373][finetune_logger][INFO] - Epoch 12/20
2026-06-16 10:48:24 - finetune_logger - INFO - Train loss: 216.77057763635398
[2026-06-16 10:48:24,185][finetune_logger][INFO] - Train loss: 216.77057763635398
2026-06-16 10:48:24 - finetune_logger - INFO - Train time: 314.81149435043335s
[2026-06-16 10:48:24,185][finetune_logger][INFO] - Train time: 314.81149435043335s
2026-06-16 10:48:24 - finetune_logger - INFO - Train memory reserved: 54.00 MB
[2026-06-16 10:48:24,185][finetune_logger][INFO] - Train memory reserved: 54.00 MB
2026-06-16 10:48:24 - finetune_logger - INFO - Train memory allocated: 18.10 MB
[2026-06-16 10:48:24,185][finetune_logger][INFO] - Train memory allocated: 18.10 MB
2026-06-16 10:48:24 - finetune_logger - INFO - Current learning rate: 0.00025
[2026-06-16 10:48:24,185][finetune_logger][INFO] - Current learning rate: 0.00025
2026-06-16 10:48:41 - finetune_logger - INFO - Validation metrics: {'MAE': 173.98099954063002, 'RMSE': 1217.1534595626038}
[2026-06-16 10:48:41,510][finetune_logger][INFO] - Validation metrics: {'MAE': 173.98099954063002, 'RMSE': 1217.1534595626038}
2026-06-16 10:48:41 - finetune_logger - INFO - Val time: 17.32s
[2026-06-16 10:48:41,510][finetune_logger][INFO] - Val time: 17.32s
2026-06-16 10:48:41 - finetune_logger - INFO - Val memory reserved: 54.00 MB
[2026-06-16 10:48:41,511][finetune_logger][INFO] - Val memory reserved: 54.00 MB
2026-06-16 10:48:41 - finetune_logger - INFO - Val memory allocated: 18.10 MB
[2026-06-16 10:48:41,511][finetune_logger][INFO] - Val memory allocated: 18.10 MB
2026-06-16 10:48:41 - finetune_logger - INFO - Logged epoch 12 info to /public/home/202411094934/python_project/Spatio-Temporal-Library/time-series/2026-06-16/itransformer/finetune20/electricity/time-series/seed_1/training_log.json
[2026-06-16 10:48:41,514][finetune_logger][INFO] - Logged epoch 12 info to /public/home/202411094934/python_project/Spatio-Temporal-Library/time-series/2026-06-16/itransformer/finetune20/electricity/time-series/seed_1/training_log.json
2026-06-16 10:49:17 - finetune_logger - INFO - Test metrics: {'MAE': 230.28950563875966, 'RMSE': 1998.3137144130947}
[2026-06-16 10:49:17,137][finetune_logger][INFO] - Test metrics: {'MAE': 230.28950563875966, 'RMSE': 1998.3137144130947}
2026-06-16 10:49:17 - finetune_logger - INFO - Test time: 35.62s
[2026-06-16 10:49:17,137][finetune_logger][INFO] - Test time: 35.62s
2026-06-16 10:49:17 - finetune_logger - INFO - Test memory reserved: 54.00 MB
[2026-06-16 10:49:17,137][finetune_logger][INFO] - Test memory reserved: 54.00 MB
2026-06-16 10:49:17 - finetune_logger - INFO - Test memory allocated: 18.10 MB
[2026-06-16 10:49:17,137][finetune_logger][INFO] - Test memory allocated: 18.10 MB
2026-06-16 10:49:17 - finetune_logger - INFO - Epoch 13/20
[2026-06-16 10:49:17,137][finetune_logger][INFO] - Epoch 13/20
2026-06-16 10:54:31 - finetune_logger - INFO - Train loss: 215.71145596897892
[2026-06-16 10:54:31,968][finetune_logger][INFO] - Train loss: 215.71145596897892
2026-06-16 10:54:31 - finetune_logger - INFO - Train time: 314.83029103279114s
[2026-06-16 10:54:31,969][finetune_logger][INFO] - Train time: 314.83029103279114s
2026-06-16 10:54:31 - finetune_logger - INFO - Train memory reserved: 54.00 MB
[2026-06-16 10:54:31,969][finetune_logger][INFO] - Train memory reserved: 54.00 MB
2026-06-16 10:54:31 - finetune_logger - INFO - Train memory allocated: 18.10 MB
[2026-06-16 10:54:31,969][finetune_logger][INFO] - Train memory allocated: 18.10 MB
2026-06-16 10:54:31 - finetune_logger - INFO - Current learning rate: 0.00025
[2026-06-16 10:54:31,969][finetune_logger][INFO] - Current learning rate: 0.00025
2026-06-16 10:54:49 - finetune_logger - INFO - Validation metrics: {'MAE': 171.8672442466331, 'RMSE': 1206.8822341308567}
[2026-06-16 10:54:49,286][finetune_logger][INFO] - Validation metrics: {'MAE': 171.8672442466331, 'RMSE': 1206.8822341308567}
2026-06-16 10:54:49 - finetune_logger - INFO - Val time: 17.32s
[2026-06-16 10:54:49,286][finetune_logger][INFO] - Val time: 17.32s
2026-06-16 10:54:49 - finetune_logger - INFO - Val memory reserved: 54.00 MB
[2026-06-16 10:54:49,286][finetune_logger][INFO] - Val memory reserved: 54.00 MB
2026-06-16 10:54:49 - finetune_logger - INFO - Val memory allocated: 18.10 MB
[2026-06-16 10:54:49,286][finetune_logger][INFO] - Val memory allocated: 18.10 MB
2026-06-16 10:54:49 - finetune_logger - INFO - Logged epoch 13 info to /public/home/202411094934/python_project/Spatio-Temporal-Library/time-series/2026-06-16/itransformer/finetune20/electricity/time-series/seed_1/training_log.json
[2026-06-16 10:54:49,290][finetune_logger][INFO] - Logged epoch 13 info to /public/home/202411094934/python_project/Spatio-Temporal-Library/time-series/2026-06-16/itransformer/finetune20/electricity/time-series/seed_1/training_log.json
2026-06-16 10:54:49 - finetune_logger - INFO - New best model! Val loss: 171.867244
[2026-06-16 10:54:49,290][finetune_logger][INFO] - New best model! Val loss: 171.867244
2026-06-16 10:55:25 - finetune_logger - INFO - Test metrics: {'MAE': 228.8767319776962, 'RMSE': 1998.1527993865293}
[2026-06-16 10:55:25,004][finetune_logger][INFO] - Test metrics: {'MAE': 228.8767319776962, 'RMSE': 1998.1527993865293}
2026-06-16 10:55:25 - finetune_logger - INFO - Test time: 35.67s
[2026-06-16 10:55:25,005][finetune_logger][INFO] - Test time: 35.67s
2026-06-16 10:55:25 - finetune_logger - INFO - Test memory reserved: 54.00 MB
[2026-06-16 10:55:25,005][finetune_logger][INFO] - Test memory reserved: 54.00 MB
2026-06-16 10:55:25 - finetune_logger - INFO - Test memory allocated: 18.10 MB
[2026-06-16 10:55:25,005][finetune_logger][INFO] - Test memory allocated: 18.10 MB
2026-06-16 10:55:25 - finetune_logger - INFO - Epoch 14/20
[2026-06-16 10:55:25,005][finetune_logger][INFO] - Epoch 14/20
2026-06-16 11:00:40 - finetune_logger - INFO - Train loss: 214.87244885728
[2026-06-16 11:00:40,166][finetune_logger][INFO] - Train loss: 214.87244885728
2026-06-16 11:00:40 - finetune_logger - INFO - Train time: 315.16032361984253s
[2026-06-16 11:00:40,166][finetune_logger][INFO] - Train time: 315.16032361984253s
2026-06-16 11:00:40 - finetune_logger - INFO - Train memory reserved: 54.00 MB
[2026-06-16 11:00:40,166][finetune_logger][INFO] - Train memory reserved: 54.00 MB
2026-06-16 11:00:40 - finetune_logger - INFO - Train memory allocated: 18.10 MB
[2026-06-16 11:00:40,166][finetune_logger][INFO] - Train memory allocated: 18.10 MB
2026-06-16 11:00:40 - finetune_logger - INFO - Current learning rate: 0.00025
[2026-06-16 11:00:40,166][finetune_logger][INFO] - Current learning rate: 0.00025
2026-06-16 11:00:57 - finetune_logger - INFO - Validation metrics: {'MAE': 170.91319174033728, 'RMSE': 1209.7327378186674}
[2026-06-16 11:00:57,425][finetune_logger][INFO] - Validation metrics: {'MAE': 170.91319174033728, 'RMSE': 1209.7327378186674}
2026-06-16 11:00:57 - finetune_logger - INFO - Val time: 17.26s
[2026-06-16 11:00:57,425][finetune_logger][INFO] - Val time: 17.26s
2026-06-16 11:00:57 - finetune_logger - INFO - Val memory reserved: 54.00 MB
[2026-06-16 11:00:57,426][finetune_logger][INFO] - Val memory reserved: 54.00 MB
2026-06-16 11:00:57 - finetune_logger - INFO - Val memory allocated: 18.10 MB
[2026-06-16 11:00:57,426][finetune_logger][INFO] - Val memory allocated: 18.10 MB
2026-06-16 11:00:57 - finetune_logger - INFO - Logged epoch 14 info to /public/home/202411094934/python_project/Spatio-Temporal-Library/time-series/2026-06-16/itransformer/finetune20/electricity/time-series/seed_1/training_log.json
[2026-06-16 11:00:57,429][finetune_logger][INFO] - Logged epoch 14 info to /public/home/202411094934/python_project/Spatio-Temporal-Library/time-series/2026-06-16/itransformer/finetune20/electricity/time-series/seed_1/training_log.json
2026-06-16 11:00:57 - finetune_logger - INFO - New best model! Val loss: 170.913192
[2026-06-16 11:00:57,429][finetune_logger][INFO] - New best model! Val loss: 170.913192
2026-06-16 11:01:33 - finetune_logger - INFO - Test metrics: {'MAE': 227.09181869656095, 'RMSE': 1990.6728571211138}
[2026-06-16 11:01:33,205][finetune_logger][INFO] - Test metrics: {'MAE': 227.09181869656095, 'RMSE': 1990.6728571211138}
2026-06-16 11:01:33 - finetune_logger - INFO - Test time: 35.73s
[2026-06-16 11:01:33,205][finetune_logger][INFO] - Test time: 35.73s
2026-06-16 11:01:33 - finetune_logger - INFO - Test memory reserved: 54.00 MB
[2026-06-16 11:01:33,205][finetune_logger][INFO] - Test memory reserved: 54.00 MB
2026-06-16 11:01:33 - finetune_logger - INFO - Test memory allocated: 18.10 MB
[2026-06-16 11:01:33,205][finetune_logger][INFO] - Test memory allocated: 18.10 MB
2026-06-16 11:01:33 - finetune_logger - INFO - Epoch 15/20
[2026-06-16 11:01:33,205][finetune_logger][INFO] - Epoch 15/20
2026-06-16 11:06:48 - finetune_logger - INFO - Train loss: 214.2053875980654
[2026-06-16 11:06:48,150][finetune_logger][INFO] - Train loss: 214.2053875980654
2026-06-16 11:06:48 - finetune_logger - INFO - Train time: 314.9440097808838s
[2026-06-16 11:06:48,150][finetune_logger][INFO] - Train time: 314.9440097808838s
2026-06-16 11:06:48 - finetune_logger - INFO - Train memory reserved: 54.00 MB
[2026-06-16 11:06:48,150][finetune_logger][INFO] - Train memory reserved: 54.00 MB
2026-06-16 11:06:48 - finetune_logger - INFO - Train memory allocated: 18.10 MB
[2026-06-16 11:06:48,150][finetune_logger][INFO] - Train memory allocated: 18.10 MB
2026-06-16 11:06:48 - finetune_logger - INFO - Current learning rate: 0.00025
[2026-06-16 11:06:48,150][finetune_logger][INFO] - Current learning rate: 0.00025
2026-06-16 11:07:05 - finetune_logger - INFO - Validation metrics: {'MAE': 172.92869496235082, 'RMSE': 1222.4370634380143}
[2026-06-16 11:07:05,436][finetune_logger][INFO] - Validation metrics: {'MAE': 172.92869496235082, 'RMSE': 1222.4370634380143}
2026-06-16 11:07:05 - finetune_logger - INFO - Val time: 17.28s
[2026-06-16 11:07:05,436][finetune_logger][INFO] - Val time: 17.28s
2026-06-16 11:07:05 - finetune_logger - INFO - Val memory reserved: 54.00 MB
[2026-06-16 11:07:05,436][finetune_logger][INFO] - Val memory reserved: 54.00 MB
2026-06-16 11:07:05 - finetune_logger - INFO - Val memory allocated: 18.10 MB
[2026-06-16 11:07:05,436][finetune_logger][INFO] - Val memory allocated: 18.10 MB
2026-06-16 11:07:05 - finetune_logger - INFO - Logged epoch 15 info to /public/home/202411094934/python_project/Spatio-Temporal-Library/time-series/2026-06-16/itransformer/finetune20/electricity/time-series/seed_1/training_log.json
[2026-06-16 11:07:05,440][finetune_logger][INFO] - Logged epoch 15 info to /public/home/202411094934/python_project/Spatio-Temporal-Library/time-series/2026-06-16/itransformer/finetune20/electricity/time-series/seed_1/training_log.json
2026-06-16 11:07:41 - finetune_logger - INFO - Test metrics: {'MAE': 229.64822523156153, 'RMSE': 2010.21524021642}
[2026-06-16 11:07:41,013][finetune_logger][INFO] - Test metrics: {'MAE': 229.64822523156153, 'RMSE': 2010.21524021642}
2026-06-16 11:07:41 - finetune_logger - INFO - Test time: 35.57s
[2026-06-16 11:07:41,013][finetune_logger][INFO] - Test time: 35.57s
2026-06-16 11:07:41 - finetune_logger - INFO - Test memory reserved: 54.00 MB
[2026-06-16 11:07:41,014][finetune_logger][INFO] - Test memory reserved: 54.00 MB
2026-06-16 11:07:41 - finetune_logger - INFO - Test memory allocated: 18.10 MB
[2026-06-16 11:07:41,014][finetune_logger][INFO] - Test memory allocated: 18.10 MB
2026-06-16 11:07:41 - finetune_logger - INFO - Epoch 16/20
[2026-06-16 11:07:41,014][finetune_logger][INFO] - Epoch 16/20
2026-06-16 11:12:55 - finetune_logger - INFO - Train loss: 213.425384340381
[2026-06-16 11:12:55,867][finetune_logger][INFO] - Train loss: 213.425384340381
2026-06-16 11:12:55 - finetune_logger - INFO - Train time: 314.8524577617645s
[2026-06-16 11:12:55,867][finetune_logger][INFO] - Train time: 314.8524577617645s
2026-06-16 11:12:55 - finetune_logger - INFO - Train memory reserved: 54.00 MB
[2026-06-16 11:12:55,867][finetune_logger][INFO] - Train memory reserved: 54.00 MB
2026-06-16 11:12:55 - finetune_logger - INFO - Train memory allocated: 18.10 MB
[2026-06-16 11:12:55,867][finetune_logger][INFO] - Train memory allocated: 18.10 MB
2026-06-16 11:12:55 - finetune_logger - INFO - Current learning rate: 0.00025
[2026-06-16 11:12:55,868][finetune_logger][INFO] - Current learning rate: 0.00025
2026-06-16 11:13:13 - finetune_logger - INFO - Validation metrics: {'MAE': 170.83571605481598, 'RMSE': 1204.6219862510327}
[2026-06-16 11:13:13,251][finetune_logger][INFO] - Validation metrics: {'MAE': 170.83571605481598, 'RMSE': 1204.6219862510327}
2026-06-16 11:13:13 - finetune_logger - INFO - Val time: 17.38s
[2026-06-16 11:13:13,251][finetune_logger][INFO] - Val time: 17.38s
2026-06-16 11:13:13 - finetune_logger - INFO - Val memory reserved: 54.00 MB
[2026-06-16 11:13:13,251][finetune_logger][INFO] - Val memory reserved: 54.00 MB
2026-06-16 11:13:13 - finetune_logger - INFO - Val memory allocated: 18.10 MB
[2026-06-16 11:13:13,251][finetune_logger][INFO] - Val memory allocated: 18.10 MB
2026-06-16 11:13:13 - finetune_logger - INFO - Logged epoch 16 info to /public/home/202411094934/python_project/Spatio-Temporal-Library/time-series/2026-06-16/itransformer/finetune20/electricity/time-series/seed_1/training_log.json
[2026-06-16 11:13:13,254][finetune_logger][INFO] - Logged epoch 16 info to /public/home/202411094934/python_project/Spatio-Temporal-Library/time-series/2026-06-16/itransformer/finetune20/electricity/time-series/seed_1/training_log.json
2026-06-16 11:13:13 - finetune_logger - INFO - New best model! Val loss: 170.835716
[2026-06-16 11:13:13,255][finetune_logger][INFO] - New best model! Val loss: 170.835716
2026-06-16 11:13:48 - finetune_logger - INFO - Test metrics: {'MAE': 227.21701709891212, 'RMSE': 1987.0392317942265}
[2026-06-16 11:13:48,867][finetune_logger][INFO] - Test metrics: {'MAE': 227.21701709891212, 'RMSE': 1987.0392317942265}
2026-06-16 11:13:48 - finetune_logger - INFO - Test time: 35.57s
[2026-06-16 11:13:48,867][finetune_logger][INFO] - Test time: 35.57s
2026-06-16 11:13:48 - finetune_logger - INFO - Test memory reserved: 54.00 MB
[2026-06-16 11:13:48,867][finetune_logger][INFO] - Test memory reserved: 54.00 MB
2026-06-16 11:13:48 - finetune_logger - INFO - Test memory allocated: 18.10 MB
[2026-06-16 11:13:48,867][finetune_logger][INFO] - Test memory allocated: 18.10 MB
2026-06-16 11:13:48 - finetune_logger - INFO - Epoch 17/20
[2026-06-16 11:13:48,868][finetune_logger][INFO] - Epoch 17/20
2026-06-16 11:19:03 - finetune_logger - INFO - Train loss: 212.66682483454233
[2026-06-16 11:19:03,662][finetune_logger][INFO] - Train loss: 212.66682483454233
2026-06-16 11:19:03 - finetune_logger - INFO - Train time: 314.79436707496643s
[2026-06-16 11:19:03,663][finetune_logger][INFO] - Train time: 314.79436707496643s
2026-06-16 11:19:03 - finetune_logger - INFO - Train memory reserved: 54.00 MB
[2026-06-16 11:19:03,663][finetune_logger][INFO] - Train memory reserved: 54.00 MB
2026-06-16 11:19:03 - finetune_logger - INFO - Train memory allocated: 18.10 MB
[2026-06-16 11:19:03,663][finetune_logger][INFO] - Train memory allocated: 18.10 MB
2026-06-16 11:19:03 - finetune_logger - INFO - Current learning rate: 0.00025
[2026-06-16 11:19:03,663][finetune_logger][INFO] - Current learning rate: 0.00025
2026-06-16 11:19:21 - finetune_logger - INFO - Validation metrics: {'MAE': 170.6868250732422, 'RMSE': 1208.4402787571937}
[2026-06-16 11:19:21,028][finetune_logger][INFO] - Validation metrics: {'MAE': 170.6868250732422, 'RMSE': 1208.4402787571937}
2026-06-16 11:19:21 - finetune_logger - INFO - Val time: 17.36s
[2026-06-16 11:19:21,028][finetune_logger][INFO] - Val time: 17.36s
2026-06-16 11:19:21 - finetune_logger - INFO - Val memory reserved: 54.00 MB
[2026-06-16 11:19:21,028][finetune_logger][INFO] - Val memory reserved: 54.00 MB
2026-06-16 11:19:21 - finetune_logger - INFO - Val memory allocated: 18.10 MB
[2026-06-16 11:19:21,029][finetune_logger][INFO] - Val memory allocated: 18.10 MB
2026-06-16 11:19:21 - finetune_logger - INFO - Logged epoch 17 info to /public/home/202411094934/python_project/Spatio-Temporal-Library/time-series/2026-06-16/itransformer/finetune20/electricity/time-series/seed_1/training_log.json
[2026-06-16 11:19:21,032][finetune_logger][INFO] - Logged epoch 17 info to /public/home/202411094934/python_project/Spatio-Temporal-Library/time-series/2026-06-16/itransformer/finetune20/electricity/time-series/seed_1/training_log.json
2026-06-16 11:19:21 - finetune_logger - INFO - New best model! Val loss: 170.686825
[2026-06-16 11:19:21,032][finetune_logger][INFO] - New best model! Val loss: 170.686825
2026-06-16 11:19:56 - finetune_logger - INFO - Test metrics: {'MAE': 228.16755587587468, 'RMSE': 2001.468536236755}
[2026-06-16 11:19:56,728][finetune_logger][INFO] - Test metrics: {'MAE': 228.16755587587468, 'RMSE': 2001.468536236755}
2026-06-16 11:19:56 - finetune_logger - INFO - Test time: 35.65s
[2026-06-16 11:19:56,729][finetune_logger][INFO] - Test time: 35.65s
2026-06-16 11:19:56 - finetune_logger - INFO - Test memory reserved: 54.00 MB
[2026-06-16 11:19:56,729][finetune_logger][INFO] - Test memory reserved: 54.00 MB
2026-06-16 11:19:56 - finetune_logger - INFO - Test memory allocated: 18.10 MB
[2026-06-16 11:19:56,729][finetune_logger][INFO] - Test memory allocated: 18.10 MB
2026-06-16 11:19:56 - finetune_logger - INFO - Epoch 18/20
[2026-06-16 11:19:56,729][finetune_logger][INFO] - Epoch 18/20
2026-06-16 11:25:11 - finetune_logger - INFO - Train loss: 212.11252718412248
[2026-06-16 11:25:11,529][finetune_logger][INFO] - Train loss: 212.11252718412248
2026-06-16 11:25:11 - finetune_logger - INFO - Train time: 314.7993485927582s
[2026-06-16 11:25:11,529][finetune_logger][INFO] - Train time: 314.7993485927582s
2026-06-16 11:25:11 - finetune_logger - INFO - Train memory reserved: 54.00 MB
[2026-06-16 11:25:11,529][finetune_logger][INFO] - Train memory reserved: 54.00 MB
2026-06-16 11:25:11 - finetune_logger - INFO - Train memory allocated: 18.10 MB
[2026-06-16 11:25:11,529][finetune_logger][INFO] - Train memory allocated: 18.10 MB
2026-06-16 11:25:11 - finetune_logger - INFO - Current learning rate: 0.00025
[2026-06-16 11:25:11,529][finetune_logger][INFO] - Current learning rate: 0.00025
2026-06-16 11:25:28 - finetune_logger - INFO - Validation metrics: {'MAE': 170.46023135857803, 'RMSE': 1206.9124079204366}
[2026-06-16 11:25:28,777][finetune_logger][INFO] - Validation metrics: {'MAE': 170.46023135857803, 'RMSE': 1206.9124079204366}
2026-06-16 11:25:28 - finetune_logger - INFO - Val time: 17.25s
[2026-06-16 11:25:28,777][finetune_logger][INFO] - Val time: 17.25s
2026-06-16 11:25:28 - finetune_logger - INFO - Val memory reserved: 54.00 MB
[2026-06-16 11:25:28,777][finetune_logger][INFO] - Val memory reserved: 54.00 MB
2026-06-16 11:25:28 - finetune_logger - INFO - Val memory allocated: 18.10 MB
[2026-06-16 11:25:28,777][finetune_logger][INFO] - Val memory allocated: 18.10 MB
2026-06-16 11:25:28 - finetune_logger - INFO - Logged epoch 18 info to /public/home/202411094934/python_project/Spatio-Temporal-Library/time-series/2026-06-16/itransformer/finetune20/electricity/time-series/seed_1/training_log.json
[2026-06-16 11:25:28,781][finetune_logger][INFO] - Logged epoch 18 info to /public/home/202411094934/python_project/Spatio-Temporal-Library/time-series/2026-06-16/itransformer/finetune20/electricity/time-series/seed_1/training_log.json
2026-06-16 11:25:28 - finetune_logger - INFO - New best model! Val loss: 170.460231
[2026-06-16 11:25:28,781][finetune_logger][INFO] - New best model! Val loss: 170.460231
2026-06-16 11:26:04 - finetune_logger - INFO - Test metrics: {'MAE': 228.30706469560695, 'RMSE': 1991.198310585393}
[2026-06-16 11:26:04,461][finetune_logger][INFO] - Test metrics: {'MAE': 228.30706469560695, 'RMSE': 1991.198310585393}
2026-06-16 11:26:04 - finetune_logger - INFO - Test time: 35.63s
[2026-06-16 11:26:04,461][finetune_logger][INFO] - Test time: 35.63s
2026-06-16 11:26:04 - finetune_logger - INFO - Test memory reserved: 54.00 MB
[2026-06-16 11:26:04,461][finetune_logger][INFO] - Test memory reserved: 54.00 MB
2026-06-16 11:26:04 - finetune_logger - INFO - Test memory allocated: 18.10 MB
[2026-06-16 11:26:04,461][finetune_logger][INFO] - Test memory allocated: 18.10 MB
2026-06-16 11:26:04 - finetune_logger - INFO - Epoch 19/20
[2026-06-16 11:26:04,461][finetune_logger][INFO] - Epoch 19/20
2026-06-16 11:31:19 - finetune_logger - INFO - Train loss: 211.32956610384076
[2026-06-16 11:31:19,424][finetune_logger][INFO] - Train loss: 211.32956610384076
2026-06-16 11:31:19 - finetune_logger - INFO - Train time: 314.9622731208801s
[2026-06-16 11:31:19,424][finetune_logger][INFO] - Train time: 314.9622731208801s
2026-06-16 11:31:19 - finetune_logger - INFO - Train memory reserved: 54.00 MB
[2026-06-16 11:31:19,424][finetune_logger][INFO] - Train memory reserved: 54.00 MB
2026-06-16 11:31:19 - finetune_logger - INFO - Train memory allocated: 18.10 MB
[2026-06-16 11:31:19,425][finetune_logger][INFO] - Train memory allocated: 18.10 MB
2026-06-16 11:31:19 - finetune_logger - INFO - Current learning rate: 0.00025
[2026-06-16 11:31:19,425][finetune_logger][INFO] - Current learning rate: 0.00025
2026-06-16 11:31:36 - finetune_logger - INFO - Validation metrics: {'MAE': 169.7166947374839, 'RMSE': 1223.090374049139}
[2026-06-16 11:31:36,648][finetune_logger][INFO] - Validation metrics: {'MAE': 169.7166947374839, 'RMSE': 1223.090374049139}
2026-06-16 11:31:36 - finetune_logger - INFO - Val time: 17.22s
[2026-06-16 11:31:36,648][finetune_logger][INFO] - Val time: 17.22s
2026-06-16 11:31:36 - finetune_logger - INFO - Val memory reserved: 54.00 MB
[2026-06-16 11:31:36,649][finetune_logger][INFO] - Val memory reserved: 54.00 MB
2026-06-16 11:31:36 - finetune_logger - INFO - Val memory allocated: 18.10 MB
[2026-06-16 11:31:36,649][finetune_logger][INFO] - Val memory allocated: 18.10 MB
2026-06-16 11:31:36 - finetune_logger - INFO - Logged epoch 19 info to /public/home/202411094934/python_project/Spatio-Temporal-Library/time-series/2026-06-16/itransformer/finetune20/electricity/time-series/seed_1/training_log.json
[2026-06-16 11:31:36,652][finetune_logger][INFO] - Logged epoch 19 info to /public/home/202411094934/python_project/Spatio-Temporal-Library/time-series/2026-06-16/itransformer/finetune20/electricity/time-series/seed_1/training_log.json
2026-06-16 11:31:36 - finetune_logger - INFO - New best model! Val loss: 169.716695
[2026-06-16 11:31:36,652][finetune_logger][INFO] - New best model! Val loss: 169.716695
2026-06-16 11:32:12 - finetune_logger - INFO - Test metrics: {'MAE': 226.7701290718011, 'RMSE': 1999.7976774532185}
[2026-06-16 11:32:12,310][finetune_logger][INFO] - Test metrics: {'MAE': 226.7701290718011, 'RMSE': 1999.7976774532185}
2026-06-16 11:32:12 - finetune_logger - INFO - Test time: 35.61s
[2026-06-16 11:32:12,310][finetune_logger][INFO] - Test time: 35.61s
2026-06-16 11:32:12 - finetune_logger - INFO - Test memory reserved: 54.00 MB
[2026-06-16 11:32:12,310][finetune_logger][INFO] - Test memory reserved: 54.00 MB
2026-06-16 11:32:12 - finetune_logger - INFO - Test memory allocated: 18.10 MB
[2026-06-16 11:32:12,310][finetune_logger][INFO] - Test memory allocated: 18.10 MB
2026-06-16 11:32:12 - finetune_logger - INFO - Epoch 20/20
[2026-06-16 11:32:12,310][finetune_logger][INFO] - Epoch 20/20
2026-06-16 11:37:27 - finetune_logger - INFO - Train loss: 210.69497211479418
[2026-06-16 11:37:27,147][finetune_logger][INFO] - Train loss: 210.69497211479418
2026-06-16 11:37:27 - finetune_logger - INFO - Train time: 314.83614706993103s
[2026-06-16 11:37:27,147][finetune_logger][INFO] - Train time: 314.83614706993103s
2026-06-16 11:37:27 - finetune_logger - INFO - Train memory reserved: 54.00 MB
[2026-06-16 11:37:27,147][finetune_logger][INFO] - Train memory reserved: 54.00 MB
2026-06-16 11:37:27 - finetune_logger - INFO - Train memory allocated: 18.10 MB
[2026-06-16 11:37:27,148][finetune_logger][INFO] - Train memory allocated: 18.10 MB
2026-06-16 11:37:27 - finetune_logger - INFO - Current learning rate: 0.00025
[2026-06-16 11:37:27,148][finetune_logger][INFO] - Current learning rate: 0.00025
2026-06-16 11:37:44 - finetune_logger - INFO - Validation metrics: {'MAE': 169.90299124948572, 'RMSE': 1200.8786356907865}
[2026-06-16 11:37:44,452][finetune_logger][INFO] - Validation metrics: {'MAE': 169.90299124948572, 'RMSE': 1200.8786356907865}
2026-06-16 11:37:44 - finetune_logger - INFO - Val time: 17.30s
[2026-06-16 11:37:44,452][finetune_logger][INFO] - Val time: 17.30s
2026-06-16 11:37:44 - finetune_logger - INFO - Val memory reserved: 54.00 MB
[2026-06-16 11:37:44,452][finetune_logger][INFO] - Val memory reserved: 54.00 MB
2026-06-16 11:37:44 - finetune_logger - INFO - Val memory allocated: 18.10 MB
[2026-06-16 11:37:44,453][finetune_logger][INFO] - Val memory allocated: 18.10 MB
2026-06-16 11:37:44 - finetune_logger - INFO - Logged epoch 20 info to /public/home/202411094934/python_project/Spatio-Temporal-Library/time-series/2026-06-16/itransformer/finetune20/electricity/time-series/seed_1/training_log.json
[2026-06-16 11:37:44,456][finetune_logger][INFO] - Logged epoch 20 info to /public/home/202411094934/python_project/Spatio-Temporal-Library/time-series/2026-06-16/itransformer/finetune20/electricity/time-series/seed_1/training_log.json
2026-06-16 11:38:20 - finetune_logger - INFO - Test metrics: {'MAE': 226.56607636820488, 'RMSE': 1991.5804252342487}
[2026-06-16 11:38:20,126][finetune_logger][INFO] - Test metrics: {'MAE': 226.56607636820488, 'RMSE': 1991.5804252342487}
2026-06-16 11:38:20 - finetune_logger - INFO - Test time: 35.65s
[2026-06-16 11:38:20,127][finetune_logger][INFO] - Test time: 35.65s
2026-06-16 11:38:20 - finetune_logger - INFO - Test memory reserved: 54.00 MB
[2026-06-16 11:38:20,127][finetune_logger][INFO] - Test memory reserved: 54.00 MB
2026-06-16 11:38:20 - finetune_logger - INFO - Test memory allocated: 18.10 MB
[2026-06-16 11:38:20,127][finetune_logger][INFO] - Test memory allocated: 18.10 MB
2026-06-16 11:38:20 - finetune_logger - INFO - Training completed. Best epoch: 19, Best val loss: 169.716695
[2026-06-16 11:38:20,127][finetune_logger][INFO] - Training completed. Best epoch: 19, Best val loss: 169.716695
2026-06-16 11:38:20 - finetune_logger - INFO - Loaded checkpoint from epoch 19
[2026-06-16 11:38:20,158][finetune_logger][INFO] - Loaded checkpoint from epoch 19
2026-06-16 11:38:20 - finetune_logger - INFO - Evaluating best model on test sets...
[2026-06-16 11:38:20,158][finetune_logger][INFO] - Evaluating best model on test sets...
2026-06-16 11:38:55 - finetune_logger - INFO - Test metrics: {'MAE': 226.7701290718011, 'RMSE': 1999.7976774532185}
[2026-06-16 11:38:55,787][finetune_logger][INFO] - Test metrics: {'MAE': 226.7701290718011, 'RMSE': 1999.7976774532185}
2026-06-16 11:38:55 - finetune_logger - INFO - Test time: 35.63s
[2026-06-16 11:38:55,788][finetune_logger][INFO] - Test time: 35.63s
2026-06-16 11:38:55 - finetune_logger - INFO - Test memory reserved: 54.00 MB
[2026-06-16 11:38:55,788][finetune_logger][INFO] - Test memory reserved: 54.00 MB
2026-06-16 11:38:55 - finetune_logger - INFO - Test memory allocated: 18.14 MB
[2026-06-16 11:38:55,788][finetune_logger][INFO] - Test memory allocated: 18.14 MB
2026-06-16 11:38:55 - finetune_logger - INFO - Logged epoch test info to /public/home/202411094934/python_project/Spatio-Temporal-Library/time-series/2026-06-16/itransformer/finetune20/electricity/time-series/seed_1/training_log.json
[2026-06-16 11:38:55,792][finetune_logger][INFO] - Logged epoch test info to /public/home/202411094934/python_project/Spatio-Temporal-Library/time-series/2026-06-16/itransformer/finetune20/electricity/time-series/seed_1/training_log.json
