2026-06-16 00:43:00 - finetune_logger - INFO - No pretrained checkpoint is provided. Finetuning from scratch.
[2026-06-16 00:43:00,883][finetune_logger][INFO] - No pretrained checkpoint is provided. Finetuning from scratch.
2026-06-16 00:43:00 - finetune_logger - INFO - Model parameters: 158,912
[2026-06-16 00:43:00,886][finetune_logger][INFO] - Model parameters: 158,912
2026-06-16 00:43:00 - finetune_logger - INFO - Created new log file at /public/home/202411094934/python_project/Spatio-Temporal-Library/time-series/2026-06-16/itransformer/finetune20/ettm1/time-series/seed_0/training_log.json
[2026-06-16 00:43:00,889][finetune_logger][INFO] - Created new log file at /public/home/202411094934/python_project/Spatio-Temporal-Library/time-series/2026-06-16/itransformer/finetune20/ettm1/time-series/seed_0/training_log.json
2026-06-16 00:43:00 - finetune_logger - INFO - Starting training...
[2026-06-16 00:43:00,889][finetune_logger][INFO] - Starting training...
2026-06-16 00:43:00 - finetune_logger - INFO - Epoch 1/20
[2026-06-16 00:43:00,889][finetune_logger][INFO] - Epoch 1/20
2026-06-16 00:51:32 - finetune_logger - INFO - Train loss: 1.2502350546401089
[2026-06-16 00:51:32,028][finetune_logger][INFO] - Train loss: 1.2502350546401089
2026-06-16 00:51:32 - finetune_logger - INFO - Train time: 511.13854241371155s
[2026-06-16 00:51:32,028][finetune_logger][INFO] - Train time: 511.13854241371155s
2026-06-16 00:51:32 - finetune_logger - INFO - Train memory reserved: 24.00 MB
[2026-06-16 00:51:32,028][finetune_logger][INFO] - Train memory reserved: 24.00 MB
2026-06-16 00:51:32 - finetune_logger - INFO - Train memory allocated: 18.10 MB
[2026-06-16 00:51:32,029][finetune_logger][INFO] - Train memory allocated: 18.10 MB
2026-06-16 00:51:32 - finetune_logger - INFO - Current learning rate: 0.0005
[2026-06-16 00:51:32,029][finetune_logger][INFO] - Current learning rate: 0.0005
2026-06-16 00:52:43 - finetune_logger - INFO - Validation metrics: {'MAE': 1.4407617220178128, 'RMSE': 2.360434742472308}
[2026-06-16 00:52:43,092][finetune_logger][INFO] - Validation metrics: {'MAE': 1.4407617220178128, 'RMSE': 2.360434742472308}
2026-06-16 00:52:43 - finetune_logger - INFO - Val time: 71.06s
[2026-06-16 00:52:43,093][finetune_logger][INFO] - Val time: 71.06s
2026-06-16 00:52:43 - finetune_logger - INFO - Val memory reserved: 24.00 MB
[2026-06-16 00:52:43,093][finetune_logger][INFO] - Val memory reserved: 24.00 MB
2026-06-16 00:52:43 - finetune_logger - INFO - Val memory allocated: 18.10 MB
[2026-06-16 00:52:43,093][finetune_logger][INFO] - Val memory allocated: 18.10 MB
2026-06-16 00:52:43 - finetune_logger - INFO - Logged epoch 1 info to /public/home/202411094934/python_project/Spatio-Temporal-Library/time-series/2026-06-16/itransformer/finetune20/ettm1/time-series/seed_0/training_log.json
[2026-06-16 00:52:43,096][finetune_logger][INFO] - Logged epoch 1 info to /public/home/202411094934/python_project/Spatio-Temporal-Library/time-series/2026-06-16/itransformer/finetune20/ettm1/time-series/seed_0/training_log.json
2026-06-16 00:52:43 - finetune_logger - INFO - New best model! Val loss: 1.440762
[2026-06-16 00:52:43,096][finetune_logger][INFO] - New best model! Val loss: 1.440762
2026-06-16 00:53:54 - finetune_logger - INFO - Test metrics: {'MAE': 1.3108732046919138, 'RMSE': 2.373494168783994}
[2026-06-16 00:53:54,158][finetune_logger][INFO] - Test metrics: {'MAE': 1.3108732046919138, 'RMSE': 2.373494168783994}
2026-06-16 00:53:54 - finetune_logger - INFO - Test time: 71.02s
[2026-06-16 00:53:54,158][finetune_logger][INFO] - Test time: 71.02s
2026-06-16 00:53:54 - finetune_logger - INFO - Test memory reserved: 24.00 MB
[2026-06-16 00:53:54,158][finetune_logger][INFO] - Test memory reserved: 24.00 MB
2026-06-16 00:53:54 - finetune_logger - INFO - Test memory allocated: 18.10 MB
[2026-06-16 00:53:54,158][finetune_logger][INFO] - Test memory allocated: 18.10 MB
2026-06-16 00:53:54 - finetune_logger - INFO - Epoch 2/20
[2026-06-16 00:53:54,158][finetune_logger][INFO] - Epoch 2/20
2026-06-16 01:02:23 - finetune_logger - INFO - Train loss: 1.1714379666567722
[2026-06-16 01:02:23,737][finetune_logger][INFO] - Train loss: 1.1714379666567722
2026-06-16 01:02:23 - finetune_logger - INFO - Train time: 509.5782654285431s
[2026-06-16 01:02:23,737][finetune_logger][INFO] - Train time: 509.5782654285431s
2026-06-16 01:02:23 - finetune_logger - INFO - Train memory reserved: 24.00 MB
[2026-06-16 01:02:23,737][finetune_logger][INFO] - Train memory reserved: 24.00 MB
2026-06-16 01:02:23 - finetune_logger - INFO - Train memory allocated: 18.10 MB
[2026-06-16 01:02:23,738][finetune_logger][INFO] - Train memory allocated: 18.10 MB
2026-06-16 01:02:23 - finetune_logger - INFO - Current learning rate: 0.0005
[2026-06-16 01:02:23,738][finetune_logger][INFO] - Current learning rate: 0.0005
2026-06-16 01:03:34 - finetune_logger - INFO - Validation metrics: {'MAE': 1.4562499136645377, 'RMSE': 2.3921951044997303}
[2026-06-16 01:03:34,960][finetune_logger][INFO] - Validation metrics: {'MAE': 1.4562499136645377, 'RMSE': 2.3921951044997303}
2026-06-16 01:03:34 - finetune_logger - INFO - Val time: 71.22s
[2026-06-16 01:03:34,961][finetune_logger][INFO] - Val time: 71.22s
2026-06-16 01:03:34 - finetune_logger - INFO - Val memory reserved: 24.00 MB
[2026-06-16 01:03:34,961][finetune_logger][INFO] - Val memory reserved: 24.00 MB
2026-06-16 01:03:34 - finetune_logger - INFO - Val memory allocated: 18.10 MB
[2026-06-16 01:03:34,961][finetune_logger][INFO] - Val memory allocated: 18.10 MB
2026-06-16 01:03:34 - finetune_logger - INFO - Logged epoch 2 info to /public/home/202411094934/python_project/Spatio-Temporal-Library/time-series/2026-06-16/itransformer/finetune20/ettm1/time-series/seed_0/training_log.json
[2026-06-16 01:03:34,964][finetune_logger][INFO] - Logged epoch 2 info to /public/home/202411094934/python_project/Spatio-Temporal-Library/time-series/2026-06-16/itransformer/finetune20/ettm1/time-series/seed_0/training_log.json
2026-06-16 01:04:46 - finetune_logger - INFO - Test metrics: {'MAE': 1.3066354984767277, 'RMSE': 2.3821985396500827}
[2026-06-16 01:04:46,159][finetune_logger][INFO] - Test metrics: {'MAE': 1.3066354984767277, 'RMSE': 2.3821985396500827}
2026-06-16 01:04:46 - finetune_logger - INFO - Test time: 71.19s
[2026-06-16 01:04:46,159][finetune_logger][INFO] - Test time: 71.19s
2026-06-16 01:04:46 - finetune_logger - INFO - Test memory reserved: 24.00 MB
[2026-06-16 01:04:46,160][finetune_logger][INFO] - Test memory reserved: 24.00 MB
2026-06-16 01:04:46 - finetune_logger - INFO - Test memory allocated: 18.10 MB
[2026-06-16 01:04:46,160][finetune_logger][INFO] - Test memory allocated: 18.10 MB
2026-06-16 01:04:46 - finetune_logger - INFO - Epoch 3/20
[2026-06-16 01:04:46,160][finetune_logger][INFO] - Epoch 3/20
2026-06-16 01:13:13 - finetune_logger - INFO - Train loss: 1.1330001513719108
[2026-06-16 01:13:13,901][finetune_logger][INFO] - Train loss: 1.1330001513719108
2026-06-16 01:13:13 - finetune_logger - INFO - Train time: 507.73972058296204s
[2026-06-16 01:13:13,901][finetune_logger][INFO] - Train time: 507.73972058296204s
2026-06-16 01:13:13 - finetune_logger - INFO - Train memory reserved: 24.00 MB
[2026-06-16 01:13:13,901][finetune_logger][INFO] - Train memory reserved: 24.00 MB
2026-06-16 01:13:13 - finetune_logger - INFO - Train memory allocated: 18.10 MB
[2026-06-16 01:13:13,901][finetune_logger][INFO] - Train memory allocated: 18.10 MB
2026-06-16 01:13:13 - finetune_logger - INFO - Current learning rate: 0.0005
[2026-06-16 01:13:13,901][finetune_logger][INFO] - Current learning rate: 0.0005
2026-06-16 01:14:24 - finetune_logger - INFO - Validation metrics: {'MAE': 1.4700246580483995, 'RMSE': 2.4065526184324484}
[2026-06-16 01:14:24,848][finetune_logger][INFO] - Validation metrics: {'MAE': 1.4700246580483995, 'RMSE': 2.4065526184324484}
2026-06-16 01:14:24 - finetune_logger - INFO - Val time: 70.95s
[2026-06-16 01:14:24,848][finetune_logger][INFO] - Val time: 70.95s
2026-06-16 01:14:24 - finetune_logger - INFO - Val memory reserved: 24.00 MB
[2026-06-16 01:14:24,849][finetune_logger][INFO] - Val memory reserved: 24.00 MB
2026-06-16 01:14:24 - finetune_logger - INFO - Val memory allocated: 18.10 MB
[2026-06-16 01:14:24,849][finetune_logger][INFO] - Val memory allocated: 18.10 MB
2026-06-16 01:14:24 - finetune_logger - INFO - Logged epoch 3 info to /public/home/202411094934/python_project/Spatio-Temporal-Library/time-series/2026-06-16/itransformer/finetune20/ettm1/time-series/seed_0/training_log.json
[2026-06-16 01:14:24,851][finetune_logger][INFO] - Logged epoch 3 info to /public/home/202411094934/python_project/Spatio-Temporal-Library/time-series/2026-06-16/itransformer/finetune20/ettm1/time-series/seed_0/training_log.json
2026-06-16 01:15:35 - finetune_logger - INFO - Test metrics: {'MAE': 1.326727058823449, 'RMSE': 2.409015205935047}
[2026-06-16 01:15:35,986][finetune_logger][INFO] - Test metrics: {'MAE': 1.326727058823449, 'RMSE': 2.409015205935047}
2026-06-16 01:15:35 - finetune_logger - INFO - Test time: 71.13s
[2026-06-16 01:15:35,986][finetune_logger][INFO] - Test time: 71.13s
2026-06-16 01:15:35 - finetune_logger - INFO - Test memory reserved: 24.00 MB
[2026-06-16 01:15:35,986][finetune_logger][INFO] - Test memory reserved: 24.00 MB
2026-06-16 01:15:35 - finetune_logger - INFO - Test memory allocated: 18.10 MB
[2026-06-16 01:15:35,986][finetune_logger][INFO] - Test memory allocated: 18.10 MB
2026-06-16 01:15:35 - finetune_logger - INFO - Epoch 4/20
[2026-06-16 01:15:35,986][finetune_logger][INFO] - Epoch 4/20
2026-06-16 01:24:04 - finetune_logger - INFO - Train loss: 1.1034069386763456
[2026-06-16 01:24:04,492][finetune_logger][INFO] - Train loss: 1.1034069386763456
2026-06-16 01:24:04 - finetune_logger - INFO - Train time: 508.5049138069153s
[2026-06-16 01:24:04,492][finetune_logger][INFO] - Train time: 508.5049138069153s
2026-06-16 01:24:04 - finetune_logger - INFO - Train memory reserved: 24.00 MB
[2026-06-16 01:24:04,492][finetune_logger][INFO] - Train memory reserved: 24.00 MB
2026-06-16 01:24:04 - finetune_logger - INFO - Train memory allocated: 18.10 MB
[2026-06-16 01:24:04,492][finetune_logger][INFO] - Train memory allocated: 18.10 MB
2026-06-16 01:24:04 - finetune_logger - INFO - Current learning rate: 0.0005
[2026-06-16 01:24:04,493][finetune_logger][INFO] - Current learning rate: 0.0005
2026-06-16 01:25:15 - finetune_logger - INFO - Validation metrics: {'MAE': 1.5018610812535151, 'RMSE': 2.4719478414421796}
[2026-06-16 01:25:15,748][finetune_logger][INFO] - Validation metrics: {'MAE': 1.5018610812535151, 'RMSE': 2.4719478414421796}
2026-06-16 01:25:15 - finetune_logger - INFO - Val time: 71.25s
[2026-06-16 01:25:15,748][finetune_logger][INFO] - Val time: 71.25s
2026-06-16 01:25:15 - finetune_logger - INFO - Val memory reserved: 24.00 MB
[2026-06-16 01:25:15,748][finetune_logger][INFO] - Val memory reserved: 24.00 MB
2026-06-16 01:25:15 - finetune_logger - INFO - Val memory allocated: 18.10 MB
[2026-06-16 01:25:15,748][finetune_logger][INFO] - Val memory allocated: 18.10 MB
2026-06-16 01:25:15 - finetune_logger - INFO - Logged epoch 4 info to /public/home/202411094934/python_project/Spatio-Temporal-Library/time-series/2026-06-16/itransformer/finetune20/ettm1/time-series/seed_0/training_log.json
[2026-06-16 01:25:15,751][finetune_logger][INFO] - Logged epoch 4 info to /public/home/202411094934/python_project/Spatio-Temporal-Library/time-series/2026-06-16/itransformer/finetune20/ettm1/time-series/seed_0/training_log.json
2026-06-16 01:26:26 - finetune_logger - INFO - Test metrics: {'MAE': 1.344242884593706, 'RMSE': 2.435813336974525}
[2026-06-16 01:26:26,778][finetune_logger][INFO] - Test metrics: {'MAE': 1.344242884593706, 'RMSE': 2.435813336974525}
2026-06-16 01:26:26 - finetune_logger - INFO - Test time: 71.03s
[2026-06-16 01:26:26,778][finetune_logger][INFO] - Test time: 71.03s
2026-06-16 01:26:26 - finetune_logger - INFO - Test memory reserved: 24.00 MB
[2026-06-16 01:26:26,779][finetune_logger][INFO] - Test memory reserved: 24.00 MB
2026-06-16 01:26:26 - finetune_logger - INFO - Test memory allocated: 18.10 MB
[2026-06-16 01:26:26,779][finetune_logger][INFO] - Test memory allocated: 18.10 MB
2026-06-16 01:26:26 - finetune_logger - INFO - Epoch 5/20
[2026-06-16 01:26:26,779][finetune_logger][INFO] - Epoch 5/20
2026-06-16 01:34:55 - finetune_logger - INFO - Train loss: 1.0775962945028805
[2026-06-16 01:34:55,249][finetune_logger][INFO] - Train loss: 1.0775962945028805
2026-06-16 01:34:55 - finetune_logger - INFO - Train time: 508.46919775009155s
[2026-06-16 01:34:55,249][finetune_logger][INFO] - Train time: 508.46919775009155s
2026-06-16 01:34:55 - finetune_logger - INFO - Train memory reserved: 24.00 MB
[2026-06-16 01:34:55,249][finetune_logger][INFO] - Train memory reserved: 24.00 MB
2026-06-16 01:34:55 - finetune_logger - INFO - Train memory allocated: 18.10 MB
[2026-06-16 01:34:55,249][finetune_logger][INFO] - Train memory allocated: 18.10 MB
2026-06-16 01:34:55 - finetune_logger - INFO - Current learning rate: 0.0005
[2026-06-16 01:34:55,249][finetune_logger][INFO] - Current learning rate: 0.0005
2026-06-16 01:36:06 - finetune_logger - INFO - Validation metrics: {'MAE': 1.4791561800588129, 'RMSE': 2.426583422859989}
[2026-06-16 01:36:06,500][finetune_logger][INFO] - Validation metrics: {'MAE': 1.4791561800588129, 'RMSE': 2.426583422859989}
2026-06-16 01:36:06 - finetune_logger - INFO - Val time: 71.25s
[2026-06-16 01:36:06,500][finetune_logger][INFO] - Val time: 71.25s
2026-06-16 01:36:06 - finetune_logger - INFO - Val memory reserved: 24.00 MB
[2026-06-16 01:36:06,501][finetune_logger][INFO] - Val memory reserved: 24.00 MB
2026-06-16 01:36:06 - finetune_logger - INFO - Val memory allocated: 18.10 MB
[2026-06-16 01:36:06,501][finetune_logger][INFO] - Val memory allocated: 18.10 MB
2026-06-16 01:36:06 - finetune_logger - INFO - Logged epoch 5 info to /public/home/202411094934/python_project/Spatio-Temporal-Library/time-series/2026-06-16/itransformer/finetune20/ettm1/time-series/seed_0/training_log.json
[2026-06-16 01:36:06,504][finetune_logger][INFO] - Logged epoch 5 info to /public/home/202411094934/python_project/Spatio-Temporal-Library/time-series/2026-06-16/itransformer/finetune20/ettm1/time-series/seed_0/training_log.json
2026-06-16 01:37:17 - finetune_logger - INFO - Test metrics: {'MAE': 1.362025657580574, 'RMSE': 2.4790761771013736}
[2026-06-16 01:37:17,609][finetune_logger][INFO] - Test metrics: {'MAE': 1.362025657580574, 'RMSE': 2.4790761771013736}
2026-06-16 01:37:17 - finetune_logger - INFO - Test time: 71.10s
[2026-06-16 01:37:17,609][finetune_logger][INFO] - Test time: 71.10s
2026-06-16 01:37:17 - finetune_logger - INFO - Test memory reserved: 24.00 MB
[2026-06-16 01:37:17,609][finetune_logger][INFO] - Test memory reserved: 24.00 MB
2026-06-16 01:37:17 - finetune_logger - INFO - Test memory allocated: 18.10 MB
[2026-06-16 01:37:17,610][finetune_logger][INFO] - Test memory allocated: 18.10 MB
2026-06-16 01:37:17 - finetune_logger - INFO - Epoch 6/20
[2026-06-16 01:37:17,610][finetune_logger][INFO] - Epoch 6/20
2026-06-16 01:45:46 - finetune_logger - INFO - Train loss: 1.0563779900553807
[2026-06-16 01:45:46,278][finetune_logger][INFO] - Train loss: 1.0563779900553807
2026-06-16 01:45:46 - finetune_logger - INFO - Train time: 508.66838550567627s
[2026-06-16 01:45:46,279][finetune_logger][INFO] - Train time: 508.66838550567627s
2026-06-16 01:45:46 - finetune_logger - INFO - Train memory reserved: 24.00 MB
[2026-06-16 01:45:46,279][finetune_logger][INFO] - Train memory reserved: 24.00 MB
2026-06-16 01:45:46 - finetune_logger - INFO - Train memory allocated: 18.10 MB
[2026-06-16 01:45:46,279][finetune_logger][INFO] - Train memory allocated: 18.10 MB
2026-06-16 01:45:46 - finetune_logger - INFO - Current learning rate: 0.0005
[2026-06-16 01:45:46,279][finetune_logger][INFO] - Current learning rate: 0.0005
2026-06-16 01:46:57 - finetune_logger - INFO - Validation metrics: {'MAE': 1.4705262210122516, 'RMSE': 2.4174334991258712}
[2026-06-16 01:46:57,500][finetune_logger][INFO] - Validation metrics: {'MAE': 1.4705262210122516, 'RMSE': 2.4174334991258712}
2026-06-16 01:46:57 - finetune_logger - INFO - Val time: 71.22s
[2026-06-16 01:46:57,500][finetune_logger][INFO] - Val time: 71.22s
2026-06-16 01:46:57 - finetune_logger - INFO - Val memory reserved: 24.00 MB
[2026-06-16 01:46:57,501][finetune_logger][INFO] - Val memory reserved: 24.00 MB
2026-06-16 01:46:57 - finetune_logger - INFO - Val memory allocated: 18.10 MB
[2026-06-16 01:46:57,501][finetune_logger][INFO] - Val memory allocated: 18.10 MB
2026-06-16 01:46:57 - finetune_logger - INFO - Logged epoch 6 info to /public/home/202411094934/python_project/Spatio-Temporal-Library/time-series/2026-06-16/itransformer/finetune20/ettm1/time-series/seed_0/training_log.json
[2026-06-16 01:46:57,504][finetune_logger][INFO] - Logged epoch 6 info to /public/home/202411094934/python_project/Spatio-Temporal-Library/time-series/2026-06-16/itransformer/finetune20/ettm1/time-series/seed_0/training_log.json
2026-06-16 01:48:08 - finetune_logger - INFO - Test metrics: {'MAE': 1.3865293316691878, 'RMSE': 2.538152948676667}
[2026-06-16 01:48:08,590][finetune_logger][INFO] - Test metrics: {'MAE': 1.3865293316691878, 'RMSE': 2.538152948676667}
2026-06-16 01:48:08 - finetune_logger - INFO - Test time: 71.09s
[2026-06-16 01:48:08,591][finetune_logger][INFO] - Test time: 71.09s
2026-06-16 01:48:08 - finetune_logger - INFO - Test memory reserved: 24.00 MB
[2026-06-16 01:48:08,591][finetune_logger][INFO] - Test memory reserved: 24.00 MB
2026-06-16 01:48:08 - finetune_logger - INFO - Test memory allocated: 18.10 MB
[2026-06-16 01:48:08,591][finetune_logger][INFO] - Test memory allocated: 18.10 MB
2026-06-16 01:48:08 - finetune_logger - INFO - Epoch 7/20
[2026-06-16 01:48:08,591][finetune_logger][INFO] - Epoch 7/20
2026-06-16 01:56:36 - finetune_logger - INFO - Train loss: 1.0362949939219588
[2026-06-16 01:56:36,898][finetune_logger][INFO] - Train loss: 1.0362949939219588
2026-06-16 01:56:36 - finetune_logger - INFO - Train time: 508.3067374229431s
[2026-06-16 01:56:36,899][finetune_logger][INFO] - Train time: 508.3067374229431s
2026-06-16 01:56:36 - finetune_logger - INFO - Train memory reserved: 24.00 MB
[2026-06-16 01:56:36,899][finetune_logger][INFO] - Train memory reserved: 24.00 MB
2026-06-16 01:56:36 - finetune_logger - INFO - Train memory allocated: 18.10 MB
[2026-06-16 01:56:36,899][finetune_logger][INFO] - Train memory allocated: 18.10 MB
2026-06-16 01:56:36 - finetune_logger - INFO - Current learning rate: 0.0005
[2026-06-16 01:56:36,899][finetune_logger][INFO] - Current learning rate: 0.0005
2026-06-16 01:57:48 - finetune_logger - INFO - Validation metrics: {'MAE': 1.4803466897988586, 'RMSE': 2.435365759723176}
[2026-06-16 01:57:48,160][finetune_logger][INFO] - Validation metrics: {'MAE': 1.4803466897988586, 'RMSE': 2.435365759723176}
2026-06-16 01:57:48 - finetune_logger - INFO - Val time: 71.26s
[2026-06-16 01:57:48,160][finetune_logger][INFO] - Val time: 71.26s
2026-06-16 01:57:48 - finetune_logger - INFO - Val memory reserved: 24.00 MB
[2026-06-16 01:57:48,160][finetune_logger][INFO] - Val memory reserved: 24.00 MB
2026-06-16 01:57:48 - finetune_logger - INFO - Val memory allocated: 18.10 MB
[2026-06-16 01:57:48,160][finetune_logger][INFO] - Val memory allocated: 18.10 MB
2026-06-16 01:57:48 - finetune_logger - INFO - Logged epoch 7 info to /public/home/202411094934/python_project/Spatio-Temporal-Library/time-series/2026-06-16/itransformer/finetune20/ettm1/time-series/seed_0/training_log.json
[2026-06-16 01:57:48,163][finetune_logger][INFO] - Logged epoch 7 info to /public/home/202411094934/python_project/Spatio-Temporal-Library/time-series/2026-06-16/itransformer/finetune20/ettm1/time-series/seed_0/training_log.json
2026-06-16 01:58:59 - finetune_logger - INFO - Test metrics: {'MAE': 1.4018494835679864, 'RMSE': 2.5619151213938456}
[2026-06-16 01:58:59,310][finetune_logger][INFO] - Test metrics: {'MAE': 1.4018494835679864, 'RMSE': 2.5619151213938456}
2026-06-16 01:58:59 - finetune_logger - INFO - Test time: 71.15s
[2026-06-16 01:58:59,310][finetune_logger][INFO] - Test time: 71.15s
2026-06-16 01:58:59 - finetune_logger - INFO - Test memory reserved: 24.00 MB
[2026-06-16 01:58:59,310][finetune_logger][INFO] - Test memory reserved: 24.00 MB
2026-06-16 01:58:59 - finetune_logger - INFO - Test memory allocated: 18.10 MB
[2026-06-16 01:58:59,310][finetune_logger][INFO] - Test memory allocated: 18.10 MB
2026-06-16 01:58:59 - finetune_logger - INFO - Epoch 8/20
[2026-06-16 01:58:59,311][finetune_logger][INFO] - Epoch 8/20
2026-06-16 02:07:28 - finetune_logger - INFO - Train loss: 1.0192050147675056
[2026-06-16 02:07:28,040][finetune_logger][INFO] - Train loss: 1.0192050147675056
2026-06-16 02:07:28 - finetune_logger - INFO - Train time: 508.72940325737s
[2026-06-16 02:07:28,041][finetune_logger][INFO] - Train time: 508.72940325737s
2026-06-16 02:07:28 - finetune_logger - INFO - Train memory reserved: 24.00 MB
[2026-06-16 02:07:28,041][finetune_logger][INFO] - Train memory reserved: 24.00 MB
2026-06-16 02:07:28 - finetune_logger - INFO - Train memory allocated: 18.10 MB
[2026-06-16 02:07:28,041][finetune_logger][INFO] - Train memory allocated: 18.10 MB
2026-06-16 02:07:28 - finetune_logger - INFO - Current learning rate: 0.0005
[2026-06-16 02:07:28,041][finetune_logger][INFO] - Current learning rate: 0.0005
2026-06-16 02:08:39 - finetune_logger - INFO - Validation metrics: {'MAE': 1.4839804678348427, 'RMSE': 2.428724408948703}
[2026-06-16 02:08:39,133][finetune_logger][INFO] - Validation metrics: {'MAE': 1.4839804678348427, 'RMSE': 2.428724408948703}
2026-06-16 02:08:39 - finetune_logger - INFO - Val time: 71.09s
[2026-06-16 02:08:39,133][finetune_logger][INFO] - Val time: 71.09s
2026-06-16 02:08:39 - finetune_logger - INFO - Val memory reserved: 24.00 MB
[2026-06-16 02:08:39,133][finetune_logger][INFO] - Val memory reserved: 24.00 MB
2026-06-16 02:08:39 - finetune_logger - INFO - Val memory allocated: 18.10 MB
[2026-06-16 02:08:39,133][finetune_logger][INFO] - Val memory allocated: 18.10 MB
2026-06-16 02:08:39 - finetune_logger - INFO - Logged epoch 8 info to /public/home/202411094934/python_project/Spatio-Temporal-Library/time-series/2026-06-16/itransformer/finetune20/ettm1/time-series/seed_0/training_log.json
[2026-06-16 02:08:39,137][finetune_logger][INFO] - Logged epoch 8 info to /public/home/202411094934/python_project/Spatio-Temporal-Library/time-series/2026-06-16/itransformer/finetune20/ettm1/time-series/seed_0/training_log.json
2026-06-16 02:09:50 - finetune_logger - INFO - Test metrics: {'MAE': 1.3913030971964406, 'RMSE': 2.536340100697481}
[2026-06-16 02:09:50,290][finetune_logger][INFO] - Test metrics: {'MAE': 1.3913030971964406, 'RMSE': 2.536340100697481}
2026-06-16 02:09:50 - finetune_logger - INFO - Test time: 71.15s
[2026-06-16 02:09:50,291][finetune_logger][INFO] - Test time: 71.15s
2026-06-16 02:09:50 - finetune_logger - INFO - Test memory reserved: 24.00 MB
[2026-06-16 02:09:50,291][finetune_logger][INFO] - Test memory reserved: 24.00 MB
2026-06-16 02:09:50 - finetune_logger - INFO - Test memory allocated: 18.10 MB
[2026-06-16 02:09:50,291][finetune_logger][INFO] - Test memory allocated: 18.10 MB
2026-06-16 02:09:50 - finetune_logger - INFO - Epoch 9/20
[2026-06-16 02:09:50,291][finetune_logger][INFO] - Epoch 9/20
2026-06-16 02:18:19 - finetune_logger - INFO - Train loss: 1.0060155523881449
[2026-06-16 02:18:19,245][finetune_logger][INFO] - Train loss: 1.0060155523881449
2026-06-16 02:18:19 - finetune_logger - INFO - Train time: 508.9531841278076s
[2026-06-16 02:18:19,245][finetune_logger][INFO] - Train time: 508.9531841278076s
2026-06-16 02:18:19 - finetune_logger - INFO - Train memory reserved: 24.00 MB
[2026-06-16 02:18:19,245][finetune_logger][INFO] - Train memory reserved: 24.00 MB
2026-06-16 02:18:19 - finetune_logger - INFO - Train memory allocated: 18.10 MB
[2026-06-16 02:18:19,245][finetune_logger][INFO] - Train memory allocated: 18.10 MB
2026-06-16 02:18:19 - finetune_logger - INFO - Current learning rate: 0.0005
[2026-06-16 02:18:19,245][finetune_logger][INFO] - Current learning rate: 0.0005
2026-06-16 02:19:30 - finetune_logger - INFO - Validation metrics: {'MAE': 1.496211819917535, 'RMSE': 2.4627229061594633}
[2026-06-16 02:19:30,361][finetune_logger][INFO] - Validation metrics: {'MAE': 1.496211819917535, 'RMSE': 2.4627229061594633}
2026-06-16 02:19:30 - finetune_logger - INFO - Val time: 71.11s
[2026-06-16 02:19:30,361][finetune_logger][INFO] - Val time: 71.11s
2026-06-16 02:19:30 - finetune_logger - INFO - Val memory reserved: 24.00 MB
[2026-06-16 02:19:30,361][finetune_logger][INFO] - Val memory reserved: 24.00 MB
2026-06-16 02:19:30 - finetune_logger - INFO - Val memory allocated: 18.10 MB
[2026-06-16 02:19:30,361][finetune_logger][INFO] - Val memory allocated: 18.10 MB
2026-06-16 02:19:30 - finetune_logger - INFO - Logged epoch 9 info to /public/home/202411094934/python_project/Spatio-Temporal-Library/time-series/2026-06-16/itransformer/finetune20/ettm1/time-series/seed_0/training_log.json
[2026-06-16 02:19:30,364][finetune_logger][INFO] - Logged epoch 9 info to /public/home/202411094934/python_project/Spatio-Temporal-Library/time-series/2026-06-16/itransformer/finetune20/ettm1/time-series/seed_0/training_log.json
2026-06-16 02:20:41 - finetune_logger - INFO - Test metrics: {'MAE': 1.3962904520924788, 'RMSE': 2.5486496834875694}
[2026-06-16 02:20:41,477][finetune_logger][INFO] - Test metrics: {'MAE': 1.3962904520924788, 'RMSE': 2.5486496834875694}
2026-06-16 02:20:41 - finetune_logger - INFO - Test time: 71.11s
[2026-06-16 02:20:41,478][finetune_logger][INFO] - Test time: 71.11s
2026-06-16 02:20:41 - finetune_logger - INFO - Test memory reserved: 24.00 MB
[2026-06-16 02:20:41,478][finetune_logger][INFO] - Test memory reserved: 24.00 MB
2026-06-16 02:20:41 - finetune_logger - INFO - Test memory allocated: 18.10 MB
[2026-06-16 02:20:41,478][finetune_logger][INFO] - Test memory allocated: 18.10 MB
2026-06-16 02:20:41 - finetune_logger - INFO - Epoch 10/20
[2026-06-16 02:20:41,478][finetune_logger][INFO] - Epoch 10/20
2026-06-16 02:29:10 - finetune_logger - INFO - Train loss: 0.9944367892878295
[2026-06-16 02:29:10,086][finetune_logger][INFO] - Train loss: 0.9944367892878295
2026-06-16 02:29:10 - finetune_logger - INFO - Train time: 508.60797476768494s
[2026-06-16 02:29:10,087][finetune_logger][INFO] - Train time: 508.60797476768494s
2026-06-16 02:29:10 - finetune_logger - INFO - Train memory reserved: 24.00 MB
[2026-06-16 02:29:10,087][finetune_logger][INFO] - Train memory reserved: 24.00 MB
2026-06-16 02:29:10 - finetune_logger - INFO - Train memory allocated: 18.10 MB
[2026-06-16 02:29:10,087][finetune_logger][INFO] - Train memory allocated: 18.10 MB
2026-06-16 02:29:10 - finetune_logger - INFO - Current learning rate: 0.0005
[2026-06-16 02:29:10,087][finetune_logger][INFO] - Current learning rate: 0.0005
2026-06-16 02:30:21 - finetune_logger - INFO - Validation metrics: {'MAE': 1.5106891401915632, 'RMSE': 2.494127456537628}
[2026-06-16 02:30:21,075][finetune_logger][INFO] - Validation metrics: {'MAE': 1.5106891401915632, 'RMSE': 2.494127456537628}
2026-06-16 02:30:21 - finetune_logger - INFO - Val time: 70.99s
[2026-06-16 02:30:21,076][finetune_logger][INFO] - Val time: 70.99s
2026-06-16 02:30:21 - finetune_logger - INFO - Val memory reserved: 24.00 MB
[2026-06-16 02:30:21,076][finetune_logger][INFO] - Val memory reserved: 24.00 MB
2026-06-16 02:30:21 - finetune_logger - INFO - Val memory allocated: 18.10 MB
[2026-06-16 02:30:21,076][finetune_logger][INFO] - Val memory allocated: 18.10 MB
2026-06-16 02:30:21 - finetune_logger - INFO - Logged epoch 10 info to /public/home/202411094934/python_project/Spatio-Temporal-Library/time-series/2026-06-16/itransformer/finetune20/ettm1/time-series/seed_0/training_log.json
[2026-06-16 02:30:21,079][finetune_logger][INFO] - Logged epoch 10 info to /public/home/202411094934/python_project/Spatio-Temporal-Library/time-series/2026-06-16/itransformer/finetune20/ettm1/time-series/seed_0/training_log.json
2026-06-16 02:31:31 - finetune_logger - INFO - Test metrics: {'MAE': 1.419713823286305, 'RMSE': 2.6011299785009903}
[2026-06-16 02:31:31,984][finetune_logger][INFO] - Test metrics: {'MAE': 1.419713823286305, 'RMSE': 2.6011299785009903}
2026-06-16 02:31:31 - finetune_logger - INFO - Test time: 70.88s
[2026-06-16 02:31:31,985][finetune_logger][INFO] - Test time: 70.88s
2026-06-16 02:31:31 - finetune_logger - INFO - Test memory reserved: 24.00 MB
[2026-06-16 02:31:31,985][finetune_logger][INFO] - Test memory reserved: 24.00 MB
2026-06-16 02:31:31 - finetune_logger - INFO - Test memory allocated: 18.10 MB
[2026-06-16 02:31:31,985][finetune_logger][INFO] - Test memory allocated: 18.10 MB
2026-06-16 02:31:31 - finetune_logger - INFO - Epoch 11/20
[2026-06-16 02:31:31,985][finetune_logger][INFO] - Epoch 11/20
2026-06-16 02:40:00 - finetune_logger - INFO - Train loss: 0.9511676391956121
[2026-06-16 02:40:00,383][finetune_logger][INFO] - Train loss: 0.9511676391956121
2026-06-16 02:40:00 - finetune_logger - INFO - Train time: 508.39781165122986s
[2026-06-16 02:40:00,384][finetune_logger][INFO] - Train time: 508.39781165122986s
2026-06-16 02:40:00 - finetune_logger - INFO - Train memory reserved: 24.00 MB
[2026-06-16 02:40:00,384][finetune_logger][INFO] - Train memory reserved: 24.00 MB
2026-06-16 02:40:00 - finetune_logger - INFO - Train memory allocated: 18.10 MB
[2026-06-16 02:40:00,384][finetune_logger][INFO] - Train memory allocated: 18.10 MB
2026-06-16 02:40:00 - finetune_logger - INFO - Current learning rate: 0.00025
[2026-06-16 02:40:00,384][finetune_logger][INFO] - Current learning rate: 0.00025
2026-06-16 02:41:11 - finetune_logger - INFO - Validation metrics: {'MAE': 1.4863372616486337, 'RMSE': 2.462490306771512}
[2026-06-16 02:41:11,505][finetune_logger][INFO] - Validation metrics: {'MAE': 1.4863372616486337, 'RMSE': 2.462490306771512}
2026-06-16 02:41:11 - finetune_logger - INFO - Val time: 71.12s
[2026-06-16 02:41:11,505][finetune_logger][INFO] - Val time: 71.12s
2026-06-16 02:41:11 - finetune_logger - INFO - Val memory reserved: 24.00 MB
[2026-06-16 02:41:11,505][finetune_logger][INFO] - Val memory reserved: 24.00 MB
2026-06-16 02:41:11 - finetune_logger - INFO - Val memory allocated: 18.10 MB
[2026-06-16 02:41:11,506][finetune_logger][INFO] - Val memory allocated: 18.10 MB
2026-06-16 02:41:11 - finetune_logger - INFO - Logged epoch 11 info to /public/home/202411094934/python_project/Spatio-Temporal-Library/time-series/2026-06-16/itransformer/finetune20/ettm1/time-series/seed_0/training_log.json
[2026-06-16 02:41:11,508][finetune_logger][INFO] - Logged epoch 11 info to /public/home/202411094934/python_project/Spatio-Temporal-Library/time-series/2026-06-16/itransformer/finetune20/ettm1/time-series/seed_0/training_log.json
2026-06-16 02:42:22 - finetune_logger - INFO - Test metrics: {'MAE': 1.391956546033584, 'RMSE': 2.554335814166787}
[2026-06-16 02:42:22,478][finetune_logger][INFO] - Test metrics: {'MAE': 1.391956546033584, 'RMSE': 2.554335814166787}
2026-06-16 02:42:22 - finetune_logger - INFO - Test time: 70.97s
[2026-06-16 02:42:22,478][finetune_logger][INFO] - Test time: 70.97s
2026-06-16 02:42:22 - finetune_logger - INFO - Test memory reserved: 24.00 MB
[2026-06-16 02:42:22,478][finetune_logger][INFO] - Test memory reserved: 24.00 MB
2026-06-16 02:42:22 - finetune_logger - INFO - Test memory allocated: 18.10 MB
[2026-06-16 02:42:22,478][finetune_logger][INFO] - Test memory allocated: 18.10 MB
2026-06-16 02:42:22 - finetune_logger - INFO - Epoch 12/20
[2026-06-16 02:42:22,478][finetune_logger][INFO] - Epoch 12/20
2026-06-16 02:50:51 - finetune_logger - INFO - Train loss: 0.9391343588272008
[2026-06-16 02:50:51,351][finetune_logger][INFO] - Train loss: 0.9391343588272008
2026-06-16 02:50:51 - finetune_logger - INFO - Train time: 508.8719537258148s
[2026-06-16 02:50:51,351][finetune_logger][INFO] - Train time: 508.8719537258148s
2026-06-16 02:50:51 - finetune_logger - INFO - Train memory reserved: 24.00 MB
[2026-06-16 02:50:51,351][finetune_logger][INFO] - Train memory reserved: 24.00 MB
2026-06-16 02:50:51 - finetune_logger - INFO - Train memory allocated: 18.10 MB
[2026-06-16 02:50:51,351][finetune_logger][INFO] - Train memory allocated: 18.10 MB
2026-06-16 02:50:51 - finetune_logger - INFO - Current learning rate: 0.00025
[2026-06-16 02:50:51,351][finetune_logger][INFO] - Current learning rate: 0.00025
2026-06-16 02:52:02 - finetune_logger - INFO - Validation metrics: {'MAE': 1.4772555126013653, 'RMSE': 2.437458952003406}
[2026-06-16 02:52:02,543][finetune_logger][INFO] - Validation metrics: {'MAE': 1.4772555126013653, 'RMSE': 2.437458952003406}
2026-06-16 02:52:02 - finetune_logger - INFO - Val time: 71.19s
[2026-06-16 02:52:02,543][finetune_logger][INFO] - Val time: 71.19s
2026-06-16 02:52:02 - finetune_logger - INFO - Val memory reserved: 24.00 MB
[2026-06-16 02:52:02,543][finetune_logger][INFO] - Val memory reserved: 24.00 MB
2026-06-16 02:52:02 - finetune_logger - INFO - Val memory allocated: 18.10 MB
[2026-06-16 02:52:02,543][finetune_logger][INFO] - Val memory allocated: 18.10 MB
2026-06-16 02:52:02 - finetune_logger - INFO - Logged epoch 12 info to /public/home/202411094934/python_project/Spatio-Temporal-Library/time-series/2026-06-16/itransformer/finetune20/ettm1/time-series/seed_0/training_log.json
[2026-06-16 02:52:02,547][finetune_logger][INFO] - Logged epoch 12 info to /public/home/202411094934/python_project/Spatio-Temporal-Library/time-series/2026-06-16/itransformer/finetune20/ettm1/time-series/seed_0/training_log.json
2026-06-16 02:53:13 - finetune_logger - INFO - Test metrics: {'MAE': 1.405046428847816, 'RMSE': 2.5659728119757563}
[2026-06-16 02:53:13,524][finetune_logger][INFO] - Test metrics: {'MAE': 1.405046428847816, 'RMSE': 2.5659728119757563}
2026-06-16 02:53:13 - finetune_logger - INFO - Test time: 70.98s
[2026-06-16 02:53:13,524][finetune_logger][INFO] - Test time: 70.98s
2026-06-16 02:53:13 - finetune_logger - INFO - Test memory reserved: 24.00 MB
[2026-06-16 02:53:13,524][finetune_logger][INFO] - Test memory reserved: 24.00 MB
2026-06-16 02:53:13 - finetune_logger - INFO - Test memory allocated: 18.10 MB
[2026-06-16 02:53:13,524][finetune_logger][INFO] - Test memory allocated: 18.10 MB
2026-06-16 02:53:13 - finetune_logger - INFO - Epoch 13/20
[2026-06-16 02:53:13,524][finetune_logger][INFO] - Epoch 13/20
2026-06-16 03:01:42 - finetune_logger - INFO - Train loss: 0.931350878673782
[2026-06-16 03:01:42,311][finetune_logger][INFO] - Train loss: 0.931350878673782
2026-06-16 03:01:42 - finetune_logger - INFO - Train time: 508.7861838340759s
[2026-06-16 03:01:42,311][finetune_logger][INFO] - Train time: 508.7861838340759s
2026-06-16 03:01:42 - finetune_logger - INFO - Train memory reserved: 24.00 MB
[2026-06-16 03:01:42,311][finetune_logger][INFO] - Train memory reserved: 24.00 MB
2026-06-16 03:01:42 - finetune_logger - INFO - Train memory allocated: 18.10 MB
[2026-06-16 03:01:42,311][finetune_logger][INFO] - Train memory allocated: 18.10 MB
2026-06-16 03:01:42 - finetune_logger - INFO - Current learning rate: 0.00025
[2026-06-16 03:01:42,312][finetune_logger][INFO] - Current learning rate: 0.00025
2026-06-16 03:02:53 - finetune_logger - INFO - Validation metrics: {'MAE': 1.488162985395126, 'RMSE': 2.4591381981062876}
[2026-06-16 03:02:53,440][finetune_logger][INFO] - Validation metrics: {'MAE': 1.488162985395126, 'RMSE': 2.4591381981062876}
2026-06-16 03:02:53 - finetune_logger - INFO - Val time: 71.13s
[2026-06-16 03:02:53,440][finetune_logger][INFO] - Val time: 71.13s
2026-06-16 03:02:53 - finetune_logger - INFO - Val memory reserved: 24.00 MB
[2026-06-16 03:02:53,441][finetune_logger][INFO] - Val memory reserved: 24.00 MB
2026-06-16 03:02:53 - finetune_logger - INFO - Val memory allocated: 18.10 MB
[2026-06-16 03:02:53,441][finetune_logger][INFO] - Val memory allocated: 18.10 MB
2026-06-16 03:02:53 - finetune_logger - INFO - Logged epoch 13 info to /public/home/202411094934/python_project/Spatio-Temporal-Library/time-series/2026-06-16/itransformer/finetune20/ettm1/time-series/seed_0/training_log.json
[2026-06-16 03:02:53,444][finetune_logger][INFO] - Logged epoch 13 info to /public/home/202411094934/python_project/Spatio-Temporal-Library/time-series/2026-06-16/itransformer/finetune20/ettm1/time-series/seed_0/training_log.json
2026-06-16 03:04:04 - finetune_logger - INFO - Test metrics: {'MAE': 1.4037875340003911, 'RMSE': 2.562195270309112}
[2026-06-16 03:04:04,624][finetune_logger][INFO] - Test metrics: {'MAE': 1.4037875340003911, 'RMSE': 2.562195270309112}
2026-06-16 03:04:04 - finetune_logger - INFO - Test time: 71.18s
[2026-06-16 03:04:04,624][finetune_logger][INFO] - Test time: 71.18s
2026-06-16 03:04:04 - finetune_logger - INFO - Test memory reserved: 24.00 MB
[2026-06-16 03:04:04,624][finetune_logger][INFO] - Test memory reserved: 24.00 MB
2026-06-16 03:04:04 - finetune_logger - INFO - Test memory allocated: 18.10 MB
[2026-06-16 03:04:04,625][finetune_logger][INFO] - Test memory allocated: 18.10 MB
2026-06-16 03:04:04 - finetune_logger - INFO - Epoch 14/20
[2026-06-16 03:04:04,625][finetune_logger][INFO] - Epoch 14/20
2026-06-16 03:12:33 - finetune_logger - INFO - Train loss: 0.9268116674197683
[2026-06-16 03:12:33,575][finetune_logger][INFO] - Train loss: 0.9268116674197683
2026-06-16 03:12:33 - finetune_logger - INFO - Train time: 508.94951152801514s
[2026-06-16 03:12:33,575][finetune_logger][INFO] - Train time: 508.94951152801514s
2026-06-16 03:12:33 - finetune_logger - INFO - Train memory reserved: 24.00 MB
[2026-06-16 03:12:33,575][finetune_logger][INFO] - Train memory reserved: 24.00 MB
2026-06-16 03:12:33 - finetune_logger - INFO - Train memory allocated: 18.10 MB
[2026-06-16 03:12:33,575][finetune_logger][INFO] - Train memory allocated: 18.10 MB
2026-06-16 03:12:33 - finetune_logger - INFO - Current learning rate: 0.00025
[2026-06-16 03:12:33,575][finetune_logger][INFO] - Current learning rate: 0.00025
2026-06-16 03:13:44 - finetune_logger - INFO - Validation metrics: {'MAE': 1.4788864606706111, 'RMSE': 2.439768415221224}
[2026-06-16 03:13:44,707][finetune_logger][INFO] - Validation metrics: {'MAE': 1.4788864606706111, 'RMSE': 2.439768415221224}
2026-06-16 03:13:44 - finetune_logger - INFO - Val time: 71.13s
[2026-06-16 03:13:44,707][finetune_logger][INFO] - Val time: 71.13s
2026-06-16 03:13:44 - finetune_logger - INFO - Val memory reserved: 24.00 MB
[2026-06-16 03:13:44,708][finetune_logger][INFO] - Val memory reserved: 24.00 MB
2026-06-16 03:13:44 - finetune_logger - INFO - Val memory allocated: 18.10 MB
[2026-06-16 03:13:44,708][finetune_logger][INFO] - Val memory allocated: 18.10 MB
2026-06-16 03:13:44 - finetune_logger - INFO - Logged epoch 14 info to /public/home/202411094934/python_project/Spatio-Temporal-Library/time-series/2026-06-16/itransformer/finetune20/ettm1/time-series/seed_0/training_log.json
[2026-06-16 03:13:44,711][finetune_logger][INFO] - Logged epoch 14 info to /public/home/202411094934/python_project/Spatio-Temporal-Library/time-series/2026-06-16/itransformer/finetune20/ettm1/time-series/seed_0/training_log.json
2026-06-16 03:14:55 - finetune_logger - INFO - Test metrics: {'MAE': 1.4069624455198388, 'RMSE': 2.5767342999623937}
[2026-06-16 03:14:55,871][finetune_logger][INFO] - Test metrics: {'MAE': 1.4069624455198388, 'RMSE': 2.5767342999623937}
2026-06-16 03:14:55 - finetune_logger - INFO - Test time: 71.16s
[2026-06-16 03:14:55,871][finetune_logger][INFO] - Test time: 71.16s
2026-06-16 03:14:55 - finetune_logger - INFO - Test memory reserved: 24.00 MB
[2026-06-16 03:14:55,871][finetune_logger][INFO] - Test memory reserved: 24.00 MB
2026-06-16 03:14:55 - finetune_logger - INFO - Test memory allocated: 18.10 MB
[2026-06-16 03:14:55,871][finetune_logger][INFO] - Test memory allocated: 18.10 MB
2026-06-16 03:14:55 - finetune_logger - INFO - Epoch 15/20
[2026-06-16 03:14:55,871][finetune_logger][INFO] - Epoch 15/20
2026-06-16 03:23:24 - finetune_logger - INFO - Train loss: 0.9200114706743684
[2026-06-16 03:23:24,794][finetune_logger][INFO] - Train loss: 0.9200114706743684
2026-06-16 03:23:24 - finetune_logger - INFO - Train time: 508.92217087745667s
[2026-06-16 03:23:24,794][finetune_logger][INFO] - Train time: 508.92217087745667s
2026-06-16 03:23:24 - finetune_logger - INFO - Train memory reserved: 24.00 MB
[2026-06-16 03:23:24,794][finetune_logger][INFO] - Train memory reserved: 24.00 MB
2026-06-16 03:23:24 - finetune_logger - INFO - Train memory allocated: 18.10 MB
[2026-06-16 03:23:24,794][finetune_logger][INFO] - Train memory allocated: 18.10 MB
2026-06-16 03:23:24 - finetune_logger - INFO - Current learning rate: 0.00025
[2026-06-16 03:23:24,795][finetune_logger][INFO] - Current learning rate: 0.00025
2026-06-16 03:24:35 - finetune_logger - INFO - Validation metrics: {'MAE': 1.483247801752764, 'RMSE': 2.452133926290242}
[2026-06-16 03:24:35,899][finetune_logger][INFO] - Validation metrics: {'MAE': 1.483247801752764, 'RMSE': 2.452133926290242}
2026-06-16 03:24:35 - finetune_logger - INFO - Val time: 71.10s
[2026-06-16 03:24:35,900][finetune_logger][INFO] - Val time: 71.10s
2026-06-16 03:24:35 - finetune_logger - INFO - Val memory reserved: 24.00 MB
[2026-06-16 03:24:35,900][finetune_logger][INFO] - Val memory reserved: 24.00 MB
2026-06-16 03:24:35 - finetune_logger - INFO - Val memory allocated: 18.10 MB
[2026-06-16 03:24:35,900][finetune_logger][INFO] - Val memory allocated: 18.10 MB
2026-06-16 03:24:35 - finetune_logger - INFO - Logged epoch 15 info to /public/home/202411094934/python_project/Spatio-Temporal-Library/time-series/2026-06-16/itransformer/finetune20/ettm1/time-series/seed_0/training_log.json
[2026-06-16 03:24:35,903][finetune_logger][INFO] - Logged epoch 15 info to /public/home/202411094934/python_project/Spatio-Temporal-Library/time-series/2026-06-16/itransformer/finetune20/ettm1/time-series/seed_0/training_log.json
2026-06-16 03:25:46 - finetune_logger - INFO - Test metrics: {'MAE': 1.4074896464864237, 'RMSE': 2.577504055366709}
[2026-06-16 03:25:46,944][finetune_logger][INFO] - Test metrics: {'MAE': 1.4074896464864237, 'RMSE': 2.577504055366709}
2026-06-16 03:25:46 - finetune_logger - INFO - Test time: 71.04s
[2026-06-16 03:25:46,945][finetune_logger][INFO] - Test time: 71.04s
2026-06-16 03:25:46 - finetune_logger - INFO - Test memory reserved: 24.00 MB
[2026-06-16 03:25:46,945][finetune_logger][INFO] - Test memory reserved: 24.00 MB
2026-06-16 03:25:46 - finetune_logger - INFO - Test memory allocated: 18.10 MB
[2026-06-16 03:25:46,945][finetune_logger][INFO] - Test memory allocated: 18.10 MB
2026-06-16 03:25:46 - finetune_logger - INFO - Epoch 16/20
[2026-06-16 03:25:46,945][finetune_logger][INFO] - Epoch 16/20
2026-06-16 03:34:15 - finetune_logger - INFO - Train loss: 0.9152168904583071
[2026-06-16 03:34:15,592][finetune_logger][INFO] - Train loss: 0.9152168904583071
2026-06-16 03:34:15 - finetune_logger - INFO - Train time: 508.64661264419556s
[2026-06-16 03:34:15,592][finetune_logger][INFO] - Train time: 508.64661264419556s
2026-06-16 03:34:15 - finetune_logger - INFO - Train memory reserved: 24.00 MB
[2026-06-16 03:34:15,593][finetune_logger][INFO] - Train memory reserved: 24.00 MB
2026-06-16 03:34:15 - finetune_logger - INFO - Train memory allocated: 18.10 MB
[2026-06-16 03:34:15,593][finetune_logger][INFO] - Train memory allocated: 18.10 MB
2026-06-16 03:34:15 - finetune_logger - INFO - Current learning rate: 0.00025
[2026-06-16 03:34:15,593][finetune_logger][INFO] - Current learning rate: 0.00025
2026-06-16 03:35:26 - finetune_logger - INFO - Validation metrics: {'MAE': 1.4916783115676506, 'RMSE': 2.460181651393737}
[2026-06-16 03:35:26,714][finetune_logger][INFO] - Validation metrics: {'MAE': 1.4916783115676506, 'RMSE': 2.460181651393737}
2026-06-16 03:35:26 - finetune_logger - INFO - Val time: 71.12s
[2026-06-16 03:35:26,714][finetune_logger][INFO] - Val time: 71.12s
2026-06-16 03:35:26 - finetune_logger - INFO - Val memory reserved: 24.00 MB
[2026-06-16 03:35:26,715][finetune_logger][INFO] - Val memory reserved: 24.00 MB
2026-06-16 03:35:26 - finetune_logger - INFO - Val memory allocated: 18.10 MB
[2026-06-16 03:35:26,715][finetune_logger][INFO] - Val memory allocated: 18.10 MB
2026-06-16 03:35:26 - finetune_logger - INFO - Logged epoch 16 info to /public/home/202411094934/python_project/Spatio-Temporal-Library/time-series/2026-06-16/itransformer/finetune20/ettm1/time-series/seed_0/training_log.json
[2026-06-16 03:35:26,718][finetune_logger][INFO] - Logged epoch 16 info to /public/home/202411094934/python_project/Spatio-Temporal-Library/time-series/2026-06-16/itransformer/finetune20/ettm1/time-series/seed_0/training_log.json
2026-06-16 03:36:37 - finetune_logger - INFO - Test metrics: {'MAE': 1.4197494278735026, 'RMSE': 2.5922202004732493}
[2026-06-16 03:36:37,747][finetune_logger][INFO] - Test metrics: {'MAE': 1.4197494278735026, 'RMSE': 2.5922202004732493}
2026-06-16 03:36:37 - finetune_logger - INFO - Test time: 71.03s
[2026-06-16 03:36:37,747][finetune_logger][INFO] - Test time: 71.03s
2026-06-16 03:36:37 - finetune_logger - INFO - Test memory reserved: 24.00 MB
[2026-06-16 03:36:37,747][finetune_logger][INFO] - Test memory reserved: 24.00 MB
2026-06-16 03:36:37 - finetune_logger - INFO - Test memory allocated: 18.10 MB
[2026-06-16 03:36:37,747][finetune_logger][INFO] - Test memory allocated: 18.10 MB
2026-06-16 03:36:37 - finetune_logger - INFO - Epoch 17/20
[2026-06-16 03:36:37,747][finetune_logger][INFO] - Epoch 17/20
2026-06-16 03:45:06 - finetune_logger - INFO - Train loss: 0.9098219311536171
[2026-06-16 03:45:06,789][finetune_logger][INFO] - Train loss: 0.9098219311536171
2026-06-16 03:45:06 - finetune_logger - INFO - Train time: 509.0413930416107s
[2026-06-16 03:45:06,790][finetune_logger][INFO] - Train time: 509.0413930416107s
2026-06-16 03:45:06 - finetune_logger - INFO - Train memory reserved: 24.00 MB
[2026-06-16 03:45:06,790][finetune_logger][INFO] - Train memory reserved: 24.00 MB
2026-06-16 03:45:06 - finetune_logger - INFO - Train memory allocated: 18.10 MB
[2026-06-16 03:45:06,790][finetune_logger][INFO] - Train memory allocated: 18.10 MB
2026-06-16 03:45:06 - finetune_logger - INFO - Current learning rate: 0.00025
[2026-06-16 03:45:06,790][finetune_logger][INFO] - Current learning rate: 0.00025
2026-06-16 03:46:17 - finetune_logger - INFO - Validation metrics: {'MAE': 1.490293936850078, 'RMSE': 2.4637951816392842}
[2026-06-16 03:46:17,894][finetune_logger][INFO] - Validation metrics: {'MAE': 1.490293936850078, 'RMSE': 2.4637951816392842}
2026-06-16 03:46:17 - finetune_logger - INFO - Val time: 71.10s
[2026-06-16 03:46:17,894][finetune_logger][INFO] - Val time: 71.10s
2026-06-16 03:46:17 - finetune_logger - INFO - Val memory reserved: 24.00 MB
[2026-06-16 03:46:17,894][finetune_logger][INFO] - Val memory reserved: 24.00 MB
2026-06-16 03:46:17 - finetune_logger - INFO - Val memory allocated: 18.10 MB
[2026-06-16 03:46:17,895][finetune_logger][INFO] - Val memory allocated: 18.10 MB
2026-06-16 03:46:17 - finetune_logger - INFO - Logged epoch 17 info to /public/home/202411094934/python_project/Spatio-Temporal-Library/time-series/2026-06-16/itransformer/finetune20/ettm1/time-series/seed_0/training_log.json
[2026-06-16 03:46:17,898][finetune_logger][INFO] - Logged epoch 17 info to /public/home/202411094934/python_project/Spatio-Temporal-Library/time-series/2026-06-16/itransformer/finetune20/ettm1/time-series/seed_0/training_log.json
2026-06-16 03:47:28 - finetune_logger - INFO - Test metrics: {'MAE': 1.4337595937678553, 'RMSE': 2.6132408191720757}
[2026-06-16 03:47:28,919][finetune_logger][INFO] - Test metrics: {'MAE': 1.4337595937678553, 'RMSE': 2.6132408191720757}
2026-06-16 03:47:28 - finetune_logger - INFO - Test time: 71.02s
[2026-06-16 03:47:28,920][finetune_logger][INFO] - Test time: 71.02s
2026-06-16 03:47:28 - finetune_logger - INFO - Test memory reserved: 24.00 MB
[2026-06-16 03:47:28,920][finetune_logger][INFO] - Test memory reserved: 24.00 MB
2026-06-16 03:47:28 - finetune_logger - INFO - Test memory allocated: 18.10 MB
[2026-06-16 03:47:28,920][finetune_logger][INFO] - Test memory allocated: 18.10 MB
2026-06-16 03:47:28 - finetune_logger - INFO - Epoch 18/20
[2026-06-16 03:47:28,920][finetune_logger][INFO] - Epoch 18/20
2026-06-16 03:55:58 - finetune_logger - INFO - Train loss: 0.9060340106843394
[2026-06-16 03:55:58,315][finetune_logger][INFO] - Train loss: 0.9060340106843394
2026-06-16 03:55:58 - finetune_logger - INFO - Train time: 509.39418172836304s
[2026-06-16 03:55:58,315][finetune_logger][INFO] - Train time: 509.39418172836304s
2026-06-16 03:55:58 - finetune_logger - INFO - Train memory reserved: 24.00 MB
[2026-06-16 03:55:58,315][finetune_logger][INFO] - Train memory reserved: 24.00 MB
2026-06-16 03:55:58 - finetune_logger - INFO - Train memory allocated: 18.10 MB
[2026-06-16 03:55:58,315][finetune_logger][INFO] - Train memory allocated: 18.10 MB
2026-06-16 03:55:58 - finetune_logger - INFO - Current learning rate: 0.00025
[2026-06-16 03:55:58,315][finetune_logger][INFO] - Current learning rate: 0.00025
2026-06-16 03:57:09 - finetune_logger - INFO - Validation metrics: {'MAE': 1.4764053596214217, 'RMSE': 2.4316544536902835}
[2026-06-16 03:57:09,334][finetune_logger][INFO] - Validation metrics: {'MAE': 1.4764053596214217, 'RMSE': 2.4316544536902835}
2026-06-16 03:57:09 - finetune_logger - INFO - Val time: 71.02s
[2026-06-16 03:57:09,335][finetune_logger][INFO] - Val time: 71.02s
2026-06-16 03:57:09 - finetune_logger - INFO - Val memory reserved: 24.00 MB
[2026-06-16 03:57:09,335][finetune_logger][INFO] - Val memory reserved: 24.00 MB
2026-06-16 03:57:09 - finetune_logger - INFO - Val memory allocated: 18.10 MB
[2026-06-16 03:57:09,335][finetune_logger][INFO] - Val memory allocated: 18.10 MB
2026-06-16 03:57:09 - finetune_logger - INFO - Logged epoch 18 info to /public/home/202411094934/python_project/Spatio-Temporal-Library/time-series/2026-06-16/itransformer/finetune20/ettm1/time-series/seed_0/training_log.json
[2026-06-16 03:57:09,338][finetune_logger][INFO] - Logged epoch 18 info to /public/home/202411094934/python_project/Spatio-Temporal-Library/time-series/2026-06-16/itransformer/finetune20/ettm1/time-series/seed_0/training_log.json
2026-06-16 03:58:20 - finetune_logger - INFO - Test metrics: {'MAE': 1.4101991396134397, 'RMSE': 2.5763945099093752}
[2026-06-16 03:58:20,395][finetune_logger][INFO] - Test metrics: {'MAE': 1.4101991396134397, 'RMSE': 2.5763945099093752}
2026-06-16 03:58:20 - finetune_logger - INFO - Test time: 71.06s
[2026-06-16 03:58:20,396][finetune_logger][INFO] - Test time: 71.06s
2026-06-16 03:58:20 - finetune_logger - INFO - Test memory reserved: 24.00 MB
[2026-06-16 03:58:20,396][finetune_logger][INFO] - Test memory reserved: 24.00 MB
2026-06-16 03:58:20 - finetune_logger - INFO - Test memory allocated: 18.10 MB
[2026-06-16 03:58:20,396][finetune_logger][INFO] - Test memory allocated: 18.10 MB
2026-06-16 03:58:20 - finetune_logger - INFO - Epoch 19/20
[2026-06-16 03:58:20,396][finetune_logger][INFO] - Epoch 19/20
2026-06-16 04:06:49 - finetune_logger - INFO - Train loss: 0.9010543478185006
[2026-06-16 04:06:49,325][finetune_logger][INFO] - Train loss: 0.9010543478185006
2026-06-16 04:06:49 - finetune_logger - INFO - Train time: 508.9286983013153s
[2026-06-16 04:06:49,326][finetune_logger][INFO] - Train time: 508.9286983013153s
2026-06-16 04:06:49 - finetune_logger - INFO - Train memory reserved: 24.00 MB
[2026-06-16 04:06:49,326][finetune_logger][INFO] - Train memory reserved: 24.00 MB
2026-06-16 04:06:49 - finetune_logger - INFO - Train memory allocated: 18.10 MB
[2026-06-16 04:06:49,326][finetune_logger][INFO] - Train memory allocated: 18.10 MB
2026-06-16 04:06:49 - finetune_logger - INFO - Current learning rate: 0.00025
[2026-06-16 04:06:49,327][finetune_logger][INFO] - Current learning rate: 0.00025
2026-06-16 04:08:00 - finetune_logger - INFO - Validation metrics: {'MAE': 1.4769818689682417, 'RMSE': 2.44322137121513}
[2026-06-16 04:08:00,530][finetune_logger][INFO] - Validation metrics: {'MAE': 1.4769818689682417, 'RMSE': 2.44322137121513}
2026-06-16 04:08:00 - finetune_logger - INFO - Val time: 71.20s
[2026-06-16 04:08:00,530][finetune_logger][INFO] - Val time: 71.20s
2026-06-16 04:08:00 - finetune_logger - INFO - Val memory reserved: 24.00 MB
[2026-06-16 04:08:00,530][finetune_logger][INFO] - Val memory reserved: 24.00 MB
2026-06-16 04:08:00 - finetune_logger - INFO - Val memory allocated: 18.10 MB
[2026-06-16 04:08:00,530][finetune_logger][INFO] - Val memory allocated: 18.10 MB
2026-06-16 04:08:00 - finetune_logger - INFO - Logged epoch 19 info to /public/home/202411094934/python_project/Spatio-Temporal-Library/time-series/2026-06-16/itransformer/finetune20/ettm1/time-series/seed_0/training_log.json
[2026-06-16 04:08:00,534][finetune_logger][INFO] - Logged epoch 19 info to /public/home/202411094934/python_project/Spatio-Temporal-Library/time-series/2026-06-16/itransformer/finetune20/ettm1/time-series/seed_0/training_log.json
2026-06-16 04:09:11 - finetune_logger - INFO - Test metrics: {'MAE': 1.4167660495809558, 'RMSE': 2.599629702877069}
[2026-06-16 04:09:11,566][finetune_logger][INFO] - Test metrics: {'MAE': 1.4167660495809558, 'RMSE': 2.599629702877069}
2026-06-16 04:09:11 - finetune_logger - INFO - Test time: 71.03s
[2026-06-16 04:09:11,566][finetune_logger][INFO] - Test time: 71.03s
2026-06-16 04:09:11 - finetune_logger - INFO - Test memory reserved: 24.00 MB
[2026-06-16 04:09:11,566][finetune_logger][INFO] - Test memory reserved: 24.00 MB
2026-06-16 04:09:11 - finetune_logger - INFO - Test memory allocated: 18.10 MB
[2026-06-16 04:09:11,566][finetune_logger][INFO] - Test memory allocated: 18.10 MB
2026-06-16 04:09:11 - finetune_logger - INFO - Epoch 20/20
[2026-06-16 04:09:11,566][finetune_logger][INFO] - Epoch 20/20
2026-06-16 04:17:41 - finetune_logger - INFO - Train loss: 0.8972809458470405
[2026-06-16 04:17:41,219][finetune_logger][INFO] - Train loss: 0.8972809458470405
2026-06-16 04:17:41 - finetune_logger - INFO - Train time: 509.65227794647217s
[2026-06-16 04:17:41,219][finetune_logger][INFO] - Train time: 509.65227794647217s
2026-06-16 04:17:41 - finetune_logger - INFO - Train memory reserved: 24.00 MB
[2026-06-16 04:17:41,219][finetune_logger][INFO] - Train memory reserved: 24.00 MB
2026-06-16 04:17:41 - finetune_logger - INFO - Train memory allocated: 18.10 MB
[2026-06-16 04:17:41,220][finetune_logger][INFO] - Train memory allocated: 18.10 MB
2026-06-16 04:17:41 - finetune_logger - INFO - Current learning rate: 0.00025
[2026-06-16 04:17:41,220][finetune_logger][INFO] - Current learning rate: 0.00025
2026-06-16 04:18:52 - finetune_logger - INFO - Validation metrics: {'MAE': 1.4878464083802843, 'RMSE': 2.4576225161711154}
[2026-06-16 04:18:52,313][finetune_logger][INFO] - Validation metrics: {'MAE': 1.4878464083802843, 'RMSE': 2.4576225161711154}
2026-06-16 04:18:52 - finetune_logger - INFO - Val time: 71.09s
[2026-06-16 04:18:52,313][finetune_logger][INFO] - Val time: 71.09s
2026-06-16 04:18:52 - finetune_logger - INFO - Val memory reserved: 24.00 MB
[2026-06-16 04:18:52,313][finetune_logger][INFO] - Val memory reserved: 24.00 MB
2026-06-16 04:18:52 - finetune_logger - INFO - Val memory allocated: 18.10 MB
[2026-06-16 04:18:52,313][finetune_logger][INFO] - Val memory allocated: 18.10 MB
2026-06-16 04:18:52 - finetune_logger - INFO - Logged epoch 20 info to /public/home/202411094934/python_project/Spatio-Temporal-Library/time-series/2026-06-16/itransformer/finetune20/ettm1/time-series/seed_0/training_log.json
[2026-06-16 04:18:52,317][finetune_logger][INFO] - Logged epoch 20 info to /public/home/202411094934/python_project/Spatio-Temporal-Library/time-series/2026-06-16/itransformer/finetune20/ettm1/time-series/seed_0/training_log.json
2026-06-16 04:20:03 - finetune_logger - INFO - Test metrics: {'MAE': 1.4265340566529305, 'RMSE': 2.608617706109392}
[2026-06-16 04:20:03,300][finetune_logger][INFO] - Test metrics: {'MAE': 1.4265340566529305, 'RMSE': 2.608617706109392}
2026-06-16 04:20:03 - finetune_logger - INFO - Test time: 70.96s
[2026-06-16 04:20:03,300][finetune_logger][INFO] - Test time: 70.96s
2026-06-16 04:20:03 - finetune_logger - INFO - Test memory reserved: 24.00 MB
[2026-06-16 04:20:03,300][finetune_logger][INFO] - Test memory reserved: 24.00 MB
2026-06-16 04:20:03 - finetune_logger - INFO - Test memory allocated: 18.10 MB
[2026-06-16 04:20:03,300][finetune_logger][INFO] - Test memory allocated: 18.10 MB
2026-06-16 04:20:03 - finetune_logger - INFO - Training completed. Best epoch: 1, Best val loss: 1.440762
[2026-06-16 04:20:03,301][finetune_logger][INFO] - Training completed. Best epoch: 1, Best val loss: 1.440762
2026-06-16 04:20:03 - finetune_logger - INFO - Loaded checkpoint from epoch 1
[2026-06-16 04:20:03,335][finetune_logger][INFO] - Loaded checkpoint from epoch 1
2026-06-16 04:20:03 - finetune_logger - INFO - Evaluating best model on test sets...
[2026-06-16 04:20:03,335][finetune_logger][INFO] - Evaluating best model on test sets...
2026-06-16 04:21:14 - finetune_logger - INFO - Test metrics: {'MAE': 1.3108732046919138, 'RMSE': 2.373494168783994}
[2026-06-16 04:21:14,274][finetune_logger][INFO] - Test metrics: {'MAE': 1.3108732046919138, 'RMSE': 2.373494168783994}
2026-06-16 04:21:14 - finetune_logger - INFO - Test time: 70.94s
[2026-06-16 04:21:14,275][finetune_logger][INFO] - Test time: 70.94s
2026-06-16 04:21:14 - finetune_logger - INFO - Test memory reserved: 26.00 MB
[2026-06-16 04:21:14,275][finetune_logger][INFO] - Test memory reserved: 26.00 MB
2026-06-16 04:21:14 - finetune_logger - INFO - Test memory allocated: 18.14 MB
[2026-06-16 04:21:14,275][finetune_logger][INFO] - Test memory allocated: 18.14 MB
2026-06-16 04:21:14 - finetune_logger - INFO - Logged epoch test info to /public/home/202411094934/python_project/Spatio-Temporal-Library/time-series/2026-06-16/itransformer/finetune20/ettm1/time-series/seed_0/training_log.json
[2026-06-16 04:21:14,278][finetune_logger][INFO] - Logged epoch test info to /public/home/202411094934/python_project/Spatio-Temporal-Library/time-series/2026-06-16/itransformer/finetune20/ettm1/time-series/seed_0/training_log.json
2026-06-16 09:05:38 - finetune_logger - INFO - No pretrained checkpoint is provided. Finetuning from scratch.
[2026-06-16 09:05:38,660][finetune_logger][INFO] - No pretrained checkpoint is provided. Finetuning from scratch.
2026-06-16 09:05:38 - finetune_logger - INFO - Model parameters: 158,912
[2026-06-16 09:05:38,663][finetune_logger][INFO] - Model parameters: 158,912
2026-06-16 09:05:38 - finetune_logger - INFO - Log file already exists at /public/home/202411094934/python_project/Spatio-Temporal-Library/time-series/2026-06-16/itransformer/finetune20/ettm1/time-series/seed_0/training_log.json, appending to it.
[2026-06-16 09:05:38,664][finetune_logger][INFO] - Log file already exists at /public/home/202411094934/python_project/Spatio-Temporal-Library/time-series/2026-06-16/itransformer/finetune20/ettm1/time-series/seed_0/training_log.json, appending to it.
2026-06-16 09:05:38 - finetune_logger - INFO - Starting training...
[2026-06-16 09:05:38,665][finetune_logger][INFO] - Starting training...
2026-06-16 09:05:38 - finetune_logger - INFO - Epoch 1/20
[2026-06-16 09:05:38,665][finetune_logger][INFO] - Epoch 1/20
2026-06-16 09:14:06 - finetune_logger - INFO - Train loss: 1.2502350546401089
[2026-06-16 09:14:06,050][finetune_logger][INFO] - Train loss: 1.2502350546401089
2026-06-16 09:14:06 - finetune_logger - INFO - Train time: 507.3849983215332s
[2026-06-16 09:14:06,051][finetune_logger][INFO] - Train time: 507.3849983215332s
2026-06-16 09:14:06 - finetune_logger - INFO - Train memory reserved: 24.00 MB
[2026-06-16 09:14:06,051][finetune_logger][INFO] - Train memory reserved: 24.00 MB
2026-06-16 09:14:06 - finetune_logger - INFO - Train memory allocated: 18.10 MB
[2026-06-16 09:14:06,051][finetune_logger][INFO] - Train memory allocated: 18.10 MB
2026-06-16 09:14:06 - finetune_logger - INFO - Current learning rate: 0.0005
[2026-06-16 09:14:06,051][finetune_logger][INFO] - Current learning rate: 0.0005
2026-06-16 09:15:16 - finetune_logger - INFO - Validation metrics: {'MAE': 1.4407617220178128, 'RMSE': 2.360434742472308}
[2026-06-16 09:15:16,997][finetune_logger][INFO] - Validation metrics: {'MAE': 1.4407617220178128, 'RMSE': 2.360434742472308}
2026-06-16 09:15:16 - finetune_logger - INFO - Val time: 70.95s
[2026-06-16 09:15:16,997][finetune_logger][INFO] - Val time: 70.95s
2026-06-16 09:15:16 - finetune_logger - INFO - Val memory reserved: 24.00 MB
[2026-06-16 09:15:16,997][finetune_logger][INFO] - Val memory reserved: 24.00 MB
2026-06-16 09:15:16 - finetune_logger - INFO - Val memory allocated: 18.10 MB
[2026-06-16 09:15:16,997][finetune_logger][INFO] - Val memory allocated: 18.10 MB
2026-06-16 09:15:17 - finetune_logger - INFO - Logged epoch 1 info to /public/home/202411094934/python_project/Spatio-Temporal-Library/time-series/2026-06-16/itransformer/finetune20/ettm1/time-series/seed_0/training_log.json
[2026-06-16 09:15:17,000][finetune_logger][INFO] - Logged epoch 1 info to /public/home/202411094934/python_project/Spatio-Temporal-Library/time-series/2026-06-16/itransformer/finetune20/ettm1/time-series/seed_0/training_log.json
2026-06-16 09:15:17 - finetune_logger - INFO - New best model! Val loss: 1.440762
[2026-06-16 09:15:17,000][finetune_logger][INFO] - New best model! Val loss: 1.440762
2026-06-16 09:16:27 - finetune_logger - INFO - Test metrics: {'MAE': 1.3108732046919138, 'RMSE': 2.373494168783994}
[2026-06-16 09:16:27,701][finetune_logger][INFO] - Test metrics: {'MAE': 1.3108732046919138, 'RMSE': 2.373494168783994}
2026-06-16 09:16:27 - finetune_logger - INFO - Test time: 70.66s
[2026-06-16 09:16:27,701][finetune_logger][INFO] - Test time: 70.66s
2026-06-16 09:16:27 - finetune_logger - INFO - Test memory reserved: 24.00 MB
[2026-06-16 09:16:27,701][finetune_logger][INFO] - Test memory reserved: 24.00 MB
2026-06-16 09:16:27 - finetune_logger - INFO - Test memory allocated: 18.10 MB
[2026-06-16 09:16:27,701][finetune_logger][INFO] - Test memory allocated: 18.10 MB
2026-06-16 09:16:27 - finetune_logger - INFO - Epoch 2/20
[2026-06-16 09:16:27,701][finetune_logger][INFO] - Epoch 2/20
2026-06-16 09:24:54 - finetune_logger - INFO - Train loss: 1.1714379666567722
[2026-06-16 09:24:54,323][finetune_logger][INFO] - Train loss: 1.1714379666567722
2026-06-16 09:24:54 - finetune_logger - INFO - Train time: 506.62106800079346s
[2026-06-16 09:24:54,323][finetune_logger][INFO] - Train time: 506.62106800079346s
2026-06-16 09:24:54 - finetune_logger - INFO - Train memory reserved: 24.00 MB
[2026-06-16 09:24:54,323][finetune_logger][INFO] - Train memory reserved: 24.00 MB
2026-06-16 09:24:54 - finetune_logger - INFO - Train memory allocated: 18.10 MB
[2026-06-16 09:24:54,324][finetune_logger][INFO] - Train memory allocated: 18.10 MB
2026-06-16 09:24:54 - finetune_logger - INFO - Current learning rate: 0.0005
[2026-06-16 09:24:54,324][finetune_logger][INFO] - Current learning rate: 0.0005
2026-06-16 09:26:04 - finetune_logger - INFO - Validation metrics: {'MAE': 1.4562499136645377, 'RMSE': 2.3921951044997303}
[2026-06-16 09:26:04,975][finetune_logger][INFO] - Validation metrics: {'MAE': 1.4562499136645377, 'RMSE': 2.3921951044997303}
2026-06-16 09:26:04 - finetune_logger - INFO - Val time: 70.65s
[2026-06-16 09:26:04,975][finetune_logger][INFO] - Val time: 70.65s
2026-06-16 09:26:04 - finetune_logger - INFO - Val memory reserved: 24.00 MB
[2026-06-16 09:26:04,976][finetune_logger][INFO] - Val memory reserved: 24.00 MB
2026-06-16 09:26:04 - finetune_logger - INFO - Val memory allocated: 18.10 MB
[2026-06-16 09:26:04,976][finetune_logger][INFO] - Val memory allocated: 18.10 MB
2026-06-16 09:26:04 - finetune_logger - INFO - Logged epoch 2 info to /public/home/202411094934/python_project/Spatio-Temporal-Library/time-series/2026-06-16/itransformer/finetune20/ettm1/time-series/seed_0/training_log.json
[2026-06-16 09:26:04,980][finetune_logger][INFO] - Logged epoch 2 info to /public/home/202411094934/python_project/Spatio-Temporal-Library/time-series/2026-06-16/itransformer/finetune20/ettm1/time-series/seed_0/training_log.json
2026-06-16 09:27:15 - finetune_logger - INFO - Test metrics: {'MAE': 1.3066354984767277, 'RMSE': 2.3821985396500827}
[2026-06-16 09:27:15,722][finetune_logger][INFO] - Test metrics: {'MAE': 1.3066354984767277, 'RMSE': 2.3821985396500827}
2026-06-16 09:27:15 - finetune_logger - INFO - Test time: 70.74s
[2026-06-16 09:27:15,722][finetune_logger][INFO] - Test time: 70.74s
2026-06-16 09:27:15 - finetune_logger - INFO - Test memory reserved: 24.00 MB
[2026-06-16 09:27:15,722][finetune_logger][INFO] - Test memory reserved: 24.00 MB
2026-06-16 09:27:15 - finetune_logger - INFO - Test memory allocated: 18.10 MB
[2026-06-16 09:27:15,722][finetune_logger][INFO] - Test memory allocated: 18.10 MB
2026-06-16 09:27:15 - finetune_logger - INFO - Epoch 3/20
[2026-06-16 09:27:15,723][finetune_logger][INFO] - Epoch 3/20
2026-06-16 09:35:42 - finetune_logger - INFO - Train loss: 1.1330001513719108
[2026-06-16 09:35:42,662][finetune_logger][INFO] - Train loss: 1.1330001513719108
2026-06-16 09:35:42 - finetune_logger - INFO - Train time: 506.93895626068115s
[2026-06-16 09:35:42,662][finetune_logger][INFO] - Train time: 506.93895626068115s
2026-06-16 09:35:42 - finetune_logger - INFO - Train memory reserved: 24.00 MB
[2026-06-16 09:35:42,662][finetune_logger][INFO] - Train memory reserved: 24.00 MB
2026-06-16 09:35:42 - finetune_logger - INFO - Train memory allocated: 18.10 MB
[2026-06-16 09:35:42,663][finetune_logger][INFO] - Train memory allocated: 18.10 MB
2026-06-16 09:35:42 - finetune_logger - INFO - Current learning rate: 0.0005
[2026-06-16 09:35:42,663][finetune_logger][INFO] - Current learning rate: 0.0005
2026-06-16 09:36:53 - finetune_logger - INFO - Validation metrics: {'MAE': 1.4700246580483995, 'RMSE': 2.4065526184324484}
[2026-06-16 09:36:53,456][finetune_logger][INFO] - Validation metrics: {'MAE': 1.4700246580483995, 'RMSE': 2.4065526184324484}
2026-06-16 09:36:53 - finetune_logger - INFO - Val time: 70.79s
[2026-06-16 09:36:53,456][finetune_logger][INFO] - Val time: 70.79s
2026-06-16 09:36:53 - finetune_logger - INFO - Val memory reserved: 24.00 MB
[2026-06-16 09:36:53,457][finetune_logger][INFO] - Val memory reserved: 24.00 MB
2026-06-16 09:36:53 - finetune_logger - INFO - Val memory allocated: 18.10 MB
[2026-06-16 09:36:53,457][finetune_logger][INFO] - Val memory allocated: 18.10 MB
2026-06-16 09:36:53 - finetune_logger - INFO - Logged epoch 3 info to /public/home/202411094934/python_project/Spatio-Temporal-Library/time-series/2026-06-16/itransformer/finetune20/ettm1/time-series/seed_0/training_log.json
[2026-06-16 09:36:53,460][finetune_logger][INFO] - Logged epoch 3 info to /public/home/202411094934/python_project/Spatio-Temporal-Library/time-series/2026-06-16/itransformer/finetune20/ettm1/time-series/seed_0/training_log.json
2026-06-16 09:38:04 - finetune_logger - INFO - Test metrics: {'MAE': 1.326727058823449, 'RMSE': 2.409015205935047}
[2026-06-16 09:38:04,152][finetune_logger][INFO] - Test metrics: {'MAE': 1.326727058823449, 'RMSE': 2.409015205935047}
2026-06-16 09:38:04 - finetune_logger - INFO - Test time: 70.69s
[2026-06-16 09:38:04,152][finetune_logger][INFO] - Test time: 70.69s
2026-06-16 09:38:04 - finetune_logger - INFO - Test memory reserved: 24.00 MB
[2026-06-16 09:38:04,152][finetune_logger][INFO] - Test memory reserved: 24.00 MB
2026-06-16 09:38:04 - finetune_logger - INFO - Test memory allocated: 18.10 MB
[2026-06-16 09:38:04,152][finetune_logger][INFO] - Test memory allocated: 18.10 MB
2026-06-16 09:38:04 - finetune_logger - INFO - Epoch 4/20
[2026-06-16 09:38:04,153][finetune_logger][INFO] - Epoch 4/20
2026-06-16 09:46:30 - finetune_logger - INFO - Train loss: 1.1034069386763456
[2026-06-16 09:46:30,827][finetune_logger][INFO] - Train loss: 1.1034069386763456
2026-06-16 09:46:30 - finetune_logger - INFO - Train time: 506.6735370159149s
[2026-06-16 09:46:30,827][finetune_logger][INFO] - Train time: 506.6735370159149s
2026-06-16 09:46:30 - finetune_logger - INFO - Train memory reserved: 24.00 MB
[2026-06-16 09:46:30,827][finetune_logger][INFO] - Train memory reserved: 24.00 MB
2026-06-16 09:46:30 - finetune_logger - INFO - Train memory allocated: 18.10 MB
[2026-06-16 09:46:30,827][finetune_logger][INFO] - Train memory allocated: 18.10 MB
2026-06-16 09:46:30 - finetune_logger - INFO - Current learning rate: 0.0005
[2026-06-16 09:46:30,827][finetune_logger][INFO] - Current learning rate: 0.0005
2026-06-16 09:47:41 - finetune_logger - INFO - Validation metrics: {'MAE': 1.5018610812535151, 'RMSE': 2.4719478414421796}
[2026-06-16 09:47:41,425][finetune_logger][INFO] - Validation metrics: {'MAE': 1.5018610812535151, 'RMSE': 2.4719478414421796}
2026-06-16 09:47:41 - finetune_logger - INFO - Val time: 70.60s
[2026-06-16 09:47:41,425][finetune_logger][INFO] - Val time: 70.60s
2026-06-16 09:47:41 - finetune_logger - INFO - Val memory reserved: 24.00 MB
[2026-06-16 09:47:41,425][finetune_logger][INFO] - Val memory reserved: 24.00 MB
2026-06-16 09:47:41 - finetune_logger - INFO - Val memory allocated: 18.10 MB
[2026-06-16 09:47:41,425][finetune_logger][INFO] - Val memory allocated: 18.10 MB
2026-06-16 09:47:41 - finetune_logger - INFO - Logged epoch 4 info to /public/home/202411094934/python_project/Spatio-Temporal-Library/time-series/2026-06-16/itransformer/finetune20/ettm1/time-series/seed_0/training_log.json
[2026-06-16 09:47:41,428][finetune_logger][INFO] - Logged epoch 4 info to /public/home/202411094934/python_project/Spatio-Temporal-Library/time-series/2026-06-16/itransformer/finetune20/ettm1/time-series/seed_0/training_log.json
2026-06-16 09:48:52 - finetune_logger - INFO - Test metrics: {'MAE': 1.344242884593706, 'RMSE': 2.435813336974525}
[2026-06-16 09:48:52,425][finetune_logger][INFO] - Test metrics: {'MAE': 1.344242884593706, 'RMSE': 2.435813336974525}
2026-06-16 09:48:52 - finetune_logger - INFO - Test time: 71.00s
[2026-06-16 09:48:52,426][finetune_logger][INFO] - Test time: 71.00s
2026-06-16 09:48:52 - finetune_logger - INFO - Test memory reserved: 24.00 MB
[2026-06-16 09:48:52,426][finetune_logger][INFO] - Test memory reserved: 24.00 MB
2026-06-16 09:48:52 - finetune_logger - INFO - Test memory allocated: 18.10 MB
[2026-06-16 09:48:52,426][finetune_logger][INFO] - Test memory allocated: 18.10 MB
2026-06-16 09:48:52 - finetune_logger - INFO - Epoch 5/20
[2026-06-16 09:48:52,426][finetune_logger][INFO] - Epoch 5/20
2026-06-16 09:57:19 - finetune_logger - INFO - Train loss: 1.0775962945028805
[2026-06-16 09:57:19,081][finetune_logger][INFO] - Train loss: 1.0775962945028805
2026-06-16 09:57:19 - finetune_logger - INFO - Train time: 506.65427446365356s
[2026-06-16 09:57:19,081][finetune_logger][INFO] - Train time: 506.65427446365356s
2026-06-16 09:57:19 - finetune_logger - INFO - Train memory reserved: 24.00 MB
[2026-06-16 09:57:19,081][finetune_logger][INFO] - Train memory reserved: 24.00 MB
2026-06-16 09:57:19 - finetune_logger - INFO - Train memory allocated: 18.10 MB
[2026-06-16 09:57:19,081][finetune_logger][INFO] - Train memory allocated: 18.10 MB
2026-06-16 09:57:19 - finetune_logger - INFO - Current learning rate: 0.0005
[2026-06-16 09:57:19,081][finetune_logger][INFO] - Current learning rate: 0.0005
2026-06-16 09:58:29 - finetune_logger - INFO - Validation metrics: {'MAE': 1.4791561800588129, 'RMSE': 2.426583422859989}
[2026-06-16 09:58:29,956][finetune_logger][INFO] - Validation metrics: {'MAE': 1.4791561800588129, 'RMSE': 2.426583422859989}
2026-06-16 09:58:29 - finetune_logger - INFO - Val time: 70.87s
[2026-06-16 09:58:29,956][finetune_logger][INFO] - Val time: 70.87s
2026-06-16 09:58:29 - finetune_logger - INFO - Val memory reserved: 24.00 MB
[2026-06-16 09:58:29,956][finetune_logger][INFO] - Val memory reserved: 24.00 MB
2026-06-16 09:58:29 - finetune_logger - INFO - Val memory allocated: 18.10 MB
[2026-06-16 09:58:29,956][finetune_logger][INFO] - Val memory allocated: 18.10 MB
2026-06-16 09:58:29 - finetune_logger - INFO - Logged epoch 5 info to /public/home/202411094934/python_project/Spatio-Temporal-Library/time-series/2026-06-16/itransformer/finetune20/ettm1/time-series/seed_0/training_log.json
[2026-06-16 09:58:29,960][finetune_logger][INFO] - Logged epoch 5 info to /public/home/202411094934/python_project/Spatio-Temporal-Library/time-series/2026-06-16/itransformer/finetune20/ettm1/time-series/seed_0/training_log.json
2026-06-16 09:59:40 - finetune_logger - INFO - Test metrics: {'MAE': 1.362025657580574, 'RMSE': 2.4790761771013736}
[2026-06-16 09:59:40,619][finetune_logger][INFO] - Test metrics: {'MAE': 1.362025657580574, 'RMSE': 2.4790761771013736}
2026-06-16 09:59:40 - finetune_logger - INFO - Test time: 70.66s
[2026-06-16 09:59:40,620][finetune_logger][INFO] - Test time: 70.66s
2026-06-16 09:59:40 - finetune_logger - INFO - Test memory reserved: 24.00 MB
[2026-06-16 09:59:40,620][finetune_logger][INFO] - Test memory reserved: 24.00 MB
2026-06-16 09:59:40 - finetune_logger - INFO - Test memory allocated: 18.10 MB
[2026-06-16 09:59:40,620][finetune_logger][INFO] - Test memory allocated: 18.10 MB
2026-06-16 09:59:40 - finetune_logger - INFO - Epoch 6/20
[2026-06-16 09:59:40,620][finetune_logger][INFO] - Epoch 6/20
2026-06-16 10:08:07 - finetune_logger - INFO - Train loss: 1.0563779900553807
[2026-06-16 10:08:07,123][finetune_logger][INFO] - Train loss: 1.0563779900553807
2026-06-16 10:08:07 - finetune_logger - INFO - Train time: 506.50284814834595s
[2026-06-16 10:08:07,124][finetune_logger][INFO] - Train time: 506.50284814834595s
2026-06-16 10:08:07 - finetune_logger - INFO - Train memory reserved: 24.00 MB
[2026-06-16 10:08:07,124][finetune_logger][INFO] - Train memory reserved: 24.00 MB
2026-06-16 10:08:07 - finetune_logger - INFO - Train memory allocated: 18.10 MB
[2026-06-16 10:08:07,124][finetune_logger][INFO] - Train memory allocated: 18.10 MB
2026-06-16 10:08:07 - finetune_logger - INFO - Current learning rate: 0.0005
[2026-06-16 10:08:07,124][finetune_logger][INFO] - Current learning rate: 0.0005
2026-06-16 10:09:17 - finetune_logger - INFO - Validation metrics: {'MAE': 1.4705262210122516, 'RMSE': 2.4174334991258712}
[2026-06-16 10:09:17,748][finetune_logger][INFO] - Validation metrics: {'MAE': 1.4705262210122516, 'RMSE': 2.4174334991258712}
2026-06-16 10:09:17 - finetune_logger - INFO - Val time: 70.62s
[2026-06-16 10:09:17,748][finetune_logger][INFO] - Val time: 70.62s
2026-06-16 10:09:17 - finetune_logger - INFO - Val memory reserved: 24.00 MB
[2026-06-16 10:09:17,748][finetune_logger][INFO] - Val memory reserved: 24.00 MB
2026-06-16 10:09:17 - finetune_logger - INFO - Val memory allocated: 18.10 MB
[2026-06-16 10:09:17,749][finetune_logger][INFO] - Val memory allocated: 18.10 MB
2026-06-16 10:09:17 - finetune_logger - INFO - Logged epoch 6 info to /public/home/202411094934/python_project/Spatio-Temporal-Library/time-series/2026-06-16/itransformer/finetune20/ettm1/time-series/seed_0/training_log.json
[2026-06-16 10:09:17,753][finetune_logger][INFO] - Logged epoch 6 info to /public/home/202411094934/python_project/Spatio-Temporal-Library/time-series/2026-06-16/itransformer/finetune20/ettm1/time-series/seed_0/training_log.json
2026-06-16 10:10:28 - finetune_logger - INFO - Test metrics: {'MAE': 1.3865293316691878, 'RMSE': 2.538152948676667}
[2026-06-16 10:10:28,500][finetune_logger][INFO] - Test metrics: {'MAE': 1.3865293316691878, 'RMSE': 2.538152948676667}
2026-06-16 10:10:28 - finetune_logger - INFO - Test time: 70.75s
[2026-06-16 10:10:28,500][finetune_logger][INFO] - Test time: 70.75s
2026-06-16 10:10:28 - finetune_logger - INFO - Test memory reserved: 24.00 MB
[2026-06-16 10:10:28,500][finetune_logger][INFO] - Test memory reserved: 24.00 MB
2026-06-16 10:10:28 - finetune_logger - INFO - Test memory allocated: 18.10 MB
[2026-06-16 10:10:28,500][finetune_logger][INFO] - Test memory allocated: 18.10 MB
2026-06-16 10:10:28 - finetune_logger - INFO - Epoch 7/20
[2026-06-16 10:10:28,500][finetune_logger][INFO] - Epoch 7/20
2026-06-16 10:18:55 - finetune_logger - INFO - Train loss: 1.0362949939219588
[2026-06-16 10:18:55,020][finetune_logger][INFO] - Train loss: 1.0362949939219588
2026-06-16 10:18:55 - finetune_logger - INFO - Train time: 506.51915073394775s
[2026-06-16 10:18:55,020][finetune_logger][INFO] - Train time: 506.51915073394775s
2026-06-16 10:18:55 - finetune_logger - INFO - Train memory reserved: 24.00 MB
[2026-06-16 10:18:55,020][finetune_logger][INFO] - Train memory reserved: 24.00 MB
2026-06-16 10:18:55 - finetune_logger - INFO - Train memory allocated: 18.10 MB
[2026-06-16 10:18:55,020][finetune_logger][INFO] - Train memory allocated: 18.10 MB
2026-06-16 10:18:55 - finetune_logger - INFO - Current learning rate: 0.0005
[2026-06-16 10:18:55,021][finetune_logger][INFO] - Current learning rate: 0.0005
2026-06-16 10:20:05 - finetune_logger - INFO - Validation metrics: {'MAE': 1.4803466897988586, 'RMSE': 2.435365759723176}
[2026-06-16 10:20:05,716][finetune_logger][INFO] - Validation metrics: {'MAE': 1.4803466897988586, 'RMSE': 2.435365759723176}
2026-06-16 10:20:05 - finetune_logger - INFO - Val time: 70.70s
[2026-06-16 10:20:05,716][finetune_logger][INFO] - Val time: 70.70s
2026-06-16 10:20:05 - finetune_logger - INFO - Val memory reserved: 24.00 MB
[2026-06-16 10:20:05,717][finetune_logger][INFO] - Val memory reserved: 24.00 MB
2026-06-16 10:20:05 - finetune_logger - INFO - Val memory allocated: 18.10 MB
[2026-06-16 10:20:05,717][finetune_logger][INFO] - Val memory allocated: 18.10 MB
2026-06-16 10:20:05 - finetune_logger - INFO - Logged epoch 7 info to /public/home/202411094934/python_project/Spatio-Temporal-Library/time-series/2026-06-16/itransformer/finetune20/ettm1/time-series/seed_0/training_log.json
[2026-06-16 10:20:05,720][finetune_logger][INFO] - Logged epoch 7 info to /public/home/202411094934/python_project/Spatio-Temporal-Library/time-series/2026-06-16/itransformer/finetune20/ettm1/time-series/seed_0/training_log.json
2026-06-16 10:21:16 - finetune_logger - INFO - Test metrics: {'MAE': 1.4018494835679864, 'RMSE': 2.5619151213938456}
[2026-06-16 10:21:16,779][finetune_logger][INFO] - Test metrics: {'MAE': 1.4018494835679864, 'RMSE': 2.5619151213938456}
2026-06-16 10:21:16 - finetune_logger - INFO - Test time: 71.06s
[2026-06-16 10:21:16,779][finetune_logger][INFO] - Test time: 71.06s
2026-06-16 10:21:16 - finetune_logger - INFO - Test memory reserved: 24.00 MB
[2026-06-16 10:21:16,779][finetune_logger][INFO] - Test memory reserved: 24.00 MB
2026-06-16 10:21:16 - finetune_logger - INFO - Test memory allocated: 18.10 MB
[2026-06-16 10:21:16,779][finetune_logger][INFO] - Test memory allocated: 18.10 MB
2026-06-16 10:21:16 - finetune_logger - INFO - Epoch 8/20
[2026-06-16 10:21:16,780][finetune_logger][INFO] - Epoch 8/20
2026-06-16 10:29:43 - finetune_logger - INFO - Train loss: 1.0192050147675056
[2026-06-16 10:29:43,227][finetune_logger][INFO] - Train loss: 1.0192050147675056
2026-06-16 10:29:43 - finetune_logger - INFO - Train time: 506.4473350048065s
[2026-06-16 10:29:43,228][finetune_logger][INFO] - Train time: 506.4473350048065s
2026-06-16 10:29:43 - finetune_logger - INFO - Train memory reserved: 24.00 MB
[2026-06-16 10:29:43,228][finetune_logger][INFO] - Train memory reserved: 24.00 MB
2026-06-16 10:29:43 - finetune_logger - INFO - Train memory allocated: 18.10 MB
[2026-06-16 10:29:43,228][finetune_logger][INFO] - Train memory allocated: 18.10 MB
2026-06-16 10:29:43 - finetune_logger - INFO - Current learning rate: 0.0005
[2026-06-16 10:29:43,228][finetune_logger][INFO] - Current learning rate: 0.0005
2026-06-16 10:30:53 - finetune_logger - INFO - Validation metrics: {'MAE': 1.4839804678348427, 'RMSE': 2.428724408948703}
[2026-06-16 10:30:53,893][finetune_logger][INFO] - Validation metrics: {'MAE': 1.4839804678348427, 'RMSE': 2.428724408948703}
2026-06-16 10:30:53 - finetune_logger - INFO - Val time: 70.66s
[2026-06-16 10:30:53,893][finetune_logger][INFO] - Val time: 70.66s
2026-06-16 10:30:53 - finetune_logger - INFO - Val memory reserved: 24.00 MB
[2026-06-16 10:30:53,893][finetune_logger][INFO] - Val memory reserved: 24.00 MB
2026-06-16 10:30:53 - finetune_logger - INFO - Val memory allocated: 18.10 MB
[2026-06-16 10:30:53,894][finetune_logger][INFO] - Val memory allocated: 18.10 MB
2026-06-16 10:30:53 - finetune_logger - INFO - Logged epoch 8 info to /public/home/202411094934/python_project/Spatio-Temporal-Library/time-series/2026-06-16/itransformer/finetune20/ettm1/time-series/seed_0/training_log.json
[2026-06-16 10:30:53,897][finetune_logger][INFO] - Logged epoch 8 info to /public/home/202411094934/python_project/Spatio-Temporal-Library/time-series/2026-06-16/itransformer/finetune20/ettm1/time-series/seed_0/training_log.json
2026-06-16 10:32:04 - finetune_logger - INFO - Test metrics: {'MAE': 1.3913030971964406, 'RMSE': 2.536340100697481}
[2026-06-16 10:32:04,771][finetune_logger][INFO] - Test metrics: {'MAE': 1.3913030971964406, 'RMSE': 2.536340100697481}
2026-06-16 10:32:04 - finetune_logger - INFO - Test time: 70.87s
[2026-06-16 10:32:04,771][finetune_logger][INFO] - Test time: 70.87s
2026-06-16 10:32:04 - finetune_logger - INFO - Test memory reserved: 24.00 MB
[2026-06-16 10:32:04,771][finetune_logger][INFO] - Test memory reserved: 24.00 MB
2026-06-16 10:32:04 - finetune_logger - INFO - Test memory allocated: 18.10 MB
[2026-06-16 10:32:04,771][finetune_logger][INFO] - Test memory allocated: 18.10 MB
2026-06-16 10:32:04 - finetune_logger - INFO - Epoch 9/20
[2026-06-16 10:32:04,771][finetune_logger][INFO] - Epoch 9/20
2026-06-16 10:40:31 - finetune_logger - INFO - Train loss: 1.0060155523881449
[2026-06-16 10:40:31,966][finetune_logger][INFO] - Train loss: 1.0060155523881449
2026-06-16 10:40:31 - finetune_logger - INFO - Train time: 507.1939117908478s
[2026-06-16 10:40:31,966][finetune_logger][INFO] - Train time: 507.1939117908478s
2026-06-16 10:40:31 - finetune_logger - INFO - Train memory reserved: 24.00 MB
[2026-06-16 10:40:31,966][finetune_logger][INFO] - Train memory reserved: 24.00 MB
2026-06-16 10:40:31 - finetune_logger - INFO - Train memory allocated: 18.10 MB
[2026-06-16 10:40:31,966][finetune_logger][INFO] - Train memory allocated: 18.10 MB
2026-06-16 10:40:31 - finetune_logger - INFO - Current learning rate: 0.0005
[2026-06-16 10:40:31,966][finetune_logger][INFO] - Current learning rate: 0.0005
2026-06-16 10:41:42 - finetune_logger - INFO - Validation metrics: {'MAE': 1.496211819917535, 'RMSE': 2.4627229061594633}
[2026-06-16 10:41:42,592][finetune_logger][INFO] - Validation metrics: {'MAE': 1.496211819917535, 'RMSE': 2.4627229061594633}
2026-06-16 10:41:42 - finetune_logger - INFO - Val time: 70.62s
[2026-06-16 10:41:42,592][finetune_logger][INFO] - Val time: 70.62s
2026-06-16 10:41:42 - finetune_logger - INFO - Val memory reserved: 24.00 MB
[2026-06-16 10:41:42,592][finetune_logger][INFO] - Val memory reserved: 24.00 MB
2026-06-16 10:41:42 - finetune_logger - INFO - Val memory allocated: 18.10 MB
[2026-06-16 10:41:42,592][finetune_logger][INFO] - Val memory allocated: 18.10 MB
2026-06-16 10:41:42 - finetune_logger - INFO - Logged epoch 9 info to /public/home/202411094934/python_project/Spatio-Temporal-Library/time-series/2026-06-16/itransformer/finetune20/ettm1/time-series/seed_0/training_log.json
[2026-06-16 10:41:42,595][finetune_logger][INFO] - Logged epoch 9 info to /public/home/202411094934/python_project/Spatio-Temporal-Library/time-series/2026-06-16/itransformer/finetune20/ettm1/time-series/seed_0/training_log.json
2026-06-16 10:42:53 - finetune_logger - INFO - Test metrics: {'MAE': 1.3962904520924788, 'RMSE': 2.5486496834875694}
[2026-06-16 10:42:53,325][finetune_logger][INFO] - Test metrics: {'MAE': 1.3962904520924788, 'RMSE': 2.5486496834875694}
2026-06-16 10:42:53 - finetune_logger - INFO - Test time: 70.73s
[2026-06-16 10:42:53,326][finetune_logger][INFO] - Test time: 70.73s
2026-06-16 10:42:53 - finetune_logger - INFO - Test memory reserved: 24.00 MB
[2026-06-16 10:42:53,326][finetune_logger][INFO] - Test memory reserved: 24.00 MB
2026-06-16 10:42:53 - finetune_logger - INFO - Test memory allocated: 18.10 MB
[2026-06-16 10:42:53,326][finetune_logger][INFO] - Test memory allocated: 18.10 MB
2026-06-16 10:42:53 - finetune_logger - INFO - Epoch 10/20
[2026-06-16 10:42:53,326][finetune_logger][INFO] - Epoch 10/20
2026-06-16 10:51:20 - finetune_logger - INFO - Train loss: 0.9944367892878295
[2026-06-16 10:51:20,194][finetune_logger][INFO] - Train loss: 0.9944367892878295
2026-06-16 10:51:20 - finetune_logger - INFO - Train time: 506.86743664741516s
[2026-06-16 10:51:20,194][finetune_logger][INFO] - Train time: 506.86743664741516s
2026-06-16 10:51:20 - finetune_logger - INFO - Train memory reserved: 24.00 MB
[2026-06-16 10:51:20,194][finetune_logger][INFO] - Train memory reserved: 24.00 MB
2026-06-16 10:51:20 - finetune_logger - INFO - Train memory allocated: 18.10 MB
[2026-06-16 10:51:20,194][finetune_logger][INFO] - Train memory allocated: 18.10 MB
2026-06-16 10:51:20 - finetune_logger - INFO - Current learning rate: 0.0005
[2026-06-16 10:51:20,194][finetune_logger][INFO] - Current learning rate: 0.0005
2026-06-16 10:52:30 - finetune_logger - INFO - Validation metrics: {'MAE': 1.5106891401915632, 'RMSE': 2.494127456537628}
[2026-06-16 10:52:30,817][finetune_logger][INFO] - Validation metrics: {'MAE': 1.5106891401915632, 'RMSE': 2.494127456537628}
2026-06-16 10:52:30 - finetune_logger - INFO - Val time: 70.62s
[2026-06-16 10:52:30,818][finetune_logger][INFO] - Val time: 70.62s
2026-06-16 10:52:30 - finetune_logger - INFO - Val memory reserved: 24.00 MB
[2026-06-16 10:52:30,818][finetune_logger][INFO] - Val memory reserved: 24.00 MB
2026-06-16 10:52:30 - finetune_logger - INFO - Val memory allocated: 18.10 MB
[2026-06-16 10:52:30,818][finetune_logger][INFO] - Val memory allocated: 18.10 MB
2026-06-16 10:52:30 - finetune_logger - INFO - Logged epoch 10 info to /public/home/202411094934/python_project/Spatio-Temporal-Library/time-series/2026-06-16/itransformer/finetune20/ettm1/time-series/seed_0/training_log.json
[2026-06-16 10:52:30,821][finetune_logger][INFO] - Logged epoch 10 info to /public/home/202411094934/python_project/Spatio-Temporal-Library/time-series/2026-06-16/itransformer/finetune20/ettm1/time-series/seed_0/training_log.json
2026-06-16 10:53:41 - finetune_logger - INFO - Test metrics: {'MAE': 1.419713823286305, 'RMSE': 2.6011299785009903}
[2026-06-16 10:53:41,622][finetune_logger][INFO] - Test metrics: {'MAE': 1.419713823286305, 'RMSE': 2.6011299785009903}
2026-06-16 10:53:41 - finetune_logger - INFO - Test time: 70.78s
[2026-06-16 10:53:41,623][finetune_logger][INFO] - Test time: 70.78s
2026-06-16 10:53:41 - finetune_logger - INFO - Test memory reserved: 24.00 MB
[2026-06-16 10:53:41,623][finetune_logger][INFO] - Test memory reserved: 24.00 MB
2026-06-16 10:53:41 - finetune_logger - INFO - Test memory allocated: 18.10 MB
[2026-06-16 10:53:41,623][finetune_logger][INFO] - Test memory allocated: 18.10 MB
2026-06-16 10:53:41 - finetune_logger - INFO - Epoch 11/20
[2026-06-16 10:53:41,623][finetune_logger][INFO] - Epoch 11/20
2026-06-16 11:02:08 - finetune_logger - INFO - Train loss: 0.9511676391956121
[2026-06-16 11:02:08,600][finetune_logger][INFO] - Train loss: 0.9511676391956121
2026-06-16 11:02:08 - finetune_logger - INFO - Train time: 506.9760887622833s
[2026-06-16 11:02:08,600][finetune_logger][INFO] - Train time: 506.9760887622833s
2026-06-16 11:02:08 - finetune_logger - INFO - Train memory reserved: 24.00 MB
[2026-06-16 11:02:08,600][finetune_logger][INFO] - Train memory reserved: 24.00 MB
2026-06-16 11:02:08 - finetune_logger - INFO - Train memory allocated: 18.10 MB
[2026-06-16 11:02:08,600][finetune_logger][INFO] - Train memory allocated: 18.10 MB
2026-06-16 11:02:08 - finetune_logger - INFO - Current learning rate: 0.00025
[2026-06-16 11:02:08,600][finetune_logger][INFO] - Current learning rate: 0.00025
2026-06-16 11:03:19 - finetune_logger - INFO - Validation metrics: {'MAE': 1.4863372616486337, 'RMSE': 2.462490306771512}
[2026-06-16 11:03:19,277][finetune_logger][INFO] - Validation metrics: {'MAE': 1.4863372616486337, 'RMSE': 2.462490306771512}
2026-06-16 11:03:19 - finetune_logger - INFO - Val time: 70.68s
[2026-06-16 11:03:19,278][finetune_logger][INFO] - Val time: 70.68s
2026-06-16 11:03:19 - finetune_logger - INFO - Val memory reserved: 24.00 MB
[2026-06-16 11:03:19,278][finetune_logger][INFO] - Val memory reserved: 24.00 MB
2026-06-16 11:03:19 - finetune_logger - INFO - Val memory allocated: 18.10 MB
[2026-06-16 11:03:19,278][finetune_logger][INFO] - Val memory allocated: 18.10 MB
2026-06-16 11:03:19 - finetune_logger - INFO - Logged epoch 11 info to /public/home/202411094934/python_project/Spatio-Temporal-Library/time-series/2026-06-16/itransformer/finetune20/ettm1/time-series/seed_0/training_log.json
[2026-06-16 11:03:19,281][finetune_logger][INFO] - Logged epoch 11 info to /public/home/202411094934/python_project/Spatio-Temporal-Library/time-series/2026-06-16/itransformer/finetune20/ettm1/time-series/seed_0/training_log.json
2026-06-16 11:04:30 - finetune_logger - INFO - Test metrics: {'MAE': 1.391956546033584, 'RMSE': 2.554335814166787}
[2026-06-16 11:04:30,033][finetune_logger][INFO] - Test metrics: {'MAE': 1.391956546033584, 'RMSE': 2.554335814166787}
2026-06-16 11:04:30 - finetune_logger - INFO - Test time: 70.75s
[2026-06-16 11:04:30,034][finetune_logger][INFO] - Test time: 70.75s
2026-06-16 11:04:30 - finetune_logger - INFO - Test memory reserved: 24.00 MB
[2026-06-16 11:04:30,034][finetune_logger][INFO] - Test memory reserved: 24.00 MB
2026-06-16 11:04:30 - finetune_logger - INFO - Test memory allocated: 18.10 MB
[2026-06-16 11:04:30,034][finetune_logger][INFO] - Test memory allocated: 18.10 MB
2026-06-16 11:04:30 - finetune_logger - INFO - Epoch 12/20
[2026-06-16 11:04:30,034][finetune_logger][INFO] - Epoch 12/20
2026-06-16 11:12:56 - finetune_logger - INFO - Train loss: 0.9391343588272008
[2026-06-16 11:12:56,601][finetune_logger][INFO] - Train loss: 0.9391343588272008
2026-06-16 11:12:56 - finetune_logger - INFO - Train time: 506.5662360191345s
[2026-06-16 11:12:56,601][finetune_logger][INFO] - Train time: 506.5662360191345s
2026-06-16 11:12:56 - finetune_logger - INFO - Train memory reserved: 24.00 MB
[2026-06-16 11:12:56,601][finetune_logger][INFO] - Train memory reserved: 24.00 MB
2026-06-16 11:12:56 - finetune_logger - INFO - Train memory allocated: 18.10 MB
[2026-06-16 11:12:56,601][finetune_logger][INFO] - Train memory allocated: 18.10 MB
2026-06-16 11:12:56 - finetune_logger - INFO - Current learning rate: 0.00025
[2026-06-16 11:12:56,601][finetune_logger][INFO] - Current learning rate: 0.00025
2026-06-16 11:14:07 - finetune_logger - INFO - Validation metrics: {'MAE': 1.4772555126013653, 'RMSE': 2.437458952003406}
[2026-06-16 11:14:07,327][finetune_logger][INFO] - Validation metrics: {'MAE': 1.4772555126013653, 'RMSE': 2.437458952003406}
2026-06-16 11:14:07 - finetune_logger - INFO - Val time: 70.73s
[2026-06-16 11:14:07,327][finetune_logger][INFO] - Val time: 70.73s
2026-06-16 11:14:07 - finetune_logger - INFO - Val memory reserved: 24.00 MB
[2026-06-16 11:14:07,328][finetune_logger][INFO] - Val memory reserved: 24.00 MB
2026-06-16 11:14:07 - finetune_logger - INFO - Val memory allocated: 18.10 MB
[2026-06-16 11:14:07,328][finetune_logger][INFO] - Val memory allocated: 18.10 MB
2026-06-16 11:14:07 - finetune_logger - INFO - Logged epoch 12 info to /public/home/202411094934/python_project/Spatio-Temporal-Library/time-series/2026-06-16/itransformer/finetune20/ettm1/time-series/seed_0/training_log.json
[2026-06-16 11:14:07,331][finetune_logger][INFO] - Logged epoch 12 info to /public/home/202411094934/python_project/Spatio-Temporal-Library/time-series/2026-06-16/itransformer/finetune20/ettm1/time-series/seed_0/training_log.json
2026-06-16 11:15:17 - finetune_logger - INFO - Test metrics: {'MAE': 1.405046428847816, 'RMSE': 2.5659728119757563}
[2026-06-16 11:15:17,997][finetune_logger][INFO] - Test metrics: {'MAE': 1.405046428847816, 'RMSE': 2.5659728119757563}
2026-06-16 11:15:17 - finetune_logger - INFO - Test time: 70.67s
[2026-06-16 11:15:17,997][finetune_logger][INFO] - Test time: 70.67s
2026-06-16 11:15:17 - finetune_logger - INFO - Test memory reserved: 24.00 MB
[2026-06-16 11:15:17,997][finetune_logger][INFO] - Test memory reserved: 24.00 MB
2026-06-16 11:15:17 - finetune_logger - INFO - Test memory allocated: 18.10 MB
[2026-06-16 11:15:17,998][finetune_logger][INFO] - Test memory allocated: 18.10 MB
2026-06-16 11:15:17 - finetune_logger - INFO - Epoch 13/20
[2026-06-16 11:15:17,998][finetune_logger][INFO] - Epoch 13/20
2026-06-16 11:23:44 - finetune_logger - INFO - Train loss: 0.931350878673782
[2026-06-16 11:23:44,283][finetune_logger][INFO] - Train loss: 0.931350878673782
2026-06-16 11:23:44 - finetune_logger - INFO - Train time: 506.2847511768341s
[2026-06-16 11:23:44,283][finetune_logger][INFO] - Train time: 506.2847511768341s
2026-06-16 11:23:44 - finetune_logger - INFO - Train memory reserved: 24.00 MB
[2026-06-16 11:23:44,283][finetune_logger][INFO] - Train memory reserved: 24.00 MB
2026-06-16 11:23:44 - finetune_logger - INFO - Train memory allocated: 18.10 MB
[2026-06-16 11:23:44,283][finetune_logger][INFO] - Train memory allocated: 18.10 MB
2026-06-16 11:23:44 - finetune_logger - INFO - Current learning rate: 0.00025
[2026-06-16 11:23:44,284][finetune_logger][INFO] - Current learning rate: 0.00025
2026-06-16 11:24:55 - finetune_logger - INFO - Validation metrics: {'MAE': 1.488162985395126, 'RMSE': 2.4591381981062876}
[2026-06-16 11:24:55,047][finetune_logger][INFO] - Validation metrics: {'MAE': 1.488162985395126, 'RMSE': 2.4591381981062876}
2026-06-16 11:24:55 - finetune_logger - INFO - Val time: 70.76s
[2026-06-16 11:24:55,047][finetune_logger][INFO] - Val time: 70.76s
2026-06-16 11:24:55 - finetune_logger - INFO - Val memory reserved: 24.00 MB
[2026-06-16 11:24:55,047][finetune_logger][INFO] - Val memory reserved: 24.00 MB
2026-06-16 11:24:55 - finetune_logger - INFO - Val memory allocated: 18.10 MB
[2026-06-16 11:24:55,047][finetune_logger][INFO] - Val memory allocated: 18.10 MB
2026-06-16 11:24:55 - finetune_logger - INFO - Logged epoch 13 info to /public/home/202411094934/python_project/Spatio-Temporal-Library/time-series/2026-06-16/itransformer/finetune20/ettm1/time-series/seed_0/training_log.json
[2026-06-16 11:24:55,051][finetune_logger][INFO] - Logged epoch 13 info to /public/home/202411094934/python_project/Spatio-Temporal-Library/time-series/2026-06-16/itransformer/finetune20/ettm1/time-series/seed_0/training_log.json
2026-06-16 11:26:05 - finetune_logger - INFO - Test metrics: {'MAE': 1.4037875340003911, 'RMSE': 2.562195270309112}
[2026-06-16 11:26:05,694][finetune_logger][INFO] - Test metrics: {'MAE': 1.4037875340003911, 'RMSE': 2.562195270309112}
2026-06-16 11:26:05 - finetune_logger - INFO - Test time: 70.64s
[2026-06-16 11:26:05,695][finetune_logger][INFO] - Test time: 70.64s
2026-06-16 11:26:05 - finetune_logger - INFO - Test memory reserved: 24.00 MB
[2026-06-16 11:26:05,695][finetune_logger][INFO] - Test memory reserved: 24.00 MB
2026-06-16 11:26:05 - finetune_logger - INFO - Test memory allocated: 18.10 MB
[2026-06-16 11:26:05,695][finetune_logger][INFO] - Test memory allocated: 18.10 MB
2026-06-16 11:26:05 - finetune_logger - INFO - Epoch 14/20
[2026-06-16 11:26:05,695][finetune_logger][INFO] - Epoch 14/20
2026-06-16 11:34:32 - finetune_logger - INFO - Train loss: 0.9268116674197683
[2026-06-16 11:34:32,338][finetune_logger][INFO] - Train loss: 0.9268116674197683
2026-06-16 11:34:32 - finetune_logger - INFO - Train time: 506.6426930427551s
[2026-06-16 11:34:32,339][finetune_logger][INFO] - Train time: 506.6426930427551s
2026-06-16 11:34:32 - finetune_logger - INFO - Train memory reserved: 24.00 MB
[2026-06-16 11:34:32,339][finetune_logger][INFO] - Train memory reserved: 24.00 MB
2026-06-16 11:34:32 - finetune_logger - INFO - Train memory allocated: 18.10 MB
[2026-06-16 11:34:32,339][finetune_logger][INFO] - Train memory allocated: 18.10 MB
2026-06-16 11:34:32 - finetune_logger - INFO - Current learning rate: 0.00025
[2026-06-16 11:34:32,339][finetune_logger][INFO] - Current learning rate: 0.00025
2026-06-16 11:35:43 - finetune_logger - INFO - Validation metrics: {'MAE': 1.4788864606706111, 'RMSE': 2.439768415221224}
[2026-06-16 11:35:43,125][finetune_logger][INFO] - Validation metrics: {'MAE': 1.4788864606706111, 'RMSE': 2.439768415221224}
2026-06-16 11:35:43 - finetune_logger - INFO - Val time: 70.79s
[2026-06-16 11:35:43,126][finetune_logger][INFO] - Val time: 70.79s
2026-06-16 11:35:43 - finetune_logger - INFO - Val memory reserved: 24.00 MB
[2026-06-16 11:35:43,126][finetune_logger][INFO] - Val memory reserved: 24.00 MB
2026-06-16 11:35:43 - finetune_logger - INFO - Val memory allocated: 18.10 MB
[2026-06-16 11:35:43,126][finetune_logger][INFO] - Val memory allocated: 18.10 MB
2026-06-16 11:35:43 - finetune_logger - INFO - Logged epoch 14 info to /public/home/202411094934/python_project/Spatio-Temporal-Library/time-series/2026-06-16/itransformer/finetune20/ettm1/time-series/seed_0/training_log.json
[2026-06-16 11:35:43,129][finetune_logger][INFO] - Logged epoch 14 info to /public/home/202411094934/python_project/Spatio-Temporal-Library/time-series/2026-06-16/itransformer/finetune20/ettm1/time-series/seed_0/training_log.json
2026-06-16 11:36:53 - finetune_logger - INFO - Test metrics: {'MAE': 1.4069624455198388, 'RMSE': 2.5767342999623937}
[2026-06-16 11:36:53,782][finetune_logger][INFO] - Test metrics: {'MAE': 1.4069624455198388, 'RMSE': 2.5767342999623937}
2026-06-16 11:36:53 - finetune_logger - INFO - Test time: 70.65s
[2026-06-16 11:36:53,782][finetune_logger][INFO] - Test time: 70.65s
2026-06-16 11:36:53 - finetune_logger - INFO - Test memory reserved: 24.00 MB
[2026-06-16 11:36:53,782][finetune_logger][INFO] - Test memory reserved: 24.00 MB
2026-06-16 11:36:53 - finetune_logger - INFO - Test memory allocated: 18.10 MB
[2026-06-16 11:36:53,783][finetune_logger][INFO] - Test memory allocated: 18.10 MB
2026-06-16 11:36:53 - finetune_logger - INFO - Epoch 15/20
[2026-06-16 11:36:53,783][finetune_logger][INFO] - Epoch 15/20
2026-06-16 11:45:20 - finetune_logger - INFO - Train loss: 0.9200114706743684
[2026-06-16 11:45:20,312][finetune_logger][INFO] - Train loss: 0.9200114706743684
2026-06-16 11:45:20 - finetune_logger - INFO - Train time: 506.52860498428345s
[2026-06-16 11:45:20,312][finetune_logger][INFO] - Train time: 506.52860498428345s
2026-06-16 11:45:20 - finetune_logger - INFO - Train memory reserved: 24.00 MB
[2026-06-16 11:45:20,312][finetune_logger][INFO] - Train memory reserved: 24.00 MB
2026-06-16 11:45:20 - finetune_logger - INFO - Train memory allocated: 18.10 MB
[2026-06-16 11:45:20,312][finetune_logger][INFO] - Train memory allocated: 18.10 MB
2026-06-16 11:45:20 - finetune_logger - INFO - Current learning rate: 0.00025
[2026-06-16 11:45:20,312][finetune_logger][INFO] - Current learning rate: 0.00025
2026-06-16 11:46:30 - finetune_logger - INFO - Validation metrics: {'MAE': 1.483247801752764, 'RMSE': 2.452133926290242}
[2026-06-16 11:46:30,956][finetune_logger][INFO] - Validation metrics: {'MAE': 1.483247801752764, 'RMSE': 2.452133926290242}
2026-06-16 11:46:30 - finetune_logger - INFO - Val time: 70.64s
[2026-06-16 11:46:30,956][finetune_logger][INFO] - Val time: 70.64s
2026-06-16 11:46:30 - finetune_logger - INFO - Val memory reserved: 24.00 MB
[2026-06-16 11:46:30,956][finetune_logger][INFO] - Val memory reserved: 24.00 MB
2026-06-16 11:46:30 - finetune_logger - INFO - Val memory allocated: 18.10 MB
[2026-06-16 11:46:30,956][finetune_logger][INFO] - Val memory allocated: 18.10 MB
2026-06-16 11:46:30 - finetune_logger - INFO - Logged epoch 15 info to /public/home/202411094934/python_project/Spatio-Temporal-Library/time-series/2026-06-16/itransformer/finetune20/ettm1/time-series/seed_0/training_log.json
[2026-06-16 11:46:30,960][finetune_logger][INFO] - Logged epoch 15 info to /public/home/202411094934/python_project/Spatio-Temporal-Library/time-series/2026-06-16/itransformer/finetune20/ettm1/time-series/seed_0/training_log.json
2026-06-16 11:47:41 - finetune_logger - INFO - Test metrics: {'MAE': 1.4074896464864237, 'RMSE': 2.577504055366709}
[2026-06-16 11:47:41,712][finetune_logger][INFO] - Test metrics: {'MAE': 1.4074896464864237, 'RMSE': 2.577504055366709}
2026-06-16 11:47:41 - finetune_logger - INFO - Test time: 70.75s
[2026-06-16 11:47:41,712][finetune_logger][INFO] - Test time: 70.75s
2026-06-16 11:47:41 - finetune_logger - INFO - Test memory reserved: 24.00 MB
[2026-06-16 11:47:41,712][finetune_logger][INFO] - Test memory reserved: 24.00 MB
2026-06-16 11:47:41 - finetune_logger - INFO - Test memory allocated: 18.10 MB
[2026-06-16 11:47:41,712][finetune_logger][INFO] - Test memory allocated: 18.10 MB
2026-06-16 11:47:41 - finetune_logger - INFO - Epoch 16/20
[2026-06-16 11:47:41,713][finetune_logger][INFO] - Epoch 16/20
2026-06-16 11:56:08 - finetune_logger - INFO - Train loss: 0.9152168904583071
[2026-06-16 11:56:08,651][finetune_logger][INFO] - Train loss: 0.9152168904583071
2026-06-16 11:56:08 - finetune_logger - INFO - Train time: 506.93768525123596s
[2026-06-16 11:56:08,651][finetune_logger][INFO] - Train time: 506.93768525123596s
2026-06-16 11:56:08 - finetune_logger - INFO - Train memory reserved: 24.00 MB
[2026-06-16 11:56:08,651][finetune_logger][INFO] - Train memory reserved: 24.00 MB
2026-06-16 11:56:08 - finetune_logger - INFO - Train memory allocated: 18.10 MB
[2026-06-16 11:56:08,651][finetune_logger][INFO] - Train memory allocated: 18.10 MB
2026-06-16 11:56:08 - finetune_logger - INFO - Current learning rate: 0.00025
[2026-06-16 11:56:08,651][finetune_logger][INFO] - Current learning rate: 0.00025
2026-06-16 11:57:19 - finetune_logger - INFO - Validation metrics: {'MAE': 1.4916783115676506, 'RMSE': 2.460181651393737}
[2026-06-16 11:57:19,490][finetune_logger][INFO] - Validation metrics: {'MAE': 1.4916783115676506, 'RMSE': 2.460181651393737}
2026-06-16 11:57:19 - finetune_logger - INFO - Val time: 70.84s
[2026-06-16 11:57:19,491][finetune_logger][INFO] - Val time: 70.84s
2026-06-16 11:57:19 - finetune_logger - INFO - Val memory reserved: 24.00 MB
[2026-06-16 11:57:19,491][finetune_logger][INFO] - Val memory reserved: 24.00 MB
2026-06-16 11:57:19 - finetune_logger - INFO - Val memory allocated: 18.10 MB
[2026-06-16 11:57:19,491][finetune_logger][INFO] - Val memory allocated: 18.10 MB
2026-06-16 11:57:19 - finetune_logger - INFO - Logged epoch 16 info to /public/home/202411094934/python_project/Spatio-Temporal-Library/time-series/2026-06-16/itransformer/finetune20/ettm1/time-series/seed_0/training_log.json
[2026-06-16 11:57:19,494][finetune_logger][INFO] - Logged epoch 16 info to /public/home/202411094934/python_project/Spatio-Temporal-Library/time-series/2026-06-16/itransformer/finetune20/ettm1/time-series/seed_0/training_log.json
2026-06-16 11:58:30 - finetune_logger - INFO - Test metrics: {'MAE': 1.4197494278735026, 'RMSE': 2.5922202004732493}
[2026-06-16 11:58:30,218][finetune_logger][INFO] - Test metrics: {'MAE': 1.4197494278735026, 'RMSE': 2.5922202004732493}
2026-06-16 11:58:30 - finetune_logger - INFO - Test time: 70.72s
[2026-06-16 11:58:30,218][finetune_logger][INFO] - Test time: 70.72s
2026-06-16 11:58:30 - finetune_logger - INFO - Test memory reserved: 24.00 MB
[2026-06-16 11:58:30,218][finetune_logger][INFO] - Test memory reserved: 24.00 MB
2026-06-16 11:58:30 - finetune_logger - INFO - Test memory allocated: 18.10 MB
[2026-06-16 11:58:30,219][finetune_logger][INFO] - Test memory allocated: 18.10 MB
2026-06-16 11:58:30 - finetune_logger - INFO - Epoch 17/20
[2026-06-16 11:58:30,219][finetune_logger][INFO] - Epoch 17/20
2026-06-16 12:06:57 - finetune_logger - INFO - Train loss: 0.9098219311536171
[2026-06-16 12:06:57,080][finetune_logger][INFO] - Train loss: 0.9098219311536171
2026-06-16 12:06:57 - finetune_logger - INFO - Train time: 506.8608682155609s
[2026-06-16 12:06:57,080][finetune_logger][INFO] - Train time: 506.8608682155609s
2026-06-16 12:06:57 - finetune_logger - INFO - Train memory reserved: 24.00 MB
[2026-06-16 12:06:57,080][finetune_logger][INFO] - Train memory reserved: 24.00 MB
2026-06-16 12:06:57 - finetune_logger - INFO - Train memory allocated: 18.10 MB
[2026-06-16 12:06:57,081][finetune_logger][INFO] - Train memory allocated: 18.10 MB
2026-06-16 12:06:57 - finetune_logger - INFO - Current learning rate: 0.00025
[2026-06-16 12:06:57,081][finetune_logger][INFO] - Current learning rate: 0.00025
2026-06-16 12:08:07 - finetune_logger - INFO - Validation metrics: {'MAE': 1.490293936850078, 'RMSE': 2.4637951816392842}
[2026-06-16 12:08:07,709][finetune_logger][INFO] - Validation metrics: {'MAE': 1.490293936850078, 'RMSE': 2.4637951816392842}
2026-06-16 12:08:07 - finetune_logger - INFO - Val time: 70.63s
[2026-06-16 12:08:07,710][finetune_logger][INFO] - Val time: 70.63s
2026-06-16 12:08:07 - finetune_logger - INFO - Val memory reserved: 24.00 MB
[2026-06-16 12:08:07,710][finetune_logger][INFO] - Val memory reserved: 24.00 MB
2026-06-16 12:08:07 - finetune_logger - INFO - Val memory allocated: 18.10 MB
[2026-06-16 12:08:07,710][finetune_logger][INFO] - Val memory allocated: 18.10 MB
2026-06-16 12:08:07 - finetune_logger - INFO - Logged epoch 17 info to /public/home/202411094934/python_project/Spatio-Temporal-Library/time-series/2026-06-16/itransformer/finetune20/ettm1/time-series/seed_0/training_log.json
[2026-06-16 12:08:07,714][finetune_logger][INFO] - Logged epoch 17 info to /public/home/202411094934/python_project/Spatio-Temporal-Library/time-series/2026-06-16/itransformer/finetune20/ettm1/time-series/seed_0/training_log.json
2026-06-16 12:09:18 - finetune_logger - INFO - Test metrics: {'MAE': 1.4337595937678553, 'RMSE': 2.6132408191720757}
[2026-06-16 12:09:18,381][finetune_logger][INFO] - Test metrics: {'MAE': 1.4337595937678553, 'RMSE': 2.6132408191720757}
2026-06-16 12:09:18 - finetune_logger - INFO - Test time: 70.67s
[2026-06-16 12:09:18,381][finetune_logger][INFO] - Test time: 70.67s
2026-06-16 12:09:18 - finetune_logger - INFO - Test memory reserved: 24.00 MB
[2026-06-16 12:09:18,381][finetune_logger][INFO] - Test memory reserved: 24.00 MB
2026-06-16 12:09:18 - finetune_logger - INFO - Test memory allocated: 18.10 MB
[2026-06-16 12:09:18,381][finetune_logger][INFO] - Test memory allocated: 18.10 MB
2026-06-16 12:09:18 - finetune_logger - INFO - Epoch 18/20
[2026-06-16 12:09:18,381][finetune_logger][INFO] - Epoch 18/20
2026-06-16 12:17:44 - finetune_logger - INFO - Train loss: 0.9060340106843394
[2026-06-16 12:17:44,935][finetune_logger][INFO] - Train loss: 0.9060340106843394
2026-06-16 12:17:44 - finetune_logger - INFO - Train time: 506.55294942855835s
[2026-06-16 12:17:44,935][finetune_logger][INFO] - Train time: 506.55294942855835s
2026-06-16 12:17:44 - finetune_logger - INFO - Train memory reserved: 24.00 MB
[2026-06-16 12:17:44,935][finetune_logger][INFO] - Train memory reserved: 24.00 MB
2026-06-16 12:17:44 - finetune_logger - INFO - Train memory allocated: 18.10 MB
[2026-06-16 12:17:44,935][finetune_logger][INFO] - Train memory allocated: 18.10 MB
2026-06-16 12:17:44 - finetune_logger - INFO - Current learning rate: 0.00025
[2026-06-16 12:17:44,935][finetune_logger][INFO] - Current learning rate: 0.00025
2026-06-16 12:18:55 - finetune_logger - INFO - Validation metrics: {'MAE': 1.4764053596214217, 'RMSE': 2.4316544536902835}
[2026-06-16 12:18:55,649][finetune_logger][INFO] - Validation metrics: {'MAE': 1.4764053596214217, 'RMSE': 2.4316544536902835}
2026-06-16 12:18:55 - finetune_logger - INFO - Val time: 70.71s
[2026-06-16 12:18:55,649][finetune_logger][INFO] - Val time: 70.71s
2026-06-16 12:18:55 - finetune_logger - INFO - Val memory reserved: 24.00 MB
[2026-06-16 12:18:55,649][finetune_logger][INFO] - Val memory reserved: 24.00 MB
2026-06-16 12:18:55 - finetune_logger - INFO - Val memory allocated: 18.10 MB
[2026-06-16 12:18:55,649][finetune_logger][INFO] - Val memory allocated: 18.10 MB
2026-06-16 12:18:55 - finetune_logger - INFO - Logged epoch 18 info to /public/home/202411094934/python_project/Spatio-Temporal-Library/time-series/2026-06-16/itransformer/finetune20/ettm1/time-series/seed_0/training_log.json
[2026-06-16 12:18:55,653][finetune_logger][INFO] - Logged epoch 18 info to /public/home/202411094934/python_project/Spatio-Temporal-Library/time-series/2026-06-16/itransformer/finetune20/ettm1/time-series/seed_0/training_log.json
2026-06-16 12:20:06 - finetune_logger - INFO - Test metrics: {'MAE': 1.4101991396134397, 'RMSE': 2.5763945099093752}
[2026-06-16 12:20:06,266][finetune_logger][INFO] - Test metrics: {'MAE': 1.4101991396134397, 'RMSE': 2.5763945099093752}
2026-06-16 12:20:06 - finetune_logger - INFO - Test time: 70.61s
[2026-06-16 12:20:06,266][finetune_logger][INFO] - Test time: 70.61s
2026-06-16 12:20:06 - finetune_logger - INFO - Test memory reserved: 24.00 MB
[2026-06-16 12:20:06,266][finetune_logger][INFO] - Test memory reserved: 24.00 MB
2026-06-16 12:20:06 - finetune_logger - INFO - Test memory allocated: 18.10 MB
[2026-06-16 12:20:06,266][finetune_logger][INFO] - Test memory allocated: 18.10 MB
2026-06-16 12:20:06 - finetune_logger - INFO - Epoch 19/20
[2026-06-16 12:20:06,266][finetune_logger][INFO] - Epoch 19/20
2026-06-16 12:28:32 - finetune_logger - INFO - Train loss: 0.9010543478185006
[2026-06-16 12:28:32,970][finetune_logger][INFO] - Train loss: 0.9010543478185006
2026-06-16 12:28:32 - finetune_logger - INFO - Train time: 506.70348477363586s
[2026-06-16 12:28:32,971][finetune_logger][INFO] - Train time: 506.70348477363586s
2026-06-16 12:28:32 - finetune_logger - INFO - Train memory reserved: 24.00 MB
[2026-06-16 12:28:32,971][finetune_logger][INFO] - Train memory reserved: 24.00 MB
2026-06-16 12:28:32 - finetune_logger - INFO - Train memory allocated: 18.10 MB
[2026-06-16 12:28:32,971][finetune_logger][INFO] - Train memory allocated: 18.10 MB
2026-06-16 12:28:32 - finetune_logger - INFO - Current learning rate: 0.00025
[2026-06-16 12:28:32,971][finetune_logger][INFO] - Current learning rate: 0.00025
2026-06-16 12:29:43 - finetune_logger - INFO - Validation metrics: {'MAE': 1.4769818689682417, 'RMSE': 2.44322137121513}
[2026-06-16 12:29:43,657][finetune_logger][INFO] - Validation metrics: {'MAE': 1.4769818689682417, 'RMSE': 2.44322137121513}
2026-06-16 12:29:43 - finetune_logger - INFO - Val time: 70.69s
[2026-06-16 12:29:43,657][finetune_logger][INFO] - Val time: 70.69s
2026-06-16 12:29:43 - finetune_logger - INFO - Val memory reserved: 24.00 MB
[2026-06-16 12:29:43,657][finetune_logger][INFO] - Val memory reserved: 24.00 MB
2026-06-16 12:29:43 - finetune_logger - INFO - Val memory allocated: 18.10 MB
[2026-06-16 12:29:43,657][finetune_logger][INFO] - Val memory allocated: 18.10 MB
2026-06-16 12:29:43 - finetune_logger - INFO - Logged epoch 19 info to /public/home/202411094934/python_project/Spatio-Temporal-Library/time-series/2026-06-16/itransformer/finetune20/ettm1/time-series/seed_0/training_log.json
[2026-06-16 12:29:43,661][finetune_logger][INFO] - Logged epoch 19 info to /public/home/202411094934/python_project/Spatio-Temporal-Library/time-series/2026-06-16/itransformer/finetune20/ettm1/time-series/seed_0/training_log.json
2026-06-16 12:30:54 - finetune_logger - INFO - Test metrics: {'MAE': 1.4167660495809558, 'RMSE': 2.599629702877069}
[2026-06-16 12:30:54,549][finetune_logger][INFO] - Test metrics: {'MAE': 1.4167660495809558, 'RMSE': 2.599629702877069}
2026-06-16 12:30:54 - finetune_logger - INFO - Test time: 70.89s
[2026-06-16 12:30:54,550][finetune_logger][INFO] - Test time: 70.89s
2026-06-16 12:30:54 - finetune_logger - INFO - Test memory reserved: 24.00 MB
[2026-06-16 12:30:54,550][finetune_logger][INFO] - Test memory reserved: 24.00 MB
2026-06-16 12:30:54 - finetune_logger - INFO - Test memory allocated: 18.10 MB
[2026-06-16 12:30:54,550][finetune_logger][INFO] - Test memory allocated: 18.10 MB
2026-06-16 12:30:54 - finetune_logger - INFO - Epoch 20/20
[2026-06-16 12:30:54,550][finetune_logger][INFO] - Epoch 20/20
2026-06-16 12:39:21 - finetune_logger - INFO - Train loss: 0.8972809458470405
[2026-06-16 12:39:21,256][finetune_logger][INFO] - Train loss: 0.8972809458470405
2026-06-16 12:39:21 - finetune_logger - INFO - Train time: 506.705176115036s
[2026-06-16 12:39:21,256][finetune_logger][INFO] - Train time: 506.705176115036s
2026-06-16 12:39:21 - finetune_logger - INFO - Train memory reserved: 24.00 MB
[2026-06-16 12:39:21,256][finetune_logger][INFO] - Train memory reserved: 24.00 MB
2026-06-16 12:39:21 - finetune_logger - INFO - Train memory allocated: 18.10 MB
[2026-06-16 12:39:21,256][finetune_logger][INFO] - Train memory allocated: 18.10 MB
2026-06-16 12:39:21 - finetune_logger - INFO - Current learning rate: 0.00025
[2026-06-16 12:39:21,256][finetune_logger][INFO] - Current learning rate: 0.00025
2026-06-16 12:40:32 - finetune_logger - INFO - Validation metrics: {'MAE': 1.4878464083802843, 'RMSE': 2.4576225161711154}
[2026-06-16 12:40:32,054][finetune_logger][INFO] - Validation metrics: {'MAE': 1.4878464083802843, 'RMSE': 2.4576225161711154}
2026-06-16 12:40:32 - finetune_logger - INFO - Val time: 70.80s
[2026-06-16 12:40:32,055][finetune_logger][INFO] - Val time: 70.80s
2026-06-16 12:40:32 - finetune_logger - INFO - Val memory reserved: 24.00 MB
[2026-06-16 12:40:32,055][finetune_logger][INFO] - Val memory reserved: 24.00 MB
2026-06-16 12:40:32 - finetune_logger - INFO - Val memory allocated: 18.10 MB
[2026-06-16 12:40:32,055][finetune_logger][INFO] - Val memory allocated: 18.10 MB
2026-06-16 12:40:32 - finetune_logger - INFO - Logged epoch 20 info to /public/home/202411094934/python_project/Spatio-Temporal-Library/time-series/2026-06-16/itransformer/finetune20/ettm1/time-series/seed_0/training_log.json
[2026-06-16 12:40:32,058][finetune_logger][INFO] - Logged epoch 20 info to /public/home/202411094934/python_project/Spatio-Temporal-Library/time-series/2026-06-16/itransformer/finetune20/ettm1/time-series/seed_0/training_log.json
2026-06-16 12:41:42 - finetune_logger - INFO - Test metrics: {'MAE': 1.4265340566529305, 'RMSE': 2.608617706109392}
[2026-06-16 12:41:42,716][finetune_logger][INFO] - Test metrics: {'MAE': 1.4265340566529305, 'RMSE': 2.608617706109392}
2026-06-16 12:41:42 - finetune_logger - INFO - Test time: 70.63s
[2026-06-16 12:41:42,716][finetune_logger][INFO] - Test time: 70.63s
2026-06-16 12:41:42 - finetune_logger - INFO - Test memory reserved: 24.00 MB
[2026-06-16 12:41:42,716][finetune_logger][INFO] - Test memory reserved: 24.00 MB
2026-06-16 12:41:42 - finetune_logger - INFO - Test memory allocated: 18.10 MB
[2026-06-16 12:41:42,716][finetune_logger][INFO] - Test memory allocated: 18.10 MB
2026-06-16 12:41:42 - finetune_logger - INFO - Training completed. Best epoch: 1, Best val loss: 1.440762
[2026-06-16 12:41:42,716][finetune_logger][INFO] - Training completed. Best epoch: 1, Best val loss: 1.440762
2026-06-16 12:41:42 - finetune_logger - INFO - Loaded checkpoint from epoch 1
[2026-06-16 12:41:42,749][finetune_logger][INFO] - Loaded checkpoint from epoch 1
2026-06-16 12:41:42 - finetune_logger - INFO - Evaluating best model on test sets...
[2026-06-16 12:41:42,750][finetune_logger][INFO] - Evaluating best model on test sets...
2026-06-16 12:42:53 - finetune_logger - INFO - Test metrics: {'MAE': 1.3108732046919138, 'RMSE': 2.373494168783994}
[2026-06-16 12:42:53,391][finetune_logger][INFO] - Test metrics: {'MAE': 1.3108732046919138, 'RMSE': 2.373494168783994}
2026-06-16 12:42:53 - finetune_logger - INFO - Test time: 70.64s
[2026-06-16 12:42:53,391][finetune_logger][INFO] - Test time: 70.64s
2026-06-16 12:42:53 - finetune_logger - INFO - Test memory reserved: 26.00 MB
[2026-06-16 12:42:53,391][finetune_logger][INFO] - Test memory reserved: 26.00 MB
2026-06-16 12:42:53 - finetune_logger - INFO - Test memory allocated: 18.14 MB
[2026-06-16 12:42:53,391][finetune_logger][INFO] - Test memory allocated: 18.14 MB
2026-06-16 12:42:53 - finetune_logger - INFO - Logged epoch test info to /public/home/202411094934/python_project/Spatio-Temporal-Library/time-series/2026-06-16/itransformer/finetune20/ettm1/time-series/seed_0/training_log.json
[2026-06-16 12:42:53,395][finetune_logger][INFO] - Logged epoch test info to /public/home/202411094934/python_project/Spatio-Temporal-Library/time-series/2026-06-16/itransformer/finetune20/ettm1/time-series/seed_0/training_log.json
