2026-06-16 02:31:01 - finetune_logger - INFO - No pretrained checkpoint is provided. Finetuning from scratch.
[2026-06-16 02:31:01,099][finetune_logger][INFO] - No pretrained checkpoint is provided. Finetuning from scratch.
2026-06-16 02:31:01 - finetune_logger - INFO - Model parameters: 158,912
[2026-06-16 02:31:01,102][finetune_logger][INFO] - Model parameters: 158,912
2026-06-16 02:31:01 - finetune_logger - INFO - Created new log file at /public/home/202411094934/python_project/Spatio-Temporal-Library/time-series/2026-06-16/itransformer/finetune20/exchange_rate/time-series/seed_1/training_log.json
[2026-06-16 02:31:01,104][finetune_logger][INFO] - Created new log file at /public/home/202411094934/python_project/Spatio-Temporal-Library/time-series/2026-06-16/itransformer/finetune20/exchange_rate/time-series/seed_1/training_log.json
2026-06-16 02:31:01 - finetune_logger - INFO - Starting training...
[2026-06-16 02:31:01,104][finetune_logger][INFO] - Starting training...
2026-06-16 02:31:01 - finetune_logger - INFO - Epoch 1/20
[2026-06-16 02:31:01,104][finetune_logger][INFO] - Epoch 1/20
2026-06-16 02:32:17 - finetune_logger - INFO - Train loss: 0.028513085007920956
[2026-06-16 02:32:17,370][finetune_logger][INFO] - Train loss: 0.028513085007920956
2026-06-16 02:32:17 - finetune_logger - INFO - Train time: 76.26457047462463s
[2026-06-16 02:32:17,370][finetune_logger][INFO] - Train time: 76.26457047462463s
2026-06-16 02:32:17 - finetune_logger - INFO - Train memory reserved: 24.00 MB
[2026-06-16 02:32:17,370][finetune_logger][INFO] - Train memory reserved: 24.00 MB
2026-06-16 02:32:17 - finetune_logger - INFO - Train memory allocated: 18.10 MB
[2026-06-16 02:32:17,370][finetune_logger][INFO] - Train memory allocated: 18.10 MB
2026-06-16 02:32:17 - finetune_logger - INFO - Current learning rate: 0.0005
[2026-06-16 02:32:17,370][finetune_logger][INFO] - Current learning rate: 0.0005
2026-06-16 02:32:21 - finetune_logger - INFO - Validation metrics: {'MAE': 0.025867831119323257, 'RMSE': 0.03818084827252106}
[2026-06-16 02:32:21,332][finetune_logger][INFO] - Validation metrics: {'MAE': 0.025867831119323257, 'RMSE': 0.03818084827252106}
2026-06-16 02:32:21 - finetune_logger - INFO - Val time: 3.96s
[2026-06-16 02:32:21,332][finetune_logger][INFO] - Val time: 3.96s
2026-06-16 02:32:21 - finetune_logger - INFO - Val memory reserved: 24.00 MB
[2026-06-16 02:32:21,332][finetune_logger][INFO] - Val memory reserved: 24.00 MB
2026-06-16 02:32:21 - finetune_logger - INFO - Val memory allocated: 18.10 MB
[2026-06-16 02:32:21,332][finetune_logger][INFO] - Val memory allocated: 18.10 MB
2026-06-16 02:32:21 - finetune_logger - INFO - Logged epoch 1 info to /public/home/202411094934/python_project/Spatio-Temporal-Library/time-series/2026-06-16/itransformer/finetune20/exchange_rate/time-series/seed_1/training_log.json
[2026-06-16 02:32:21,336][finetune_logger][INFO] - Logged epoch 1 info to /public/home/202411094934/python_project/Spatio-Temporal-Library/time-series/2026-06-16/itransformer/finetune20/exchange_rate/time-series/seed_1/training_log.json
2026-06-16 02:32:21 - finetune_logger - INFO - New best model! Val loss: 0.025868
[2026-06-16 02:32:21,337][finetune_logger][INFO] - New best model! Val loss: 0.025868
2026-06-16 02:32:30 - finetune_logger - INFO - Test metrics: {'MAE': 0.021911638058704285, 'RMSE': 0.03252397580190177}
[2026-06-16 02:32:30,158][finetune_logger][INFO] - Test metrics: {'MAE': 0.021911638058704285, 'RMSE': 0.03252397580190177}
2026-06-16 02:32:30 - finetune_logger - INFO - Test time: 8.78s
[2026-06-16 02:32:30,158][finetune_logger][INFO] - Test time: 8.78s
2026-06-16 02:32:30 - finetune_logger - INFO - Test memory reserved: 24.00 MB
[2026-06-16 02:32:30,158][finetune_logger][INFO] - Test memory reserved: 24.00 MB
2026-06-16 02:32:30 - finetune_logger - INFO - Test memory allocated: 18.10 MB
[2026-06-16 02:32:30,159][finetune_logger][INFO] - Test memory allocated: 18.10 MB
2026-06-16 02:32:30 - finetune_logger - INFO - Epoch 2/20
[2026-06-16 02:32:30,159][finetune_logger][INFO] - Epoch 2/20
2026-06-16 02:33:45 - finetune_logger - INFO - Train loss: 0.0234748515152354
[2026-06-16 02:33:45,611][finetune_logger][INFO] - Train loss: 0.0234748515152354
2026-06-16 02:33:45 - finetune_logger - INFO - Train time: 75.45130634307861s
[2026-06-16 02:33:45,611][finetune_logger][INFO] - Train time: 75.45130634307861s
2026-06-16 02:33:45 - finetune_logger - INFO - Train memory reserved: 24.00 MB
[2026-06-16 02:33:45,611][finetune_logger][INFO] - Train memory reserved: 24.00 MB
2026-06-16 02:33:45 - finetune_logger - INFO - Train memory allocated: 18.10 MB
[2026-06-16 02:33:45,611][finetune_logger][INFO] - Train memory allocated: 18.10 MB
2026-06-16 02:33:45 - finetune_logger - INFO - Current learning rate: 0.0005
[2026-06-16 02:33:45,611][finetune_logger][INFO] - Current learning rate: 0.0005
2026-06-16 02:33:49 - finetune_logger - INFO - Validation metrics: {'MAE': 0.026254021790374837, 'RMSE': 0.03811918669722782}
[2026-06-16 02:33:49,536][finetune_logger][INFO] - Validation metrics: {'MAE': 0.026254021790374837, 'RMSE': 0.03811918669722782}
2026-06-16 02:33:49 - finetune_logger - INFO - Val time: 3.92s
[2026-06-16 02:33:49,536][finetune_logger][INFO] - Val time: 3.92s
2026-06-16 02:33:49 - finetune_logger - INFO - Val memory reserved: 24.00 MB
[2026-06-16 02:33:49,536][finetune_logger][INFO] - Val memory reserved: 24.00 MB
2026-06-16 02:33:49 - finetune_logger - INFO - Val memory allocated: 18.10 MB
[2026-06-16 02:33:49,536][finetune_logger][INFO] - Val memory allocated: 18.10 MB
2026-06-16 02:33:49 - finetune_logger - INFO - Logged epoch 2 info to /public/home/202411094934/python_project/Spatio-Temporal-Library/time-series/2026-06-16/itransformer/finetune20/exchange_rate/time-series/seed_1/training_log.json
[2026-06-16 02:33:49,539][finetune_logger][INFO] - Logged epoch 2 info to /public/home/202411094934/python_project/Spatio-Temporal-Library/time-series/2026-06-16/itransformer/finetune20/exchange_rate/time-series/seed_1/training_log.json
2026-06-16 02:33:58 - finetune_logger - INFO - Test metrics: {'MAE': 0.023077702011966076, 'RMSE': 0.03326095781536612}
[2026-06-16 02:33:58,117][finetune_logger][INFO] - Test metrics: {'MAE': 0.023077702011966076, 'RMSE': 0.03326095781536612}
2026-06-16 02:33:58 - finetune_logger - INFO - Test time: 8.58s
[2026-06-16 02:33:58,117][finetune_logger][INFO] - Test time: 8.58s
2026-06-16 02:33:58 - finetune_logger - INFO - Test memory reserved: 24.00 MB
[2026-06-16 02:33:58,117][finetune_logger][INFO] - Test memory reserved: 24.00 MB
2026-06-16 02:33:58 - finetune_logger - INFO - Test memory allocated: 18.10 MB
[2026-06-16 02:33:58,117][finetune_logger][INFO] - Test memory allocated: 18.10 MB
2026-06-16 02:33:58 - finetune_logger - INFO - Epoch 3/20
[2026-06-16 02:33:58,117][finetune_logger][INFO] - Epoch 3/20
2026-06-16 02:35:13 - finetune_logger - INFO - Train loss: 0.022953249664042844
[2026-06-16 02:35:13,699][finetune_logger][INFO] - Train loss: 0.022953249664042844
2026-06-16 02:35:13 - finetune_logger - INFO - Train time: 75.58168411254883s
[2026-06-16 02:35:13,700][finetune_logger][INFO] - Train time: 75.58168411254883s
2026-06-16 02:35:13 - finetune_logger - INFO - Train memory reserved: 24.00 MB
[2026-06-16 02:35:13,700][finetune_logger][INFO] - Train memory reserved: 24.00 MB
2026-06-16 02:35:13 - finetune_logger - INFO - Train memory allocated: 18.10 MB
[2026-06-16 02:35:13,700][finetune_logger][INFO] - Train memory allocated: 18.10 MB
2026-06-16 02:35:13 - finetune_logger - INFO - Current learning rate: 0.0005
[2026-06-16 02:35:13,700][finetune_logger][INFO] - Current learning rate: 0.0005
2026-06-16 02:35:17 - finetune_logger - INFO - Validation metrics: {'MAE': 0.025136143017271403, 'RMSE': 0.03698507237209237}
[2026-06-16 02:35:17,612][finetune_logger][INFO] - Validation metrics: {'MAE': 0.025136143017271403, 'RMSE': 0.03698507237209237}
2026-06-16 02:35:17 - finetune_logger - INFO - Val time: 3.91s
[2026-06-16 02:35:17,612][finetune_logger][INFO] - Val time: 3.91s
2026-06-16 02:35:17 - finetune_logger - INFO - Val memory reserved: 24.00 MB
[2026-06-16 02:35:17,612][finetune_logger][INFO] - Val memory reserved: 24.00 MB
2026-06-16 02:35:17 - finetune_logger - INFO - Val memory allocated: 18.10 MB
[2026-06-16 02:35:17,612][finetune_logger][INFO] - Val memory allocated: 18.10 MB
2026-06-16 02:35:17 - finetune_logger - INFO - Logged epoch 3 info to /public/home/202411094934/python_project/Spatio-Temporal-Library/time-series/2026-06-16/itransformer/finetune20/exchange_rate/time-series/seed_1/training_log.json
[2026-06-16 02:35:17,615][finetune_logger][INFO] - Logged epoch 3 info to /public/home/202411094934/python_project/Spatio-Temporal-Library/time-series/2026-06-16/itransformer/finetune20/exchange_rate/time-series/seed_1/training_log.json
2026-06-16 02:35:17 - finetune_logger - INFO - New best model! Val loss: 0.025136
[2026-06-16 02:35:17,615][finetune_logger][INFO] - New best model! Val loss: 0.025136
2026-06-16 02:35:26 - finetune_logger - INFO - Test metrics: {'MAE': 0.02231731374093767, 'RMSE': 0.03296490867778392}
[2026-06-16 02:35:26,316][finetune_logger][INFO] - Test metrics: {'MAE': 0.02231731374093767, 'RMSE': 0.03296490867778392}
2026-06-16 02:35:26 - finetune_logger - INFO - Test time: 8.66s
[2026-06-16 02:35:26,316][finetune_logger][INFO] - Test time: 8.66s
2026-06-16 02:35:26 - finetune_logger - INFO - Test memory reserved: 24.00 MB
[2026-06-16 02:35:26,316][finetune_logger][INFO] - Test memory reserved: 24.00 MB
2026-06-16 02:35:26 - finetune_logger - INFO - Test memory allocated: 18.10 MB
[2026-06-16 02:35:26,316][finetune_logger][INFO] - Test memory allocated: 18.10 MB
2026-06-16 02:35:26 - finetune_logger - INFO - Epoch 4/20
[2026-06-16 02:35:26,317][finetune_logger][INFO] - Epoch 4/20
2026-06-16 02:36:41 - finetune_logger - INFO - Train loss: 0.02239154308777935
[2026-06-16 02:36:41,852][finetune_logger][INFO] - Train loss: 0.02239154308777935
2026-06-16 02:36:41 - finetune_logger - INFO - Train time: 75.53521943092346s
[2026-06-16 02:36:41,853][finetune_logger][INFO] - Train time: 75.53521943092346s
2026-06-16 02:36:41 - finetune_logger - INFO - Train memory reserved: 24.00 MB
[2026-06-16 02:36:41,853][finetune_logger][INFO] - Train memory reserved: 24.00 MB
2026-06-16 02:36:41 - finetune_logger - INFO - Train memory allocated: 18.10 MB
[2026-06-16 02:36:41,853][finetune_logger][INFO] - Train memory allocated: 18.10 MB
2026-06-16 02:36:41 - finetune_logger - INFO - Current learning rate: 0.0005
[2026-06-16 02:36:41,853][finetune_logger][INFO] - Current learning rate: 0.0005
2026-06-16 02:36:45 - finetune_logger - INFO - Validation metrics: {'MAE': 0.025891936884056138, 'RMSE': 0.037885636446727225}
[2026-06-16 02:36:45,778][finetune_logger][INFO] - Validation metrics: {'MAE': 0.025891936884056138, 'RMSE': 0.037885636446727225}
2026-06-16 02:36:45 - finetune_logger - INFO - Val time: 3.92s
[2026-06-16 02:36:45,778][finetune_logger][INFO] - Val time: 3.92s
2026-06-16 02:36:45 - finetune_logger - INFO - Val memory reserved: 24.00 MB
[2026-06-16 02:36:45,778][finetune_logger][INFO] - Val memory reserved: 24.00 MB
2026-06-16 02:36:45 - finetune_logger - INFO - Val memory allocated: 18.10 MB
[2026-06-16 02:36:45,778][finetune_logger][INFO] - Val memory allocated: 18.10 MB
2026-06-16 02:36:45 - finetune_logger - INFO - Logged epoch 4 info to /public/home/202411094934/python_project/Spatio-Temporal-Library/time-series/2026-06-16/itransformer/finetune20/exchange_rate/time-series/seed_1/training_log.json
[2026-06-16 02:36:45,781][finetune_logger][INFO] - Logged epoch 4 info to /public/home/202411094934/python_project/Spatio-Temporal-Library/time-series/2026-06-16/itransformer/finetune20/exchange_rate/time-series/seed_1/training_log.json
2026-06-16 02:36:54 - finetune_logger - INFO - Test metrics: {'MAE': 0.02156910636238282, 'RMSE': 0.0319174619706913}
[2026-06-16 02:36:54,481][finetune_logger][INFO] - Test metrics: {'MAE': 0.02156910636238282, 'RMSE': 0.0319174619706913}
2026-06-16 02:36:54 - finetune_logger - INFO - Test time: 8.70s
[2026-06-16 02:36:54,481][finetune_logger][INFO] - Test time: 8.70s
2026-06-16 02:36:54 - finetune_logger - INFO - Test memory reserved: 24.00 MB
[2026-06-16 02:36:54,481][finetune_logger][INFO] - Test memory reserved: 24.00 MB
2026-06-16 02:36:54 - finetune_logger - INFO - Test memory allocated: 18.10 MB
[2026-06-16 02:36:54,481][finetune_logger][INFO] - Test memory allocated: 18.10 MB
2026-06-16 02:36:54 - finetune_logger - INFO - Epoch 5/20
[2026-06-16 02:36:54,481][finetune_logger][INFO] - Epoch 5/20
2026-06-16 02:38:09 - finetune_logger - INFO - Train loss: 0.021797981464191322
[2026-06-16 02:38:09,894][finetune_logger][INFO] - Train loss: 0.021797981464191322
2026-06-16 02:38:09 - finetune_logger - INFO - Train time: 75.41160678863525s
[2026-06-16 02:38:09,894][finetune_logger][INFO] - Train time: 75.41160678863525s
2026-06-16 02:38:09 - finetune_logger - INFO - Train memory reserved: 24.00 MB
[2026-06-16 02:38:09,894][finetune_logger][INFO] - Train memory reserved: 24.00 MB
2026-06-16 02:38:09 - finetune_logger - INFO - Train memory allocated: 18.10 MB
[2026-06-16 02:38:09,894][finetune_logger][INFO] - Train memory allocated: 18.10 MB
2026-06-16 02:38:09 - finetune_logger - INFO - Current learning rate: 0.0005
[2026-06-16 02:38:09,894][finetune_logger][INFO] - Current learning rate: 0.0005
2026-06-16 02:38:13 - finetune_logger - INFO - Validation metrics: {'MAE': 0.02666102641189905, 'RMSE': 0.03912435585695873}
[2026-06-16 02:38:13,842][finetune_logger][INFO] - Validation metrics: {'MAE': 0.02666102641189905, 'RMSE': 0.03912435585695873}
2026-06-16 02:38:13 - finetune_logger - INFO - Val time: 3.95s
[2026-06-16 02:38:13,842][finetune_logger][INFO] - Val time: 3.95s
2026-06-16 02:38:13 - finetune_logger - INFO - Val memory reserved: 24.00 MB
[2026-06-16 02:38:13,842][finetune_logger][INFO] - Val memory reserved: 24.00 MB
2026-06-16 02:38:13 - finetune_logger - INFO - Val memory allocated: 18.10 MB
[2026-06-16 02:38:13,842][finetune_logger][INFO] - Val memory allocated: 18.10 MB
2026-06-16 02:38:13 - finetune_logger - INFO - Logged epoch 5 info to /public/home/202411094934/python_project/Spatio-Temporal-Library/time-series/2026-06-16/itransformer/finetune20/exchange_rate/time-series/seed_1/training_log.json
[2026-06-16 02:38:13,845][finetune_logger][INFO] - Logged epoch 5 info to /public/home/202411094934/python_project/Spatio-Temporal-Library/time-series/2026-06-16/itransformer/finetune20/exchange_rate/time-series/seed_1/training_log.json
2026-06-16 02:38:22 - finetune_logger - INFO - Test metrics: {'MAE': 0.021964804958286843, 'RMSE': 0.032592262341080945}
[2026-06-16 02:38:22,518][finetune_logger][INFO] - Test metrics: {'MAE': 0.021964804958286843, 'RMSE': 0.032592262341080945}
2026-06-16 02:38:22 - finetune_logger - INFO - Test time: 8.67s
[2026-06-16 02:38:22,518][finetune_logger][INFO] - Test time: 8.67s
2026-06-16 02:38:22 - finetune_logger - INFO - Test memory reserved: 24.00 MB
[2026-06-16 02:38:22,518][finetune_logger][INFO] - Test memory reserved: 24.00 MB
2026-06-16 02:38:22 - finetune_logger - INFO - Test memory allocated: 18.10 MB
[2026-06-16 02:38:22,518][finetune_logger][INFO] - Test memory allocated: 18.10 MB
2026-06-16 02:38:22 - finetune_logger - INFO - Epoch 6/20
[2026-06-16 02:38:22,518][finetune_logger][INFO] - Epoch 6/20
2026-06-16 02:39:37 - finetune_logger - INFO - Train loss: 0.02131776476265627
[2026-06-16 02:39:37,959][finetune_logger][INFO] - Train loss: 0.02131776476265627
2026-06-16 02:39:37 - finetune_logger - INFO - Train time: 75.43973159790039s
[2026-06-16 02:39:37,959][finetune_logger][INFO] - Train time: 75.43973159790039s
2026-06-16 02:39:37 - finetune_logger - INFO - Train memory reserved: 24.00 MB
[2026-06-16 02:39:37,959][finetune_logger][INFO] - Train memory reserved: 24.00 MB
2026-06-16 02:39:37 - finetune_logger - INFO - Train memory allocated: 18.10 MB
[2026-06-16 02:39:37,959][finetune_logger][INFO] - Train memory allocated: 18.10 MB
2026-06-16 02:39:37 - finetune_logger - INFO - Current learning rate: 0.0005
[2026-06-16 02:39:37,959][finetune_logger][INFO] - Current learning rate: 0.0005
2026-06-16 02:39:41 - finetune_logger - INFO - Validation metrics: {'MAE': 0.024876558231134282, 'RMSE': 0.03633756454011963}
[2026-06-16 02:39:41,894][finetune_logger][INFO] - Validation metrics: {'MAE': 0.024876558231134282, 'RMSE': 0.03633756454011963}
2026-06-16 02:39:41 - finetune_logger - INFO - Val time: 3.93s
[2026-06-16 02:39:41,895][finetune_logger][INFO] - Val time: 3.93s
2026-06-16 02:39:41 - finetune_logger - INFO - Val memory reserved: 24.00 MB
[2026-06-16 02:39:41,895][finetune_logger][INFO] - Val memory reserved: 24.00 MB
2026-06-16 02:39:41 - finetune_logger - INFO - Val memory allocated: 18.10 MB
[2026-06-16 02:39:41,895][finetune_logger][INFO] - Val memory allocated: 18.10 MB
2026-06-16 02:39:41 - finetune_logger - INFO - Logged epoch 6 info to /public/home/202411094934/python_project/Spatio-Temporal-Library/time-series/2026-06-16/itransformer/finetune20/exchange_rate/time-series/seed_1/training_log.json
[2026-06-16 02:39:41,898][finetune_logger][INFO] - Logged epoch 6 info to /public/home/202411094934/python_project/Spatio-Temporal-Library/time-series/2026-06-16/itransformer/finetune20/exchange_rate/time-series/seed_1/training_log.json
2026-06-16 02:39:41 - finetune_logger - INFO - New best model! Val loss: 0.024877
[2026-06-16 02:39:41,898][finetune_logger][INFO] - New best model! Val loss: 0.024877
2026-06-16 02:39:50 - finetune_logger - INFO - Test metrics: {'MAE': 0.021510698018401036, 'RMSE': 0.032153330626897424}
[2026-06-16 02:39:50,550][finetune_logger][INFO] - Test metrics: {'MAE': 0.021510698018401036, 'RMSE': 0.032153330626897424}
2026-06-16 02:39:50 - finetune_logger - INFO - Test time: 8.61s
[2026-06-16 02:39:50,550][finetune_logger][INFO] - Test time: 8.61s
2026-06-16 02:39:50 - finetune_logger - INFO - Test memory reserved: 24.00 MB
[2026-06-16 02:39:50,550][finetune_logger][INFO] - Test memory reserved: 24.00 MB
2026-06-16 02:39:50 - finetune_logger - INFO - Test memory allocated: 18.10 MB
[2026-06-16 02:39:50,551][finetune_logger][INFO] - Test memory allocated: 18.10 MB
2026-06-16 02:39:50 - finetune_logger - INFO - Epoch 7/20
[2026-06-16 02:39:50,551][finetune_logger][INFO] - Epoch 7/20
2026-06-16 02:41:05 - finetune_logger - INFO - Train loss: 0.020659299531514505
[2026-06-16 02:41:05,979][finetune_logger][INFO] - Train loss: 0.020659299531514505
2026-06-16 02:41:05 - finetune_logger - INFO - Train time: 75.42800426483154s
[2026-06-16 02:41:05,979][finetune_logger][INFO] - Train time: 75.42800426483154s
2026-06-16 02:41:05 - finetune_logger - INFO - Train memory reserved: 24.00 MB
[2026-06-16 02:41:05,980][finetune_logger][INFO] - Train memory reserved: 24.00 MB
2026-06-16 02:41:05 - finetune_logger - INFO - Train memory allocated: 18.10 MB
[2026-06-16 02:41:05,980][finetune_logger][INFO] - Train memory allocated: 18.10 MB
2026-06-16 02:41:05 - finetune_logger - INFO - Current learning rate: 0.0005
[2026-06-16 02:41:05,980][finetune_logger][INFO] - Current learning rate: 0.0005
2026-06-16 02:41:09 - finetune_logger - INFO - Validation metrics: {'MAE': 0.029615871302753883, 'RMSE': 0.04250807771329617}
[2026-06-16 02:41:09,903][finetune_logger][INFO] - Validation metrics: {'MAE': 0.029615871302753883, 'RMSE': 0.04250807771329617}
2026-06-16 02:41:09 - finetune_logger - INFO - Val time: 3.92s
[2026-06-16 02:41:09,903][finetune_logger][INFO] - Val time: 3.92s
2026-06-16 02:41:09 - finetune_logger - INFO - Val memory reserved: 24.00 MB
[2026-06-16 02:41:09,903][finetune_logger][INFO] - Val memory reserved: 24.00 MB
2026-06-16 02:41:09 - finetune_logger - INFO - Val memory allocated: 18.10 MB
[2026-06-16 02:41:09,904][finetune_logger][INFO] - Val memory allocated: 18.10 MB
2026-06-16 02:41:09 - finetune_logger - INFO - Logged epoch 7 info to /public/home/202411094934/python_project/Spatio-Temporal-Library/time-series/2026-06-16/itransformer/finetune20/exchange_rate/time-series/seed_1/training_log.json
[2026-06-16 02:41:09,907][finetune_logger][INFO] - Logged epoch 7 info to /public/home/202411094934/python_project/Spatio-Temporal-Library/time-series/2026-06-16/itransformer/finetune20/exchange_rate/time-series/seed_1/training_log.json
2026-06-16 02:41:18 - finetune_logger - INFO - Test metrics: {'MAE': 0.024101198068083148, 'RMSE': 0.03493693255291817}
[2026-06-16 02:41:18,539][finetune_logger][INFO] - Test metrics: {'MAE': 0.024101198068083148, 'RMSE': 0.03493693255291817}
2026-06-16 02:41:18 - finetune_logger - INFO - Test time: 8.63s
[2026-06-16 02:41:18,540][finetune_logger][INFO] - Test time: 8.63s
2026-06-16 02:41:18 - finetune_logger - INFO - Test memory reserved: 24.00 MB
[2026-06-16 02:41:18,540][finetune_logger][INFO] - Test memory reserved: 24.00 MB
2026-06-16 02:41:18 - finetune_logger - INFO - Test memory allocated: 18.10 MB
[2026-06-16 02:41:18,540][finetune_logger][INFO] - Test memory allocated: 18.10 MB
2026-06-16 02:41:18 - finetune_logger - INFO - Epoch 8/20
[2026-06-16 02:41:18,540][finetune_logger][INFO] - Epoch 8/20
2026-06-16 02:42:34 - finetune_logger - INFO - Train loss: 0.01989592172349485
[2026-06-16 02:42:34,171][finetune_logger][INFO] - Train loss: 0.01989592172349485
2026-06-16 02:42:34 - finetune_logger - INFO - Train time: 75.63083243370056s
[2026-06-16 02:42:34,172][finetune_logger][INFO] - Train time: 75.63083243370056s
2026-06-16 02:42:34 - finetune_logger - INFO - Train memory reserved: 24.00 MB
[2026-06-16 02:42:34,172][finetune_logger][INFO] - Train memory reserved: 24.00 MB
2026-06-16 02:42:34 - finetune_logger - INFO - Train memory allocated: 18.10 MB
[2026-06-16 02:42:34,172][finetune_logger][INFO] - Train memory allocated: 18.10 MB
2026-06-16 02:42:34 - finetune_logger - INFO - Current learning rate: 0.0005
[2026-06-16 02:42:34,172][finetune_logger][INFO] - Current learning rate: 0.0005
2026-06-16 02:42:38 - finetune_logger - INFO - Validation metrics: {'MAE': 0.02857688231352959, 'RMSE': 0.04237668691332608}
[2026-06-16 02:42:38,058][finetune_logger][INFO] - Validation metrics: {'MAE': 0.02857688231352959, 'RMSE': 0.04237668691332608}
2026-06-16 02:42:38 - finetune_logger - INFO - Val time: 3.89s
[2026-06-16 02:42:38,059][finetune_logger][INFO] - Val time: 3.89s
2026-06-16 02:42:38 - finetune_logger - INFO - Val memory reserved: 24.00 MB
[2026-06-16 02:42:38,059][finetune_logger][INFO] - Val memory reserved: 24.00 MB
2026-06-16 02:42:38 - finetune_logger - INFO - Val memory allocated: 18.10 MB
[2026-06-16 02:42:38,059][finetune_logger][INFO] - Val memory allocated: 18.10 MB
2026-06-16 02:42:38 - finetune_logger - INFO - Logged epoch 8 info to /public/home/202411094934/python_project/Spatio-Temporal-Library/time-series/2026-06-16/itransformer/finetune20/exchange_rate/time-series/seed_1/training_log.json
[2026-06-16 02:42:38,062][finetune_logger][INFO] - Logged epoch 8 info to /public/home/202411094934/python_project/Spatio-Temporal-Library/time-series/2026-06-16/itransformer/finetune20/exchange_rate/time-series/seed_1/training_log.json
2026-06-16 02:42:46 - finetune_logger - INFO - Test metrics: {'MAE': 0.025217792622691974, 'RMSE': 0.03679214802989149}
[2026-06-16 02:42:46,687][finetune_logger][INFO] - Test metrics: {'MAE': 0.025217792622691974, 'RMSE': 0.03679214802989149}
2026-06-16 02:42:46 - finetune_logger - INFO - Test time: 8.62s
[2026-06-16 02:42:46,687][finetune_logger][INFO] - Test time: 8.62s
2026-06-16 02:42:46 - finetune_logger - INFO - Test memory reserved: 24.00 MB
[2026-06-16 02:42:46,687][finetune_logger][INFO] - Test memory reserved: 24.00 MB
2026-06-16 02:42:46 - finetune_logger - INFO - Test memory allocated: 18.10 MB
[2026-06-16 02:42:46,687][finetune_logger][INFO] - Test memory allocated: 18.10 MB
2026-06-16 02:42:46 - finetune_logger - INFO - Epoch 9/20
[2026-06-16 02:42:46,688][finetune_logger][INFO] - Epoch 9/20
2026-06-16 02:44:02 - finetune_logger - INFO - Train loss: 0.019122617012807163
[2026-06-16 02:44:02,065][finetune_logger][INFO] - Train loss: 0.019122617012807163
2026-06-16 02:44:02 - finetune_logger - INFO - Train time: 75.37693977355957s
[2026-06-16 02:44:02,065][finetune_logger][INFO] - Train time: 75.37693977355957s
2026-06-16 02:44:02 - finetune_logger - INFO - Train memory reserved: 24.00 MB
[2026-06-16 02:44:02,065][finetune_logger][INFO] - Train memory reserved: 24.00 MB
2026-06-16 02:44:02 - finetune_logger - INFO - Train memory allocated: 18.10 MB
[2026-06-16 02:44:02,066][finetune_logger][INFO] - Train memory allocated: 18.10 MB
2026-06-16 02:44:02 - finetune_logger - INFO - Current learning rate: 0.0005
[2026-06-16 02:44:02,066][finetune_logger][INFO] - Current learning rate: 0.0005
2026-06-16 02:44:06 - finetune_logger - INFO - Validation metrics: {'MAE': 0.028439920789989883, 'RMSE': 0.04204012276178916}
[2026-06-16 02:44:06,008][finetune_logger][INFO] - Validation metrics: {'MAE': 0.028439920789989883, 'RMSE': 0.04204012276178916}
2026-06-16 02:44:06 - finetune_logger - INFO - Val time: 3.94s
[2026-06-16 02:44:06,008][finetune_logger][INFO] - Val time: 3.94s
2026-06-16 02:44:06 - finetune_logger - INFO - Val memory reserved: 24.00 MB
[2026-06-16 02:44:06,009][finetune_logger][INFO] - Val memory reserved: 24.00 MB
2026-06-16 02:44:06 - finetune_logger - INFO - Val memory allocated: 18.10 MB
[2026-06-16 02:44:06,009][finetune_logger][INFO] - Val memory allocated: 18.10 MB
2026-06-16 02:44:06 - finetune_logger - INFO - Logged epoch 9 info to /public/home/202411094934/python_project/Spatio-Temporal-Library/time-series/2026-06-16/itransformer/finetune20/exchange_rate/time-series/seed_1/training_log.json
[2026-06-16 02:44:06,012][finetune_logger][INFO] - Logged epoch 9 info to /public/home/202411094934/python_project/Spatio-Temporal-Library/time-series/2026-06-16/itransformer/finetune20/exchange_rate/time-series/seed_1/training_log.json
2026-06-16 02:44:14 - finetune_logger - INFO - Test metrics: {'MAE': 0.024662031501802725, 'RMSE': 0.03666506297488487}
[2026-06-16 02:44:14,655][finetune_logger][INFO] - Test metrics: {'MAE': 0.024662031501802725, 'RMSE': 0.03666506297488487}
2026-06-16 02:44:14 - finetune_logger - INFO - Test time: 8.64s
[2026-06-16 02:44:14,655][finetune_logger][INFO] - Test time: 8.64s
2026-06-16 02:44:14 - finetune_logger - INFO - Test memory reserved: 24.00 MB
[2026-06-16 02:44:14,655][finetune_logger][INFO] - Test memory reserved: 24.00 MB
2026-06-16 02:44:14 - finetune_logger - INFO - Test memory allocated: 18.10 MB
[2026-06-16 02:44:14,656][finetune_logger][INFO] - Test memory allocated: 18.10 MB
2026-06-16 02:44:14 - finetune_logger - INFO - Epoch 10/20
[2026-06-16 02:44:14,656][finetune_logger][INFO] - Epoch 10/20
2026-06-16 02:45:30 - finetune_logger - INFO - Train loss: 0.018434563706204526
[2026-06-16 02:45:30,113][finetune_logger][INFO] - Train loss: 0.018434563706204526
2026-06-16 02:45:30 - finetune_logger - INFO - Train time: 75.45679497718811s
[2026-06-16 02:45:30,113][finetune_logger][INFO] - Train time: 75.45679497718811s
2026-06-16 02:45:30 - finetune_logger - INFO - Train memory reserved: 24.00 MB
[2026-06-16 02:45:30,113][finetune_logger][INFO] - Train memory reserved: 24.00 MB
2026-06-16 02:45:30 - finetune_logger - INFO - Train memory allocated: 18.10 MB
[2026-06-16 02:45:30,113][finetune_logger][INFO] - Train memory allocated: 18.10 MB
2026-06-16 02:45:30 - finetune_logger - INFO - Current learning rate: 0.0005
[2026-06-16 02:45:30,114][finetune_logger][INFO] - Current learning rate: 0.0005
2026-06-16 02:45:34 - finetune_logger - INFO - Validation metrics: {'MAE': 0.030439587474743235, 'RMSE': 0.0442914027261509}
[2026-06-16 02:45:34,060][finetune_logger][INFO] - Validation metrics: {'MAE': 0.030439587474743235, 'RMSE': 0.0442914027261509}
2026-06-16 02:45:34 - finetune_logger - INFO - Val time: 3.95s
[2026-06-16 02:45:34,060][finetune_logger][INFO] - Val time: 3.95s
2026-06-16 02:45:34 - finetune_logger - INFO - Val memory reserved: 24.00 MB
[2026-06-16 02:45:34,060][finetune_logger][INFO] - Val memory reserved: 24.00 MB
2026-06-16 02:45:34 - finetune_logger - INFO - Val memory allocated: 18.10 MB
[2026-06-16 02:45:34,060][finetune_logger][INFO] - Val memory allocated: 18.10 MB
2026-06-16 02:45:34 - finetune_logger - INFO - Logged epoch 10 info to /public/home/202411094934/python_project/Spatio-Temporal-Library/time-series/2026-06-16/itransformer/finetune20/exchange_rate/time-series/seed_1/training_log.json
[2026-06-16 02:45:34,064][finetune_logger][INFO] - Logged epoch 10 info to /public/home/202411094934/python_project/Spatio-Temporal-Library/time-series/2026-06-16/itransformer/finetune20/exchange_rate/time-series/seed_1/training_log.json
2026-06-16 02:45:42 - finetune_logger - INFO - Test metrics: {'MAE': 0.025366691096620955, 'RMSE': 0.037023888213436315}
[2026-06-16 02:45:42,755][finetune_logger][INFO] - Test metrics: {'MAE': 0.025366691096620955, 'RMSE': 0.037023888213436315}
2026-06-16 02:45:42 - finetune_logger - INFO - Test time: 8.67s
[2026-06-16 02:45:42,756][finetune_logger][INFO] - Test time: 8.67s
2026-06-16 02:45:42 - finetune_logger - INFO - Test memory reserved: 24.00 MB
[2026-06-16 02:45:42,756][finetune_logger][INFO] - Test memory reserved: 24.00 MB
2026-06-16 02:45:42 - finetune_logger - INFO - Test memory allocated: 18.10 MB
[2026-06-16 02:45:42,756][finetune_logger][INFO] - Test memory allocated: 18.10 MB
2026-06-16 02:45:42 - finetune_logger - INFO - Epoch 11/20
[2026-06-16 02:45:42,756][finetune_logger][INFO] - Epoch 11/20
2026-06-16 02:46:58 - finetune_logger - INFO - Train loss: 0.01728918134259524
[2026-06-16 02:46:58,201][finetune_logger][INFO] - Train loss: 0.01728918134259524
2026-06-16 02:46:58 - finetune_logger - INFO - Train time: 75.44468402862549s
[2026-06-16 02:46:58,201][finetune_logger][INFO] - Train time: 75.44468402862549s
2026-06-16 02:46:58 - finetune_logger - INFO - Train memory reserved: 24.00 MB
[2026-06-16 02:46:58,202][finetune_logger][INFO] - Train memory reserved: 24.00 MB
2026-06-16 02:46:58 - finetune_logger - INFO - Train memory allocated: 18.10 MB
[2026-06-16 02:46:58,202][finetune_logger][INFO] - Train memory allocated: 18.10 MB
2026-06-16 02:46:58 - finetune_logger - INFO - Current learning rate: 0.00025
[2026-06-16 02:46:58,202][finetune_logger][INFO] - Current learning rate: 0.00025
2026-06-16 02:47:02 - finetune_logger - INFO - Validation metrics: {'MAE': 0.03020837040392176, 'RMSE': 0.04468443430219569}
[2026-06-16 02:47:02,140][finetune_logger][INFO] - Validation metrics: {'MAE': 0.03020837040392176, 'RMSE': 0.04468443430219569}
2026-06-16 02:47:02 - finetune_logger - INFO - Val time: 3.94s
[2026-06-16 02:47:02,140][finetune_logger][INFO] - Val time: 3.94s
2026-06-16 02:47:02 - finetune_logger - INFO - Val memory reserved: 24.00 MB
[2026-06-16 02:47:02,141][finetune_logger][INFO] - Val memory reserved: 24.00 MB
2026-06-16 02:47:02 - finetune_logger - INFO - Val memory allocated: 18.10 MB
[2026-06-16 02:47:02,141][finetune_logger][INFO] - Val memory allocated: 18.10 MB
2026-06-16 02:47:02 - finetune_logger - INFO - Logged epoch 11 info to /public/home/202411094934/python_project/Spatio-Temporal-Library/time-series/2026-06-16/itransformer/finetune20/exchange_rate/time-series/seed_1/training_log.json
[2026-06-16 02:47:02,144][finetune_logger][INFO] - Logged epoch 11 info to /public/home/202411094934/python_project/Spatio-Temporal-Library/time-series/2026-06-16/itransformer/finetune20/exchange_rate/time-series/seed_1/training_log.json
2026-06-16 02:47:10 - finetune_logger - INFO - Test metrics: {'MAE': 0.025210404895316757, 'RMSE': 0.036978771915965686}
[2026-06-16 02:47:10,830][finetune_logger][INFO] - Test metrics: {'MAE': 0.025210404895316757, 'RMSE': 0.036978771915965686}
2026-06-16 02:47:10 - finetune_logger - INFO - Test time: 8.69s
[2026-06-16 02:47:10,830][finetune_logger][INFO] - Test time: 8.69s
2026-06-16 02:47:10 - finetune_logger - INFO - Test memory reserved: 24.00 MB
[2026-06-16 02:47:10,831][finetune_logger][INFO] - Test memory reserved: 24.00 MB
2026-06-16 02:47:10 - finetune_logger - INFO - Test memory allocated: 18.10 MB
[2026-06-16 02:47:10,831][finetune_logger][INFO] - Test memory allocated: 18.10 MB
2026-06-16 02:47:10 - finetune_logger - INFO - Epoch 12/20
[2026-06-16 02:47:10,831][finetune_logger][INFO] - Epoch 12/20
2026-06-16 02:48:26 - finetune_logger - INFO - Train loss: 0.016831498391299195
[2026-06-16 02:48:26,165][finetune_logger][INFO] - Train loss: 0.016831498391299195
2026-06-16 02:48:26 - finetune_logger - INFO - Train time: 75.3341212272644s
[2026-06-16 02:48:26,166][finetune_logger][INFO] - Train time: 75.3341212272644s
2026-06-16 02:48:26 - finetune_logger - INFO - Train memory reserved: 24.00 MB
[2026-06-16 02:48:26,166][finetune_logger][INFO] - Train memory reserved: 24.00 MB
2026-06-16 02:48:26 - finetune_logger - INFO - Train memory allocated: 18.10 MB
[2026-06-16 02:48:26,166][finetune_logger][INFO] - Train memory allocated: 18.10 MB
2026-06-16 02:48:26 - finetune_logger - INFO - Current learning rate: 0.00025
[2026-06-16 02:48:26,166][finetune_logger][INFO] - Current learning rate: 0.00025
2026-06-16 02:48:30 - finetune_logger - INFO - Validation metrics: {'MAE': 0.029320107332280826, 'RMSE': 0.04337590430154065}
[2026-06-16 02:48:30,039][finetune_logger][INFO] - Validation metrics: {'MAE': 0.029320107332280826, 'RMSE': 0.04337590430154065}
2026-06-16 02:48:30 - finetune_logger - INFO - Val time: 3.87s
[2026-06-16 02:48:30,040][finetune_logger][INFO] - Val time: 3.87s
2026-06-16 02:48:30 - finetune_logger - INFO - Val memory reserved: 24.00 MB
[2026-06-16 02:48:30,040][finetune_logger][INFO] - Val memory reserved: 24.00 MB
2026-06-16 02:48:30 - finetune_logger - INFO - Val memory allocated: 18.10 MB
[2026-06-16 02:48:30,040][finetune_logger][INFO] - Val memory allocated: 18.10 MB
2026-06-16 02:48:30 - finetune_logger - INFO - Logged epoch 12 info to /public/home/202411094934/python_project/Spatio-Temporal-Library/time-series/2026-06-16/itransformer/finetune20/exchange_rate/time-series/seed_1/training_log.json
[2026-06-16 02:48:30,043][finetune_logger][INFO] - Logged epoch 12 info to /public/home/202411094934/python_project/Spatio-Temporal-Library/time-series/2026-06-16/itransformer/finetune20/exchange_rate/time-series/seed_1/training_log.json
2026-06-16 02:48:38 - finetune_logger - INFO - Test metrics: {'MAE': 0.024980931940688917, 'RMSE': 0.0367209237051208}
[2026-06-16 02:48:38,662][finetune_logger][INFO] - Test metrics: {'MAE': 0.024980931940688917, 'RMSE': 0.0367209237051208}
2026-06-16 02:48:38 - finetune_logger - INFO - Test time: 8.62s
[2026-06-16 02:48:38,662][finetune_logger][INFO] - Test time: 8.62s
2026-06-16 02:48:38 - finetune_logger - INFO - Test memory reserved: 24.00 MB
[2026-06-16 02:48:38,662][finetune_logger][INFO] - Test memory reserved: 24.00 MB
2026-06-16 02:48:38 - finetune_logger - INFO - Test memory allocated: 18.10 MB
[2026-06-16 02:48:38,662][finetune_logger][INFO] - Test memory allocated: 18.10 MB
2026-06-16 02:48:38 - finetune_logger - INFO - Epoch 13/20
[2026-06-16 02:48:38,662][finetune_logger][INFO] - Epoch 13/20
2026-06-16 02:49:54 - finetune_logger - INFO - Train loss: 0.016388533234078934
[2026-06-16 02:49:54,074][finetune_logger][INFO] - Train loss: 0.016388533234078934
2026-06-16 02:49:54 - finetune_logger - INFO - Train time: 75.41146850585938s
[2026-06-16 02:49:54,075][finetune_logger][INFO] - Train time: 75.41146850585938s
2026-06-16 02:49:54 - finetune_logger - INFO - Train memory reserved: 24.00 MB
[2026-06-16 02:49:54,075][finetune_logger][INFO] - Train memory reserved: 24.00 MB
2026-06-16 02:49:54 - finetune_logger - INFO - Train memory allocated: 18.10 MB
[2026-06-16 02:49:54,075][finetune_logger][INFO] - Train memory allocated: 18.10 MB
2026-06-16 02:49:54 - finetune_logger - INFO - Current learning rate: 0.00025
[2026-06-16 02:49:54,075][finetune_logger][INFO] - Current learning rate: 0.00025
2026-06-16 02:49:58 - finetune_logger - INFO - Validation metrics: {'MAE': 0.0296281969867217, 'RMSE': 0.04392949857973083}
[2026-06-16 02:49:58,018][finetune_logger][INFO] - Validation metrics: {'MAE': 0.0296281969867217, 'RMSE': 0.04392949857973083}
2026-06-16 02:49:58 - finetune_logger - INFO - Val time: 3.94s
[2026-06-16 02:49:58,018][finetune_logger][INFO] - Val time: 3.94s
2026-06-16 02:49:58 - finetune_logger - INFO - Val memory reserved: 24.00 MB
[2026-06-16 02:49:58,018][finetune_logger][INFO] - Val memory reserved: 24.00 MB
2026-06-16 02:49:58 - finetune_logger - INFO - Val memory allocated: 18.10 MB
[2026-06-16 02:49:58,019][finetune_logger][INFO] - Val memory allocated: 18.10 MB
2026-06-16 02:49:58 - finetune_logger - INFO - Logged epoch 13 info to /public/home/202411094934/python_project/Spatio-Temporal-Library/time-series/2026-06-16/itransformer/finetune20/exchange_rate/time-series/seed_1/training_log.json
[2026-06-16 02:49:58,022][finetune_logger][INFO] - Logged epoch 13 info to /public/home/202411094934/python_project/Spatio-Temporal-Library/time-series/2026-06-16/itransformer/finetune20/exchange_rate/time-series/seed_1/training_log.json
2026-06-16 02:50:06 - finetune_logger - INFO - Test metrics: {'MAE': 0.024349923711270087, 'RMSE': 0.03576672748409056}
[2026-06-16 02:50:06,674][finetune_logger][INFO] - Test metrics: {'MAE': 0.024349923711270087, 'RMSE': 0.03576672748409056}
2026-06-16 02:50:06 - finetune_logger - INFO - Test time: 8.65s
[2026-06-16 02:50:06,674][finetune_logger][INFO] - Test time: 8.65s
2026-06-16 02:50:06 - finetune_logger - INFO - Test memory reserved: 24.00 MB
[2026-06-16 02:50:06,674][finetune_logger][INFO] - Test memory reserved: 24.00 MB
2026-06-16 02:50:06 - finetune_logger - INFO - Test memory allocated: 18.10 MB
[2026-06-16 02:50:06,674][finetune_logger][INFO] - Test memory allocated: 18.10 MB
2026-06-16 02:50:06 - finetune_logger - INFO - Epoch 14/20
[2026-06-16 02:50:06,674][finetune_logger][INFO] - Epoch 14/20
2026-06-16 02:51:22 - finetune_logger - INFO - Train loss: 0.015951964430049766
[2026-06-16 02:51:22,076][finetune_logger][INFO] - Train loss: 0.015951964430049766
2026-06-16 02:51:22 - finetune_logger - INFO - Train time: 75.40158724784851s
[2026-06-16 02:51:22,077][finetune_logger][INFO] - Train time: 75.40158724784851s
2026-06-16 02:51:22 - finetune_logger - INFO - Train memory reserved: 24.00 MB
[2026-06-16 02:51:22,077][finetune_logger][INFO] - Train memory reserved: 24.00 MB
2026-06-16 02:51:22 - finetune_logger - INFO - Train memory allocated: 18.10 MB
[2026-06-16 02:51:22,077][finetune_logger][INFO] - Train memory allocated: 18.10 MB
2026-06-16 02:51:22 - finetune_logger - INFO - Current learning rate: 0.00025
[2026-06-16 02:51:22,077][finetune_logger][INFO] - Current learning rate: 0.00025
2026-06-16 02:51:26 - finetune_logger - INFO - Validation metrics: {'MAE': 0.030273918684564596, 'RMSE': 0.04501124124818486}
[2026-06-16 02:51:26,057][finetune_logger][INFO] - Validation metrics: {'MAE': 0.030273918684564596, 'RMSE': 0.04501124124818486}
2026-06-16 02:51:26 - finetune_logger - INFO - Val time: 3.98s
[2026-06-16 02:51:26,057][finetune_logger][INFO] - Val time: 3.98s
2026-06-16 02:51:26 - finetune_logger - INFO - Val memory reserved: 24.00 MB
[2026-06-16 02:51:26,057][finetune_logger][INFO] - Val memory reserved: 24.00 MB
2026-06-16 02:51:26 - finetune_logger - INFO - Val memory allocated: 18.10 MB
[2026-06-16 02:51:26,057][finetune_logger][INFO] - Val memory allocated: 18.10 MB
2026-06-16 02:51:26 - finetune_logger - INFO - Logged epoch 14 info to /public/home/202411094934/python_project/Spatio-Temporal-Library/time-series/2026-06-16/itransformer/finetune20/exchange_rate/time-series/seed_1/training_log.json
[2026-06-16 02:51:26,061][finetune_logger][INFO] - Logged epoch 14 info to /public/home/202411094934/python_project/Spatio-Temporal-Library/time-series/2026-06-16/itransformer/finetune20/exchange_rate/time-series/seed_1/training_log.json
2026-06-16 02:51:34 - finetune_logger - INFO - Test metrics: {'MAE': 0.023908183495867773, 'RMSE': 0.03494909328196344}
[2026-06-16 02:51:34,764][finetune_logger][INFO] - Test metrics: {'MAE': 0.023908183495867773, 'RMSE': 0.03494909328196344}
2026-06-16 02:51:34 - finetune_logger - INFO - Test time: 8.70s
[2026-06-16 02:51:34,764][finetune_logger][INFO] - Test time: 8.70s
2026-06-16 02:51:34 - finetune_logger - INFO - Test memory reserved: 24.00 MB
[2026-06-16 02:51:34,764][finetune_logger][INFO] - Test memory reserved: 24.00 MB
2026-06-16 02:51:34 - finetune_logger - INFO - Test memory allocated: 18.10 MB
[2026-06-16 02:51:34,764][finetune_logger][INFO] - Test memory allocated: 18.10 MB
2026-06-16 02:51:34 - finetune_logger - INFO - Epoch 15/20
[2026-06-16 02:51:34,764][finetune_logger][INFO] - Epoch 15/20
2026-06-16 02:52:50 - finetune_logger - INFO - Train loss: 0.01567834831434932
[2026-06-16 02:52:50,176][finetune_logger][INFO] - Train loss: 0.01567834831434932
2026-06-16 02:52:50 - finetune_logger - INFO - Train time: 75.41153049468994s
[2026-06-16 02:52:50,177][finetune_logger][INFO] - Train time: 75.41153049468994s
2026-06-16 02:52:50 - finetune_logger - INFO - Train memory reserved: 24.00 MB
[2026-06-16 02:52:50,177][finetune_logger][INFO] - Train memory reserved: 24.00 MB
2026-06-16 02:52:50 - finetune_logger - INFO - Train memory allocated: 18.10 MB
[2026-06-16 02:52:50,177][finetune_logger][INFO] - Train memory allocated: 18.10 MB
2026-06-16 02:52:50 - finetune_logger - INFO - Current learning rate: 0.00025
[2026-06-16 02:52:50,177][finetune_logger][INFO] - Current learning rate: 0.00025
2026-06-16 02:52:54 - finetune_logger - INFO - Validation metrics: {'MAE': 0.029572682901402237, 'RMSE': 0.04370917940130881}
[2026-06-16 02:52:54,196][finetune_logger][INFO] - Validation metrics: {'MAE': 0.029572682901402237, 'RMSE': 0.04370917940130881}
2026-06-16 02:52:54 - finetune_logger - INFO - Val time: 4.02s
[2026-06-16 02:52:54,196][finetune_logger][INFO] - Val time: 4.02s
2026-06-16 02:52:54 - finetune_logger - INFO - Val memory reserved: 24.00 MB
[2026-06-16 02:52:54,196][finetune_logger][INFO] - Val memory reserved: 24.00 MB
2026-06-16 02:52:54 - finetune_logger - INFO - Val memory allocated: 18.10 MB
[2026-06-16 02:52:54,196][finetune_logger][INFO] - Val memory allocated: 18.10 MB
2026-06-16 02:52:54 - finetune_logger - INFO - Logged epoch 15 info to /public/home/202411094934/python_project/Spatio-Temporal-Library/time-series/2026-06-16/itransformer/finetune20/exchange_rate/time-series/seed_1/training_log.json
[2026-06-16 02:52:54,200][finetune_logger][INFO] - Logged epoch 15 info to /public/home/202411094934/python_project/Spatio-Temporal-Library/time-series/2026-06-16/itransformer/finetune20/exchange_rate/time-series/seed_1/training_log.json
2026-06-16 02:53:04 - finetune_logger - INFO - Test metrics: {'MAE': 0.025158556721238064, 'RMSE': 0.03699635006664196}
[2026-06-16 02:53:04,493][finetune_logger][INFO] - Test metrics: {'MAE': 0.025158556721238064, 'RMSE': 0.03699635006664196}
2026-06-16 02:53:04 - finetune_logger - INFO - Test time: 10.29s
[2026-06-16 02:53:04,494][finetune_logger][INFO] - Test time: 10.29s
2026-06-16 02:53:04 - finetune_logger - INFO - Test memory reserved: 24.00 MB
[2026-06-16 02:53:04,494][finetune_logger][INFO] - Test memory reserved: 24.00 MB
2026-06-16 02:53:04 - finetune_logger - INFO - Test memory allocated: 18.10 MB
[2026-06-16 02:53:04,494][finetune_logger][INFO] - Test memory allocated: 18.10 MB
2026-06-16 02:53:04 - finetune_logger - INFO - Epoch 16/20
[2026-06-16 02:53:04,494][finetune_logger][INFO] - Epoch 16/20
2026-06-16 02:54:19 - finetune_logger - INFO - Train loss: 0.015328860863519313
[2026-06-16 02:54:19,975][finetune_logger][INFO] - Train loss: 0.015328860863519313
2026-06-16 02:54:19 - finetune_logger - INFO - Train time: 75.48078107833862s
[2026-06-16 02:54:19,976][finetune_logger][INFO] - Train time: 75.48078107833862s
2026-06-16 02:54:19 - finetune_logger - INFO - Train memory reserved: 24.00 MB
[2026-06-16 02:54:19,976][finetune_logger][INFO] - Train memory reserved: 24.00 MB
2026-06-16 02:54:19 - finetune_logger - INFO - Train memory allocated: 18.10 MB
[2026-06-16 02:54:19,976][finetune_logger][INFO] - Train memory allocated: 18.10 MB
2026-06-16 02:54:19 - finetune_logger - INFO - Current learning rate: 0.00025
[2026-06-16 02:54:19,976][finetune_logger][INFO] - Current learning rate: 0.00025
2026-06-16 02:54:23 - finetune_logger - INFO - Validation metrics: {'MAE': 0.02930610334578435, 'RMSE': 0.04358281605834393}
[2026-06-16 02:54:23,932][finetune_logger][INFO] - Validation metrics: {'MAE': 0.02930610334578435, 'RMSE': 0.04358281605834393}
2026-06-16 02:54:23 - finetune_logger - INFO - Val time: 3.96s
[2026-06-16 02:54:23,932][finetune_logger][INFO] - Val time: 3.96s
2026-06-16 02:54:23 - finetune_logger - INFO - Val memory reserved: 24.00 MB
[2026-06-16 02:54:23,932][finetune_logger][INFO] - Val memory reserved: 24.00 MB
2026-06-16 02:54:23 - finetune_logger - INFO - Val memory allocated: 18.10 MB
[2026-06-16 02:54:23,932][finetune_logger][INFO] - Val memory allocated: 18.10 MB
2026-06-16 02:54:23 - finetune_logger - INFO - Logged epoch 16 info to /public/home/202411094934/python_project/Spatio-Temporal-Library/time-series/2026-06-16/itransformer/finetune20/exchange_rate/time-series/seed_1/training_log.json
[2026-06-16 02:54:23,936][finetune_logger][INFO] - Logged epoch 16 info to /public/home/202411094934/python_project/Spatio-Temporal-Library/time-series/2026-06-16/itransformer/finetune20/exchange_rate/time-series/seed_1/training_log.json
2026-06-16 02:54:32 - finetune_logger - INFO - Test metrics: {'MAE': 0.024315191516092703, 'RMSE': 0.035971765002660167}
[2026-06-16 02:54:32,590][finetune_logger][INFO] - Test metrics: {'MAE': 0.024315191516092703, 'RMSE': 0.035971765002660167}
2026-06-16 02:54:32 - finetune_logger - INFO - Test time: 8.65s
[2026-06-16 02:54:32,590][finetune_logger][INFO] - Test time: 8.65s
2026-06-16 02:54:32 - finetune_logger - INFO - Test memory reserved: 24.00 MB
[2026-06-16 02:54:32,590][finetune_logger][INFO] - Test memory reserved: 24.00 MB
2026-06-16 02:54:32 - finetune_logger - INFO - Test memory allocated: 18.10 MB
[2026-06-16 02:54:32,590][finetune_logger][INFO] - Test memory allocated: 18.10 MB
2026-06-16 02:54:32 - finetune_logger - INFO - Epoch 17/20
[2026-06-16 02:54:32,591][finetune_logger][INFO] - Epoch 17/20
2026-06-16 02:55:48 - finetune_logger - INFO - Train loss: 0.01501592790700203
[2026-06-16 02:55:48,083][finetune_logger][INFO] - Train loss: 0.01501592790700203
2026-06-16 02:55:48 - finetune_logger - INFO - Train time: 75.4921543598175s
[2026-06-16 02:55:48,084][finetune_logger][INFO] - Train time: 75.4921543598175s
2026-06-16 02:55:48 - finetune_logger - INFO - Train memory reserved: 24.00 MB
[2026-06-16 02:55:48,084][finetune_logger][INFO] - Train memory reserved: 24.00 MB
2026-06-16 02:55:48 - finetune_logger - INFO - Train memory allocated: 18.10 MB
[2026-06-16 02:55:48,084][finetune_logger][INFO] - Train memory allocated: 18.10 MB
2026-06-16 02:55:48 - finetune_logger - INFO - Current learning rate: 0.00025
[2026-06-16 02:55:48,084][finetune_logger][INFO] - Current learning rate: 0.00025
2026-06-16 02:55:52 - finetune_logger - INFO - Validation metrics: {'MAE': 0.031579564001492685, 'RMSE': 0.04693436833694727}
[2026-06-16 02:55:52,059][finetune_logger][INFO] - Validation metrics: {'MAE': 0.031579564001492685, 'RMSE': 0.04693436833694727}
2026-06-16 02:55:52 - finetune_logger - INFO - Val time: 3.97s
[2026-06-16 02:55:52,059][finetune_logger][INFO] - Val time: 3.97s
2026-06-16 02:55:52 - finetune_logger - INFO - Val memory reserved: 24.00 MB
[2026-06-16 02:55:52,059][finetune_logger][INFO] - Val memory reserved: 24.00 MB
2026-06-16 02:55:52 - finetune_logger - INFO - Val memory allocated: 18.10 MB
[2026-06-16 02:55:52,059][finetune_logger][INFO] - Val memory allocated: 18.10 MB
2026-06-16 02:55:52 - finetune_logger - INFO - Logged epoch 17 info to /public/home/202411094934/python_project/Spatio-Temporal-Library/time-series/2026-06-16/itransformer/finetune20/exchange_rate/time-series/seed_1/training_log.json
[2026-06-16 02:55:52,063][finetune_logger][INFO] - Logged epoch 17 info to /public/home/202411094934/python_project/Spatio-Temporal-Library/time-series/2026-06-16/itransformer/finetune20/exchange_rate/time-series/seed_1/training_log.json
2026-06-16 02:56:00 - finetune_logger - INFO - Test metrics: {'MAE': 0.024808678696450683, 'RMSE': 0.036635387708032166}
[2026-06-16 02:56:00,703][finetune_logger][INFO] - Test metrics: {'MAE': 0.024808678696450683, 'RMSE': 0.036635387708032166}
2026-06-16 02:56:00 - finetune_logger - INFO - Test time: 8.64s
[2026-06-16 02:56:00,703][finetune_logger][INFO] - Test time: 8.64s
2026-06-16 02:56:00 - finetune_logger - INFO - Test memory reserved: 24.00 MB
[2026-06-16 02:56:00,704][finetune_logger][INFO] - Test memory reserved: 24.00 MB
2026-06-16 02:56:00 - finetune_logger - INFO - Test memory allocated: 18.10 MB
[2026-06-16 02:56:00,704][finetune_logger][INFO] - Test memory allocated: 18.10 MB
2026-06-16 02:56:00 - finetune_logger - INFO - Epoch 18/20
[2026-06-16 02:56:00,704][finetune_logger][INFO] - Epoch 18/20
2026-06-16 02:57:16 - finetune_logger - INFO - Train loss: 0.014687075933476094
[2026-06-16 02:57:16,098][finetune_logger][INFO] - Train loss: 0.014687075933476094
2026-06-16 02:57:16 - finetune_logger - INFO - Train time: 75.39363598823547s
[2026-06-16 02:57:16,098][finetune_logger][INFO] - Train time: 75.39363598823547s
2026-06-16 02:57:16 - finetune_logger - INFO - Train memory reserved: 24.00 MB
[2026-06-16 02:57:16,098][finetune_logger][INFO] - Train memory reserved: 24.00 MB
2026-06-16 02:57:16 - finetune_logger - INFO - Train memory allocated: 18.10 MB
[2026-06-16 02:57:16,099][finetune_logger][INFO] - Train memory allocated: 18.10 MB
2026-06-16 02:57:16 - finetune_logger - INFO - Current learning rate: 0.00025
[2026-06-16 02:57:16,099][finetune_logger][INFO] - Current learning rate: 0.00025
2026-06-16 02:57:20 - finetune_logger - INFO - Validation metrics: {'MAE': 0.030497695260105394, 'RMSE': 0.045404790132260224}
[2026-06-16 02:57:20,040][finetune_logger][INFO] - Validation metrics: {'MAE': 0.030497695260105394, 'RMSE': 0.045404790132260224}
2026-06-16 02:57:20 - finetune_logger - INFO - Val time: 3.94s
[2026-06-16 02:57:20,041][finetune_logger][INFO] - Val time: 3.94s
2026-06-16 02:57:20 - finetune_logger - INFO - Val memory reserved: 24.00 MB
[2026-06-16 02:57:20,041][finetune_logger][INFO] - Val memory reserved: 24.00 MB
2026-06-16 02:57:20 - finetune_logger - INFO - Val memory allocated: 18.10 MB
[2026-06-16 02:57:20,041][finetune_logger][INFO] - Val memory allocated: 18.10 MB
2026-06-16 02:57:20 - finetune_logger - INFO - Logged epoch 18 info to /public/home/202411094934/python_project/Spatio-Temporal-Library/time-series/2026-06-16/itransformer/finetune20/exchange_rate/time-series/seed_1/training_log.json
[2026-06-16 02:57:20,044][finetune_logger][INFO] - Logged epoch 18 info to /public/home/202411094934/python_project/Spatio-Temporal-Library/time-series/2026-06-16/itransformer/finetune20/exchange_rate/time-series/seed_1/training_log.json
2026-06-16 02:57:28 - finetune_logger - INFO - Test metrics: {'MAE': 0.02488036287205785, 'RMSE': 0.036815486958138355}
[2026-06-16 02:57:28,623][finetune_logger][INFO] - Test metrics: {'MAE': 0.02488036287205785, 'RMSE': 0.036815486958138355}
2026-06-16 02:57:28 - finetune_logger - INFO - Test time: 8.58s
[2026-06-16 02:57:28,624][finetune_logger][INFO] - Test time: 8.58s
2026-06-16 02:57:28 - finetune_logger - INFO - Test memory reserved: 24.00 MB
[2026-06-16 02:57:28,624][finetune_logger][INFO] - Test memory reserved: 24.00 MB
2026-06-16 02:57:28 - finetune_logger - INFO - Test memory allocated: 18.10 MB
[2026-06-16 02:57:28,624][finetune_logger][INFO] - Test memory allocated: 18.10 MB
2026-06-16 02:57:28 - finetune_logger - INFO - Epoch 19/20
[2026-06-16 02:57:28,624][finetune_logger][INFO] - Epoch 19/20
2026-06-16 02:58:44 - finetune_logger - INFO - Train loss: 0.014523775954111827
[2026-06-16 02:58:44,048][finetune_logger][INFO] - Train loss: 0.014523775954111827
2026-06-16 02:58:44 - finetune_logger - INFO - Train time: 75.42385935783386s
[2026-06-16 02:58:44,049][finetune_logger][INFO] - Train time: 75.42385935783386s
2026-06-16 02:58:44 - finetune_logger - INFO - Train memory reserved: 24.00 MB
[2026-06-16 02:58:44,049][finetune_logger][INFO] - Train memory reserved: 24.00 MB
2026-06-16 02:58:44 - finetune_logger - INFO - Train memory allocated: 18.10 MB
[2026-06-16 02:58:44,049][finetune_logger][INFO] - Train memory allocated: 18.10 MB
2026-06-16 02:58:44 - finetune_logger - INFO - Current learning rate: 0.00025
[2026-06-16 02:58:44,049][finetune_logger][INFO] - Current learning rate: 0.00025
2026-06-16 02:58:47 - finetune_logger - INFO - Validation metrics: {'MAE': 0.03128433878909406, 'RMSE': 0.04664781441538052}
[2026-06-16 02:58:47,971][finetune_logger][INFO] - Validation metrics: {'MAE': 0.03128433878909406, 'RMSE': 0.04664781441538052}
2026-06-16 02:58:47 - finetune_logger - INFO - Val time: 3.92s
[2026-06-16 02:58:47,972][finetune_logger][INFO] - Val time: 3.92s
2026-06-16 02:58:47 - finetune_logger - INFO - Val memory reserved: 24.00 MB
[2026-06-16 02:58:47,972][finetune_logger][INFO] - Val memory reserved: 24.00 MB
2026-06-16 02:58:47 - finetune_logger - INFO - Val memory allocated: 18.10 MB
[2026-06-16 02:58:47,972][finetune_logger][INFO] - Val memory allocated: 18.10 MB
2026-06-16 02:58:47 - finetune_logger - INFO - Logged epoch 19 info to /public/home/202411094934/python_project/Spatio-Temporal-Library/time-series/2026-06-16/itransformer/finetune20/exchange_rate/time-series/seed_1/training_log.json
[2026-06-16 02:58:47,976][finetune_logger][INFO] - Logged epoch 19 info to /public/home/202411094934/python_project/Spatio-Temporal-Library/time-series/2026-06-16/itransformer/finetune20/exchange_rate/time-series/seed_1/training_log.json
2026-06-16 02:58:56 - finetune_logger - INFO - Test metrics: {'MAE': 0.025565274033984287, 'RMSE': 0.0374403902332452}
[2026-06-16 02:58:56,612][finetune_logger][INFO] - Test metrics: {'MAE': 0.025565274033984287, 'RMSE': 0.0374403902332452}
2026-06-16 02:58:56 - finetune_logger - INFO - Test time: 8.64s
[2026-06-16 02:58:56,613][finetune_logger][INFO] - Test time: 8.64s
2026-06-16 02:58:56 - finetune_logger - INFO - Test memory reserved: 24.00 MB
[2026-06-16 02:58:56,613][finetune_logger][INFO] - Test memory reserved: 24.00 MB
2026-06-16 02:58:56 - finetune_logger - INFO - Test memory allocated: 18.10 MB
[2026-06-16 02:58:56,613][finetune_logger][INFO] - Test memory allocated: 18.10 MB
2026-06-16 02:58:56 - finetune_logger - INFO - Epoch 20/20
[2026-06-16 02:58:56,613][finetune_logger][INFO] - Epoch 20/20
2026-06-16 03:00:12 - finetune_logger - INFO - Train loss: 0.014254498128875701
[2026-06-16 03:00:12,127][finetune_logger][INFO] - Train loss: 0.014254498128875701
2026-06-16 03:00:12 - finetune_logger - INFO - Train time: 75.51373529434204s
[2026-06-16 03:00:12,128][finetune_logger][INFO] - Train time: 75.51373529434204s
2026-06-16 03:00:12 - finetune_logger - INFO - Train memory reserved: 24.00 MB
[2026-06-16 03:00:12,128][finetune_logger][INFO] - Train memory reserved: 24.00 MB
2026-06-16 03:00:12 - finetune_logger - INFO - Train memory allocated: 18.10 MB
[2026-06-16 03:00:12,128][finetune_logger][INFO] - Train memory allocated: 18.10 MB
2026-06-16 03:00:12 - finetune_logger - INFO - Current learning rate: 0.00025
[2026-06-16 03:00:12,128][finetune_logger][INFO] - Current learning rate: 0.00025
2026-06-16 03:00:16 - finetune_logger - INFO - Validation metrics: {'MAE': 0.03104590417383974, 'RMSE': 0.04622649838759105}
[2026-06-16 03:00:16,030][finetune_logger][INFO] - Validation metrics: {'MAE': 0.03104590417383974, 'RMSE': 0.04622649838759105}
2026-06-16 03:00:16 - finetune_logger - INFO - Val time: 3.90s
[2026-06-16 03:00:16,031][finetune_logger][INFO] - Val time: 3.90s
2026-06-16 03:00:16 - finetune_logger - INFO - Val memory reserved: 24.00 MB
[2026-06-16 03:00:16,031][finetune_logger][INFO] - Val memory reserved: 24.00 MB
2026-06-16 03:00:16 - finetune_logger - INFO - Val memory allocated: 18.10 MB
[2026-06-16 03:00:16,031][finetune_logger][INFO] - Val memory allocated: 18.10 MB
2026-06-16 03:00:16 - finetune_logger - INFO - Logged epoch 20 info to /public/home/202411094934/python_project/Spatio-Temporal-Library/time-series/2026-06-16/itransformer/finetune20/exchange_rate/time-series/seed_1/training_log.json
[2026-06-16 03:00:16,035][finetune_logger][INFO] - Logged epoch 20 info to /public/home/202411094934/python_project/Spatio-Temporal-Library/time-series/2026-06-16/itransformer/finetune20/exchange_rate/time-series/seed_1/training_log.json
2026-06-16 03:00:24 - finetune_logger - INFO - Test metrics: {'MAE': 0.025153195736723435, 'RMSE': 0.03717347300579005}
[2026-06-16 03:00:24,728][finetune_logger][INFO] - Test metrics: {'MAE': 0.025153195736723435, 'RMSE': 0.03717347300579005}
2026-06-16 03:00:24 - finetune_logger - INFO - Test time: 8.67s
[2026-06-16 03:00:24,728][finetune_logger][INFO] - Test time: 8.67s
2026-06-16 03:00:24 - finetune_logger - INFO - Test memory reserved: 24.00 MB
[2026-06-16 03:00:24,728][finetune_logger][INFO] - Test memory reserved: 24.00 MB
2026-06-16 03:00:24 - finetune_logger - INFO - Test memory allocated: 18.10 MB
[2026-06-16 03:00:24,729][finetune_logger][INFO] - Test memory allocated: 18.10 MB
2026-06-16 03:00:24 - finetune_logger - INFO - Training completed. Best epoch: 6, Best val loss: 0.024877
[2026-06-16 03:00:24,729][finetune_logger][INFO] - Training completed. Best epoch: 6, Best val loss: 0.024877
2026-06-16 03:00:24 - finetune_logger - INFO - Loaded checkpoint from epoch 6
[2026-06-16 03:00:24,761][finetune_logger][INFO] - Loaded checkpoint from epoch 6
2026-06-16 03:00:24 - finetune_logger - INFO - Evaluating best model on test sets...
[2026-06-16 03:00:24,762][finetune_logger][INFO] - Evaluating best model on test sets...
2026-06-16 03:00:33 - finetune_logger - INFO - Test metrics: {'MAE': 0.021510698018401036, 'RMSE': 0.032153330626897424}
[2026-06-16 03:00:33,495][finetune_logger][INFO] - Test metrics: {'MAE': 0.021510698018401036, 'RMSE': 0.032153330626897424}
2026-06-16 03:00:33 - finetune_logger - INFO - Test time: 8.73s
[2026-06-16 03:00:33,495][finetune_logger][INFO] - Test time: 8.73s
2026-06-16 03:00:33 - finetune_logger - INFO - Test memory reserved: 26.00 MB
[2026-06-16 03:00:33,495][finetune_logger][INFO] - Test memory reserved: 26.00 MB
2026-06-16 03:00:33 - finetune_logger - INFO - Test memory allocated: 18.14 MB
[2026-06-16 03:00:33,495][finetune_logger][INFO] - Test memory allocated: 18.14 MB
2026-06-16 03:00:33 - finetune_logger - INFO - Logged epoch test info to /public/home/202411094934/python_project/Spatio-Temporal-Library/time-series/2026-06-16/itransformer/finetune20/exchange_rate/time-series/seed_1/training_log.json
[2026-06-16 03:00:33,498][finetune_logger][INFO] - Logged epoch test info to /public/home/202411094934/python_project/Spatio-Temporal-Library/time-series/2026-06-16/itransformer/finetune20/exchange_rate/time-series/seed_1/training_log.json
2026-06-16 10:54:44 - finetune_logger - INFO - No pretrained checkpoint is provided. Finetuning from scratch.
[2026-06-16 10:54:44,540][finetune_logger][INFO] - No pretrained checkpoint is provided. Finetuning from scratch.
2026-06-16 10:54:44 - finetune_logger - INFO - Model parameters: 158,912
[2026-06-16 10:54:44,544][finetune_logger][INFO] - Model parameters: 158,912
2026-06-16 10:54:44 - finetune_logger - INFO - Log file already exists at /public/home/202411094934/python_project/Spatio-Temporal-Library/time-series/2026-06-16/itransformer/finetune20/exchange_rate/time-series/seed_1/training_log.json, appending to it.
[2026-06-16 10:54:44,546][finetune_logger][INFO] - Log file already exists at /public/home/202411094934/python_project/Spatio-Temporal-Library/time-series/2026-06-16/itransformer/finetune20/exchange_rate/time-series/seed_1/training_log.json, appending to it.
2026-06-16 10:54:44 - finetune_logger - INFO - Starting training...
[2026-06-16 10:54:44,546][finetune_logger][INFO] - Starting training...
2026-06-16 10:54:44 - finetune_logger - INFO - Epoch 1/20
[2026-06-16 10:54:44,546][finetune_logger][INFO] - Epoch 1/20
2026-06-16 10:56:02 - finetune_logger - INFO - Train loss: 0.028513085007920956
[2026-06-16 10:56:02,346][finetune_logger][INFO] - Train loss: 0.028513085007920956
2026-06-16 10:56:02 - finetune_logger - INFO - Train time: 77.79917812347412s
[2026-06-16 10:56:02,346][finetune_logger][INFO] - Train time: 77.79917812347412s
2026-06-16 10:56:02 - finetune_logger - INFO - Train memory reserved: 24.00 MB
[2026-06-16 10:56:02,346][finetune_logger][INFO] - Train memory reserved: 24.00 MB
2026-06-16 10:56:02 - finetune_logger - INFO - Train memory allocated: 18.10 MB
[2026-06-16 10:56:02,346][finetune_logger][INFO] - Train memory allocated: 18.10 MB
2026-06-16 10:56:02 - finetune_logger - INFO - Current learning rate: 0.0005
[2026-06-16 10:56:02,347][finetune_logger][INFO] - Current learning rate: 0.0005
2026-06-16 10:56:06 - finetune_logger - INFO - Validation metrics: {'MAE': 0.025867831119323257, 'RMSE': 0.03818084827252106}
[2026-06-16 10:56:06,367][finetune_logger][INFO] - Validation metrics: {'MAE': 0.025867831119323257, 'RMSE': 0.03818084827252106}
2026-06-16 10:56:06 - finetune_logger - INFO - Val time: 4.02s
[2026-06-16 10:56:06,368][finetune_logger][INFO] - Val time: 4.02s
2026-06-16 10:56:06 - finetune_logger - INFO - Val memory reserved: 24.00 MB
[2026-06-16 10:56:06,368][finetune_logger][INFO] - Val memory reserved: 24.00 MB
2026-06-16 10:56:06 - finetune_logger - INFO - Val memory allocated: 18.10 MB
[2026-06-16 10:56:06,368][finetune_logger][INFO] - Val memory allocated: 18.10 MB
2026-06-16 10:56:06 - finetune_logger - INFO - Logged epoch 1 info to /public/home/202411094934/python_project/Spatio-Temporal-Library/time-series/2026-06-16/itransformer/finetune20/exchange_rate/time-series/seed_1/training_log.json
[2026-06-16 10:56:06,373][finetune_logger][INFO] - Logged epoch 1 info to /public/home/202411094934/python_project/Spatio-Temporal-Library/time-series/2026-06-16/itransformer/finetune20/exchange_rate/time-series/seed_1/training_log.json
2026-06-16 10:56:06 - finetune_logger - INFO - New best model! Val loss: 0.025868
[2026-06-16 10:56:06,373][finetune_logger][INFO] - New best model! Val loss: 0.025868
2026-06-16 10:56:15 - finetune_logger - INFO - Test metrics: {'MAE': 0.021911638058704285, 'RMSE': 0.03252397580190177}
[2026-06-16 10:56:15,288][finetune_logger][INFO] - Test metrics: {'MAE': 0.021911638058704285, 'RMSE': 0.03252397580190177}
2026-06-16 10:56:15 - finetune_logger - INFO - Test time: 8.87s
[2026-06-16 10:56:15,288][finetune_logger][INFO] - Test time: 8.87s
2026-06-16 10:56:15 - finetune_logger - INFO - Test memory reserved: 24.00 MB
[2026-06-16 10:56:15,288][finetune_logger][INFO] - Test memory reserved: 24.00 MB
2026-06-16 10:56:15 - finetune_logger - INFO - Test memory allocated: 18.10 MB
[2026-06-16 10:56:15,289][finetune_logger][INFO] - Test memory allocated: 18.10 MB
2026-06-16 10:56:15 - finetune_logger - INFO - Epoch 2/20
[2026-06-16 10:56:15,289][finetune_logger][INFO] - Epoch 2/20
2026-06-16 10:57:32 - finetune_logger - INFO - Train loss: 0.0234748515152354
[2026-06-16 10:57:32,772][finetune_logger][INFO] - Train loss: 0.0234748515152354
2026-06-16 10:57:32 - finetune_logger - INFO - Train time: 77.48259091377258s
[2026-06-16 10:57:32,772][finetune_logger][INFO] - Train time: 77.48259091377258s
2026-06-16 10:57:32 - finetune_logger - INFO - Train memory reserved: 24.00 MB
[2026-06-16 10:57:32,772][finetune_logger][INFO] - Train memory reserved: 24.00 MB
2026-06-16 10:57:32 - finetune_logger - INFO - Train memory allocated: 18.10 MB
[2026-06-16 10:57:32,772][finetune_logger][INFO] - Train memory allocated: 18.10 MB
2026-06-16 10:57:32 - finetune_logger - INFO - Current learning rate: 0.0005
[2026-06-16 10:57:32,772][finetune_logger][INFO] - Current learning rate: 0.0005
2026-06-16 10:57:36 - finetune_logger - INFO - Validation metrics: {'MAE': 0.026254021790374837, 'RMSE': 0.03811918669722782}
[2026-06-16 10:57:36,733][finetune_logger][INFO] - Validation metrics: {'MAE': 0.026254021790374837, 'RMSE': 0.03811918669722782}
2026-06-16 10:57:36 - finetune_logger - INFO - Val time: 3.96s
[2026-06-16 10:57:36,734][finetune_logger][INFO] - Val time: 3.96s
2026-06-16 10:57:36 - finetune_logger - INFO - Val memory reserved: 24.00 MB
[2026-06-16 10:57:36,734][finetune_logger][INFO] - Val memory reserved: 24.00 MB
2026-06-16 10:57:36 - finetune_logger - INFO - Val memory allocated: 18.10 MB
[2026-06-16 10:57:36,734][finetune_logger][INFO] - Val memory allocated: 18.10 MB
2026-06-16 10:57:36 - finetune_logger - INFO - Logged epoch 2 info to /public/home/202411094934/python_project/Spatio-Temporal-Library/time-series/2026-06-16/itransformer/finetune20/exchange_rate/time-series/seed_1/training_log.json
[2026-06-16 10:57:36,737][finetune_logger][INFO] - Logged epoch 2 info to /public/home/202411094934/python_project/Spatio-Temporal-Library/time-series/2026-06-16/itransformer/finetune20/exchange_rate/time-series/seed_1/training_log.json
2026-06-16 10:57:45 - finetune_logger - INFO - Test metrics: {'MAE': 0.023077702011966076, 'RMSE': 0.03326095781536612}
[2026-06-16 10:57:45,541][finetune_logger][INFO] - Test metrics: {'MAE': 0.023077702011966076, 'RMSE': 0.03326095781536612}
2026-06-16 10:57:45 - finetune_logger - INFO - Test time: 8.80s
[2026-06-16 10:57:45,541][finetune_logger][INFO] - Test time: 8.80s
2026-06-16 10:57:45 - finetune_logger - INFO - Test memory reserved: 24.00 MB
[2026-06-16 10:57:45,541][finetune_logger][INFO] - Test memory reserved: 24.00 MB
2026-06-16 10:57:45 - finetune_logger - INFO - Test memory allocated: 18.10 MB
[2026-06-16 10:57:45,541][finetune_logger][INFO] - Test memory allocated: 18.10 MB
2026-06-16 10:57:45 - finetune_logger - INFO - Epoch 3/20
[2026-06-16 10:57:45,541][finetune_logger][INFO] - Epoch 3/20
2026-06-16 10:59:02 - finetune_logger - INFO - Train loss: 0.022953249664042844
[2026-06-16 10:59:02,671][finetune_logger][INFO] - Train loss: 0.022953249664042844
2026-06-16 10:59:02 - finetune_logger - INFO - Train time: 77.12982439994812s
[2026-06-16 10:59:02,672][finetune_logger][INFO] - Train time: 77.12982439994812s
2026-06-16 10:59:02 - finetune_logger - INFO - Train memory reserved: 24.00 MB
[2026-06-16 10:59:02,672][finetune_logger][INFO] - Train memory reserved: 24.00 MB
2026-06-16 10:59:02 - finetune_logger - INFO - Train memory allocated: 18.10 MB
[2026-06-16 10:59:02,672][finetune_logger][INFO] - Train memory allocated: 18.10 MB
2026-06-16 10:59:02 - finetune_logger - INFO - Current learning rate: 0.0005
[2026-06-16 10:59:02,672][finetune_logger][INFO] - Current learning rate: 0.0005
2026-06-16 10:59:06 - finetune_logger - INFO - Validation metrics: {'MAE': 0.025136143017271403, 'RMSE': 0.03698507237209237}
[2026-06-16 10:59:06,696][finetune_logger][INFO] - Validation metrics: {'MAE': 0.025136143017271403, 'RMSE': 0.03698507237209237}
2026-06-16 10:59:06 - finetune_logger - INFO - Val time: 4.02s
[2026-06-16 10:59:06,697][finetune_logger][INFO] - Val time: 4.02s
2026-06-16 10:59:06 - finetune_logger - INFO - Val memory reserved: 24.00 MB
[2026-06-16 10:59:06,697][finetune_logger][INFO] - Val memory reserved: 24.00 MB
2026-06-16 10:59:06 - finetune_logger - INFO - Val memory allocated: 18.10 MB
[2026-06-16 10:59:06,697][finetune_logger][INFO] - Val memory allocated: 18.10 MB
2026-06-16 10:59:06 - finetune_logger - INFO - Logged epoch 3 info to /public/home/202411094934/python_project/Spatio-Temporal-Library/time-series/2026-06-16/itransformer/finetune20/exchange_rate/time-series/seed_1/training_log.json
[2026-06-16 10:59:06,700][finetune_logger][INFO] - Logged epoch 3 info to /public/home/202411094934/python_project/Spatio-Temporal-Library/time-series/2026-06-16/itransformer/finetune20/exchange_rate/time-series/seed_1/training_log.json
2026-06-16 10:59:06 - finetune_logger - INFO - New best model! Val loss: 0.025136
[2026-06-16 10:59:06,700][finetune_logger][INFO] - New best model! Val loss: 0.025136
2026-06-16 10:59:15 - finetune_logger - INFO - Test metrics: {'MAE': 0.02231731374093767, 'RMSE': 0.03296490867778392}
[2026-06-16 10:59:15,624][finetune_logger][INFO] - Test metrics: {'MAE': 0.02231731374093767, 'RMSE': 0.03296490867778392}
2026-06-16 10:59:15 - finetune_logger - INFO - Test time: 8.88s
[2026-06-16 10:59:15,625][finetune_logger][INFO] - Test time: 8.88s
2026-06-16 10:59:15 - finetune_logger - INFO - Test memory reserved: 24.00 MB
[2026-06-16 10:59:15,625][finetune_logger][INFO] - Test memory reserved: 24.00 MB
2026-06-16 10:59:15 - finetune_logger - INFO - Test memory allocated: 18.10 MB
[2026-06-16 10:59:15,625][finetune_logger][INFO] - Test memory allocated: 18.10 MB
2026-06-16 10:59:15 - finetune_logger - INFO - Epoch 4/20
[2026-06-16 10:59:15,625][finetune_logger][INFO] - Epoch 4/20
2026-06-16 11:00:32 - finetune_logger - INFO - Train loss: 0.02239154308777935
[2026-06-16 11:00:32,832][finetune_logger][INFO] - Train loss: 0.02239154308777935
2026-06-16 11:00:32 - finetune_logger - INFO - Train time: 77.20701432228088s
[2026-06-16 11:00:32,833][finetune_logger][INFO] - Train time: 77.20701432228088s
2026-06-16 11:00:32 - finetune_logger - INFO - Train memory reserved: 24.00 MB
[2026-06-16 11:00:32,833][finetune_logger][INFO] - Train memory reserved: 24.00 MB
2026-06-16 11:00:32 - finetune_logger - INFO - Train memory allocated: 18.10 MB
[2026-06-16 11:00:32,833][finetune_logger][INFO] - Train memory allocated: 18.10 MB
2026-06-16 11:00:32 - finetune_logger - INFO - Current learning rate: 0.0005
[2026-06-16 11:00:32,833][finetune_logger][INFO] - Current learning rate: 0.0005
2026-06-16 11:00:36 - finetune_logger - INFO - Validation metrics: {'MAE': 0.025891936884056138, 'RMSE': 0.037885636446727225}
[2026-06-16 11:00:36,901][finetune_logger][INFO] - Validation metrics: {'MAE': 0.025891936884056138, 'RMSE': 0.037885636446727225}
2026-06-16 11:00:36 - finetune_logger - INFO - Val time: 4.07s
[2026-06-16 11:00:36,901][finetune_logger][INFO] - Val time: 4.07s
2026-06-16 11:00:36 - finetune_logger - INFO - Val memory reserved: 24.00 MB
[2026-06-16 11:00:36,901][finetune_logger][INFO] - Val memory reserved: 24.00 MB
2026-06-16 11:00:36 - finetune_logger - INFO - Val memory allocated: 18.10 MB
[2026-06-16 11:00:36,901][finetune_logger][INFO] - Val memory allocated: 18.10 MB
2026-06-16 11:00:36 - finetune_logger - INFO - Logged epoch 4 info to /public/home/202411094934/python_project/Spatio-Temporal-Library/time-series/2026-06-16/itransformer/finetune20/exchange_rate/time-series/seed_1/training_log.json
[2026-06-16 11:00:36,905][finetune_logger][INFO] - Logged epoch 4 info to /public/home/202411094934/python_project/Spatio-Temporal-Library/time-series/2026-06-16/itransformer/finetune20/exchange_rate/time-series/seed_1/training_log.json
2026-06-16 11:00:45 - finetune_logger - INFO - Test metrics: {'MAE': 0.02156910636238282, 'RMSE': 0.0319174619706913}
[2026-06-16 11:00:45,750][finetune_logger][INFO] - Test metrics: {'MAE': 0.02156910636238282, 'RMSE': 0.0319174619706913}
2026-06-16 11:00:45 - finetune_logger - INFO - Test time: 8.85s
[2026-06-16 11:00:45,751][finetune_logger][INFO] - Test time: 8.85s
2026-06-16 11:00:45 - finetune_logger - INFO - Test memory reserved: 24.00 MB
[2026-06-16 11:00:45,751][finetune_logger][INFO] - Test memory reserved: 24.00 MB
2026-06-16 11:00:45 - finetune_logger - INFO - Test memory allocated: 18.10 MB
[2026-06-16 11:00:45,751][finetune_logger][INFO] - Test memory allocated: 18.10 MB
2026-06-16 11:00:45 - finetune_logger - INFO - Epoch 5/20
[2026-06-16 11:00:45,751][finetune_logger][INFO] - Epoch 5/20
2026-06-16 11:02:02 - finetune_logger - INFO - Train loss: 0.021797981464191322
[2026-06-16 11:02:02,913][finetune_logger][INFO] - Train loss: 0.021797981464191322
2026-06-16 11:02:02 - finetune_logger - INFO - Train time: 77.16175651550293s
[2026-06-16 11:02:02,914][finetune_logger][INFO] - Train time: 77.16175651550293s
2026-06-16 11:02:02 - finetune_logger - INFO - Train memory reserved: 24.00 MB
[2026-06-16 11:02:02,914][finetune_logger][INFO] - Train memory reserved: 24.00 MB
2026-06-16 11:02:02 - finetune_logger - INFO - Train memory allocated: 18.10 MB
[2026-06-16 11:02:02,914][finetune_logger][INFO] - Train memory allocated: 18.10 MB
2026-06-16 11:02:02 - finetune_logger - INFO - Current learning rate: 0.0005
[2026-06-16 11:02:02,914][finetune_logger][INFO] - Current learning rate: 0.0005
2026-06-16 11:02:06 - finetune_logger - INFO - Validation metrics: {'MAE': 0.02666102641189905, 'RMSE': 0.03912435585695873}
[2026-06-16 11:02:06,892][finetune_logger][INFO] - Validation metrics: {'MAE': 0.02666102641189905, 'RMSE': 0.03912435585695873}
2026-06-16 11:02:06 - finetune_logger - INFO - Val time: 3.98s
[2026-06-16 11:02:06,892][finetune_logger][INFO] - Val time: 3.98s
2026-06-16 11:02:06 - finetune_logger - INFO - Val memory reserved: 24.00 MB
[2026-06-16 11:02:06,892][finetune_logger][INFO] - Val memory reserved: 24.00 MB
2026-06-16 11:02:06 - finetune_logger - INFO - Val memory allocated: 18.10 MB
[2026-06-16 11:02:06,892][finetune_logger][INFO] - Val memory allocated: 18.10 MB
2026-06-16 11:02:06 - finetune_logger - INFO - Logged epoch 5 info to /public/home/202411094934/python_project/Spatio-Temporal-Library/time-series/2026-06-16/itransformer/finetune20/exchange_rate/time-series/seed_1/training_log.json
[2026-06-16 11:02:06,896][finetune_logger][INFO] - Logged epoch 5 info to /public/home/202411094934/python_project/Spatio-Temporal-Library/time-series/2026-06-16/itransformer/finetune20/exchange_rate/time-series/seed_1/training_log.json
2026-06-16 11:02:15 - finetune_logger - INFO - Test metrics: {'MAE': 0.021964804958286843, 'RMSE': 0.032592262341080945}
[2026-06-16 11:02:15,763][finetune_logger][INFO] - Test metrics: {'MAE': 0.021964804958286843, 'RMSE': 0.032592262341080945}
2026-06-16 11:02:15 - finetune_logger - INFO - Test time: 8.87s
[2026-06-16 11:02:15,763][finetune_logger][INFO] - Test time: 8.87s
2026-06-16 11:02:15 - finetune_logger - INFO - Test memory reserved: 24.00 MB
[2026-06-16 11:02:15,763][finetune_logger][INFO] - Test memory reserved: 24.00 MB
2026-06-16 11:02:15 - finetune_logger - INFO - Test memory allocated: 18.10 MB
[2026-06-16 11:02:15,763][finetune_logger][INFO] - Test memory allocated: 18.10 MB
2026-06-16 11:02:15 - finetune_logger - INFO - Epoch 6/20
[2026-06-16 11:02:15,763][finetune_logger][INFO] - Epoch 6/20
2026-06-16 11:03:32 - finetune_logger - INFO - Train loss: 0.02131776476265627
[2026-06-16 11:03:32,899][finetune_logger][INFO] - Train loss: 0.02131776476265627
2026-06-16 11:03:32 - finetune_logger - INFO - Train time: 77.13502550125122s
[2026-06-16 11:03:32,899][finetune_logger][INFO] - Train time: 77.13502550125122s
2026-06-16 11:03:32 - finetune_logger - INFO - Train memory reserved: 24.00 MB
[2026-06-16 11:03:32,899][finetune_logger][INFO] - Train memory reserved: 24.00 MB
2026-06-16 11:03:32 - finetune_logger - INFO - Train memory allocated: 18.10 MB
[2026-06-16 11:03:32,899][finetune_logger][INFO] - Train memory allocated: 18.10 MB
2026-06-16 11:03:32 - finetune_logger - INFO - Current learning rate: 0.0005
[2026-06-16 11:03:32,900][finetune_logger][INFO] - Current learning rate: 0.0005
2026-06-16 11:03:36 - finetune_logger - INFO - Validation metrics: {'MAE': 0.024876558231134282, 'RMSE': 0.03633756454011963}
[2026-06-16 11:03:36,892][finetune_logger][INFO] - Validation metrics: {'MAE': 0.024876558231134282, 'RMSE': 0.03633756454011963}
2026-06-16 11:03:36 - finetune_logger - INFO - Val time: 3.99s
[2026-06-16 11:03:36,892][finetune_logger][INFO] - Val time: 3.99s
2026-06-16 11:03:36 - finetune_logger - INFO - Val memory reserved: 24.00 MB
[2026-06-16 11:03:36,892][finetune_logger][INFO] - Val memory reserved: 24.00 MB
2026-06-16 11:03:36 - finetune_logger - INFO - Val memory allocated: 18.10 MB
[2026-06-16 11:03:36,892][finetune_logger][INFO] - Val memory allocated: 18.10 MB
2026-06-16 11:03:36 - finetune_logger - INFO - Logged epoch 6 info to /public/home/202411094934/python_project/Spatio-Temporal-Library/time-series/2026-06-16/itransformer/finetune20/exchange_rate/time-series/seed_1/training_log.json
[2026-06-16 11:03:36,896][finetune_logger][INFO] - Logged epoch 6 info to /public/home/202411094934/python_project/Spatio-Temporal-Library/time-series/2026-06-16/itransformer/finetune20/exchange_rate/time-series/seed_1/training_log.json
2026-06-16 11:03:36 - finetune_logger - INFO - New best model! Val loss: 0.024877
[2026-06-16 11:03:36,896][finetune_logger][INFO] - New best model! Val loss: 0.024877
2026-06-16 11:03:45 - finetune_logger - INFO - Test metrics: {'MAE': 0.021510698018401036, 'RMSE': 0.032153330626897424}
[2026-06-16 11:03:45,790][finetune_logger][INFO] - Test metrics: {'MAE': 0.021510698018401036, 'RMSE': 0.032153330626897424}
2026-06-16 11:03:45 - finetune_logger - INFO - Test time: 8.85s
[2026-06-16 11:03:45,790][finetune_logger][INFO] - Test time: 8.85s
2026-06-16 11:03:45 - finetune_logger - INFO - Test memory reserved: 24.00 MB
[2026-06-16 11:03:45,790][finetune_logger][INFO] - Test memory reserved: 24.00 MB
2026-06-16 11:03:45 - finetune_logger - INFO - Test memory allocated: 18.10 MB
[2026-06-16 11:03:45,790][finetune_logger][INFO] - Test memory allocated: 18.10 MB
2026-06-16 11:03:45 - finetune_logger - INFO - Epoch 7/20
[2026-06-16 11:03:45,790][finetune_logger][INFO] - Epoch 7/20
2026-06-16 11:05:02 - finetune_logger - INFO - Train loss: 0.020659299531514505
[2026-06-16 11:05:02,930][finetune_logger][INFO] - Train loss: 0.020659299531514505
2026-06-16 11:05:02 - finetune_logger - INFO - Train time: 77.1392593383789s
[2026-06-16 11:05:02,930][finetune_logger][INFO] - Train time: 77.1392593383789s
2026-06-16 11:05:02 - finetune_logger - INFO - Train memory reserved: 24.00 MB
[2026-06-16 11:05:02,930][finetune_logger][INFO] - Train memory reserved: 24.00 MB
2026-06-16 11:05:02 - finetune_logger - INFO - Train memory allocated: 18.10 MB
[2026-06-16 11:05:02,931][finetune_logger][INFO] - Train memory allocated: 18.10 MB
2026-06-16 11:05:02 - finetune_logger - INFO - Current learning rate: 0.0005
[2026-06-16 11:05:02,931][finetune_logger][INFO] - Current learning rate: 0.0005
2026-06-16 11:05:06 - finetune_logger - INFO - Validation metrics: {'MAE': 0.029615871302753883, 'RMSE': 0.04250807771329617}
[2026-06-16 11:05:06,919][finetune_logger][INFO] - Validation metrics: {'MAE': 0.029615871302753883, 'RMSE': 0.04250807771329617}
2026-06-16 11:05:06 - finetune_logger - INFO - Val time: 3.99s
[2026-06-16 11:05:06,920][finetune_logger][INFO] - Val time: 3.99s
2026-06-16 11:05:06 - finetune_logger - INFO - Val memory reserved: 24.00 MB
[2026-06-16 11:05:06,920][finetune_logger][INFO] - Val memory reserved: 24.00 MB
2026-06-16 11:05:06 - finetune_logger - INFO - Val memory allocated: 18.10 MB
[2026-06-16 11:05:06,920][finetune_logger][INFO] - Val memory allocated: 18.10 MB
2026-06-16 11:05:06 - finetune_logger - INFO - Logged epoch 7 info to /public/home/202411094934/python_project/Spatio-Temporal-Library/time-series/2026-06-16/itransformer/finetune20/exchange_rate/time-series/seed_1/training_log.json
[2026-06-16 11:05:06,924][finetune_logger][INFO] - Logged epoch 7 info to /public/home/202411094934/python_project/Spatio-Temporal-Library/time-series/2026-06-16/itransformer/finetune20/exchange_rate/time-series/seed_1/training_log.json
2026-06-16 11:05:15 - finetune_logger - INFO - Test metrics: {'MAE': 0.024101198068083148, 'RMSE': 0.03493693255291817}
[2026-06-16 11:05:15,795][finetune_logger][INFO] - Test metrics: {'MAE': 0.024101198068083148, 'RMSE': 0.03493693255291817}
2026-06-16 11:05:15 - finetune_logger - INFO - Test time: 8.87s
[2026-06-16 11:05:15,795][finetune_logger][INFO] - Test time: 8.87s
2026-06-16 11:05:15 - finetune_logger - INFO - Test memory reserved: 24.00 MB
[2026-06-16 11:05:15,795][finetune_logger][INFO] - Test memory reserved: 24.00 MB
2026-06-16 11:05:15 - finetune_logger - INFO - Test memory allocated: 18.10 MB
[2026-06-16 11:05:15,795][finetune_logger][INFO] - Test memory allocated: 18.10 MB
2026-06-16 11:05:15 - finetune_logger - INFO - Epoch 8/20
[2026-06-16 11:05:15,795][finetune_logger][INFO] - Epoch 8/20
2026-06-16 11:06:32 - finetune_logger - INFO - Train loss: 0.01989592172349485
[2026-06-16 11:06:32,976][finetune_logger][INFO] - Train loss: 0.01989592172349485
2026-06-16 11:06:32 - finetune_logger - INFO - Train time: 77.18059515953064s
[2026-06-16 11:06:32,977][finetune_logger][INFO] - Train time: 77.18059515953064s
2026-06-16 11:06:32 - finetune_logger - INFO - Train memory reserved: 24.00 MB
[2026-06-16 11:06:32,977][finetune_logger][INFO] - Train memory reserved: 24.00 MB
2026-06-16 11:06:32 - finetune_logger - INFO - Train memory allocated: 18.10 MB
[2026-06-16 11:06:32,977][finetune_logger][INFO] - Train memory allocated: 18.10 MB
2026-06-16 11:06:32 - finetune_logger - INFO - Current learning rate: 0.0005
[2026-06-16 11:06:32,977][finetune_logger][INFO] - Current learning rate: 0.0005
2026-06-16 11:06:37 - finetune_logger - INFO - Validation metrics: {'MAE': 0.02857688231352959, 'RMSE': 0.04237668691332608}
[2026-06-16 11:06:37,038][finetune_logger][INFO] - Validation metrics: {'MAE': 0.02857688231352959, 'RMSE': 0.04237668691332608}
2026-06-16 11:06:37 - finetune_logger - INFO - Val time: 4.06s
[2026-06-16 11:06:37,038][finetune_logger][INFO] - Val time: 4.06s
2026-06-16 11:06:37 - finetune_logger - INFO - Val memory reserved: 24.00 MB
[2026-06-16 11:06:37,038][finetune_logger][INFO] - Val memory reserved: 24.00 MB
2026-06-16 11:06:37 - finetune_logger - INFO - Val memory allocated: 18.10 MB
[2026-06-16 11:06:37,038][finetune_logger][INFO] - Val memory allocated: 18.10 MB
2026-06-16 11:06:37 - finetune_logger - INFO - Logged epoch 8 info to /public/home/202411094934/python_project/Spatio-Temporal-Library/time-series/2026-06-16/itransformer/finetune20/exchange_rate/time-series/seed_1/training_log.json
[2026-06-16 11:06:37,042][finetune_logger][INFO] - Logged epoch 8 info to /public/home/202411094934/python_project/Spatio-Temporal-Library/time-series/2026-06-16/itransformer/finetune20/exchange_rate/time-series/seed_1/training_log.json
2026-06-16 11:06:45 - finetune_logger - INFO - Test metrics: {'MAE': 0.025217792622691974, 'RMSE': 0.03679214802989149}
[2026-06-16 11:06:45,889][finetune_logger][INFO] - Test metrics: {'MAE': 0.025217792622691974, 'RMSE': 0.03679214802989149}
2026-06-16 11:06:45 - finetune_logger - INFO - Test time: 8.85s
[2026-06-16 11:06:45,889][finetune_logger][INFO] - Test time: 8.85s
2026-06-16 11:06:45 - finetune_logger - INFO - Test memory reserved: 24.00 MB
[2026-06-16 11:06:45,889][finetune_logger][INFO] - Test memory reserved: 24.00 MB
2026-06-16 11:06:45 - finetune_logger - INFO - Test memory allocated: 18.10 MB
[2026-06-16 11:06:45,889][finetune_logger][INFO] - Test memory allocated: 18.10 MB
2026-06-16 11:06:45 - finetune_logger - INFO - Epoch 9/20
[2026-06-16 11:06:45,889][finetune_logger][INFO] - Epoch 9/20
2026-06-16 11:08:02 - finetune_logger - INFO - Train loss: 0.019122617012807163
[2026-06-16 11:08:02,997][finetune_logger][INFO] - Train loss: 0.019122617012807163
2026-06-16 11:08:02 - finetune_logger - INFO - Train time: 77.10691332817078s
[2026-06-16 11:08:02,997][finetune_logger][INFO] - Train time: 77.10691332817078s
2026-06-16 11:08:02 - finetune_logger - INFO - Train memory reserved: 24.00 MB
[2026-06-16 11:08:02,997][finetune_logger][INFO] - Train memory reserved: 24.00 MB
2026-06-16 11:08:02 - finetune_logger - INFO - Train memory allocated: 18.10 MB
[2026-06-16 11:08:02,997][finetune_logger][INFO] - Train memory allocated: 18.10 MB
2026-06-16 11:08:02 - finetune_logger - INFO - Current learning rate: 0.0005
[2026-06-16 11:08:02,998][finetune_logger][INFO] - Current learning rate: 0.0005
2026-06-16 11:08:07 - finetune_logger - INFO - Validation metrics: {'MAE': 0.028439920789989883, 'RMSE': 0.04204012276178916}
[2026-06-16 11:08:07,038][finetune_logger][INFO] - Validation metrics: {'MAE': 0.028439920789989883, 'RMSE': 0.04204012276178916}
2026-06-16 11:08:07 - finetune_logger - INFO - Val time: 4.04s
[2026-06-16 11:08:07,038][finetune_logger][INFO] - Val time: 4.04s
2026-06-16 11:08:07 - finetune_logger - INFO - Val memory reserved: 24.00 MB
[2026-06-16 11:08:07,038][finetune_logger][INFO] - Val memory reserved: 24.00 MB
2026-06-16 11:08:07 - finetune_logger - INFO - Val memory allocated: 18.10 MB
[2026-06-16 11:08:07,038][finetune_logger][INFO] - Val memory allocated: 18.10 MB
2026-06-16 11:08:07 - finetune_logger - INFO - Logged epoch 9 info to /public/home/202411094934/python_project/Spatio-Temporal-Library/time-series/2026-06-16/itransformer/finetune20/exchange_rate/time-series/seed_1/training_log.json
[2026-06-16 11:08:07,042][finetune_logger][INFO] - Logged epoch 9 info to /public/home/202411094934/python_project/Spatio-Temporal-Library/time-series/2026-06-16/itransformer/finetune20/exchange_rate/time-series/seed_1/training_log.json
2026-06-16 11:08:15 - finetune_logger - INFO - Test metrics: {'MAE': 0.024662031501802725, 'RMSE': 0.03666506297488487}
[2026-06-16 11:08:15,945][finetune_logger][INFO] - Test metrics: {'MAE': 0.024662031501802725, 'RMSE': 0.03666506297488487}
2026-06-16 11:08:15 - finetune_logger - INFO - Test time: 8.90s
[2026-06-16 11:08:15,945][finetune_logger][INFO] - Test time: 8.90s
2026-06-16 11:08:15 - finetune_logger - INFO - Test memory reserved: 24.00 MB
[2026-06-16 11:08:15,945][finetune_logger][INFO] - Test memory reserved: 24.00 MB
2026-06-16 11:08:15 - finetune_logger - INFO - Test memory allocated: 18.10 MB
[2026-06-16 11:08:15,945][finetune_logger][INFO] - Test memory allocated: 18.10 MB
2026-06-16 11:08:15 - finetune_logger - INFO - Epoch 10/20
[2026-06-16 11:08:15,945][finetune_logger][INFO] - Epoch 10/20
2026-06-16 11:09:32 - finetune_logger - INFO - Train loss: 0.018434563706204526
[2026-06-16 11:09:32,990][finetune_logger][INFO] - Train loss: 0.018434563706204526
2026-06-16 11:09:32 - finetune_logger - INFO - Train time: 77.04443836212158s
[2026-06-16 11:09:32,991][finetune_logger][INFO] - Train time: 77.04443836212158s
2026-06-16 11:09:32 - finetune_logger - INFO - Train memory reserved: 24.00 MB
[2026-06-16 11:09:32,991][finetune_logger][INFO] - Train memory reserved: 24.00 MB
2026-06-16 11:09:32 - finetune_logger - INFO - Train memory allocated: 18.10 MB
[2026-06-16 11:09:32,991][finetune_logger][INFO] - Train memory allocated: 18.10 MB
2026-06-16 11:09:32 - finetune_logger - INFO - Current learning rate: 0.0005
[2026-06-16 11:09:32,991][finetune_logger][INFO] - Current learning rate: 0.0005
2026-06-16 11:09:37 - finetune_logger - INFO - Validation metrics: {'MAE': 0.030439587474743235, 'RMSE': 0.0442914027261509}
[2026-06-16 11:09:37,002][finetune_logger][INFO] - Validation metrics: {'MAE': 0.030439587474743235, 'RMSE': 0.0442914027261509}
2026-06-16 11:09:37 - finetune_logger - INFO - Val time: 4.01s
[2026-06-16 11:09:37,003][finetune_logger][INFO] - Val time: 4.01s
2026-06-16 11:09:37 - finetune_logger - INFO - Val memory reserved: 24.00 MB
[2026-06-16 11:09:37,003][finetune_logger][INFO] - Val memory reserved: 24.00 MB
2026-06-16 11:09:37 - finetune_logger - INFO - Val memory allocated: 18.10 MB
[2026-06-16 11:09:37,003][finetune_logger][INFO] - Val memory allocated: 18.10 MB
2026-06-16 11:09:37 - finetune_logger - INFO - Logged epoch 10 info to /public/home/202411094934/python_project/Spatio-Temporal-Library/time-series/2026-06-16/itransformer/finetune20/exchange_rate/time-series/seed_1/training_log.json
[2026-06-16 11:09:37,006][finetune_logger][INFO] - Logged epoch 10 info to /public/home/202411094934/python_project/Spatio-Temporal-Library/time-series/2026-06-16/itransformer/finetune20/exchange_rate/time-series/seed_1/training_log.json
2026-06-16 11:09:45 - finetune_logger - INFO - Test metrics: {'MAE': 0.025366691096620955, 'RMSE': 0.037023888213436315}
[2026-06-16 11:09:45,933][finetune_logger][INFO] - Test metrics: {'MAE': 0.025366691096620955, 'RMSE': 0.037023888213436315}
2026-06-16 11:09:45 - finetune_logger - INFO - Test time: 8.90s
[2026-06-16 11:09:45,933][finetune_logger][INFO] - Test time: 8.90s
2026-06-16 11:09:45 - finetune_logger - INFO - Test memory reserved: 24.00 MB
[2026-06-16 11:09:45,933][finetune_logger][INFO] - Test memory reserved: 24.00 MB
2026-06-16 11:09:45 - finetune_logger - INFO - Test memory allocated: 18.10 MB
[2026-06-16 11:09:45,933][finetune_logger][INFO] - Test memory allocated: 18.10 MB
2026-06-16 11:09:45 - finetune_logger - INFO - Epoch 11/20
[2026-06-16 11:09:45,933][finetune_logger][INFO] - Epoch 11/20
2026-06-16 11:11:03 - finetune_logger - INFO - Train loss: 0.01728918134259524
[2026-06-16 11:11:03,100][finetune_logger][INFO] - Train loss: 0.01728918134259524
2026-06-16 11:11:03 - finetune_logger - INFO - Train time: 77.16654062271118s
[2026-06-16 11:11:03,101][finetune_logger][INFO] - Train time: 77.16654062271118s
2026-06-16 11:11:03 - finetune_logger - INFO - Train memory reserved: 24.00 MB
[2026-06-16 11:11:03,101][finetune_logger][INFO] - Train memory reserved: 24.00 MB
2026-06-16 11:11:03 - finetune_logger - INFO - Train memory allocated: 18.10 MB
[2026-06-16 11:11:03,101][finetune_logger][INFO] - Train memory allocated: 18.10 MB
2026-06-16 11:11:03 - finetune_logger - INFO - Current learning rate: 0.00025
[2026-06-16 11:11:03,101][finetune_logger][INFO] - Current learning rate: 0.00025
2026-06-16 11:11:07 - finetune_logger - INFO - Validation metrics: {'MAE': 0.03020837040392176, 'RMSE': 0.04468443430219569}
[2026-06-16 11:11:07,130][finetune_logger][INFO] - Validation metrics: {'MAE': 0.03020837040392176, 'RMSE': 0.04468443430219569}
2026-06-16 11:11:07 - finetune_logger - INFO - Val time: 4.03s
[2026-06-16 11:11:07,130][finetune_logger][INFO] - Val time: 4.03s
2026-06-16 11:11:07 - finetune_logger - INFO - Val memory reserved: 24.00 MB
[2026-06-16 11:11:07,130][finetune_logger][INFO] - Val memory reserved: 24.00 MB
2026-06-16 11:11:07 - finetune_logger - INFO - Val memory allocated: 18.10 MB
[2026-06-16 11:11:07,130][finetune_logger][INFO] - Val memory allocated: 18.10 MB
2026-06-16 11:11:07 - finetune_logger - INFO - Logged epoch 11 info to /public/home/202411094934/python_project/Spatio-Temporal-Library/time-series/2026-06-16/itransformer/finetune20/exchange_rate/time-series/seed_1/training_log.json
[2026-06-16 11:11:07,134][finetune_logger][INFO] - Logged epoch 11 info to /public/home/202411094934/python_project/Spatio-Temporal-Library/time-series/2026-06-16/itransformer/finetune20/exchange_rate/time-series/seed_1/training_log.json
2026-06-16 11:11:15 - finetune_logger - INFO - Test metrics: {'MAE': 0.025210404895316757, 'RMSE': 0.036978771915965686}
[2026-06-16 11:11:15,987][finetune_logger][INFO] - Test metrics: {'MAE': 0.025210404895316757, 'RMSE': 0.036978771915965686}
2026-06-16 11:11:15 - finetune_logger - INFO - Test time: 8.85s
[2026-06-16 11:11:15,987][finetune_logger][INFO] - Test time: 8.85s
2026-06-16 11:11:15 - finetune_logger - INFO - Test memory reserved: 24.00 MB
[2026-06-16 11:11:15,987][finetune_logger][INFO] - Test memory reserved: 24.00 MB
2026-06-16 11:11:15 - finetune_logger - INFO - Test memory allocated: 18.10 MB
[2026-06-16 11:11:15,987][finetune_logger][INFO] - Test memory allocated: 18.10 MB
2026-06-16 11:11:15 - finetune_logger - INFO - Epoch 12/20
[2026-06-16 11:11:15,987][finetune_logger][INFO] - Epoch 12/20
2026-06-16 11:12:32 - finetune_logger - INFO - Train loss: 0.016831498391299195
[2026-06-16 11:12:32,979][finetune_logger][INFO] - Train loss: 0.016831498391299195
2026-06-16 11:12:32 - finetune_logger - INFO - Train time: 76.99063777923584s
[2026-06-16 11:12:32,979][finetune_logger][INFO] - Train time: 76.99063777923584s
2026-06-16 11:12:32 - finetune_logger - INFO - Train memory reserved: 24.00 MB
[2026-06-16 11:12:32,979][finetune_logger][INFO] - Train memory reserved: 24.00 MB
2026-06-16 11:12:32 - finetune_logger - INFO - Train memory allocated: 18.10 MB
[2026-06-16 11:12:32,979][finetune_logger][INFO] - Train memory allocated: 18.10 MB
2026-06-16 11:12:32 - finetune_logger - INFO - Current learning rate: 0.00025
[2026-06-16 11:12:32,979][finetune_logger][INFO] - Current learning rate: 0.00025
2026-06-16 11:12:36 - finetune_logger - INFO - Validation metrics: {'MAE': 0.029320107332280826, 'RMSE': 0.04337590430154065}
[2026-06-16 11:12:36,978][finetune_logger][INFO] - Validation metrics: {'MAE': 0.029320107332280826, 'RMSE': 0.04337590430154065}
2026-06-16 11:12:36 - finetune_logger - INFO - Val time: 4.00s
[2026-06-16 11:12:36,978][finetune_logger][INFO] - Val time: 4.00s
2026-06-16 11:12:36 - finetune_logger - INFO - Val memory reserved: 24.00 MB
[2026-06-16 11:12:36,978][finetune_logger][INFO] - Val memory reserved: 24.00 MB
2026-06-16 11:12:36 - finetune_logger - INFO - Val memory allocated: 18.10 MB
[2026-06-16 11:12:36,979][finetune_logger][INFO] - Val memory allocated: 18.10 MB
2026-06-16 11:12:36 - finetune_logger - INFO - Logged epoch 12 info to /public/home/202411094934/python_project/Spatio-Temporal-Library/time-series/2026-06-16/itransformer/finetune20/exchange_rate/time-series/seed_1/training_log.json
[2026-06-16 11:12:36,982][finetune_logger][INFO] - Logged epoch 12 info to /public/home/202411094934/python_project/Spatio-Temporal-Library/time-series/2026-06-16/itransformer/finetune20/exchange_rate/time-series/seed_1/training_log.json
2026-06-16 11:12:45 - finetune_logger - INFO - Test metrics: {'MAE': 0.024980931940688917, 'RMSE': 0.0367209237051208}
[2026-06-16 11:12:45,861][finetune_logger][INFO] - Test metrics: {'MAE': 0.024980931940688917, 'RMSE': 0.0367209237051208}
2026-06-16 11:12:45 - finetune_logger - INFO - Test time: 8.88s
[2026-06-16 11:12:45,861][finetune_logger][INFO] - Test time: 8.88s
2026-06-16 11:12:45 - finetune_logger - INFO - Test memory reserved: 24.00 MB
[2026-06-16 11:12:45,862][finetune_logger][INFO] - Test memory reserved: 24.00 MB
2026-06-16 11:12:45 - finetune_logger - INFO - Test memory allocated: 18.10 MB
[2026-06-16 11:12:45,862][finetune_logger][INFO] - Test memory allocated: 18.10 MB
2026-06-16 11:12:45 - finetune_logger - INFO - Epoch 13/20
[2026-06-16 11:12:45,862][finetune_logger][INFO] - Epoch 13/20
2026-06-16 11:14:02 - finetune_logger - INFO - Train loss: 0.016388533234078934
[2026-06-16 11:14:02,844][finetune_logger][INFO] - Train loss: 0.016388533234078934
2026-06-16 11:14:02 - finetune_logger - INFO - Train time: 76.98200917243958s
[2026-06-16 11:14:02,845][finetune_logger][INFO] - Train time: 76.98200917243958s
2026-06-16 11:14:02 - finetune_logger - INFO - Train memory reserved: 24.00 MB
[2026-06-16 11:14:02,845][finetune_logger][INFO] - Train memory reserved: 24.00 MB
2026-06-16 11:14:02 - finetune_logger - INFO - Train memory allocated: 18.10 MB
[2026-06-16 11:14:02,845][finetune_logger][INFO] - Train memory allocated: 18.10 MB
2026-06-16 11:14:02 - finetune_logger - INFO - Current learning rate: 0.00025
[2026-06-16 11:14:02,845][finetune_logger][INFO] - Current learning rate: 0.00025
2026-06-16 11:14:06 - finetune_logger - INFO - Validation metrics: {'MAE': 0.0296281969867217, 'RMSE': 0.04392949857973083}
[2026-06-16 11:14:06,871][finetune_logger][INFO] - Validation metrics: {'MAE': 0.0296281969867217, 'RMSE': 0.04392949857973083}
2026-06-16 11:14:06 - finetune_logger - INFO - Val time: 4.03s
[2026-06-16 11:14:06,871][finetune_logger][INFO] - Val time: 4.03s
2026-06-16 11:14:06 - finetune_logger - INFO - Val memory reserved: 24.00 MB
[2026-06-16 11:14:06,871][finetune_logger][INFO] - Val memory reserved: 24.00 MB
2026-06-16 11:14:06 - finetune_logger - INFO - Val memory allocated: 18.10 MB
[2026-06-16 11:14:06,871][finetune_logger][INFO] - Val memory allocated: 18.10 MB
2026-06-16 11:14:06 - finetune_logger - INFO - Logged epoch 13 info to /public/home/202411094934/python_project/Spatio-Temporal-Library/time-series/2026-06-16/itransformer/finetune20/exchange_rate/time-series/seed_1/training_log.json
[2026-06-16 11:14:06,875][finetune_logger][INFO] - Logged epoch 13 info to /public/home/202411094934/python_project/Spatio-Temporal-Library/time-series/2026-06-16/itransformer/finetune20/exchange_rate/time-series/seed_1/training_log.json
2026-06-16 11:14:15 - finetune_logger - INFO - Test metrics: {'MAE': 0.024349923711270087, 'RMSE': 0.03576672748409056}
[2026-06-16 11:14:15,762][finetune_logger][INFO] - Test metrics: {'MAE': 0.024349923711270087, 'RMSE': 0.03576672748409056}
2026-06-16 11:14:15 - finetune_logger - INFO - Test time: 8.89s
[2026-06-16 11:14:15,762][finetune_logger][INFO] - Test time: 8.89s
2026-06-16 11:14:15 - finetune_logger - INFO - Test memory reserved: 24.00 MB
[2026-06-16 11:14:15,762][finetune_logger][INFO] - Test memory reserved: 24.00 MB
2026-06-16 11:14:15 - finetune_logger - INFO - Test memory allocated: 18.10 MB
[2026-06-16 11:14:15,762][finetune_logger][INFO] - Test memory allocated: 18.10 MB
2026-06-16 11:14:15 - finetune_logger - INFO - Epoch 14/20
[2026-06-16 11:14:15,762][finetune_logger][INFO] - Epoch 14/20
2026-06-16 11:15:32 - finetune_logger - INFO - Train loss: 0.015951964430049766
[2026-06-16 11:15:32,688][finetune_logger][INFO] - Train loss: 0.015951964430049766
2026-06-16 11:15:32 - finetune_logger - INFO - Train time: 76.92533659934998s
[2026-06-16 11:15:32,688][finetune_logger][INFO] - Train time: 76.92533659934998s
2026-06-16 11:15:32 - finetune_logger - INFO - Train memory reserved: 24.00 MB
[2026-06-16 11:15:32,688][finetune_logger][INFO] - Train memory reserved: 24.00 MB
2026-06-16 11:15:32 - finetune_logger - INFO - Train memory allocated: 18.10 MB
[2026-06-16 11:15:32,689][finetune_logger][INFO] - Train memory allocated: 18.10 MB
2026-06-16 11:15:32 - finetune_logger - INFO - Current learning rate: 0.00025
[2026-06-16 11:15:32,689][finetune_logger][INFO] - Current learning rate: 0.00025
2026-06-16 11:15:36 - finetune_logger - INFO - Validation metrics: {'MAE': 0.030273918684564596, 'RMSE': 0.04501124124818486}
[2026-06-16 11:15:36,649][finetune_logger][INFO] - Validation metrics: {'MAE': 0.030273918684564596, 'RMSE': 0.04501124124818486}
2026-06-16 11:15:36 - finetune_logger - INFO - Val time: 3.96s
[2026-06-16 11:15:36,649][finetune_logger][INFO] - Val time: 3.96s
2026-06-16 11:15:36 - finetune_logger - INFO - Val memory reserved: 24.00 MB
[2026-06-16 11:15:36,649][finetune_logger][INFO] - Val memory reserved: 24.00 MB
2026-06-16 11:15:36 - finetune_logger - INFO - Val memory allocated: 18.10 MB
[2026-06-16 11:15:36,649][finetune_logger][INFO] - Val memory allocated: 18.10 MB
2026-06-16 11:15:36 - finetune_logger - INFO - Logged epoch 14 info to /public/home/202411094934/python_project/Spatio-Temporal-Library/time-series/2026-06-16/itransformer/finetune20/exchange_rate/time-series/seed_1/training_log.json
[2026-06-16 11:15:36,653][finetune_logger][INFO] - Logged epoch 14 info to /public/home/202411094934/python_project/Spatio-Temporal-Library/time-series/2026-06-16/itransformer/finetune20/exchange_rate/time-series/seed_1/training_log.json
2026-06-16 11:15:45 - finetune_logger - INFO - Test metrics: {'MAE': 0.023908183495867773, 'RMSE': 0.03494909328196344}
[2026-06-16 11:15:45,497][finetune_logger][INFO] - Test metrics: {'MAE': 0.023908183495867773, 'RMSE': 0.03494909328196344}
2026-06-16 11:15:45 - finetune_logger - INFO - Test time: 8.84s
[2026-06-16 11:15:45,498][finetune_logger][INFO] - Test time: 8.84s
2026-06-16 11:15:45 - finetune_logger - INFO - Test memory reserved: 24.00 MB
[2026-06-16 11:15:45,498][finetune_logger][INFO] - Test memory reserved: 24.00 MB
2026-06-16 11:15:45 - finetune_logger - INFO - Test memory allocated: 18.10 MB
[2026-06-16 11:15:45,498][finetune_logger][INFO] - Test memory allocated: 18.10 MB
2026-06-16 11:15:45 - finetune_logger - INFO - Epoch 15/20
[2026-06-16 11:15:45,498][finetune_logger][INFO] - Epoch 15/20
2026-06-16 11:17:02 - finetune_logger - INFO - Train loss: 0.01567834831434932
[2026-06-16 11:17:02,528][finetune_logger][INFO] - Train loss: 0.01567834831434932
2026-06-16 11:17:02 - finetune_logger - INFO - Train time: 77.02935743331909s
[2026-06-16 11:17:02,528][finetune_logger][INFO] - Train time: 77.02935743331909s
2026-06-16 11:17:02 - finetune_logger - INFO - Train memory reserved: 24.00 MB
[2026-06-16 11:17:02,528][finetune_logger][INFO] - Train memory reserved: 24.00 MB
2026-06-16 11:17:02 - finetune_logger - INFO - Train memory allocated: 18.10 MB
[2026-06-16 11:17:02,528][finetune_logger][INFO] - Train memory allocated: 18.10 MB
2026-06-16 11:17:02 - finetune_logger - INFO - Current learning rate: 0.00025
[2026-06-16 11:17:02,528][finetune_logger][INFO] - Current learning rate: 0.00025
2026-06-16 11:17:06 - finetune_logger - INFO - Validation metrics: {'MAE': 0.029572682901402237, 'RMSE': 0.04370917940130881}
[2026-06-16 11:17:06,553][finetune_logger][INFO] - Validation metrics: {'MAE': 0.029572682901402237, 'RMSE': 0.04370917940130881}
2026-06-16 11:17:06 - finetune_logger - INFO - Val time: 4.02s
[2026-06-16 11:17:06,553][finetune_logger][INFO] - Val time: 4.02s
2026-06-16 11:17:06 - finetune_logger - INFO - Val memory reserved: 24.00 MB
[2026-06-16 11:17:06,553][finetune_logger][INFO] - Val memory reserved: 24.00 MB
2026-06-16 11:17:06 - finetune_logger - INFO - Val memory allocated: 18.10 MB
[2026-06-16 11:17:06,553][finetune_logger][INFO] - Val memory allocated: 18.10 MB
2026-06-16 11:17:06 - finetune_logger - INFO - Logged epoch 15 info to /public/home/202411094934/python_project/Spatio-Temporal-Library/time-series/2026-06-16/itransformer/finetune20/exchange_rate/time-series/seed_1/training_log.json
[2026-06-16 11:17:06,556][finetune_logger][INFO] - Logged epoch 15 info to /public/home/202411094934/python_project/Spatio-Temporal-Library/time-series/2026-06-16/itransformer/finetune20/exchange_rate/time-series/seed_1/training_log.json
2026-06-16 11:17:15 - finetune_logger - INFO - Test metrics: {'MAE': 0.025158556721238064, 'RMSE': 0.03699635006664196}
[2026-06-16 11:17:15,321][finetune_logger][INFO] - Test metrics: {'MAE': 0.025158556721238064, 'RMSE': 0.03699635006664196}
2026-06-16 11:17:15 - finetune_logger - INFO - Test time: 8.76s
[2026-06-16 11:17:15,321][finetune_logger][INFO] - Test time: 8.76s
2026-06-16 11:17:15 - finetune_logger - INFO - Test memory reserved: 24.00 MB
[2026-06-16 11:17:15,321][finetune_logger][INFO] - Test memory reserved: 24.00 MB
2026-06-16 11:17:15 - finetune_logger - INFO - Test memory allocated: 18.10 MB
[2026-06-16 11:17:15,321][finetune_logger][INFO] - Test memory allocated: 18.10 MB
2026-06-16 11:17:15 - finetune_logger - INFO - Epoch 16/20
[2026-06-16 11:17:15,322][finetune_logger][INFO] - Epoch 16/20
2026-06-16 11:18:32 - finetune_logger - INFO - Train loss: 0.015328860863519313
[2026-06-16 11:18:32,486][finetune_logger][INFO] - Train loss: 0.015328860863519313
2026-06-16 11:18:32 - finetune_logger - INFO - Train time: 77.16397261619568s
[2026-06-16 11:18:32,486][finetune_logger][INFO] - Train time: 77.16397261619568s
2026-06-16 11:18:32 - finetune_logger - INFO - Train memory reserved: 24.00 MB
[2026-06-16 11:18:32,487][finetune_logger][INFO] - Train memory reserved: 24.00 MB
2026-06-16 11:18:32 - finetune_logger - INFO - Train memory allocated: 18.10 MB
[2026-06-16 11:18:32,487][finetune_logger][INFO] - Train memory allocated: 18.10 MB
2026-06-16 11:18:32 - finetune_logger - INFO - Current learning rate: 0.00025
[2026-06-16 11:18:32,487][finetune_logger][INFO] - Current learning rate: 0.00025
2026-06-16 11:18:36 - finetune_logger - INFO - Validation metrics: {'MAE': 0.02930610334578435, 'RMSE': 0.04358281605834393}
[2026-06-16 11:18:36,515][finetune_logger][INFO] - Validation metrics: {'MAE': 0.02930610334578435, 'RMSE': 0.04358281605834393}
2026-06-16 11:18:36 - finetune_logger - INFO - Val time: 4.03s
[2026-06-16 11:18:36,516][finetune_logger][INFO] - Val time: 4.03s
2026-06-16 11:18:36 - finetune_logger - INFO - Val memory reserved: 24.00 MB
[2026-06-16 11:18:36,516][finetune_logger][INFO] - Val memory reserved: 24.00 MB
2026-06-16 11:18:36 - finetune_logger - INFO - Val memory allocated: 18.10 MB
[2026-06-16 11:18:36,516][finetune_logger][INFO] - Val memory allocated: 18.10 MB
2026-06-16 11:18:36 - finetune_logger - INFO - Logged epoch 16 info to /public/home/202411094934/python_project/Spatio-Temporal-Library/time-series/2026-06-16/itransformer/finetune20/exchange_rate/time-series/seed_1/training_log.json
[2026-06-16 11:18:36,519][finetune_logger][INFO] - Logged epoch 16 info to /public/home/202411094934/python_project/Spatio-Temporal-Library/time-series/2026-06-16/itransformer/finetune20/exchange_rate/time-series/seed_1/training_log.json
2026-06-16 11:18:45 - finetune_logger - INFO - Test metrics: {'MAE': 0.024315191516092703, 'RMSE': 0.035971765002660167}
[2026-06-16 11:18:45,372][finetune_logger][INFO] - Test metrics: {'MAE': 0.024315191516092703, 'RMSE': 0.035971765002660167}
2026-06-16 11:18:45 - finetune_logger - INFO - Test time: 8.85s
[2026-06-16 11:18:45,372][finetune_logger][INFO] - Test time: 8.85s
2026-06-16 11:18:45 - finetune_logger - INFO - Test memory reserved: 24.00 MB
[2026-06-16 11:18:45,372][finetune_logger][INFO] - Test memory reserved: 24.00 MB
2026-06-16 11:18:45 - finetune_logger - INFO - Test memory allocated: 18.10 MB
[2026-06-16 11:18:45,372][finetune_logger][INFO] - Test memory allocated: 18.10 MB
2026-06-16 11:18:45 - finetune_logger - INFO - Epoch 17/20
[2026-06-16 11:18:45,373][finetune_logger][INFO] - Epoch 17/20
2026-06-16 11:20:02 - finetune_logger - INFO - Train loss: 0.01501592790700203
[2026-06-16 11:20:02,311][finetune_logger][INFO] - Train loss: 0.01501592790700203
2026-06-16 11:20:02 - finetune_logger - INFO - Train time: 76.93781042098999s
[2026-06-16 11:20:02,311][finetune_logger][INFO] - Train time: 76.93781042098999s
2026-06-16 11:20:02 - finetune_logger - INFO - Train memory reserved: 24.00 MB
[2026-06-16 11:20:02,311][finetune_logger][INFO] - Train memory reserved: 24.00 MB
2026-06-16 11:20:02 - finetune_logger - INFO - Train memory allocated: 18.10 MB
[2026-06-16 11:20:02,311][finetune_logger][INFO] - Train memory allocated: 18.10 MB
2026-06-16 11:20:02 - finetune_logger - INFO - Current learning rate: 0.00025
[2026-06-16 11:20:02,312][finetune_logger][INFO] - Current learning rate: 0.00025
2026-06-16 11:20:06 - finetune_logger - INFO - Validation metrics: {'MAE': 0.031579564001492685, 'RMSE': 0.04693436833694727}
[2026-06-16 11:20:06,348][finetune_logger][INFO] - Validation metrics: {'MAE': 0.031579564001492685, 'RMSE': 0.04693436833694727}
2026-06-16 11:20:06 - finetune_logger - INFO - Val time: 4.04s
[2026-06-16 11:20:06,348][finetune_logger][INFO] - Val time: 4.04s
2026-06-16 11:20:06 - finetune_logger - INFO - Val memory reserved: 24.00 MB
[2026-06-16 11:20:06,348][finetune_logger][INFO] - Val memory reserved: 24.00 MB
2026-06-16 11:20:06 - finetune_logger - INFO - Val memory allocated: 18.10 MB
[2026-06-16 11:20:06,349][finetune_logger][INFO] - Val memory allocated: 18.10 MB
2026-06-16 11:20:06 - finetune_logger - INFO - Logged epoch 17 info to /public/home/202411094934/python_project/Spatio-Temporal-Library/time-series/2026-06-16/itransformer/finetune20/exchange_rate/time-series/seed_1/training_log.json
[2026-06-16 11:20:06,352][finetune_logger][INFO] - Logged epoch 17 info to /public/home/202411094934/python_project/Spatio-Temporal-Library/time-series/2026-06-16/itransformer/finetune20/exchange_rate/time-series/seed_1/training_log.json
2026-06-16 11:20:15 - finetune_logger - INFO - Test metrics: {'MAE': 0.024808678696450683, 'RMSE': 0.036635387708032166}
[2026-06-16 11:20:15,146][finetune_logger][INFO] - Test metrics: {'MAE': 0.024808678696450683, 'RMSE': 0.036635387708032166}
2026-06-16 11:20:15 - finetune_logger - INFO - Test time: 8.79s
[2026-06-16 11:20:15,146][finetune_logger][INFO] - Test time: 8.79s
2026-06-16 11:20:15 - finetune_logger - INFO - Test memory reserved: 24.00 MB
[2026-06-16 11:20:15,146][finetune_logger][INFO] - Test memory reserved: 24.00 MB
2026-06-16 11:20:15 - finetune_logger - INFO - Test memory allocated: 18.10 MB
[2026-06-16 11:20:15,146][finetune_logger][INFO] - Test memory allocated: 18.10 MB
2026-06-16 11:20:15 - finetune_logger - INFO - Epoch 18/20
[2026-06-16 11:20:15,146][finetune_logger][INFO] - Epoch 18/20
2026-06-16 11:21:32 - finetune_logger - INFO - Train loss: 0.014687075933476094
[2026-06-16 11:21:32,059][finetune_logger][INFO] - Train loss: 0.014687075933476094
2026-06-16 11:21:32 - finetune_logger - INFO - Train time: 76.9123101234436s
[2026-06-16 11:21:32,060][finetune_logger][INFO] - Train time: 76.9123101234436s
2026-06-16 11:21:32 - finetune_logger - INFO - Train memory reserved: 24.00 MB
[2026-06-16 11:21:32,060][finetune_logger][INFO] - Train memory reserved: 24.00 MB
2026-06-16 11:21:32 - finetune_logger - INFO - Train memory allocated: 18.10 MB
[2026-06-16 11:21:32,060][finetune_logger][INFO] - Train memory allocated: 18.10 MB
2026-06-16 11:21:32 - finetune_logger - INFO - Current learning rate: 0.00025
[2026-06-16 11:21:32,060][finetune_logger][INFO] - Current learning rate: 0.00025
2026-06-16 11:21:36 - finetune_logger - INFO - Validation metrics: {'MAE': 0.030497695260105394, 'RMSE': 0.045404790132260224}
[2026-06-16 11:21:36,020][finetune_logger][INFO] - Validation metrics: {'MAE': 0.030497695260105394, 'RMSE': 0.045404790132260224}
2026-06-16 11:21:36 - finetune_logger - INFO - Val time: 3.96s
[2026-06-16 11:21:36,020][finetune_logger][INFO] - Val time: 3.96s
2026-06-16 11:21:36 - finetune_logger - INFO - Val memory reserved: 24.00 MB
[2026-06-16 11:21:36,020][finetune_logger][INFO] - Val memory reserved: 24.00 MB
2026-06-16 11:21:36 - finetune_logger - INFO - Val memory allocated: 18.10 MB
[2026-06-16 11:21:36,020][finetune_logger][INFO] - Val memory allocated: 18.10 MB
2026-06-16 11:21:36 - finetune_logger - INFO - Logged epoch 18 info to /public/home/202411094934/python_project/Spatio-Temporal-Library/time-series/2026-06-16/itransformer/finetune20/exchange_rate/time-series/seed_1/training_log.json
[2026-06-16 11:21:36,024][finetune_logger][INFO] - Logged epoch 18 info to /public/home/202411094934/python_project/Spatio-Temporal-Library/time-series/2026-06-16/itransformer/finetune20/exchange_rate/time-series/seed_1/training_log.json
2026-06-16 11:21:44 - finetune_logger - INFO - Test metrics: {'MAE': 0.02488036287205785, 'RMSE': 0.036815486958138355}
[2026-06-16 11:21:44,872][finetune_logger][INFO] - Test metrics: {'MAE': 0.02488036287205785, 'RMSE': 0.036815486958138355}
2026-06-16 11:21:44 - finetune_logger - INFO - Test time: 8.85s
[2026-06-16 11:21:44,872][finetune_logger][INFO] - Test time: 8.85s
2026-06-16 11:21:44 - finetune_logger - INFO - Test memory reserved: 24.00 MB
[2026-06-16 11:21:44,873][finetune_logger][INFO] - Test memory reserved: 24.00 MB
2026-06-16 11:21:44 - finetune_logger - INFO - Test memory allocated: 18.10 MB
[2026-06-16 11:21:44,873][finetune_logger][INFO] - Test memory allocated: 18.10 MB
2026-06-16 11:21:44 - finetune_logger - INFO - Epoch 19/20
[2026-06-16 11:21:44,873][finetune_logger][INFO] - Epoch 19/20
2026-06-16 11:23:01 - finetune_logger - INFO - Train loss: 0.014523775954111827
[2026-06-16 11:23:01,624][finetune_logger][INFO] - Train loss: 0.014523775954111827
2026-06-16 11:23:01 - finetune_logger - INFO - Train time: 76.75048875808716s
[2026-06-16 11:23:01,624][finetune_logger][INFO] - Train time: 76.75048875808716s
2026-06-16 11:23:01 - finetune_logger - INFO - Train memory reserved: 24.00 MB
[2026-06-16 11:23:01,624][finetune_logger][INFO] - Train memory reserved: 24.00 MB
2026-06-16 11:23:01 - finetune_logger - INFO - Train memory allocated: 18.10 MB
[2026-06-16 11:23:01,624][finetune_logger][INFO] - Train memory allocated: 18.10 MB
2026-06-16 11:23:01 - finetune_logger - INFO - Current learning rate: 0.00025
[2026-06-16 11:23:01,624][finetune_logger][INFO] - Current learning rate: 0.00025
2026-06-16 11:23:05 - finetune_logger - INFO - Validation metrics: {'MAE': 0.03128433878909406, 'RMSE': 0.04664781441538052}
[2026-06-16 11:23:05,653][finetune_logger][INFO] - Validation metrics: {'MAE': 0.03128433878909406, 'RMSE': 0.04664781441538052}
2026-06-16 11:23:05 - finetune_logger - INFO - Val time: 4.03s
[2026-06-16 11:23:05,654][finetune_logger][INFO] - Val time: 4.03s
2026-06-16 11:23:05 - finetune_logger - INFO - Val memory reserved: 24.00 MB
[2026-06-16 11:23:05,654][finetune_logger][INFO] - Val memory reserved: 24.00 MB
2026-06-16 11:23:05 - finetune_logger - INFO - Val memory allocated: 18.10 MB
[2026-06-16 11:23:05,654][finetune_logger][INFO] - Val memory allocated: 18.10 MB
2026-06-16 11:23:05 - finetune_logger - INFO - Logged epoch 19 info to /public/home/202411094934/python_project/Spatio-Temporal-Library/time-series/2026-06-16/itransformer/finetune20/exchange_rate/time-series/seed_1/training_log.json
[2026-06-16 11:23:05,657][finetune_logger][INFO] - Logged epoch 19 info to /public/home/202411094934/python_project/Spatio-Temporal-Library/time-series/2026-06-16/itransformer/finetune20/exchange_rate/time-series/seed_1/training_log.json
2026-06-16 11:23:14 - finetune_logger - INFO - Test metrics: {'MAE': 0.025565274033984287, 'RMSE': 0.0374403902332452}
[2026-06-16 11:23:14,454][finetune_logger][INFO] - Test metrics: {'MAE': 0.025565274033984287, 'RMSE': 0.0374403902332452}
2026-06-16 11:23:14 - finetune_logger - INFO - Test time: 8.80s
[2026-06-16 11:23:14,454][finetune_logger][INFO] - Test time: 8.80s
2026-06-16 11:23:14 - finetune_logger - INFO - Test memory reserved: 24.00 MB
[2026-06-16 11:23:14,454][finetune_logger][INFO] - Test memory reserved: 24.00 MB
2026-06-16 11:23:14 - finetune_logger - INFO - Test memory allocated: 18.10 MB
[2026-06-16 11:23:14,454][finetune_logger][INFO] - Test memory allocated: 18.10 MB
2026-06-16 11:23:14 - finetune_logger - INFO - Epoch 20/20
[2026-06-16 11:23:14,454][finetune_logger][INFO] - Epoch 20/20
2026-06-16 11:24:31 - finetune_logger - INFO - Train loss: 0.014254498128875701
[2026-06-16 11:24:31,214][finetune_logger][INFO] - Train loss: 0.014254498128875701
2026-06-16 11:24:31 - finetune_logger - INFO - Train time: 76.75926947593689s
[2026-06-16 11:24:31,214][finetune_logger][INFO] - Train time: 76.75926947593689s
2026-06-16 11:24:31 - finetune_logger - INFO - Train memory reserved: 24.00 MB
[2026-06-16 11:24:31,215][finetune_logger][INFO] - Train memory reserved: 24.00 MB
2026-06-16 11:24:31 - finetune_logger - INFO - Train memory allocated: 18.10 MB
[2026-06-16 11:24:31,215][finetune_logger][INFO] - Train memory allocated: 18.10 MB
2026-06-16 11:24:31 - finetune_logger - INFO - Current learning rate: 0.00025
[2026-06-16 11:24:31,215][finetune_logger][INFO] - Current learning rate: 0.00025
2026-06-16 11:24:35 - finetune_logger - INFO - Validation metrics: {'MAE': 0.03104590417383974, 'RMSE': 0.04622649838759105}
[2026-06-16 11:24:35,236][finetune_logger][INFO] - Validation metrics: {'MAE': 0.03104590417383974, 'RMSE': 0.04622649838759105}
2026-06-16 11:24:35 - finetune_logger - INFO - Val time: 4.02s
[2026-06-16 11:24:35,237][finetune_logger][INFO] - Val time: 4.02s
2026-06-16 11:24:35 - finetune_logger - INFO - Val memory reserved: 24.00 MB
[2026-06-16 11:24:35,237][finetune_logger][INFO] - Val memory reserved: 24.00 MB
2026-06-16 11:24:35 - finetune_logger - INFO - Val memory allocated: 18.10 MB
[2026-06-16 11:24:35,237][finetune_logger][INFO] - Val memory allocated: 18.10 MB
2026-06-16 11:24:35 - finetune_logger - INFO - Logged epoch 20 info to /public/home/202411094934/python_project/Spatio-Temporal-Library/time-series/2026-06-16/itransformer/finetune20/exchange_rate/time-series/seed_1/training_log.json
[2026-06-16 11:24:35,241][finetune_logger][INFO] - Logged epoch 20 info to /public/home/202411094934/python_project/Spatio-Temporal-Library/time-series/2026-06-16/itransformer/finetune20/exchange_rate/time-series/seed_1/training_log.json
2026-06-16 11:24:44 - finetune_logger - INFO - Test metrics: {'MAE': 0.025153195736723435, 'RMSE': 0.03717347300579005}
[2026-06-16 11:24:44,110][finetune_logger][INFO] - Test metrics: {'MAE': 0.025153195736723435, 'RMSE': 0.03717347300579005}
2026-06-16 11:24:44 - finetune_logger - INFO - Test time: 8.84s
[2026-06-16 11:24:44,110][finetune_logger][INFO] - Test time: 8.84s
2026-06-16 11:24:44 - finetune_logger - INFO - Test memory reserved: 24.00 MB
[2026-06-16 11:24:44,110][finetune_logger][INFO] - Test memory reserved: 24.00 MB
2026-06-16 11:24:44 - finetune_logger - INFO - Test memory allocated: 18.10 MB
[2026-06-16 11:24:44,110][finetune_logger][INFO] - Test memory allocated: 18.10 MB
2026-06-16 11:24:44 - finetune_logger - INFO - Training completed. Best epoch: 6, Best val loss: 0.024877
[2026-06-16 11:24:44,111][finetune_logger][INFO] - Training completed. Best epoch: 6, Best val loss: 0.024877
2026-06-16 11:24:44 - finetune_logger - INFO - Loaded checkpoint from epoch 6
[2026-06-16 11:24:44,141][finetune_logger][INFO] - Loaded checkpoint from epoch 6
2026-06-16 11:24:44 - finetune_logger - INFO - Evaluating best model on test sets...
[2026-06-16 11:24:44,142][finetune_logger][INFO] - Evaluating best model on test sets...
2026-06-16 11:24:53 - finetune_logger - INFO - Test metrics: {'MAE': 0.021510698018401036, 'RMSE': 0.032153330626897424}
[2026-06-16 11:24:53,001][finetune_logger][INFO] - Test metrics: {'MAE': 0.021510698018401036, 'RMSE': 0.032153330626897424}
2026-06-16 11:24:53 - finetune_logger - INFO - Test time: 8.86s
[2026-06-16 11:24:53,001][finetune_logger][INFO] - Test time: 8.86s
2026-06-16 11:24:53 - finetune_logger - INFO - Test memory reserved: 26.00 MB
[2026-06-16 11:24:53,001][finetune_logger][INFO] - Test memory reserved: 26.00 MB
2026-06-16 11:24:53 - finetune_logger - INFO - Test memory allocated: 18.14 MB
[2026-06-16 11:24:53,001][finetune_logger][INFO] - Test memory allocated: 18.14 MB
2026-06-16 11:24:53 - finetune_logger - INFO - Logged epoch test info to /public/home/202411094934/python_project/Spatio-Temporal-Library/time-series/2026-06-16/itransformer/finetune20/exchange_rate/time-series/seed_1/training_log.json
[2026-06-16 11:24:53,005][finetune_logger][INFO] - Logged epoch test info to /public/home/202411094934/python_project/Spatio-Temporal-Library/time-series/2026-06-16/itransformer/finetune20/exchange_rate/time-series/seed_1/training_log.json
