2026-06-16 00:43:00 - finetune_logger - INFO - No pretrained checkpoint is provided. Finetuning from scratch.
[2026-06-16 00:43:00,456][finetune_logger][INFO] - No pretrained checkpoint is provided. Finetuning from scratch.
2026-06-16 00:43:00 - finetune_logger - INFO - Model parameters: 158,912
[2026-06-16 00:43:00,459][finetune_logger][INFO] - Model parameters: 158,912
2026-06-16 00:43:00 - finetune_logger - INFO - Created new log file at /public/home/202411094934/python_project/Spatio-Temporal-Library/time-series/2026-06-16/itransformer/finetune20/weather/time-series/seed_0/training_log.json
[2026-06-16 00:43:00,461][finetune_logger][INFO] - Created new log file at /public/home/202411094934/python_project/Spatio-Temporal-Library/time-series/2026-06-16/itransformer/finetune20/weather/time-series/seed_0/training_log.json
2026-06-16 00:43:00 - finetune_logger - INFO - Starting training...
[2026-06-16 00:43:00,461][finetune_logger][INFO] - Starting training...
2026-06-16 00:43:00 - finetune_logger - INFO - Epoch 1/20
[2026-06-16 00:43:00,461][finetune_logger][INFO] - Epoch 1/20
2026-06-16 00:52:17 - finetune_logger - INFO - Train loss: 28.101553508797192
[2026-06-16 00:52:17,782][finetune_logger][INFO] - Train loss: 28.101553508797192
2026-06-16 00:52:17 - finetune_logger - INFO - Train time: 557.3206067085266s
[2026-06-16 00:52:17,783][finetune_logger][INFO] - Train time: 557.3206067085266s
2026-06-16 00:52:17 - finetune_logger - INFO - Train memory reserved: 26.00 MB
[2026-06-16 00:52:17,783][finetune_logger][INFO] - Train memory reserved: 26.00 MB
2026-06-16 00:52:17 - finetune_logger - INFO - Train memory allocated: 18.10 MB
[2026-06-16 00:52:17,783][finetune_logger][INFO] - Train memory allocated: 18.10 MB
2026-06-16 00:52:17 - finetune_logger - INFO - Current learning rate: 0.0005
[2026-06-16 00:52:17,783][finetune_logger][INFO] - Current learning rate: 0.0005
2026-06-16 00:52:50 - finetune_logger - INFO - Validation metrics: {'MAE': 21.177611187819643, 'RMSE': 67.3107101994298}
[2026-06-16 00:52:50,651][finetune_logger][INFO] - Validation metrics: {'MAE': 21.177611187819643, 'RMSE': 67.3107101994298}
2026-06-16 00:52:50 - finetune_logger - INFO - Val time: 32.87s
[2026-06-16 00:52:50,651][finetune_logger][INFO] - Val time: 32.87s
2026-06-16 00:52:50 - finetune_logger - INFO - Val memory reserved: 26.00 MB
[2026-06-16 00:52:50,651][finetune_logger][INFO] - Val memory reserved: 26.00 MB
2026-06-16 00:52:50 - finetune_logger - INFO - Val memory allocated: 18.10 MB
[2026-06-16 00:52:50,651][finetune_logger][INFO] - Val memory allocated: 18.10 MB
2026-06-16 00:52:50 - finetune_logger - INFO - Logged epoch 1 info to /public/home/202411094934/python_project/Spatio-Temporal-Library/time-series/2026-06-16/itransformer/finetune20/weather/time-series/seed_0/training_log.json
[2026-06-16 00:52:50,655][finetune_logger][INFO] - Logged epoch 1 info to /public/home/202411094934/python_project/Spatio-Temporal-Library/time-series/2026-06-16/itransformer/finetune20/weather/time-series/seed_0/training_log.json
2026-06-16 00:52:50 - finetune_logger - INFO - New best model! Val loss: 21.177611
[2026-06-16 00:52:50,655][finetune_logger][INFO] - New best model! Val loss: 21.177611
2026-06-16 00:53:57 - finetune_logger - INFO - Test metrics: {'MAE': 12.398826506859944, 'RMSE': 40.22971010968444}
[2026-06-16 00:53:57,044][finetune_logger][INFO] - Test metrics: {'MAE': 12.398826506859944, 'RMSE': 40.22971010968444}
2026-06-16 00:53:57 - finetune_logger - INFO - Test time: 66.35s
[2026-06-16 00:53:57,045][finetune_logger][INFO] - Test time: 66.35s
2026-06-16 00:53:57 - finetune_logger - INFO - Test memory reserved: 26.00 MB
[2026-06-16 00:53:57,045][finetune_logger][INFO] - Test memory reserved: 26.00 MB
2026-06-16 00:53:57 - finetune_logger - INFO - Test memory allocated: 18.10 MB
[2026-06-16 00:53:57,045][finetune_logger][INFO] - Test memory allocated: 18.10 MB
2026-06-16 00:53:57 - finetune_logger - INFO - Epoch 2/20
[2026-06-16 00:53:57,045][finetune_logger][INFO] - Epoch 2/20
2026-06-16 01:03:14 - finetune_logger - INFO - Train loss: 25.531048882044054
[2026-06-16 01:03:14,254][finetune_logger][INFO] - Train loss: 25.531048882044054
2026-06-16 01:03:14 - finetune_logger - INFO - Train time: 557.2081506252289s
[2026-06-16 01:03:14,254][finetune_logger][INFO] - Train time: 557.2081506252289s
2026-06-16 01:03:14 - finetune_logger - INFO - Train memory reserved: 26.00 MB
[2026-06-16 01:03:14,254][finetune_logger][INFO] - Train memory reserved: 26.00 MB
2026-06-16 01:03:14 - finetune_logger - INFO - Train memory allocated: 18.10 MB
[2026-06-16 01:03:14,254][finetune_logger][INFO] - Train memory allocated: 18.10 MB
2026-06-16 01:03:14 - finetune_logger - INFO - Current learning rate: 0.0005
[2026-06-16 01:03:14,254][finetune_logger][INFO] - Current learning rate: 0.0005
2026-06-16 01:03:47 - finetune_logger - INFO - Validation metrics: {'MAE': 21.082266569042336, 'RMSE': 69.38861168167914}
[2026-06-16 01:03:47,023][finetune_logger][INFO] - Validation metrics: {'MAE': 21.082266569042336, 'RMSE': 69.38861168167914}
2026-06-16 01:03:47 - finetune_logger - INFO - Val time: 32.77s
[2026-06-16 01:03:47,023][finetune_logger][INFO] - Val time: 32.77s
2026-06-16 01:03:47 - finetune_logger - INFO - Val memory reserved: 26.00 MB
[2026-06-16 01:03:47,023][finetune_logger][INFO] - Val memory reserved: 26.00 MB
2026-06-16 01:03:47 - finetune_logger - INFO - Val memory allocated: 18.10 MB
[2026-06-16 01:03:47,023][finetune_logger][INFO] - Val memory allocated: 18.10 MB
2026-06-16 01:03:47 - finetune_logger - INFO - Logged epoch 2 info to /public/home/202411094934/python_project/Spatio-Temporal-Library/time-series/2026-06-16/itransformer/finetune20/weather/time-series/seed_0/training_log.json
[2026-06-16 01:03:47,026][finetune_logger][INFO] - Logged epoch 2 info to /public/home/202411094934/python_project/Spatio-Temporal-Library/time-series/2026-06-16/itransformer/finetune20/weather/time-series/seed_0/training_log.json
2026-06-16 01:03:47 - finetune_logger - INFO - New best model! Val loss: 21.082267
[2026-06-16 01:03:47,026][finetune_logger][INFO] - New best model! Val loss: 21.082267
2026-06-16 01:04:53 - finetune_logger - INFO - Test metrics: {'MAE': 11.987491397435775, 'RMSE': 40.79237106278707}
[2026-06-16 01:04:53,202][finetune_logger][INFO] - Test metrics: {'MAE': 11.987491397435775, 'RMSE': 40.79237106278707}
2026-06-16 01:04:53 - finetune_logger - INFO - Test time: 66.13s
[2026-06-16 01:04:53,202][finetune_logger][INFO] - Test time: 66.13s
2026-06-16 01:04:53 - finetune_logger - INFO - Test memory reserved: 26.00 MB
[2026-06-16 01:04:53,202][finetune_logger][INFO] - Test memory reserved: 26.00 MB
2026-06-16 01:04:53 - finetune_logger - INFO - Test memory allocated: 18.10 MB
[2026-06-16 01:04:53,202][finetune_logger][INFO] - Test memory allocated: 18.10 MB
2026-06-16 01:04:53 - finetune_logger - INFO - Epoch 3/20
[2026-06-16 01:04:53,202][finetune_logger][INFO] - Epoch 3/20
2026-06-16 01:14:10 - finetune_logger - INFO - Train loss: 24.362983761460548
[2026-06-16 01:14:10,092][finetune_logger][INFO] - Train loss: 24.362983761460548
2026-06-16 01:14:10 - finetune_logger - INFO - Train time: 556.8889060020447s
[2026-06-16 01:14:10,092][finetune_logger][INFO] - Train time: 556.8889060020447s
2026-06-16 01:14:10 - finetune_logger - INFO - Train memory reserved: 26.00 MB
[2026-06-16 01:14:10,092][finetune_logger][INFO] - Train memory reserved: 26.00 MB
2026-06-16 01:14:10 - finetune_logger - INFO - Train memory allocated: 18.10 MB
[2026-06-16 01:14:10,092][finetune_logger][INFO] - Train memory allocated: 18.10 MB
2026-06-16 01:14:10 - finetune_logger - INFO - Current learning rate: 0.0005
[2026-06-16 01:14:10,092][finetune_logger][INFO] - Current learning rate: 0.0005
2026-06-16 01:14:42 - finetune_logger - INFO - Validation metrics: {'MAE': 20.839376955523026, 'RMSE': 68.28004958803626}
[2026-06-16 01:14:42,795][finetune_logger][INFO] - Validation metrics: {'MAE': 20.839376955523026, 'RMSE': 68.28004958803626}
2026-06-16 01:14:42 - finetune_logger - INFO - Val time: 32.70s
[2026-06-16 01:14:42,795][finetune_logger][INFO] - Val time: 32.70s
2026-06-16 01:14:42 - finetune_logger - INFO - Val memory reserved: 26.00 MB
[2026-06-16 01:14:42,795][finetune_logger][INFO] - Val memory reserved: 26.00 MB
2026-06-16 01:14:42 - finetune_logger - INFO - Val memory allocated: 18.10 MB
[2026-06-16 01:14:42,795][finetune_logger][INFO] - Val memory allocated: 18.10 MB
2026-06-16 01:14:42 - finetune_logger - INFO - Logged epoch 3 info to /public/home/202411094934/python_project/Spatio-Temporal-Library/time-series/2026-06-16/itransformer/finetune20/weather/time-series/seed_0/training_log.json
[2026-06-16 01:14:42,798][finetune_logger][INFO] - Logged epoch 3 info to /public/home/202411094934/python_project/Spatio-Temporal-Library/time-series/2026-06-16/itransformer/finetune20/weather/time-series/seed_0/training_log.json
2026-06-16 01:14:42 - finetune_logger - INFO - New best model! Val loss: 20.839377
[2026-06-16 01:14:42,798][finetune_logger][INFO] - New best model! Val loss: 20.839377
2026-06-16 01:15:49 - finetune_logger - INFO - Test metrics: {'MAE': 12.149365657478103, 'RMSE': 40.39703019864979}
[2026-06-16 01:15:49,156][finetune_logger][INFO] - Test metrics: {'MAE': 12.149365657478103, 'RMSE': 40.39703019864979}
2026-06-16 01:15:49 - finetune_logger - INFO - Test time: 66.31s
[2026-06-16 01:15:49,156][finetune_logger][INFO] - Test time: 66.31s
2026-06-16 01:15:49 - finetune_logger - INFO - Test memory reserved: 26.00 MB
[2026-06-16 01:15:49,156][finetune_logger][INFO] - Test memory reserved: 26.00 MB
2026-06-16 01:15:49 - finetune_logger - INFO - Test memory allocated: 18.10 MB
[2026-06-16 01:15:49,156][finetune_logger][INFO] - Test memory allocated: 18.10 MB
2026-06-16 01:15:49 - finetune_logger - INFO - Epoch 4/20
[2026-06-16 01:15:49,157][finetune_logger][INFO] - Epoch 4/20
2026-06-16 01:25:06 - finetune_logger - INFO - Train loss: 23.609660468004666
[2026-06-16 01:25:06,545][finetune_logger][INFO] - Train loss: 23.609660468004666
2026-06-16 01:25:06 - finetune_logger - INFO - Train time: 557.3880853652954s
[2026-06-16 01:25:06,545][finetune_logger][INFO] - Train time: 557.3880853652954s
2026-06-16 01:25:06 - finetune_logger - INFO - Train memory reserved: 26.00 MB
[2026-06-16 01:25:06,546][finetune_logger][INFO] - Train memory reserved: 26.00 MB
2026-06-16 01:25:06 - finetune_logger - INFO - Train memory allocated: 18.10 MB
[2026-06-16 01:25:06,546][finetune_logger][INFO] - Train memory allocated: 18.10 MB
2026-06-16 01:25:06 - finetune_logger - INFO - Current learning rate: 0.0005
[2026-06-16 01:25:06,546][finetune_logger][INFO] - Current learning rate: 0.0005
2026-06-16 01:25:39 - finetune_logger - INFO - Validation metrics: {'MAE': 21.077879863285585, 'RMSE': 69.07012371242789}
[2026-06-16 01:25:39,275][finetune_logger][INFO] - Validation metrics: {'MAE': 21.077879863285585, 'RMSE': 69.07012371242789}
2026-06-16 01:25:39 - finetune_logger - INFO - Val time: 32.73s
[2026-06-16 01:25:39,276][finetune_logger][INFO] - Val time: 32.73s
2026-06-16 01:25:39 - finetune_logger - INFO - Val memory reserved: 26.00 MB
[2026-06-16 01:25:39,276][finetune_logger][INFO] - Val memory reserved: 26.00 MB
2026-06-16 01:25:39 - finetune_logger - INFO - Val memory allocated: 18.10 MB
[2026-06-16 01:25:39,276][finetune_logger][INFO] - Val memory allocated: 18.10 MB
2026-06-16 01:25:39 - finetune_logger - INFO - Logged epoch 4 info to /public/home/202411094934/python_project/Spatio-Temporal-Library/time-series/2026-06-16/itransformer/finetune20/weather/time-series/seed_0/training_log.json
[2026-06-16 01:25:39,279][finetune_logger][INFO] - Logged epoch 4 info to /public/home/202411094934/python_project/Spatio-Temporal-Library/time-series/2026-06-16/itransformer/finetune20/weather/time-series/seed_0/training_log.json
2026-06-16 01:26:45 - finetune_logger - INFO - Test metrics: {'MAE': 12.12981385730339, 'RMSE': 40.89938992457173}
[2026-06-16 01:26:45,327][finetune_logger][INFO] - Test metrics: {'MAE': 12.12981385730339, 'RMSE': 40.89938992457173}
2026-06-16 01:26:45 - finetune_logger - INFO - Test time: 66.05s
[2026-06-16 01:26:45,327][finetune_logger][INFO] - Test time: 66.05s
2026-06-16 01:26:45 - finetune_logger - INFO - Test memory reserved: 26.00 MB
[2026-06-16 01:26:45,327][finetune_logger][INFO] - Test memory reserved: 26.00 MB
2026-06-16 01:26:45 - finetune_logger - INFO - Test memory allocated: 18.10 MB
[2026-06-16 01:26:45,327][finetune_logger][INFO] - Test memory allocated: 18.10 MB
2026-06-16 01:26:45 - finetune_logger - INFO - Epoch 5/20
[2026-06-16 01:26:45,327][finetune_logger][INFO] - Epoch 5/20
2026-06-16 01:36:02 - finetune_logger - INFO - Train loss: 22.978591821168422
[2026-06-16 01:36:02,883][finetune_logger][INFO] - Train loss: 22.978591821168422
2026-06-16 01:36:02 - finetune_logger - INFO - Train time: 557.554764509201s
[2026-06-16 01:36:02,883][finetune_logger][INFO] - Train time: 557.554764509201s
2026-06-16 01:36:02 - finetune_logger - INFO - Train memory reserved: 26.00 MB
[2026-06-16 01:36:02,883][finetune_logger][INFO] - Train memory reserved: 26.00 MB
2026-06-16 01:36:02 - finetune_logger - INFO - Train memory allocated: 18.10 MB
[2026-06-16 01:36:02,883][finetune_logger][INFO] - Train memory allocated: 18.10 MB
2026-06-16 01:36:02 - finetune_logger - INFO - Current learning rate: 0.0005
[2026-06-16 01:36:02,883][finetune_logger][INFO] - Current learning rate: 0.0005
2026-06-16 01:36:35 - finetune_logger - INFO - Validation metrics: {'MAE': 22.4433606786466, 'RMSE': 73.47288765810241}
[2026-06-16 01:36:35,640][finetune_logger][INFO] - Validation metrics: {'MAE': 22.4433606786466, 'RMSE': 73.47288765810241}
2026-06-16 01:36:35 - finetune_logger - INFO - Val time: 32.76s
[2026-06-16 01:36:35,640][finetune_logger][INFO] - Val time: 32.76s
2026-06-16 01:36:35 - finetune_logger - INFO - Val memory reserved: 26.00 MB
[2026-06-16 01:36:35,640][finetune_logger][INFO] - Val memory reserved: 26.00 MB
2026-06-16 01:36:35 - finetune_logger - INFO - Val memory allocated: 18.10 MB
[2026-06-16 01:36:35,641][finetune_logger][INFO] - Val memory allocated: 18.10 MB
2026-06-16 01:36:35 - finetune_logger - INFO - Logged epoch 5 info to /public/home/202411094934/python_project/Spatio-Temporal-Library/time-series/2026-06-16/itransformer/finetune20/weather/time-series/seed_0/training_log.json
[2026-06-16 01:36:35,643][finetune_logger][INFO] - Logged epoch 5 info to /public/home/202411094934/python_project/Spatio-Temporal-Library/time-series/2026-06-16/itransformer/finetune20/weather/time-series/seed_0/training_log.json
2026-06-16 01:37:42 - finetune_logger - INFO - Test metrics: {'MAE': 13.599383483723559, 'RMSE': 45.53756112621222}
[2026-06-16 01:37:42,439][finetune_logger][INFO] - Test metrics: {'MAE': 13.599383483723559, 'RMSE': 45.53756112621222}
2026-06-16 01:37:42 - finetune_logger - INFO - Test time: 66.79s
[2026-06-16 01:37:42,439][finetune_logger][INFO] - Test time: 66.79s
2026-06-16 01:37:42 - finetune_logger - INFO - Test memory reserved: 26.00 MB
[2026-06-16 01:37:42,439][finetune_logger][INFO] - Test memory reserved: 26.00 MB
2026-06-16 01:37:42 - finetune_logger - INFO - Test memory allocated: 18.10 MB
[2026-06-16 01:37:42,439][finetune_logger][INFO] - Test memory allocated: 18.10 MB
2026-06-16 01:37:42 - finetune_logger - INFO - Epoch 6/20
[2026-06-16 01:37:42,439][finetune_logger][INFO] - Epoch 6/20
2026-06-16 01:46:59 - finetune_logger - INFO - Train loss: 22.4857742365048
[2026-06-16 01:46:59,361][finetune_logger][INFO] - Train loss: 22.4857742365048
2026-06-16 01:46:59 - finetune_logger - INFO - Train time: 556.9208009243011s
[2026-06-16 01:46:59,361][finetune_logger][INFO] - Train time: 556.9208009243011s
2026-06-16 01:46:59 - finetune_logger - INFO - Train memory reserved: 26.00 MB
[2026-06-16 01:46:59,361][finetune_logger][INFO] - Train memory reserved: 26.00 MB
2026-06-16 01:46:59 - finetune_logger - INFO - Train memory allocated: 18.10 MB
[2026-06-16 01:46:59,361][finetune_logger][INFO] - Train memory allocated: 18.10 MB
2026-06-16 01:46:59 - finetune_logger - INFO - Current learning rate: 0.0005
[2026-06-16 01:46:59,361][finetune_logger][INFO] - Current learning rate: 0.0005
2026-06-16 01:47:32 - finetune_logger - INFO - Validation metrics: {'MAE': 21.26104852380046, 'RMSE': 71.28562965438722}
[2026-06-16 01:47:32,093][finetune_logger][INFO] - Validation metrics: {'MAE': 21.26104852380046, 'RMSE': 71.28562965438722}
2026-06-16 01:47:32 - finetune_logger - INFO - Val time: 32.73s
[2026-06-16 01:47:32,093][finetune_logger][INFO] - Val time: 32.73s
2026-06-16 01:47:32 - finetune_logger - INFO - Val memory reserved: 26.00 MB
[2026-06-16 01:47:32,093][finetune_logger][INFO] - Val memory reserved: 26.00 MB
2026-06-16 01:47:32 - finetune_logger - INFO - Val memory allocated: 18.10 MB
[2026-06-16 01:47:32,093][finetune_logger][INFO] - Val memory allocated: 18.10 MB
2026-06-16 01:47:32 - finetune_logger - INFO - Logged epoch 6 info to /public/home/202411094934/python_project/Spatio-Temporal-Library/time-series/2026-06-16/itransformer/finetune20/weather/time-series/seed_0/training_log.json
[2026-06-16 01:47:32,097][finetune_logger][INFO] - Logged epoch 6 info to /public/home/202411094934/python_project/Spatio-Temporal-Library/time-series/2026-06-16/itransformer/finetune20/weather/time-series/seed_0/training_log.json
2026-06-16 01:48:38 - finetune_logger - INFO - Test metrics: {'MAE': 12.739309768764855, 'RMSE': 43.73138980610511}
[2026-06-16 01:48:38,491][finetune_logger][INFO] - Test metrics: {'MAE': 12.739309768764855, 'RMSE': 43.73138980610511}
2026-06-16 01:48:38 - finetune_logger - INFO - Test time: 66.39s
[2026-06-16 01:48:38,491][finetune_logger][INFO] - Test time: 66.39s
2026-06-16 01:48:38 - finetune_logger - INFO - Test memory reserved: 26.00 MB
[2026-06-16 01:48:38,492][finetune_logger][INFO] - Test memory reserved: 26.00 MB
2026-06-16 01:48:38 - finetune_logger - INFO - Test memory allocated: 18.10 MB
[2026-06-16 01:48:38,492][finetune_logger][INFO] - Test memory allocated: 18.10 MB
2026-06-16 01:48:38 - finetune_logger - INFO - Epoch 7/20
[2026-06-16 01:48:38,492][finetune_logger][INFO] - Epoch 7/20
2026-06-16 01:57:55 - finetune_logger - INFO - Train loss: 22.111642804604433
[2026-06-16 01:57:55,694][finetune_logger][INFO] - Train loss: 22.111642804604433
2026-06-16 01:57:55 - finetune_logger - INFO - Train time: 557.2016026973724s
[2026-06-16 01:57:55,694][finetune_logger][INFO] - Train time: 557.2016026973724s
2026-06-16 01:57:55 - finetune_logger - INFO - Train memory reserved: 26.00 MB
[2026-06-16 01:57:55,694][finetune_logger][INFO] - Train memory reserved: 26.00 MB
2026-06-16 01:57:55 - finetune_logger - INFO - Train memory allocated: 18.10 MB
[2026-06-16 01:57:55,694][finetune_logger][INFO] - Train memory allocated: 18.10 MB
2026-06-16 01:57:55 - finetune_logger - INFO - Current learning rate: 0.0005
[2026-06-16 01:57:55,695][finetune_logger][INFO] - Current learning rate: 0.0005
2026-06-16 01:58:28 - finetune_logger - INFO - Validation metrics: {'MAE': 21.15978325026702, 'RMSE': 71.11550104927134}
[2026-06-16 01:58:28,435][finetune_logger][INFO] - Validation metrics: {'MAE': 21.15978325026702, 'RMSE': 71.11550104927134}
2026-06-16 01:58:28 - finetune_logger - INFO - Val time: 32.74s
[2026-06-16 01:58:28,435][finetune_logger][INFO] - Val time: 32.74s
2026-06-16 01:58:28 - finetune_logger - INFO - Val memory reserved: 26.00 MB
[2026-06-16 01:58:28,435][finetune_logger][INFO] - Val memory reserved: 26.00 MB
2026-06-16 01:58:28 - finetune_logger - INFO - Val memory allocated: 18.10 MB
[2026-06-16 01:58:28,436][finetune_logger][INFO] - Val memory allocated: 18.10 MB
2026-06-16 01:58:28 - finetune_logger - INFO - Logged epoch 7 info to /public/home/202411094934/python_project/Spatio-Temporal-Library/time-series/2026-06-16/itransformer/finetune20/weather/time-series/seed_0/training_log.json
[2026-06-16 01:58:28,439][finetune_logger][INFO] - Logged epoch 7 info to /public/home/202411094934/python_project/Spatio-Temporal-Library/time-series/2026-06-16/itransformer/finetune20/weather/time-series/seed_0/training_log.json
2026-06-16 01:59:34 - finetune_logger - INFO - Test metrics: {'MAE': 12.339641317465807, 'RMSE': 42.730608665473675}
[2026-06-16 01:59:34,662][finetune_logger][INFO] - Test metrics: {'MAE': 12.339641317465807, 'RMSE': 42.730608665473675}
2026-06-16 01:59:34 - finetune_logger - INFO - Test time: 66.22s
[2026-06-16 01:59:34,662][finetune_logger][INFO] - Test time: 66.22s
2026-06-16 01:59:34 - finetune_logger - INFO - Test memory reserved: 26.00 MB
[2026-06-16 01:59:34,663][finetune_logger][INFO] - Test memory reserved: 26.00 MB
2026-06-16 01:59:34 - finetune_logger - INFO - Test memory allocated: 18.10 MB
[2026-06-16 01:59:34,663][finetune_logger][INFO] - Test memory allocated: 18.10 MB
2026-06-16 01:59:34 - finetune_logger - INFO - Epoch 8/20
[2026-06-16 01:59:34,663][finetune_logger][INFO] - Epoch 8/20
2026-06-16 02:08:51 - finetune_logger - INFO - Train loss: 21.777771824616686
[2026-06-16 02:08:51,880][finetune_logger][INFO] - Train loss: 21.777771824616686
2026-06-16 02:08:51 - finetune_logger - INFO - Train time: 557.216228723526s
[2026-06-16 02:08:51,880][finetune_logger][INFO] - Train time: 557.216228723526s
2026-06-16 02:08:51 - finetune_logger - INFO - Train memory reserved: 26.00 MB
[2026-06-16 02:08:51,880][finetune_logger][INFO] - Train memory reserved: 26.00 MB
2026-06-16 02:08:51 - finetune_logger - INFO - Train memory allocated: 18.10 MB
[2026-06-16 02:08:51,880][finetune_logger][INFO] - Train memory allocated: 18.10 MB
2026-06-16 02:08:51 - finetune_logger - INFO - Current learning rate: 0.0005
[2026-06-16 02:08:51,880][finetune_logger][INFO] - Current learning rate: 0.0005
2026-06-16 02:09:24 - finetune_logger - INFO - Validation metrics: {'MAE': 21.15414061563446, 'RMSE': 70.74381050380688}
[2026-06-16 02:09:24,512][finetune_logger][INFO] - Validation metrics: {'MAE': 21.15414061563446, 'RMSE': 70.74381050380688}
2026-06-16 02:09:24 - finetune_logger - INFO - Val time: 32.63s
[2026-06-16 02:09:24,512][finetune_logger][INFO] - Val time: 32.63s
2026-06-16 02:09:24 - finetune_logger - INFO - Val memory reserved: 26.00 MB
[2026-06-16 02:09:24,512][finetune_logger][INFO] - Val memory reserved: 26.00 MB
2026-06-16 02:09:24 - finetune_logger - INFO - Val memory allocated: 18.10 MB
[2026-06-16 02:09:24,512][finetune_logger][INFO] - Val memory allocated: 18.10 MB
2026-06-16 02:09:24 - finetune_logger - INFO - Logged epoch 8 info to /public/home/202411094934/python_project/Spatio-Temporal-Library/time-series/2026-06-16/itransformer/finetune20/weather/time-series/seed_0/training_log.json
[2026-06-16 02:09:24,516][finetune_logger][INFO] - Logged epoch 8 info to /public/home/202411094934/python_project/Spatio-Temporal-Library/time-series/2026-06-16/itransformer/finetune20/weather/time-series/seed_0/training_log.json
2026-06-16 02:10:30 - finetune_logger - INFO - Test metrics: {'MAE': 12.250490438770084, 'RMSE': 41.839273332634015}
[2026-06-16 02:10:30,880][finetune_logger][INFO] - Test metrics: {'MAE': 12.250490438770084, 'RMSE': 41.839273332634015}
2026-06-16 02:10:30 - finetune_logger - INFO - Test time: 66.36s
[2026-06-16 02:10:30,880][finetune_logger][INFO] - Test time: 66.36s
2026-06-16 02:10:30 - finetune_logger - INFO - Test memory reserved: 26.00 MB
[2026-06-16 02:10:30,880][finetune_logger][INFO] - Test memory reserved: 26.00 MB
2026-06-16 02:10:30 - finetune_logger - INFO - Test memory allocated: 18.10 MB
[2026-06-16 02:10:30,880][finetune_logger][INFO] - Test memory allocated: 18.10 MB
2026-06-16 02:10:30 - finetune_logger - INFO - Epoch 9/20
[2026-06-16 02:10:30,880][finetune_logger][INFO] - Epoch 9/20
2026-06-16 02:19:47 - finetune_logger - INFO - Train loss: 21.477353971619774
[2026-06-16 02:19:47,913][finetune_logger][INFO] - Train loss: 21.477353971619774
2026-06-16 02:19:47 - finetune_logger - INFO - Train time: 557.0318558216095s
[2026-06-16 02:19:47,913][finetune_logger][INFO] - Train time: 557.0318558216095s
2026-06-16 02:19:47 - finetune_logger - INFO - Train memory reserved: 26.00 MB
[2026-06-16 02:19:47,913][finetune_logger][INFO] - Train memory reserved: 26.00 MB
2026-06-16 02:19:47 - finetune_logger - INFO - Train memory allocated: 18.10 MB
[2026-06-16 02:19:47,913][finetune_logger][INFO] - Train memory allocated: 18.10 MB
2026-06-16 02:19:47 - finetune_logger - INFO - Current learning rate: 0.0005
[2026-06-16 02:19:47,913][finetune_logger][INFO] - Current learning rate: 0.0005
2026-06-16 02:20:20 - finetune_logger - INFO - Validation metrics: {'MAE': 21.63478204088471, 'RMSE': 72.62507826634308}
[2026-06-16 02:20:20,792][finetune_logger][INFO] - Validation metrics: {'MAE': 21.63478204088471, 'RMSE': 72.62507826634308}
2026-06-16 02:20:20 - finetune_logger - INFO - Val time: 32.88s
[2026-06-16 02:20:20,793][finetune_logger][INFO] - Val time: 32.88s
2026-06-16 02:20:20 - finetune_logger - INFO - Val memory reserved: 26.00 MB
[2026-06-16 02:20:20,793][finetune_logger][INFO] - Val memory reserved: 26.00 MB
2026-06-16 02:20:20 - finetune_logger - INFO - Val memory allocated: 18.10 MB
[2026-06-16 02:20:20,793][finetune_logger][INFO] - Val memory allocated: 18.10 MB
2026-06-16 02:20:20 - finetune_logger - INFO - Logged epoch 9 info to /public/home/202411094934/python_project/Spatio-Temporal-Library/time-series/2026-06-16/itransformer/finetune20/weather/time-series/seed_0/training_log.json
[2026-06-16 02:20:20,796][finetune_logger][INFO] - Logged epoch 9 info to /public/home/202411094934/python_project/Spatio-Temporal-Library/time-series/2026-06-16/itransformer/finetune20/weather/time-series/seed_0/training_log.json
2026-06-16 02:21:27 - finetune_logger - INFO - Test metrics: {'MAE': 12.46994668615637, 'RMSE': 42.48975672789091}
[2026-06-16 02:21:27,266][finetune_logger][INFO] - Test metrics: {'MAE': 12.46994668615637, 'RMSE': 42.48975672789091}
2026-06-16 02:21:27 - finetune_logger - INFO - Test time: 66.47s
[2026-06-16 02:21:27,266][finetune_logger][INFO] - Test time: 66.47s
2026-06-16 02:21:27 - finetune_logger - INFO - Test memory reserved: 26.00 MB
[2026-06-16 02:21:27,266][finetune_logger][INFO] - Test memory reserved: 26.00 MB
2026-06-16 02:21:27 - finetune_logger - INFO - Test memory allocated: 18.10 MB
[2026-06-16 02:21:27,266][finetune_logger][INFO] - Test memory allocated: 18.10 MB
2026-06-16 02:21:27 - finetune_logger - INFO - Epoch 10/20
[2026-06-16 02:21:27,266][finetune_logger][INFO] - Epoch 10/20
2026-06-16 02:30:43 - finetune_logger - INFO - Train loss: 21.208180962229207
[2026-06-16 02:30:43,877][finetune_logger][INFO] - Train loss: 21.208180962229207
2026-06-16 02:30:43 - finetune_logger - INFO - Train time: 556.6102125644684s
[2026-06-16 02:30:43,877][finetune_logger][INFO] - Train time: 556.6102125644684s
2026-06-16 02:30:43 - finetune_logger - INFO - Train memory reserved: 26.00 MB
[2026-06-16 02:30:43,877][finetune_logger][INFO] - Train memory reserved: 26.00 MB
2026-06-16 02:30:43 - finetune_logger - INFO - Train memory allocated: 18.10 MB
[2026-06-16 02:30:43,878][finetune_logger][INFO] - Train memory allocated: 18.10 MB
2026-06-16 02:30:43 - finetune_logger - INFO - Current learning rate: 0.0005
[2026-06-16 02:30:43,878][finetune_logger][INFO] - Current learning rate: 0.0005
2026-06-16 02:31:16 - finetune_logger - INFO - Validation metrics: {'MAE': 22.594116036807286, 'RMSE': 75.49141287451761}
[2026-06-16 02:31:16,609][finetune_logger][INFO] - Validation metrics: {'MAE': 22.594116036807286, 'RMSE': 75.49141287451761}
2026-06-16 02:31:16 - finetune_logger - INFO - Val time: 32.73s
[2026-06-16 02:31:16,609][finetune_logger][INFO] - Val time: 32.73s
2026-06-16 02:31:16 - finetune_logger - INFO - Val memory reserved: 26.00 MB
[2026-06-16 02:31:16,609][finetune_logger][INFO] - Val memory reserved: 26.00 MB
2026-06-16 02:31:16 - finetune_logger - INFO - Val memory allocated: 18.10 MB
[2026-06-16 02:31:16,610][finetune_logger][INFO] - Val memory allocated: 18.10 MB
2026-06-16 02:31:16 - finetune_logger - INFO - Logged epoch 10 info to /public/home/202411094934/python_project/Spatio-Temporal-Library/time-series/2026-06-16/itransformer/finetune20/weather/time-series/seed_0/training_log.json
[2026-06-16 02:31:16,613][finetune_logger][INFO] - Logged epoch 10 info to /public/home/202411094934/python_project/Spatio-Temporal-Library/time-series/2026-06-16/itransformer/finetune20/weather/time-series/seed_0/training_log.json
2026-06-16 02:32:23 - finetune_logger - INFO - Test metrics: {'MAE': 13.68502066424008, 'RMSE': 46.901999497957895}
[2026-06-16 02:32:23,020][finetune_logger][INFO] - Test metrics: {'MAE': 13.68502066424008, 'RMSE': 46.901999497957895}
2026-06-16 02:32:23 - finetune_logger - INFO - Test time: 66.39s
[2026-06-16 02:32:23,020][finetune_logger][INFO] - Test time: 66.39s
2026-06-16 02:32:23 - finetune_logger - INFO - Test memory reserved: 26.00 MB
[2026-06-16 02:32:23,021][finetune_logger][INFO] - Test memory reserved: 26.00 MB
2026-06-16 02:32:23 - finetune_logger - INFO - Test memory allocated: 18.10 MB
[2026-06-16 02:32:23,021][finetune_logger][INFO] - Test memory allocated: 18.10 MB
2026-06-16 02:32:23 - finetune_logger - INFO - Epoch 11/20
[2026-06-16 02:32:23,021][finetune_logger][INFO] - Epoch 11/20
2026-06-16 02:41:40 - finetune_logger - INFO - Train loss: 20.235059514879136
[2026-06-16 02:41:40,312][finetune_logger][INFO] - Train loss: 20.235059514879136
2026-06-16 02:41:40 - finetune_logger - INFO - Train time: 557.290367603302s
[2026-06-16 02:41:40,312][finetune_logger][INFO] - Train time: 557.290367603302s
2026-06-16 02:41:40 - finetune_logger - INFO - Train memory reserved: 26.00 MB
[2026-06-16 02:41:40,312][finetune_logger][INFO] - Train memory reserved: 26.00 MB
2026-06-16 02:41:40 - finetune_logger - INFO - Train memory allocated: 18.10 MB
[2026-06-16 02:41:40,312][finetune_logger][INFO] - Train memory allocated: 18.10 MB
2026-06-16 02:41:40 - finetune_logger - INFO - Current learning rate: 0.00025
[2026-06-16 02:41:40,312][finetune_logger][INFO] - Current learning rate: 0.00025
2026-06-16 02:42:13 - finetune_logger - INFO - Validation metrics: {'MAE': 21.26948667323846, 'RMSE': 72.3460353661878}
[2026-06-16 02:42:13,139][finetune_logger][INFO] - Validation metrics: {'MAE': 21.26948667323846, 'RMSE': 72.3460353661878}
2026-06-16 02:42:13 - finetune_logger - INFO - Val time: 32.83s
[2026-06-16 02:42:13,139][finetune_logger][INFO] - Val time: 32.83s
2026-06-16 02:42:13 - finetune_logger - INFO - Val memory reserved: 26.00 MB
[2026-06-16 02:42:13,139][finetune_logger][INFO] - Val memory reserved: 26.00 MB
2026-06-16 02:42:13 - finetune_logger - INFO - Val memory allocated: 18.10 MB
[2026-06-16 02:42:13,139][finetune_logger][INFO] - Val memory allocated: 18.10 MB
2026-06-16 02:42:13 - finetune_logger - INFO - Logged epoch 11 info to /public/home/202411094934/python_project/Spatio-Temporal-Library/time-series/2026-06-16/itransformer/finetune20/weather/time-series/seed_0/training_log.json
[2026-06-16 02:42:13,143][finetune_logger][INFO] - Logged epoch 11 info to /public/home/202411094934/python_project/Spatio-Temporal-Library/time-series/2026-06-16/itransformer/finetune20/weather/time-series/seed_0/training_log.json
2026-06-16 02:43:19 - finetune_logger - INFO - Test metrics: {'MAE': 12.10533876908189, 'RMSE': 41.67015571668406}
[2026-06-16 02:43:19,323][finetune_logger][INFO] - Test metrics: {'MAE': 12.10533876908189, 'RMSE': 41.67015571668406}
2026-06-16 02:43:19 - finetune_logger - INFO - Test time: 66.18s
[2026-06-16 02:43:19,323][finetune_logger][INFO] - Test time: 66.18s
2026-06-16 02:43:19 - finetune_logger - INFO - Test memory reserved: 26.00 MB
[2026-06-16 02:43:19,324][finetune_logger][INFO] - Test memory reserved: 26.00 MB
2026-06-16 02:43:19 - finetune_logger - INFO - Test memory allocated: 18.10 MB
[2026-06-16 02:43:19,324][finetune_logger][INFO] - Test memory allocated: 18.10 MB
2026-06-16 02:43:19 - finetune_logger - INFO - Epoch 12/20
[2026-06-16 02:43:19,324][finetune_logger][INFO] - Epoch 12/20
2026-06-16 02:52:36 - finetune_logger - INFO - Train loss: 19.993607923111867
[2026-06-16 02:52:36,469][finetune_logger][INFO] - Train loss: 19.993607923111867
2026-06-16 02:52:36 - finetune_logger - INFO - Train time: 557.1449294090271s
[2026-06-16 02:52:36,470][finetune_logger][INFO] - Train time: 557.1449294090271s
2026-06-16 02:52:36 - finetune_logger - INFO - Train memory reserved: 26.00 MB
[2026-06-16 02:52:36,470][finetune_logger][INFO] - Train memory reserved: 26.00 MB
2026-06-16 02:52:36 - finetune_logger - INFO - Train memory allocated: 18.10 MB
[2026-06-16 02:52:36,470][finetune_logger][INFO] - Train memory allocated: 18.10 MB
2026-06-16 02:52:36 - finetune_logger - INFO - Current learning rate: 0.00025
[2026-06-16 02:52:36,470][finetune_logger][INFO] - Current learning rate: 0.00025
2026-06-16 02:53:09 - finetune_logger - INFO - Validation metrics: {'MAE': 21.225641609141615, 'RMSE': 72.57248432112264}
[2026-06-16 02:53:09,232][finetune_logger][INFO] - Validation metrics: {'MAE': 21.225641609141615, 'RMSE': 72.57248432112264}
2026-06-16 02:53:09 - finetune_logger - INFO - Val time: 32.76s
[2026-06-16 02:53:09,233][finetune_logger][INFO] - Val time: 32.76s
2026-06-16 02:53:09 - finetune_logger - INFO - Val memory reserved: 26.00 MB
[2026-06-16 02:53:09,233][finetune_logger][INFO] - Val memory reserved: 26.00 MB
2026-06-16 02:53:09 - finetune_logger - INFO - Val memory allocated: 18.10 MB
[2026-06-16 02:53:09,233][finetune_logger][INFO] - Val memory allocated: 18.10 MB
2026-06-16 02:53:09 - finetune_logger - INFO - Logged epoch 12 info to /public/home/202411094934/python_project/Spatio-Temporal-Library/time-series/2026-06-16/itransformer/finetune20/weather/time-series/seed_0/training_log.json
[2026-06-16 02:53:09,236][finetune_logger][INFO] - Logged epoch 12 info to /public/home/202411094934/python_project/Spatio-Temporal-Library/time-series/2026-06-16/itransformer/finetune20/weather/time-series/seed_0/training_log.json
2026-06-16 02:54:15 - finetune_logger - INFO - Test metrics: {'MAE': 12.507528983404908, 'RMSE': 43.49582167112173}
[2026-06-16 02:54:15,389][finetune_logger][INFO] - Test metrics: {'MAE': 12.507528983404908, 'RMSE': 43.49582167112173}
2026-06-16 02:54:15 - finetune_logger - INFO - Test time: 66.15s
[2026-06-16 02:54:15,389][finetune_logger][INFO] - Test time: 66.15s
2026-06-16 02:54:15 - finetune_logger - INFO - Test memory reserved: 26.00 MB
[2026-06-16 02:54:15,389][finetune_logger][INFO] - Test memory reserved: 26.00 MB
2026-06-16 02:54:15 - finetune_logger - INFO - Test memory allocated: 18.10 MB
[2026-06-16 02:54:15,390][finetune_logger][INFO] - Test memory allocated: 18.10 MB
2026-06-16 02:54:15 - finetune_logger - INFO - Epoch 13/20
[2026-06-16 02:54:15,390][finetune_logger][INFO] - Epoch 13/20
2026-06-16 03:03:32 - finetune_logger - INFO - Train loss: 19.854312865565948
[2026-06-16 03:03:32,266][finetune_logger][INFO] - Train loss: 19.854312865565948
2026-06-16 03:03:32 - finetune_logger - INFO - Train time: 556.8761832714081s
[2026-06-16 03:03:32,267][finetune_logger][INFO] - Train time: 556.8761832714081s
2026-06-16 03:03:32 - finetune_logger - INFO - Train memory reserved: 26.00 MB
[2026-06-16 03:03:32,267][finetune_logger][INFO] - Train memory reserved: 26.00 MB
2026-06-16 03:03:32 - finetune_logger - INFO - Train memory allocated: 18.10 MB
[2026-06-16 03:03:32,267][finetune_logger][INFO] - Train memory allocated: 18.10 MB
2026-06-16 03:03:32 - finetune_logger - INFO - Current learning rate: 0.00025
[2026-06-16 03:03:32,267][finetune_logger][INFO] - Current learning rate: 0.00025
2026-06-16 03:04:04 - finetune_logger - INFO - Validation metrics: {'MAE': 21.598520847159907, 'RMSE': 73.24793473552926}
[2026-06-16 03:04:04,956][finetune_logger][INFO] - Validation metrics: {'MAE': 21.598520847159907, 'RMSE': 73.24793473552926}
2026-06-16 03:04:04 - finetune_logger - INFO - Val time: 32.69s
[2026-06-16 03:04:04,956][finetune_logger][INFO] - Val time: 32.69s
2026-06-16 03:04:04 - finetune_logger - INFO - Val memory reserved: 26.00 MB
[2026-06-16 03:04:04,956][finetune_logger][INFO] - Val memory reserved: 26.00 MB
2026-06-16 03:04:04 - finetune_logger - INFO - Val memory allocated: 18.10 MB
[2026-06-16 03:04:04,957][finetune_logger][INFO] - Val memory allocated: 18.10 MB
2026-06-16 03:04:04 - finetune_logger - INFO - Logged epoch 13 info to /public/home/202411094934/python_project/Spatio-Temporal-Library/time-series/2026-06-16/itransformer/finetune20/weather/time-series/seed_0/training_log.json
[2026-06-16 03:04:04,960][finetune_logger][INFO] - Logged epoch 13 info to /public/home/202411094934/python_project/Spatio-Temporal-Library/time-series/2026-06-16/itransformer/finetune20/weather/time-series/seed_0/training_log.json
2026-06-16 03:05:11 - finetune_logger - INFO - Test metrics: {'MAE': 12.553283786935937, 'RMSE': 43.43987420526693}
[2026-06-16 03:05:11,303][finetune_logger][INFO] - Test metrics: {'MAE': 12.553283786935937, 'RMSE': 43.43987420526693}
2026-06-16 03:05:11 - finetune_logger - INFO - Test time: 66.34s
[2026-06-16 03:05:11,304][finetune_logger][INFO] - Test time: 66.34s
2026-06-16 03:05:11 - finetune_logger - INFO - Test memory reserved: 26.00 MB
[2026-06-16 03:05:11,304][finetune_logger][INFO] - Test memory reserved: 26.00 MB
2026-06-16 03:05:11 - finetune_logger - INFO - Test memory allocated: 18.10 MB
[2026-06-16 03:05:11,304][finetune_logger][INFO] - Test memory allocated: 18.10 MB
2026-06-16 03:05:11 - finetune_logger - INFO - Epoch 14/20
[2026-06-16 03:05:11,304][finetune_logger][INFO] - Epoch 14/20
2026-06-16 03:14:27 - finetune_logger - INFO - Train loss: 19.712412210531735
[2026-06-16 03:14:27,510][finetune_logger][INFO] - Train loss: 19.712412210531735
2026-06-16 03:14:27 - finetune_logger - INFO - Train time: 556.2056000232697s
[2026-06-16 03:14:27,511][finetune_logger][INFO] - Train time: 556.2056000232697s
2026-06-16 03:14:27 - finetune_logger - INFO - Train memory reserved: 26.00 MB
[2026-06-16 03:14:27,511][finetune_logger][INFO] - Train memory reserved: 26.00 MB
2026-06-16 03:14:27 - finetune_logger - INFO - Train memory allocated: 18.10 MB
[2026-06-16 03:14:27,511][finetune_logger][INFO] - Train memory allocated: 18.10 MB
2026-06-16 03:14:27 - finetune_logger - INFO - Current learning rate: 0.00025
[2026-06-16 03:14:27,511][finetune_logger][INFO] - Current learning rate: 0.00025
2026-06-16 03:15:00 - finetune_logger - INFO - Validation metrics: {'MAE': 21.327624772619107, 'RMSE': 72.61217550742545}
[2026-06-16 03:15:00,334][finetune_logger][INFO] - Validation metrics: {'MAE': 21.327624772619107, 'RMSE': 72.61217550742545}
2026-06-16 03:15:00 - finetune_logger - INFO - Val time: 32.82s
[2026-06-16 03:15:00,334][finetune_logger][INFO] - Val time: 32.82s
2026-06-16 03:15:00 - finetune_logger - INFO - Val memory reserved: 26.00 MB
[2026-06-16 03:15:00,335][finetune_logger][INFO] - Val memory reserved: 26.00 MB
2026-06-16 03:15:00 - finetune_logger - INFO - Val memory allocated: 18.10 MB
[2026-06-16 03:15:00,335][finetune_logger][INFO] - Val memory allocated: 18.10 MB
2026-06-16 03:15:00 - finetune_logger - INFO - Logged epoch 14 info to /public/home/202411094934/python_project/Spatio-Temporal-Library/time-series/2026-06-16/itransformer/finetune20/weather/time-series/seed_0/training_log.json
[2026-06-16 03:15:00,338][finetune_logger][INFO] - Logged epoch 14 info to /public/home/202411094934/python_project/Spatio-Temporal-Library/time-series/2026-06-16/itransformer/finetune20/weather/time-series/seed_0/training_log.json
2026-06-16 03:16:06 - finetune_logger - INFO - Test metrics: {'MAE': 12.243819892875884, 'RMSE': 42.61723893726105}
[2026-06-16 03:16:06,546][finetune_logger][INFO] - Test metrics: {'MAE': 12.243819892875884, 'RMSE': 42.61723893726105}
2026-06-16 03:16:06 - finetune_logger - INFO - Test time: 66.21s
[2026-06-16 03:16:06,546][finetune_logger][INFO] - Test time: 66.21s
2026-06-16 03:16:06 - finetune_logger - INFO - Test memory reserved: 26.00 MB
[2026-06-16 03:16:06,546][finetune_logger][INFO] - Test memory reserved: 26.00 MB
2026-06-16 03:16:06 - finetune_logger - INFO - Test memory allocated: 18.10 MB
[2026-06-16 03:16:06,546][finetune_logger][INFO] - Test memory allocated: 18.10 MB
2026-06-16 03:16:06 - finetune_logger - INFO - Epoch 15/20
[2026-06-16 03:16:06,546][finetune_logger][INFO] - Epoch 15/20
2026-06-16 03:25:23 - finetune_logger - INFO - Train loss: 19.607507097158795
[2026-06-16 03:25:23,218][finetune_logger][INFO] - Train loss: 19.607507097158795
2026-06-16 03:25:23 - finetune_logger - INFO - Train time: 556.6707048416138s
[2026-06-16 03:25:23,218][finetune_logger][INFO] - Train time: 556.6707048416138s
2026-06-16 03:25:23 - finetune_logger - INFO - Train memory reserved: 26.00 MB
[2026-06-16 03:25:23,218][finetune_logger][INFO] - Train memory reserved: 26.00 MB
2026-06-16 03:25:23 - finetune_logger - INFO - Train memory allocated: 18.10 MB
[2026-06-16 03:25:23,218][finetune_logger][INFO] - Train memory allocated: 18.10 MB
2026-06-16 03:25:23 - finetune_logger - INFO - Current learning rate: 0.00025
[2026-06-16 03:25:23,218][finetune_logger][INFO] - Current learning rate: 0.00025
2026-06-16 03:25:55 - finetune_logger - INFO - Validation metrics: {'MAE': 20.811101772607355, 'RMSE': 71.18319258672692}
[2026-06-16 03:25:55,966][finetune_logger][INFO] - Validation metrics: {'MAE': 20.811101772607355, 'RMSE': 71.18319258672692}
2026-06-16 03:25:55 - finetune_logger - INFO - Val time: 32.75s
[2026-06-16 03:25:55,966][finetune_logger][INFO] - Val time: 32.75s
2026-06-16 03:25:55 - finetune_logger - INFO - Val memory reserved: 26.00 MB
[2026-06-16 03:25:55,967][finetune_logger][INFO] - Val memory reserved: 26.00 MB
2026-06-16 03:25:55 - finetune_logger - INFO - Val memory allocated: 18.10 MB
[2026-06-16 03:25:55,967][finetune_logger][INFO] - Val memory allocated: 18.10 MB
2026-06-16 03:25:55 - finetune_logger - INFO - Logged epoch 15 info to /public/home/202411094934/python_project/Spatio-Temporal-Library/time-series/2026-06-16/itransformer/finetune20/weather/time-series/seed_0/training_log.json
[2026-06-16 03:25:55,970][finetune_logger][INFO] - Logged epoch 15 info to /public/home/202411094934/python_project/Spatio-Temporal-Library/time-series/2026-06-16/itransformer/finetune20/weather/time-series/seed_0/training_log.json
2026-06-16 03:25:55 - finetune_logger - INFO - New best model! Val loss: 20.811102
[2026-06-16 03:25:55,970][finetune_logger][INFO] - New best model! Val loss: 20.811102
2026-06-16 03:27:02 - finetune_logger - INFO - Test metrics: {'MAE': 12.111230216469046, 'RMSE': 41.810975090809194}
[2026-06-16 03:27:02,139][finetune_logger][INFO] - Test metrics: {'MAE': 12.111230216469046, 'RMSE': 41.810975090809194}
2026-06-16 03:27:02 - finetune_logger - INFO - Test time: 66.12s
[2026-06-16 03:27:02,139][finetune_logger][INFO] - Test time: 66.12s
2026-06-16 03:27:02 - finetune_logger - INFO - Test memory reserved: 26.00 MB
[2026-06-16 03:27:02,139][finetune_logger][INFO] - Test memory reserved: 26.00 MB
2026-06-16 03:27:02 - finetune_logger - INFO - Test memory allocated: 18.10 MB
[2026-06-16 03:27:02,139][finetune_logger][INFO] - Test memory allocated: 18.10 MB
2026-06-16 03:27:02 - finetune_logger - INFO - Epoch 16/20
[2026-06-16 03:27:02,139][finetune_logger][INFO] - Epoch 16/20
2026-06-16 03:36:18 - finetune_logger - INFO - Train loss: 19.507589136116888
[2026-06-16 03:36:18,828][finetune_logger][INFO] - Train loss: 19.507589136116888
2026-06-16 03:36:18 - finetune_logger - INFO - Train time: 556.6879508495331s
[2026-06-16 03:36:18,828][finetune_logger][INFO] - Train time: 556.6879508495331s
2026-06-16 03:36:18 - finetune_logger - INFO - Train memory reserved: 26.00 MB
[2026-06-16 03:36:18,828][finetune_logger][INFO] - Train memory reserved: 26.00 MB
2026-06-16 03:36:18 - finetune_logger - INFO - Train memory allocated: 18.10 MB
[2026-06-16 03:36:18,828][finetune_logger][INFO] - Train memory allocated: 18.10 MB
2026-06-16 03:36:18 - finetune_logger - INFO - Current learning rate: 0.00025
[2026-06-16 03:36:18,828][finetune_logger][INFO] - Current learning rate: 0.00025
2026-06-16 03:36:51 - finetune_logger - INFO - Validation metrics: {'MAE': 21.10475032435115, 'RMSE': 72.11748564704543}
[2026-06-16 03:36:51,514][finetune_logger][INFO] - Validation metrics: {'MAE': 21.10475032435115, 'RMSE': 72.11748564704543}
2026-06-16 03:36:51 - finetune_logger - INFO - Val time: 32.69s
[2026-06-16 03:36:51,515][finetune_logger][INFO] - Val time: 32.69s
2026-06-16 03:36:51 - finetune_logger - INFO - Val memory reserved: 26.00 MB
[2026-06-16 03:36:51,515][finetune_logger][INFO] - Val memory reserved: 26.00 MB
2026-06-16 03:36:51 - finetune_logger - INFO - Val memory allocated: 18.10 MB
[2026-06-16 03:36:51,515][finetune_logger][INFO] - Val memory allocated: 18.10 MB
2026-06-16 03:36:51 - finetune_logger - INFO - Logged epoch 16 info to /public/home/202411094934/python_project/Spatio-Temporal-Library/time-series/2026-06-16/itransformer/finetune20/weather/time-series/seed_0/training_log.json
[2026-06-16 03:36:51,518][finetune_logger][INFO] - Logged epoch 16 info to /public/home/202411094934/python_project/Spatio-Temporal-Library/time-series/2026-06-16/itransformer/finetune20/weather/time-series/seed_0/training_log.json
2026-06-16 03:37:57 - finetune_logger - INFO - Test metrics: {'MAE': 12.166399111560006, 'RMSE': 42.23283516759142}
[2026-06-16 03:37:57,860][finetune_logger][INFO] - Test metrics: {'MAE': 12.166399111560006, 'RMSE': 42.23283516759142}
2026-06-16 03:37:57 - finetune_logger - INFO - Test time: 66.34s
[2026-06-16 03:37:57,860][finetune_logger][INFO] - Test time: 66.34s
2026-06-16 03:37:57 - finetune_logger - INFO - Test memory reserved: 26.00 MB
[2026-06-16 03:37:57,861][finetune_logger][INFO] - Test memory reserved: 26.00 MB
2026-06-16 03:37:57 - finetune_logger - INFO - Test memory allocated: 18.10 MB
[2026-06-16 03:37:57,861][finetune_logger][INFO] - Test memory allocated: 18.10 MB
2026-06-16 03:37:57 - finetune_logger - INFO - Epoch 17/20
[2026-06-16 03:37:57,861][finetune_logger][INFO] - Epoch 17/20
2026-06-16 03:47:14 - finetune_logger - INFO - Train loss: 19.41205875782198
[2026-06-16 03:47:14,787][finetune_logger][INFO] - Train loss: 19.41205875782198
2026-06-16 03:47:14 - finetune_logger - INFO - Train time: 556.9261503219604s
[2026-06-16 03:47:14,788][finetune_logger][INFO] - Train time: 556.9261503219604s
2026-06-16 03:47:14 - finetune_logger - INFO - Train memory reserved: 26.00 MB
[2026-06-16 03:47:14,788][finetune_logger][INFO] - Train memory reserved: 26.00 MB
2026-06-16 03:47:14 - finetune_logger - INFO - Train memory allocated: 18.10 MB
[2026-06-16 03:47:14,788][finetune_logger][INFO] - Train memory allocated: 18.10 MB
2026-06-16 03:47:14 - finetune_logger - INFO - Current learning rate: 0.00025
[2026-06-16 03:47:14,788][finetune_logger][INFO] - Current learning rate: 0.00025
2026-06-16 03:47:47 - finetune_logger - INFO - Validation metrics: {'MAE': 21.42750510771907, 'RMSE': 72.38178014013428}
[2026-06-16 03:47:47,617][finetune_logger][INFO] - Validation metrics: {'MAE': 21.42750510771907, 'RMSE': 72.38178014013428}
2026-06-16 03:47:47 - finetune_logger - INFO - Val time: 32.83s
[2026-06-16 03:47:47,617][finetune_logger][INFO] - Val time: 32.83s
2026-06-16 03:47:47 - finetune_logger - INFO - Val memory reserved: 26.00 MB
[2026-06-16 03:47:47,617][finetune_logger][INFO] - Val memory reserved: 26.00 MB
2026-06-16 03:47:47 - finetune_logger - INFO - Val memory allocated: 18.10 MB
[2026-06-16 03:47:47,618][finetune_logger][INFO] - Val memory allocated: 18.10 MB
2026-06-16 03:47:47 - finetune_logger - INFO - Logged epoch 17 info to /public/home/202411094934/python_project/Spatio-Temporal-Library/time-series/2026-06-16/itransformer/finetune20/weather/time-series/seed_0/training_log.json
[2026-06-16 03:47:47,621][finetune_logger][INFO] - Logged epoch 17 info to /public/home/202411094934/python_project/Spatio-Temporal-Library/time-series/2026-06-16/itransformer/finetune20/weather/time-series/seed_0/training_log.json
2026-06-16 03:48:54 - finetune_logger - INFO - Test metrics: {'MAE': 12.747339593709267, 'RMSE': 44.24053182138314}
[2026-06-16 03:48:54,094][finetune_logger][INFO] - Test metrics: {'MAE': 12.747339593709267, 'RMSE': 44.24053182138314}
2026-06-16 03:48:54 - finetune_logger - INFO - Test time: 66.47s
[2026-06-16 03:48:54,094][finetune_logger][INFO] - Test time: 66.47s
2026-06-16 03:48:54 - finetune_logger - INFO - Test memory reserved: 26.00 MB
[2026-06-16 03:48:54,094][finetune_logger][INFO] - Test memory reserved: 26.00 MB
2026-06-16 03:48:54 - finetune_logger - INFO - Test memory allocated: 18.10 MB
[2026-06-16 03:48:54,094][finetune_logger][INFO] - Test memory allocated: 18.10 MB
2026-06-16 03:48:54 - finetune_logger - INFO - Epoch 18/20
[2026-06-16 03:48:54,094][finetune_logger][INFO] - Epoch 18/20
2026-06-16 03:58:10 - finetune_logger - INFO - Train loss: 19.327310982080334
[2026-06-16 03:58:10,681][finetune_logger][INFO] - Train loss: 19.327310982080334
2026-06-16 03:58:10 - finetune_logger - INFO - Train time: 556.5860893726349s
[2026-06-16 03:58:10,681][finetune_logger][INFO] - Train time: 556.5860893726349s
2026-06-16 03:58:10 - finetune_logger - INFO - Train memory reserved: 26.00 MB
[2026-06-16 03:58:10,681][finetune_logger][INFO] - Train memory reserved: 26.00 MB
2026-06-16 03:58:10 - finetune_logger - INFO - Train memory allocated: 18.10 MB
[2026-06-16 03:58:10,681][finetune_logger][INFO] - Train memory allocated: 18.10 MB
2026-06-16 03:58:10 - finetune_logger - INFO - Current learning rate: 0.00025
[2026-06-16 03:58:10,682][finetune_logger][INFO] - Current learning rate: 0.00025
2026-06-16 03:58:43 - finetune_logger - INFO - Validation metrics: {'MAE': 20.982494355008804, 'RMSE': 72.10129073439322}
[2026-06-16 03:58:43,351][finetune_logger][INFO] - Validation metrics: {'MAE': 20.982494355008804, 'RMSE': 72.10129073439322}
2026-06-16 03:58:43 - finetune_logger - INFO - Val time: 32.67s
[2026-06-16 03:58:43,352][finetune_logger][INFO] - Val time: 32.67s
2026-06-16 03:58:43 - finetune_logger - INFO - Val memory reserved: 26.00 MB
[2026-06-16 03:58:43,352][finetune_logger][INFO] - Val memory reserved: 26.00 MB
2026-06-16 03:58:43 - finetune_logger - INFO - Val memory allocated: 18.10 MB
[2026-06-16 03:58:43,352][finetune_logger][INFO] - Val memory allocated: 18.10 MB
2026-06-16 03:58:43 - finetune_logger - INFO - Logged epoch 18 info to /public/home/202411094934/python_project/Spatio-Temporal-Library/time-series/2026-06-16/itransformer/finetune20/weather/time-series/seed_0/training_log.json
[2026-06-16 03:58:43,355][finetune_logger][INFO] - Logged epoch 18 info to /public/home/202411094934/python_project/Spatio-Temporal-Library/time-series/2026-06-16/itransformer/finetune20/weather/time-series/seed_0/training_log.json
2026-06-16 03:59:49 - finetune_logger - INFO - Test metrics: {'MAE': 12.095215416209584, 'RMSE': 42.250917691308146}
[2026-06-16 03:59:49,655][finetune_logger][INFO] - Test metrics: {'MAE': 12.095215416209584, 'RMSE': 42.250917691308146}
2026-06-16 03:59:49 - finetune_logger - INFO - Test time: 66.30s
[2026-06-16 03:59:49,655][finetune_logger][INFO] - Test time: 66.30s
2026-06-16 03:59:49 - finetune_logger - INFO - Test memory reserved: 26.00 MB
[2026-06-16 03:59:49,655][finetune_logger][INFO] - Test memory reserved: 26.00 MB
2026-06-16 03:59:49 - finetune_logger - INFO - Test memory allocated: 18.10 MB
[2026-06-16 03:59:49,655][finetune_logger][INFO] - Test memory allocated: 18.10 MB
2026-06-16 03:59:49 - finetune_logger - INFO - Epoch 19/20
[2026-06-16 03:59:49,655][finetune_logger][INFO] - Epoch 19/20
2026-06-16 04:09:06 - finetune_logger - INFO - Train loss: 19.241940863295287
[2026-06-16 04:09:06,558][finetune_logger][INFO] - Train loss: 19.241940863295287
2026-06-16 04:09:06 - finetune_logger - INFO - Train time: 556.9017646312714s
[2026-06-16 04:09:06,558][finetune_logger][INFO] - Train time: 556.9017646312714s
2026-06-16 04:09:06 - finetune_logger - INFO - Train memory reserved: 26.00 MB
[2026-06-16 04:09:06,558][finetune_logger][INFO] - Train memory reserved: 26.00 MB
2026-06-16 04:09:06 - finetune_logger - INFO - Train memory allocated: 18.10 MB
[2026-06-16 04:09:06,558][finetune_logger][INFO] - Train memory allocated: 18.10 MB
2026-06-16 04:09:06 - finetune_logger - INFO - Current learning rate: 0.00025
[2026-06-16 04:09:06,558][finetune_logger][INFO] - Current learning rate: 0.00025
2026-06-16 04:09:39 - finetune_logger - INFO - Validation metrics: {'MAE': 22.188063578344966, 'RMSE': 75.15900270730565}
[2026-06-16 04:09:39,369][finetune_logger][INFO] - Validation metrics: {'MAE': 22.188063578344966, 'RMSE': 75.15900270730565}
2026-06-16 04:09:39 - finetune_logger - INFO - Val time: 32.81s
[2026-06-16 04:09:39,369][finetune_logger][INFO] - Val time: 32.81s
2026-06-16 04:09:39 - finetune_logger - INFO - Val memory reserved: 26.00 MB
[2026-06-16 04:09:39,370][finetune_logger][INFO] - Val memory reserved: 26.00 MB
2026-06-16 04:09:39 - finetune_logger - INFO - Val memory allocated: 18.10 MB
[2026-06-16 04:09:39,370][finetune_logger][INFO] - Val memory allocated: 18.10 MB
2026-06-16 04:09:39 - finetune_logger - INFO - Logged epoch 19 info to /public/home/202411094934/python_project/Spatio-Temporal-Library/time-series/2026-06-16/itransformer/finetune20/weather/time-series/seed_0/training_log.json
[2026-06-16 04:09:39,373][finetune_logger][INFO] - Logged epoch 19 info to /public/home/202411094934/python_project/Spatio-Temporal-Library/time-series/2026-06-16/itransformer/finetune20/weather/time-series/seed_0/training_log.json
2026-06-16 04:10:45 - finetune_logger - INFO - Test metrics: {'MAE': 13.070895246817281, 'RMSE': 45.050163326532456}
[2026-06-16 04:10:45,607][finetune_logger][INFO] - Test metrics: {'MAE': 13.070895246817281, 'RMSE': 45.050163326532456}
2026-06-16 04:10:45 - finetune_logger - INFO - Test time: 66.23s
[2026-06-16 04:10:45,607][finetune_logger][INFO] - Test time: 66.23s
2026-06-16 04:10:45 - finetune_logger - INFO - Test memory reserved: 26.00 MB
[2026-06-16 04:10:45,607][finetune_logger][INFO] - Test memory reserved: 26.00 MB
2026-06-16 04:10:45 - finetune_logger - INFO - Test memory allocated: 18.10 MB
[2026-06-16 04:10:45,607][finetune_logger][INFO] - Test memory allocated: 18.10 MB
2026-06-16 04:10:45 - finetune_logger - INFO - Epoch 20/20
[2026-06-16 04:10:45,608][finetune_logger][INFO] - Epoch 20/20
2026-06-16 04:20:02 - finetune_logger - INFO - Train loss: 19.176563563682897
[2026-06-16 04:20:02,203][finetune_logger][INFO] - Train loss: 19.176563563682897
2026-06-16 04:20:02 - finetune_logger - INFO - Train time: 556.5952723026276s
[2026-06-16 04:20:02,204][finetune_logger][INFO] - Train time: 556.5952723026276s
2026-06-16 04:20:02 - finetune_logger - INFO - Train memory reserved: 26.00 MB
[2026-06-16 04:20:02,204][finetune_logger][INFO] - Train memory reserved: 26.00 MB
2026-06-16 04:20:02 - finetune_logger - INFO - Train memory allocated: 18.10 MB
[2026-06-16 04:20:02,204][finetune_logger][INFO] - Train memory allocated: 18.10 MB
2026-06-16 04:20:02 - finetune_logger - INFO - Current learning rate: 0.00025
[2026-06-16 04:20:02,204][finetune_logger][INFO] - Current learning rate: 0.00025
2026-06-16 04:20:35 - finetune_logger - INFO - Validation metrics: {'MAE': 21.679378650366306, 'RMSE': 73.89163094875535}
[2026-06-16 04:20:35,039][finetune_logger][INFO] - Validation metrics: {'MAE': 21.679378650366306, 'RMSE': 73.89163094875535}
2026-06-16 04:20:35 - finetune_logger - INFO - Val time: 32.83s
[2026-06-16 04:20:35,039][finetune_logger][INFO] - Val time: 32.83s
2026-06-16 04:20:35 - finetune_logger - INFO - Val memory reserved: 26.00 MB
[2026-06-16 04:20:35,039][finetune_logger][INFO] - Val memory reserved: 26.00 MB
2026-06-16 04:20:35 - finetune_logger - INFO - Val memory allocated: 18.10 MB
[2026-06-16 04:20:35,040][finetune_logger][INFO] - Val memory allocated: 18.10 MB
2026-06-16 04:20:35 - finetune_logger - INFO - Logged epoch 20 info to /public/home/202411094934/python_project/Spatio-Temporal-Library/time-series/2026-06-16/itransformer/finetune20/weather/time-series/seed_0/training_log.json
[2026-06-16 04:20:35,043][finetune_logger][INFO] - Logged epoch 20 info to /public/home/202411094934/python_project/Spatio-Temporal-Library/time-series/2026-06-16/itransformer/finetune20/weather/time-series/seed_0/training_log.json
2026-06-16 04:21:41 - finetune_logger - INFO - Test metrics: {'MAE': 12.828973656785475, 'RMSE': 44.57438371252177}
[2026-06-16 04:21:41,316][finetune_logger][INFO] - Test metrics: {'MAE': 12.828973656785475, 'RMSE': 44.57438371252177}
2026-06-16 04:21:41 - finetune_logger - INFO - Test time: 66.25s
[2026-06-16 04:21:41,317][finetune_logger][INFO] - Test time: 66.25s
2026-06-16 04:21:41 - finetune_logger - INFO - Test memory reserved: 26.00 MB
[2026-06-16 04:21:41,317][finetune_logger][INFO] - Test memory reserved: 26.00 MB
2026-06-16 04:21:41 - finetune_logger - INFO - Test memory allocated: 18.10 MB
[2026-06-16 04:21:41,317][finetune_logger][INFO] - Test memory allocated: 18.10 MB
2026-06-16 04:21:41 - finetune_logger - INFO - Training completed. Best epoch: 15, Best val loss: 20.811102
[2026-06-16 04:21:41,317][finetune_logger][INFO] - Training completed. Best epoch: 15, Best val loss: 20.811102
2026-06-16 04:21:41 - finetune_logger - INFO - Loaded checkpoint from epoch 15
[2026-06-16 04:21:41,351][finetune_logger][INFO] - Loaded checkpoint from epoch 15
2026-06-16 04:21:41 - finetune_logger - INFO - Evaluating best model on test sets...
[2026-06-16 04:21:41,351][finetune_logger][INFO] - Evaluating best model on test sets...
2026-06-16 04:22:47 - finetune_logger - INFO - Test metrics: {'MAE': 12.111230216469046, 'RMSE': 41.810975090809194}
[2026-06-16 04:22:47,700][finetune_logger][INFO] - Test metrics: {'MAE': 12.111230216469046, 'RMSE': 41.810975090809194}
2026-06-16 04:22:47 - finetune_logger - INFO - Test time: 66.35s
[2026-06-16 04:22:47,701][finetune_logger][INFO] - Test time: 66.35s
2026-06-16 04:22:47 - finetune_logger - INFO - Test memory reserved: 26.00 MB
[2026-06-16 04:22:47,701][finetune_logger][INFO] - Test memory reserved: 26.00 MB
2026-06-16 04:22:47 - finetune_logger - INFO - Test memory allocated: 18.14 MB
[2026-06-16 04:22:47,701][finetune_logger][INFO] - Test memory allocated: 18.14 MB
2026-06-16 04:22:47 - finetune_logger - INFO - Logged epoch test info to /public/home/202411094934/python_project/Spatio-Temporal-Library/time-series/2026-06-16/itransformer/finetune20/weather/time-series/seed_0/training_log.json
[2026-06-16 04:22:47,704][finetune_logger][INFO] - Logged epoch test info to /public/home/202411094934/python_project/Spatio-Temporal-Library/time-series/2026-06-16/itransformer/finetune20/weather/time-series/seed_0/training_log.json
2026-06-16 09:06:31 - finetune_logger - INFO - No pretrained checkpoint is provided. Finetuning from scratch.
[2026-06-16 09:06:31,526][finetune_logger][INFO] - No pretrained checkpoint is provided. Finetuning from scratch.
2026-06-16 09:06:31 - finetune_logger - INFO - Model parameters: 158,912
[2026-06-16 09:06:31,529][finetune_logger][INFO] - Model parameters: 158,912
2026-06-16 09:06:31 - finetune_logger - INFO - Log file already exists at /public/home/202411094934/python_project/Spatio-Temporal-Library/time-series/2026-06-16/itransformer/finetune20/weather/time-series/seed_0/training_log.json, appending to it.
[2026-06-16 09:06:31,530][finetune_logger][INFO] - Log file already exists at /public/home/202411094934/python_project/Spatio-Temporal-Library/time-series/2026-06-16/itransformer/finetune20/weather/time-series/seed_0/training_log.json, appending to it.
2026-06-16 09:06:31 - finetune_logger - INFO - Starting training...
[2026-06-16 09:06:31,531][finetune_logger][INFO] - Starting training...
2026-06-16 09:06:31 - finetune_logger - INFO - Epoch 1/20
[2026-06-16 09:06:31,531][finetune_logger][INFO] - Epoch 1/20
2026-06-16 09:15:50 - finetune_logger - INFO - Train loss: 28.101553508797192
[2026-06-16 09:15:50,484][finetune_logger][INFO] - Train loss: 28.101553508797192
2026-06-16 09:15:50 - finetune_logger - INFO - Train time: 558.9531102180481s
[2026-06-16 09:15:50,485][finetune_logger][INFO] - Train time: 558.9531102180481s
2026-06-16 09:15:50 - finetune_logger - INFO - Train memory reserved: 26.00 MB
[2026-06-16 09:15:50,485][finetune_logger][INFO] - Train memory reserved: 26.00 MB
2026-06-16 09:15:50 - finetune_logger - INFO - Train memory allocated: 18.10 MB
[2026-06-16 09:15:50,485][finetune_logger][INFO] - Train memory allocated: 18.10 MB
2026-06-16 09:15:50 - finetune_logger - INFO - Current learning rate: 0.0005
[2026-06-16 09:15:50,485][finetune_logger][INFO] - Current learning rate: 0.0005
2026-06-16 09:16:23 - finetune_logger - INFO - Validation metrics: {'MAE': 21.177611187819643, 'RMSE': 67.3107101994298}
[2026-06-16 09:16:23,503][finetune_logger][INFO] - Validation metrics: {'MAE': 21.177611187819643, 'RMSE': 67.3107101994298}
2026-06-16 09:16:23 - finetune_logger - INFO - Val time: 33.02s
[2026-06-16 09:16:23,503][finetune_logger][INFO] - Val time: 33.02s
2026-06-16 09:16:23 - finetune_logger - INFO - Val memory reserved: 26.00 MB
[2026-06-16 09:16:23,503][finetune_logger][INFO] - Val memory reserved: 26.00 MB
2026-06-16 09:16:23 - finetune_logger - INFO - Val memory allocated: 18.10 MB
[2026-06-16 09:16:23,503][finetune_logger][INFO] - Val memory allocated: 18.10 MB
2026-06-16 09:16:23 - finetune_logger - INFO - Logged epoch 1 info to /public/home/202411094934/python_project/Spatio-Temporal-Library/time-series/2026-06-16/itransformer/finetune20/weather/time-series/seed_0/training_log.json
[2026-06-16 09:16:23,506][finetune_logger][INFO] - Logged epoch 1 info to /public/home/202411094934/python_project/Spatio-Temporal-Library/time-series/2026-06-16/itransformer/finetune20/weather/time-series/seed_0/training_log.json
2026-06-16 09:16:23 - finetune_logger - INFO - New best model! Val loss: 21.177611
[2026-06-16 09:16:23,506][finetune_logger][INFO] - New best model! Val loss: 21.177611
2026-06-16 09:17:30 - finetune_logger - INFO - Test metrics: {'MAE': 12.398826506859944, 'RMSE': 40.22971010968444}
[2026-06-16 09:17:30,594][finetune_logger][INFO] - Test metrics: {'MAE': 12.398826506859944, 'RMSE': 40.22971010968444}
2026-06-16 09:17:30 - finetune_logger - INFO - Test time: 67.04s
[2026-06-16 09:17:30,594][finetune_logger][INFO] - Test time: 67.04s
2026-06-16 09:17:30 - finetune_logger - INFO - Test memory reserved: 26.00 MB
[2026-06-16 09:17:30,594][finetune_logger][INFO] - Test memory reserved: 26.00 MB
2026-06-16 09:17:30 - finetune_logger - INFO - Test memory allocated: 18.10 MB
[2026-06-16 09:17:30,594][finetune_logger][INFO] - Test memory allocated: 18.10 MB
2026-06-16 09:17:30 - finetune_logger - INFO - Epoch 2/20
[2026-06-16 09:17:30,595][finetune_logger][INFO] - Epoch 2/20
2026-06-16 09:26:52 - finetune_logger - INFO - Train loss: 25.531048882044054
[2026-06-16 09:26:52,047][finetune_logger][INFO] - Train loss: 25.531048882044054
2026-06-16 09:26:52 - finetune_logger - INFO - Train time: 561.4522178173065s
[2026-06-16 09:26:52,048][finetune_logger][INFO] - Train time: 561.4522178173065s
2026-06-16 09:26:52 - finetune_logger - INFO - Train memory reserved: 26.00 MB
[2026-06-16 09:26:52,048][finetune_logger][INFO] - Train memory reserved: 26.00 MB
2026-06-16 09:26:52 - finetune_logger - INFO - Train memory allocated: 18.10 MB
[2026-06-16 09:26:52,048][finetune_logger][INFO] - Train memory allocated: 18.10 MB
2026-06-16 09:26:52 - finetune_logger - INFO - Current learning rate: 0.0005
[2026-06-16 09:26:52,048][finetune_logger][INFO] - Current learning rate: 0.0005
2026-06-16 09:27:25 - finetune_logger - INFO - Validation metrics: {'MAE': 21.082266569042336, 'RMSE': 69.38861168167914}
[2026-06-16 09:27:25,089][finetune_logger][INFO] - Validation metrics: {'MAE': 21.082266569042336, 'RMSE': 69.38861168167914}
2026-06-16 09:27:25 - finetune_logger - INFO - Val time: 33.04s
[2026-06-16 09:27:25,090][finetune_logger][INFO] - Val time: 33.04s
2026-06-16 09:27:25 - finetune_logger - INFO - Val memory reserved: 26.00 MB
[2026-06-16 09:27:25,090][finetune_logger][INFO] - Val memory reserved: 26.00 MB
2026-06-16 09:27:25 - finetune_logger - INFO - Val memory allocated: 18.10 MB
[2026-06-16 09:27:25,090][finetune_logger][INFO] - Val memory allocated: 18.10 MB
2026-06-16 09:27:25 - finetune_logger - INFO - Logged epoch 2 info to /public/home/202411094934/python_project/Spatio-Temporal-Library/time-series/2026-06-16/itransformer/finetune20/weather/time-series/seed_0/training_log.json
[2026-06-16 09:27:25,093][finetune_logger][INFO] - Logged epoch 2 info to /public/home/202411094934/python_project/Spatio-Temporal-Library/time-series/2026-06-16/itransformer/finetune20/weather/time-series/seed_0/training_log.json
2026-06-16 09:27:25 - finetune_logger - INFO - New best model! Val loss: 21.082267
[2026-06-16 09:27:25,093][finetune_logger][INFO] - New best model! Val loss: 21.082267
2026-06-16 09:28:31 - finetune_logger - INFO - Test metrics: {'MAE': 11.987491397435775, 'RMSE': 40.79237106278707}
[2026-06-16 09:28:31,870][finetune_logger][INFO] - Test metrics: {'MAE': 11.987491397435775, 'RMSE': 40.79237106278707}
2026-06-16 09:28:31 - finetune_logger - INFO - Test time: 66.73s
[2026-06-16 09:28:31,870][finetune_logger][INFO] - Test time: 66.73s
2026-06-16 09:28:31 - finetune_logger - INFO - Test memory reserved: 26.00 MB
[2026-06-16 09:28:31,870][finetune_logger][INFO] - Test memory reserved: 26.00 MB
2026-06-16 09:28:31 - finetune_logger - INFO - Test memory allocated: 18.10 MB
[2026-06-16 09:28:31,870][finetune_logger][INFO] - Test memory allocated: 18.10 MB
2026-06-16 09:28:31 - finetune_logger - INFO - Epoch 3/20
[2026-06-16 09:28:31,870][finetune_logger][INFO] - Epoch 3/20
2026-06-16 09:37:50 - finetune_logger - INFO - Train loss: 24.362983761460548
[2026-06-16 09:37:50,592][finetune_logger][INFO] - Train loss: 24.362983761460548
2026-06-16 09:37:50 - finetune_logger - INFO - Train time: 558.7214195728302s
[2026-06-16 09:37:50,593][finetune_logger][INFO] - Train time: 558.7214195728302s
2026-06-16 09:37:50 - finetune_logger - INFO - Train memory reserved: 26.00 MB
[2026-06-16 09:37:50,593][finetune_logger][INFO] - Train memory reserved: 26.00 MB
2026-06-16 09:37:50 - finetune_logger - INFO - Train memory allocated: 18.10 MB
[2026-06-16 09:37:50,593][finetune_logger][INFO] - Train memory allocated: 18.10 MB
2026-06-16 09:37:50 - finetune_logger - INFO - Current learning rate: 0.0005
[2026-06-16 09:37:50,593][finetune_logger][INFO] - Current learning rate: 0.0005
2026-06-16 09:38:23 - finetune_logger - INFO - Validation metrics: {'MAE': 20.839376955523026, 'RMSE': 68.28004958803626}
[2026-06-16 09:38:23,636][finetune_logger][INFO] - Validation metrics: {'MAE': 20.839376955523026, 'RMSE': 68.28004958803626}
2026-06-16 09:38:23 - finetune_logger - INFO - Val time: 33.04s
[2026-06-16 09:38:23,637][finetune_logger][INFO] - Val time: 33.04s
2026-06-16 09:38:23 - finetune_logger - INFO - Val memory reserved: 26.00 MB
[2026-06-16 09:38:23,637][finetune_logger][INFO] - Val memory reserved: 26.00 MB
2026-06-16 09:38:23 - finetune_logger - INFO - Val memory allocated: 18.10 MB
[2026-06-16 09:38:23,637][finetune_logger][INFO] - Val memory allocated: 18.10 MB
2026-06-16 09:38:23 - finetune_logger - INFO - Logged epoch 3 info to /public/home/202411094934/python_project/Spatio-Temporal-Library/time-series/2026-06-16/itransformer/finetune20/weather/time-series/seed_0/training_log.json
[2026-06-16 09:38:23,641][finetune_logger][INFO] - Logged epoch 3 info to /public/home/202411094934/python_project/Spatio-Temporal-Library/time-series/2026-06-16/itransformer/finetune20/weather/time-series/seed_0/training_log.json
2026-06-16 09:38:23 - finetune_logger - INFO - New best model! Val loss: 20.839377
[2026-06-16 09:38:23,641][finetune_logger][INFO] - New best model! Val loss: 20.839377
2026-06-16 09:39:30 - finetune_logger - INFO - Test metrics: {'MAE': 12.149365657478103, 'RMSE': 40.39703019864979}
[2026-06-16 09:39:30,561][finetune_logger][INFO] - Test metrics: {'MAE': 12.149365657478103, 'RMSE': 40.39703019864979}
2026-06-16 09:39:30 - finetune_logger - INFO - Test time: 66.88s
[2026-06-16 09:39:30,561][finetune_logger][INFO] - Test time: 66.88s
2026-06-16 09:39:30 - finetune_logger - INFO - Test memory reserved: 26.00 MB
[2026-06-16 09:39:30,561][finetune_logger][INFO] - Test memory reserved: 26.00 MB
2026-06-16 09:39:30 - finetune_logger - INFO - Test memory allocated: 18.10 MB
[2026-06-16 09:39:30,561][finetune_logger][INFO] - Test memory allocated: 18.10 MB
2026-06-16 09:39:30 - finetune_logger - INFO - Epoch 4/20
[2026-06-16 09:39:30,561][finetune_logger][INFO] - Epoch 4/20
2026-06-16 09:48:50 - finetune_logger - INFO - Train loss: 23.609660468004666
[2026-06-16 09:48:50,988][finetune_logger][INFO] - Train loss: 23.609660468004666
2026-06-16 09:48:50 - finetune_logger - INFO - Train time: 560.4260430335999s
[2026-06-16 09:48:50,988][finetune_logger][INFO] - Train time: 560.4260430335999s
2026-06-16 09:48:50 - finetune_logger - INFO - Train memory reserved: 26.00 MB
[2026-06-16 09:48:50,988][finetune_logger][INFO] - Train memory reserved: 26.00 MB
2026-06-16 09:48:50 - finetune_logger - INFO - Train memory allocated: 18.10 MB
[2026-06-16 09:48:50,988][finetune_logger][INFO] - Train memory allocated: 18.10 MB
2026-06-16 09:48:50 - finetune_logger - INFO - Current learning rate: 0.0005
[2026-06-16 09:48:50,988][finetune_logger][INFO] - Current learning rate: 0.0005
2026-06-16 09:49:23 - finetune_logger - INFO - Validation metrics: {'MAE': 21.077879863285585, 'RMSE': 69.07012371242789}
[2026-06-16 09:49:23,980][finetune_logger][INFO] - Validation metrics: {'MAE': 21.077879863285585, 'RMSE': 69.07012371242789}
2026-06-16 09:49:23 - finetune_logger - INFO - Val time: 32.99s
[2026-06-16 09:49:23,980][finetune_logger][INFO] - Val time: 32.99s
2026-06-16 09:49:23 - finetune_logger - INFO - Val memory reserved: 26.00 MB
[2026-06-16 09:49:23,980][finetune_logger][INFO] - Val memory reserved: 26.00 MB
2026-06-16 09:49:23 - finetune_logger - INFO - Val memory allocated: 18.10 MB
[2026-06-16 09:49:23,981][finetune_logger][INFO] - Val memory allocated: 18.10 MB
2026-06-16 09:49:23 - finetune_logger - INFO - Logged epoch 4 info to /public/home/202411094934/python_project/Spatio-Temporal-Library/time-series/2026-06-16/itransformer/finetune20/weather/time-series/seed_0/training_log.json
[2026-06-16 09:49:23,984][finetune_logger][INFO] - Logged epoch 4 info to /public/home/202411094934/python_project/Spatio-Temporal-Library/time-series/2026-06-16/itransformer/finetune20/weather/time-series/seed_0/training_log.json
2026-06-16 09:50:31 - finetune_logger - INFO - Test metrics: {'MAE': 12.12981385730339, 'RMSE': 40.89938992457173}
[2026-06-16 09:50:31,011][finetune_logger][INFO] - Test metrics: {'MAE': 12.12981385730339, 'RMSE': 40.89938992457173}
2026-06-16 09:50:31 - finetune_logger - INFO - Test time: 67.03s
[2026-06-16 09:50:31,012][finetune_logger][INFO] - Test time: 67.03s
2026-06-16 09:50:31 - finetune_logger - INFO - Test memory reserved: 26.00 MB
[2026-06-16 09:50:31,012][finetune_logger][INFO] - Test memory reserved: 26.00 MB
2026-06-16 09:50:31 - finetune_logger - INFO - Test memory allocated: 18.10 MB
[2026-06-16 09:50:31,012][finetune_logger][INFO] - Test memory allocated: 18.10 MB
2026-06-16 09:50:31 - finetune_logger - INFO - Epoch 5/20
[2026-06-16 09:50:31,012][finetune_logger][INFO] - Epoch 5/20
2026-06-16 09:59:51 - finetune_logger - INFO - Train loss: 22.978591821168422
[2026-06-16 09:59:51,366][finetune_logger][INFO] - Train loss: 22.978591821168422
2026-06-16 09:59:51 - finetune_logger - INFO - Train time: 560.3531765937805s
[2026-06-16 09:59:51,366][finetune_logger][INFO] - Train time: 560.3531765937805s
2026-06-16 09:59:51 - finetune_logger - INFO - Train memory reserved: 26.00 MB
[2026-06-16 09:59:51,366][finetune_logger][INFO] - Train memory reserved: 26.00 MB
2026-06-16 09:59:51 - finetune_logger - INFO - Train memory allocated: 18.10 MB
[2026-06-16 09:59:51,366][finetune_logger][INFO] - Train memory allocated: 18.10 MB
2026-06-16 09:59:51 - finetune_logger - INFO - Current learning rate: 0.0005
[2026-06-16 09:59:51,366][finetune_logger][INFO] - Current learning rate: 0.0005
2026-06-16 10:00:24 - finetune_logger - INFO - Validation metrics: {'MAE': 22.4433606786466, 'RMSE': 73.47288765810241}
[2026-06-16 10:00:24,478][finetune_logger][INFO] - Validation metrics: {'MAE': 22.4433606786466, 'RMSE': 73.47288765810241}
2026-06-16 10:00:24 - finetune_logger - INFO - Val time: 33.11s
[2026-06-16 10:00:24,478][finetune_logger][INFO] - Val time: 33.11s
2026-06-16 10:00:24 - finetune_logger - INFO - Val memory reserved: 26.00 MB
[2026-06-16 10:00:24,478][finetune_logger][INFO] - Val memory reserved: 26.00 MB
2026-06-16 10:00:24 - finetune_logger - INFO - Val memory allocated: 18.10 MB
[2026-06-16 10:00:24,478][finetune_logger][INFO] - Val memory allocated: 18.10 MB
2026-06-16 10:00:24 - finetune_logger - INFO - Logged epoch 5 info to /public/home/202411094934/python_project/Spatio-Temporal-Library/time-series/2026-06-16/itransformer/finetune20/weather/time-series/seed_0/training_log.json
[2026-06-16 10:00:24,482][finetune_logger][INFO] - Logged epoch 5 info to /public/home/202411094934/python_project/Spatio-Temporal-Library/time-series/2026-06-16/itransformer/finetune20/weather/time-series/seed_0/training_log.json
2026-06-16 10:01:31 - finetune_logger - INFO - Test metrics: {'MAE': 13.599383483723559, 'RMSE': 45.53756112621222}
[2026-06-16 10:01:31,392][finetune_logger][INFO] - Test metrics: {'MAE': 13.599383483723559, 'RMSE': 45.53756112621222}
2026-06-16 10:01:31 - finetune_logger - INFO - Test time: 66.91s
[2026-06-16 10:01:31,392][finetune_logger][INFO] - Test time: 66.91s
2026-06-16 10:01:31 - finetune_logger - INFO - Test memory reserved: 26.00 MB
[2026-06-16 10:01:31,392][finetune_logger][INFO] - Test memory reserved: 26.00 MB
2026-06-16 10:01:31 - finetune_logger - INFO - Test memory allocated: 18.10 MB
[2026-06-16 10:01:31,392][finetune_logger][INFO] - Test memory allocated: 18.10 MB
2026-06-16 10:01:31 - finetune_logger - INFO - Epoch 6/20
[2026-06-16 10:01:31,392][finetune_logger][INFO] - Epoch 6/20
2026-06-16 10:10:51 - finetune_logger - INFO - Train loss: 22.4857742365048
[2026-06-16 10:10:51,465][finetune_logger][INFO] - Train loss: 22.4857742365048
2026-06-16 10:10:51 - finetune_logger - INFO - Train time: 560.0727679729462s
[2026-06-16 10:10:51,466][finetune_logger][INFO] - Train time: 560.0727679729462s
2026-06-16 10:10:51 - finetune_logger - INFO - Train memory reserved: 26.00 MB
[2026-06-16 10:10:51,466][finetune_logger][INFO] - Train memory reserved: 26.00 MB
2026-06-16 10:10:51 - finetune_logger - INFO - Train memory allocated: 18.10 MB
[2026-06-16 10:10:51,466][finetune_logger][INFO] - Train memory allocated: 18.10 MB
2026-06-16 10:10:51 - finetune_logger - INFO - Current learning rate: 0.0005
[2026-06-16 10:10:51,466][finetune_logger][INFO] - Current learning rate: 0.0005
2026-06-16 10:11:24 - finetune_logger - INFO - Validation metrics: {'MAE': 21.26104852380046, 'RMSE': 71.28562965438722}
[2026-06-16 10:11:24,591][finetune_logger][INFO] - Validation metrics: {'MAE': 21.26104852380046, 'RMSE': 71.28562965438722}
2026-06-16 10:11:24 - finetune_logger - INFO - Val time: 33.12s
[2026-06-16 10:11:24,591][finetune_logger][INFO] - Val time: 33.12s
2026-06-16 10:11:24 - finetune_logger - INFO - Val memory reserved: 26.00 MB
[2026-06-16 10:11:24,592][finetune_logger][INFO] - Val memory reserved: 26.00 MB
2026-06-16 10:11:24 - finetune_logger - INFO - Val memory allocated: 18.10 MB
[2026-06-16 10:11:24,592][finetune_logger][INFO] - Val memory allocated: 18.10 MB
2026-06-16 10:11:24 - finetune_logger - INFO - Logged epoch 6 info to /public/home/202411094934/python_project/Spatio-Temporal-Library/time-series/2026-06-16/itransformer/finetune20/weather/time-series/seed_0/training_log.json
[2026-06-16 10:11:24,595][finetune_logger][INFO] - Logged epoch 6 info to /public/home/202411094934/python_project/Spatio-Temporal-Library/time-series/2026-06-16/itransformer/finetune20/weather/time-series/seed_0/training_log.json
2026-06-16 10:12:31 - finetune_logger - INFO - Test metrics: {'MAE': 12.739309768764855, 'RMSE': 43.73138980610511}
[2026-06-16 10:12:31,499][finetune_logger][INFO] - Test metrics: {'MAE': 12.739309768764855, 'RMSE': 43.73138980610511}
2026-06-16 10:12:31 - finetune_logger - INFO - Test time: 66.90s
[2026-06-16 10:12:31,499][finetune_logger][INFO] - Test time: 66.90s
2026-06-16 10:12:31 - finetune_logger - INFO - Test memory reserved: 26.00 MB
[2026-06-16 10:12:31,499][finetune_logger][INFO] - Test memory reserved: 26.00 MB
2026-06-16 10:12:31 - finetune_logger - INFO - Test memory allocated: 18.10 MB
[2026-06-16 10:12:31,499][finetune_logger][INFO] - Test memory allocated: 18.10 MB
2026-06-16 10:12:31 - finetune_logger - INFO - Epoch 7/20
[2026-06-16 10:12:31,500][finetune_logger][INFO] - Epoch 7/20
2026-06-16 10:21:51 - finetune_logger - INFO - Train loss: 22.111642804604433
[2026-06-16 10:21:51,880][finetune_logger][INFO] - Train loss: 22.111642804604433
2026-06-16 10:21:51 - finetune_logger - INFO - Train time: 560.3799760341644s
[2026-06-16 10:21:51,880][finetune_logger][INFO] - Train time: 560.3799760341644s
2026-06-16 10:21:51 - finetune_logger - INFO - Train memory reserved: 26.00 MB
[2026-06-16 10:21:51,881][finetune_logger][INFO] - Train memory reserved: 26.00 MB
2026-06-16 10:21:51 - finetune_logger - INFO - Train memory allocated: 18.10 MB
[2026-06-16 10:21:51,881][finetune_logger][INFO] - Train memory allocated: 18.10 MB
2026-06-16 10:21:51 - finetune_logger - INFO - Current learning rate: 0.0005
[2026-06-16 10:21:51,881][finetune_logger][INFO] - Current learning rate: 0.0005
2026-06-16 10:22:24 - finetune_logger - INFO - Validation metrics: {'MAE': 21.15978325026702, 'RMSE': 71.11550104927134}
[2026-06-16 10:22:24,821][finetune_logger][INFO] - Validation metrics: {'MAE': 21.15978325026702, 'RMSE': 71.11550104927134}
2026-06-16 10:22:24 - finetune_logger - INFO - Val time: 32.94s
[2026-06-16 10:22:24,822][finetune_logger][INFO] - Val time: 32.94s
2026-06-16 10:22:24 - finetune_logger - INFO - Val memory reserved: 26.00 MB
[2026-06-16 10:22:24,822][finetune_logger][INFO] - Val memory reserved: 26.00 MB
2026-06-16 10:22:24 - finetune_logger - INFO - Val memory allocated: 18.10 MB
[2026-06-16 10:22:24,822][finetune_logger][INFO] - Val memory allocated: 18.10 MB
2026-06-16 10:22:24 - finetune_logger - INFO - Logged epoch 7 info to /public/home/202411094934/python_project/Spatio-Temporal-Library/time-series/2026-06-16/itransformer/finetune20/weather/time-series/seed_0/training_log.json
[2026-06-16 10:22:24,825][finetune_logger][INFO] - Logged epoch 7 info to /public/home/202411094934/python_project/Spatio-Temporal-Library/time-series/2026-06-16/itransformer/finetune20/weather/time-series/seed_0/training_log.json
2026-06-16 10:23:31 - finetune_logger - INFO - Test metrics: {'MAE': 12.339641317465807, 'RMSE': 42.730608665473675}
[2026-06-16 10:23:31,746][finetune_logger][INFO] - Test metrics: {'MAE': 12.339641317465807, 'RMSE': 42.730608665473675}
2026-06-16 10:23:31 - finetune_logger - INFO - Test time: 66.92s
[2026-06-16 10:23:31,746][finetune_logger][INFO] - Test time: 66.92s
2026-06-16 10:23:31 - finetune_logger - INFO - Test memory reserved: 26.00 MB
[2026-06-16 10:23:31,746][finetune_logger][INFO] - Test memory reserved: 26.00 MB
2026-06-16 10:23:31 - finetune_logger - INFO - Test memory allocated: 18.10 MB
[2026-06-16 10:23:31,746][finetune_logger][INFO] - Test memory allocated: 18.10 MB
2026-06-16 10:23:31 - finetune_logger - INFO - Epoch 8/20
[2026-06-16 10:23:31,746][finetune_logger][INFO] - Epoch 8/20
2026-06-16 10:32:51 - finetune_logger - INFO - Train loss: 21.777771824616686
[2026-06-16 10:32:51,882][finetune_logger][INFO] - Train loss: 21.777771824616686
2026-06-16 10:32:51 - finetune_logger - INFO - Train time: 560.1347908973694s
[2026-06-16 10:32:51,882][finetune_logger][INFO] - Train time: 560.1347908973694s
2026-06-16 10:32:51 - finetune_logger - INFO - Train memory reserved: 26.00 MB
[2026-06-16 10:32:51,882][finetune_logger][INFO] - Train memory reserved: 26.00 MB
2026-06-16 10:32:51 - finetune_logger - INFO - Train memory allocated: 18.10 MB
[2026-06-16 10:32:51,882][finetune_logger][INFO] - Train memory allocated: 18.10 MB
2026-06-16 10:32:51 - finetune_logger - INFO - Current learning rate: 0.0005
[2026-06-16 10:32:51,882][finetune_logger][INFO] - Current learning rate: 0.0005
2026-06-16 10:33:24 - finetune_logger - INFO - Validation metrics: {'MAE': 21.15414061563446, 'RMSE': 70.74381050380688}
[2026-06-16 10:33:24,979][finetune_logger][INFO] - Validation metrics: {'MAE': 21.15414061563446, 'RMSE': 70.74381050380688}
2026-06-16 10:33:24 - finetune_logger - INFO - Val time: 33.10s
[2026-06-16 10:33:24,979][finetune_logger][INFO] - Val time: 33.10s
2026-06-16 10:33:24 - finetune_logger - INFO - Val memory reserved: 26.00 MB
[2026-06-16 10:33:24,979][finetune_logger][INFO] - Val memory reserved: 26.00 MB
2026-06-16 10:33:24 - finetune_logger - INFO - Val memory allocated: 18.10 MB
[2026-06-16 10:33:24,980][finetune_logger][INFO] - Val memory allocated: 18.10 MB
2026-06-16 10:33:24 - finetune_logger - INFO - Logged epoch 8 info to /public/home/202411094934/python_project/Spatio-Temporal-Library/time-series/2026-06-16/itransformer/finetune20/weather/time-series/seed_0/training_log.json
[2026-06-16 10:33:24,984][finetune_logger][INFO] - Logged epoch 8 info to /public/home/202411094934/python_project/Spatio-Temporal-Library/time-series/2026-06-16/itransformer/finetune20/weather/time-series/seed_0/training_log.json
2026-06-16 10:34:31 - finetune_logger - INFO - Test metrics: {'MAE': 12.250490438770084, 'RMSE': 41.839273332634015}
[2026-06-16 10:34:31,965][finetune_logger][INFO] - Test metrics: {'MAE': 12.250490438770084, 'RMSE': 41.839273332634015}
2026-06-16 10:34:31 - finetune_logger - INFO - Test time: 66.98s
[2026-06-16 10:34:31,965][finetune_logger][INFO] - Test time: 66.98s
2026-06-16 10:34:31 - finetune_logger - INFO - Test memory reserved: 26.00 MB
[2026-06-16 10:34:31,965][finetune_logger][INFO] - Test memory reserved: 26.00 MB
2026-06-16 10:34:31 - finetune_logger - INFO - Test memory allocated: 18.10 MB
[2026-06-16 10:34:31,965][finetune_logger][INFO] - Test memory allocated: 18.10 MB
2026-06-16 10:34:31 - finetune_logger - INFO - Epoch 9/20
[2026-06-16 10:34:31,965][finetune_logger][INFO] - Epoch 9/20
2026-06-16 10:43:52 - finetune_logger - INFO - Train loss: 21.477353971619774
[2026-06-16 10:43:52,388][finetune_logger][INFO] - Train loss: 21.477353971619774
2026-06-16 10:43:52 - finetune_logger - INFO - Train time: 560.4227108955383s
[2026-06-16 10:43:52,389][finetune_logger][INFO] - Train time: 560.4227108955383s
2026-06-16 10:43:52 - finetune_logger - INFO - Train memory reserved: 26.00 MB
[2026-06-16 10:43:52,389][finetune_logger][INFO] - Train memory reserved: 26.00 MB
2026-06-16 10:43:52 - finetune_logger - INFO - Train memory allocated: 18.10 MB
[2026-06-16 10:43:52,389][finetune_logger][INFO] - Train memory allocated: 18.10 MB
2026-06-16 10:43:52 - finetune_logger - INFO - Current learning rate: 0.0005
[2026-06-16 10:43:52,389][finetune_logger][INFO] - Current learning rate: 0.0005
2026-06-16 10:44:25 - finetune_logger - INFO - Validation metrics: {'MAE': 21.63478204088471, 'RMSE': 72.62507826634308}
[2026-06-16 10:44:25,436][finetune_logger][INFO] - Validation metrics: {'MAE': 21.63478204088471, 'RMSE': 72.62507826634308}
2026-06-16 10:44:25 - finetune_logger - INFO - Val time: 33.05s
[2026-06-16 10:44:25,437][finetune_logger][INFO] - Val time: 33.05s
2026-06-16 10:44:25 - finetune_logger - INFO - Val memory reserved: 26.00 MB
[2026-06-16 10:44:25,437][finetune_logger][INFO] - Val memory reserved: 26.00 MB
2026-06-16 10:44:25 - finetune_logger - INFO - Val memory allocated: 18.10 MB
[2026-06-16 10:44:25,437][finetune_logger][INFO] - Val memory allocated: 18.10 MB
2026-06-16 10:44:25 - finetune_logger - INFO - Logged epoch 9 info to /public/home/202411094934/python_project/Spatio-Temporal-Library/time-series/2026-06-16/itransformer/finetune20/weather/time-series/seed_0/training_log.json
[2026-06-16 10:44:25,441][finetune_logger][INFO] - Logged epoch 9 info to /public/home/202411094934/python_project/Spatio-Temporal-Library/time-series/2026-06-16/itransformer/finetune20/weather/time-series/seed_0/training_log.json
2026-06-16 10:45:32 - finetune_logger - INFO - Test metrics: {'MAE': 12.46994668615637, 'RMSE': 42.48975672789091}
[2026-06-16 10:45:32,426][finetune_logger][INFO] - Test metrics: {'MAE': 12.46994668615637, 'RMSE': 42.48975672789091}
2026-06-16 10:45:32 - finetune_logger - INFO - Test time: 66.98s
[2026-06-16 10:45:32,426][finetune_logger][INFO] - Test time: 66.98s
2026-06-16 10:45:32 - finetune_logger - INFO - Test memory reserved: 26.00 MB
[2026-06-16 10:45:32,426][finetune_logger][INFO] - Test memory reserved: 26.00 MB
2026-06-16 10:45:32 - finetune_logger - INFO - Test memory allocated: 18.10 MB
[2026-06-16 10:45:32,426][finetune_logger][INFO] - Test memory allocated: 18.10 MB
2026-06-16 10:45:32 - finetune_logger - INFO - Epoch 10/20
[2026-06-16 10:45:32,426][finetune_logger][INFO] - Epoch 10/20
2026-06-16 10:54:53 - finetune_logger - INFO - Train loss: 21.208180962229207
[2026-06-16 10:54:53,083][finetune_logger][INFO] - Train loss: 21.208180962229207
2026-06-16 10:54:53 - finetune_logger - INFO - Train time: 560.6561183929443s
[2026-06-16 10:54:53,083][finetune_logger][INFO] - Train time: 560.6561183929443s
2026-06-16 10:54:53 - finetune_logger - INFO - Train memory reserved: 26.00 MB
[2026-06-16 10:54:53,083][finetune_logger][INFO] - Train memory reserved: 26.00 MB
2026-06-16 10:54:53 - finetune_logger - INFO - Train memory allocated: 18.10 MB
[2026-06-16 10:54:53,083][finetune_logger][INFO] - Train memory allocated: 18.10 MB
2026-06-16 10:54:53 - finetune_logger - INFO - Current learning rate: 0.0005
[2026-06-16 10:54:53,084][finetune_logger][INFO] - Current learning rate: 0.0005
2026-06-16 10:55:26 - finetune_logger - INFO - Validation metrics: {'MAE': 22.594116036807286, 'RMSE': 75.49141287451761}
[2026-06-16 10:55:26,258][finetune_logger][INFO] - Validation metrics: {'MAE': 22.594116036807286, 'RMSE': 75.49141287451761}
2026-06-16 10:55:26 - finetune_logger - INFO - Val time: 33.17s
[2026-06-16 10:55:26,258][finetune_logger][INFO] - Val time: 33.17s
2026-06-16 10:55:26 - finetune_logger - INFO - Val memory reserved: 26.00 MB
[2026-06-16 10:55:26,258][finetune_logger][INFO] - Val memory reserved: 26.00 MB
2026-06-16 10:55:26 - finetune_logger - INFO - Val memory allocated: 18.10 MB
[2026-06-16 10:55:26,258][finetune_logger][INFO] - Val memory allocated: 18.10 MB
2026-06-16 10:55:26 - finetune_logger - INFO - Logged epoch 10 info to /public/home/202411094934/python_project/Spatio-Temporal-Library/time-series/2026-06-16/itransformer/finetune20/weather/time-series/seed_0/training_log.json
[2026-06-16 10:55:26,262][finetune_logger][INFO] - Logged epoch 10 info to /public/home/202411094934/python_project/Spatio-Temporal-Library/time-series/2026-06-16/itransformer/finetune20/weather/time-series/seed_0/training_log.json
2026-06-16 10:56:33 - finetune_logger - INFO - Test metrics: {'MAE': 13.68502066424008, 'RMSE': 46.901999497957895}
[2026-06-16 10:56:33,189][finetune_logger][INFO] - Test metrics: {'MAE': 13.68502066424008, 'RMSE': 46.901999497957895}
2026-06-16 10:56:33 - finetune_logger - INFO - Test time: 66.90s
[2026-06-16 10:56:33,189][finetune_logger][INFO] - Test time: 66.90s
2026-06-16 10:56:33 - finetune_logger - INFO - Test memory reserved: 26.00 MB
[2026-06-16 10:56:33,189][finetune_logger][INFO] - Test memory reserved: 26.00 MB
2026-06-16 10:56:33 - finetune_logger - INFO - Test memory allocated: 18.10 MB
[2026-06-16 10:56:33,190][finetune_logger][INFO] - Test memory allocated: 18.10 MB
2026-06-16 10:56:33 - finetune_logger - INFO - Epoch 11/20
[2026-06-16 10:56:33,190][finetune_logger][INFO] - Epoch 11/20
2026-06-16 11:05:53 - finetune_logger - INFO - Train loss: 20.235059514879136
[2026-06-16 11:05:53,098][finetune_logger][INFO] - Train loss: 20.235059514879136
2026-06-16 11:05:53 - finetune_logger - INFO - Train time: 559.9075379371643s
[2026-06-16 11:05:53,098][finetune_logger][INFO] - Train time: 559.9075379371643s
2026-06-16 11:05:53 - finetune_logger - INFO - Train memory reserved: 26.00 MB
[2026-06-16 11:05:53,098][finetune_logger][INFO] - Train memory reserved: 26.00 MB
2026-06-16 11:05:53 - finetune_logger - INFO - Train memory allocated: 18.10 MB
[2026-06-16 11:05:53,098][finetune_logger][INFO] - Train memory allocated: 18.10 MB
2026-06-16 11:05:53 - finetune_logger - INFO - Current learning rate: 0.00025
[2026-06-16 11:05:53,098][finetune_logger][INFO] - Current learning rate: 0.00025
2026-06-16 11:06:26 - finetune_logger - INFO - Validation metrics: {'MAE': 21.26948667323846, 'RMSE': 72.3460353661878}
[2026-06-16 11:06:26,187][finetune_logger][INFO] - Validation metrics: {'MAE': 21.26948667323846, 'RMSE': 72.3460353661878}
2026-06-16 11:06:26 - finetune_logger - INFO - Val time: 33.09s
[2026-06-16 11:06:26,187][finetune_logger][INFO] - Val time: 33.09s
2026-06-16 11:06:26 - finetune_logger - INFO - Val memory reserved: 26.00 MB
[2026-06-16 11:06:26,187][finetune_logger][INFO] - Val memory reserved: 26.00 MB
2026-06-16 11:06:26 - finetune_logger - INFO - Val memory allocated: 18.10 MB
[2026-06-16 11:06:26,187][finetune_logger][INFO] - Val memory allocated: 18.10 MB
2026-06-16 11:06:26 - finetune_logger - INFO - Logged epoch 11 info to /public/home/202411094934/python_project/Spatio-Temporal-Library/time-series/2026-06-16/itransformer/finetune20/weather/time-series/seed_0/training_log.json
[2026-06-16 11:06:26,191][finetune_logger][INFO] - Logged epoch 11 info to /public/home/202411094934/python_project/Spatio-Temporal-Library/time-series/2026-06-16/itransformer/finetune20/weather/time-series/seed_0/training_log.json
2026-06-16 11:07:33 - finetune_logger - INFO - Test metrics: {'MAE': 12.10533876908189, 'RMSE': 41.67015571668406}
[2026-06-16 11:07:33,173][finetune_logger][INFO] - Test metrics: {'MAE': 12.10533876908189, 'RMSE': 41.67015571668406}
2026-06-16 11:07:33 - finetune_logger - INFO - Test time: 66.98s
[2026-06-16 11:07:33,173][finetune_logger][INFO] - Test time: 66.98s
2026-06-16 11:07:33 - finetune_logger - INFO - Test memory reserved: 26.00 MB
[2026-06-16 11:07:33,173][finetune_logger][INFO] - Test memory reserved: 26.00 MB
2026-06-16 11:07:33 - finetune_logger - INFO - Test memory allocated: 18.10 MB
[2026-06-16 11:07:33,174][finetune_logger][INFO] - Test memory allocated: 18.10 MB
2026-06-16 11:07:33 - finetune_logger - INFO - Epoch 12/20
[2026-06-16 11:07:33,174][finetune_logger][INFO] - Epoch 12/20
2026-06-16 11:16:53 - finetune_logger - INFO - Train loss: 19.993607923111867
[2026-06-16 11:16:53,002][finetune_logger][INFO] - Train loss: 19.993607923111867
2026-06-16 11:16:53 - finetune_logger - INFO - Train time: 559.827942609787s
[2026-06-16 11:16:53,002][finetune_logger][INFO] - Train time: 559.827942609787s
2026-06-16 11:16:53 - finetune_logger - INFO - Train memory reserved: 26.00 MB
[2026-06-16 11:16:53,003][finetune_logger][INFO] - Train memory reserved: 26.00 MB
2026-06-16 11:16:53 - finetune_logger - INFO - Train memory allocated: 18.10 MB
[2026-06-16 11:16:53,003][finetune_logger][INFO] - Train memory allocated: 18.10 MB
2026-06-16 11:16:53 - finetune_logger - INFO - Current learning rate: 0.00025
[2026-06-16 11:16:53,003][finetune_logger][INFO] - Current learning rate: 0.00025
2026-06-16 11:17:26 - finetune_logger - INFO - Validation metrics: {'MAE': 21.225641609141615, 'RMSE': 72.57248432112264}
[2026-06-16 11:17:26,092][finetune_logger][INFO] - Validation metrics: {'MAE': 21.225641609141615, 'RMSE': 72.57248432112264}
2026-06-16 11:17:26 - finetune_logger - INFO - Val time: 33.09s
[2026-06-16 11:17:26,093][finetune_logger][INFO] - Val time: 33.09s
2026-06-16 11:17:26 - finetune_logger - INFO - Val memory reserved: 26.00 MB
[2026-06-16 11:17:26,093][finetune_logger][INFO] - Val memory reserved: 26.00 MB
2026-06-16 11:17:26 - finetune_logger - INFO - Val memory allocated: 18.10 MB
[2026-06-16 11:17:26,093][finetune_logger][INFO] - Val memory allocated: 18.10 MB
2026-06-16 11:17:26 - finetune_logger - INFO - Logged epoch 12 info to /public/home/202411094934/python_project/Spatio-Temporal-Library/time-series/2026-06-16/itransformer/finetune20/weather/time-series/seed_0/training_log.json
[2026-06-16 11:17:26,096][finetune_logger][INFO] - Logged epoch 12 info to /public/home/202411094934/python_project/Spatio-Temporal-Library/time-series/2026-06-16/itransformer/finetune20/weather/time-series/seed_0/training_log.json
2026-06-16 11:18:33 - finetune_logger - INFO - Test metrics: {'MAE': 12.507528983404908, 'RMSE': 43.49582167112173}
[2026-06-16 11:18:33,078][finetune_logger][INFO] - Test metrics: {'MAE': 12.507528983404908, 'RMSE': 43.49582167112173}
2026-06-16 11:18:33 - finetune_logger - INFO - Test time: 66.98s
[2026-06-16 11:18:33,079][finetune_logger][INFO] - Test time: 66.98s
2026-06-16 11:18:33 - finetune_logger - INFO - Test memory reserved: 26.00 MB
[2026-06-16 11:18:33,079][finetune_logger][INFO] - Test memory reserved: 26.00 MB
2026-06-16 11:18:33 - finetune_logger - INFO - Test memory allocated: 18.10 MB
[2026-06-16 11:18:33,079][finetune_logger][INFO] - Test memory allocated: 18.10 MB
2026-06-16 11:18:33 - finetune_logger - INFO - Epoch 13/20
[2026-06-16 11:18:33,079][finetune_logger][INFO] - Epoch 13/20
2026-06-16 11:27:53 - finetune_logger - INFO - Train loss: 19.854312865565948
[2026-06-16 11:27:53,084][finetune_logger][INFO] - Train loss: 19.854312865565948
2026-06-16 11:27:53 - finetune_logger - INFO - Train time: 560.0041663646698s
[2026-06-16 11:27:53,084][finetune_logger][INFO] - Train time: 560.0041663646698s
2026-06-16 11:27:53 - finetune_logger - INFO - Train memory reserved: 26.00 MB
[2026-06-16 11:27:53,084][finetune_logger][INFO] - Train memory reserved: 26.00 MB
2026-06-16 11:27:53 - finetune_logger - INFO - Train memory allocated: 18.10 MB
[2026-06-16 11:27:53,084][finetune_logger][INFO] - Train memory allocated: 18.10 MB
2026-06-16 11:27:53 - finetune_logger - INFO - Current learning rate: 0.00025
[2026-06-16 11:27:53,084][finetune_logger][INFO] - Current learning rate: 0.00025
2026-06-16 11:28:26 - finetune_logger - INFO - Validation metrics: {'MAE': 21.598520847159907, 'RMSE': 73.24793473552926}
[2026-06-16 11:28:26,177][finetune_logger][INFO] - Validation metrics: {'MAE': 21.598520847159907, 'RMSE': 73.24793473552926}
2026-06-16 11:28:26 - finetune_logger - INFO - Val time: 33.09s
[2026-06-16 11:28:26,177][finetune_logger][INFO] - Val time: 33.09s
2026-06-16 11:28:26 - finetune_logger - INFO - Val memory reserved: 26.00 MB
[2026-06-16 11:28:26,177][finetune_logger][INFO] - Val memory reserved: 26.00 MB
2026-06-16 11:28:26 - finetune_logger - INFO - Val memory allocated: 18.10 MB
[2026-06-16 11:28:26,177][finetune_logger][INFO] - Val memory allocated: 18.10 MB
2026-06-16 11:28:26 - finetune_logger - INFO - Logged epoch 13 info to /public/home/202411094934/python_project/Spatio-Temporal-Library/time-series/2026-06-16/itransformer/finetune20/weather/time-series/seed_0/training_log.json
[2026-06-16 11:28:26,181][finetune_logger][INFO] - Logged epoch 13 info to /public/home/202411094934/python_project/Spatio-Temporal-Library/time-series/2026-06-16/itransformer/finetune20/weather/time-series/seed_0/training_log.json
2026-06-16 11:29:33 - finetune_logger - INFO - Test metrics: {'MAE': 12.553283786935937, 'RMSE': 43.43987420526693}
[2026-06-16 11:29:33,150][finetune_logger][INFO] - Test metrics: {'MAE': 12.553283786935937, 'RMSE': 43.43987420526693}
2026-06-16 11:29:33 - finetune_logger - INFO - Test time: 66.97s
[2026-06-16 11:29:33,150][finetune_logger][INFO] - Test time: 66.97s
2026-06-16 11:29:33 - finetune_logger - INFO - Test memory reserved: 26.00 MB
[2026-06-16 11:29:33,150][finetune_logger][INFO] - Test memory reserved: 26.00 MB
2026-06-16 11:29:33 - finetune_logger - INFO - Test memory allocated: 18.10 MB
[2026-06-16 11:29:33,151][finetune_logger][INFO] - Test memory allocated: 18.10 MB
2026-06-16 11:29:33 - finetune_logger - INFO - Epoch 14/20
[2026-06-16 11:29:33,151][finetune_logger][INFO] - Epoch 14/20
2026-06-16 11:38:53 - finetune_logger - INFO - Train loss: 19.712412210531735
[2026-06-16 11:38:53,117][finetune_logger][INFO] - Train loss: 19.712412210531735
2026-06-16 11:38:53 - finetune_logger - INFO - Train time: 559.9654247760773s
[2026-06-16 11:38:53,117][finetune_logger][INFO] - Train time: 559.9654247760773s
2026-06-16 11:38:53 - finetune_logger - INFO - Train memory reserved: 26.00 MB
[2026-06-16 11:38:53,117][finetune_logger][INFO] - Train memory reserved: 26.00 MB
2026-06-16 11:38:53 - finetune_logger - INFO - Train memory allocated: 18.10 MB
[2026-06-16 11:38:53,117][finetune_logger][INFO] - Train memory allocated: 18.10 MB
2026-06-16 11:38:53 - finetune_logger - INFO - Current learning rate: 0.00025
[2026-06-16 11:38:53,117][finetune_logger][INFO] - Current learning rate: 0.00025
2026-06-16 11:39:26 - finetune_logger - INFO - Validation metrics: {'MAE': 21.327624772619107, 'RMSE': 72.61217550742545}
[2026-06-16 11:39:26,153][finetune_logger][INFO] - Validation metrics: {'MAE': 21.327624772619107, 'RMSE': 72.61217550742545}
2026-06-16 11:39:26 - finetune_logger - INFO - Val time: 33.04s
[2026-06-16 11:39:26,154][finetune_logger][INFO] - Val time: 33.04s
2026-06-16 11:39:26 - finetune_logger - INFO - Val memory reserved: 26.00 MB
[2026-06-16 11:39:26,154][finetune_logger][INFO] - Val memory reserved: 26.00 MB
2026-06-16 11:39:26 - finetune_logger - INFO - Val memory allocated: 18.10 MB
[2026-06-16 11:39:26,154][finetune_logger][INFO] - Val memory allocated: 18.10 MB
2026-06-16 11:39:26 - finetune_logger - INFO - Logged epoch 14 info to /public/home/202411094934/python_project/Spatio-Temporal-Library/time-series/2026-06-16/itransformer/finetune20/weather/time-series/seed_0/training_log.json
[2026-06-16 11:39:26,157][finetune_logger][INFO] - Logged epoch 14 info to /public/home/202411094934/python_project/Spatio-Temporal-Library/time-series/2026-06-16/itransformer/finetune20/weather/time-series/seed_0/training_log.json
2026-06-16 11:40:33 - finetune_logger - INFO - Test metrics: {'MAE': 12.243819892875884, 'RMSE': 42.61723893726105}
[2026-06-16 11:40:33,384][finetune_logger][INFO] - Test metrics: {'MAE': 12.243819892875884, 'RMSE': 42.61723893726105}
2026-06-16 11:40:33 - finetune_logger - INFO - Test time: 67.23s
[2026-06-16 11:40:33,385][finetune_logger][INFO] - Test time: 67.23s
2026-06-16 11:40:33 - finetune_logger - INFO - Test memory reserved: 26.00 MB
[2026-06-16 11:40:33,385][finetune_logger][INFO] - Test memory reserved: 26.00 MB
2026-06-16 11:40:33 - finetune_logger - INFO - Test memory allocated: 18.10 MB
[2026-06-16 11:40:33,385][finetune_logger][INFO] - Test memory allocated: 18.10 MB
2026-06-16 11:40:33 - finetune_logger - INFO - Epoch 15/20
[2026-06-16 11:40:33,385][finetune_logger][INFO] - Epoch 15/20
2026-06-16 11:49:54 - finetune_logger - INFO - Train loss: 19.607507097158795
[2026-06-16 11:49:54,169][finetune_logger][INFO] - Train loss: 19.607507097158795
2026-06-16 11:49:54 - finetune_logger - INFO - Train time: 560.7835206985474s
[2026-06-16 11:49:54,169][finetune_logger][INFO] - Train time: 560.7835206985474s
2026-06-16 11:49:54 - finetune_logger - INFO - Train memory reserved: 26.00 MB
[2026-06-16 11:49:54,169][finetune_logger][INFO] - Train memory reserved: 26.00 MB
2026-06-16 11:49:54 - finetune_logger - INFO - Train memory allocated: 18.10 MB
[2026-06-16 11:49:54,169][finetune_logger][INFO] - Train memory allocated: 18.10 MB
2026-06-16 11:49:54 - finetune_logger - INFO - Current learning rate: 0.00025
[2026-06-16 11:49:54,170][finetune_logger][INFO] - Current learning rate: 0.00025
2026-06-16 11:50:27 - finetune_logger - INFO - Validation metrics: {'MAE': 20.811101772607355, 'RMSE': 71.18319258672692}
[2026-06-16 11:50:27,188][finetune_logger][INFO] - Validation metrics: {'MAE': 20.811101772607355, 'RMSE': 71.18319258672692}
2026-06-16 11:50:27 - finetune_logger - INFO - Val time: 33.02s
[2026-06-16 11:50:27,189][finetune_logger][INFO] - Val time: 33.02s
2026-06-16 11:50:27 - finetune_logger - INFO - Val memory reserved: 26.00 MB
[2026-06-16 11:50:27,189][finetune_logger][INFO] - Val memory reserved: 26.00 MB
2026-06-16 11:50:27 - finetune_logger - INFO - Val memory allocated: 18.10 MB
[2026-06-16 11:50:27,189][finetune_logger][INFO] - Val memory allocated: 18.10 MB
2026-06-16 11:50:27 - finetune_logger - INFO - Logged epoch 15 info to /public/home/202411094934/python_project/Spatio-Temporal-Library/time-series/2026-06-16/itransformer/finetune20/weather/time-series/seed_0/training_log.json
[2026-06-16 11:50:27,192][finetune_logger][INFO] - Logged epoch 15 info to /public/home/202411094934/python_project/Spatio-Temporal-Library/time-series/2026-06-16/itransformer/finetune20/weather/time-series/seed_0/training_log.json
2026-06-16 11:50:27 - finetune_logger - INFO - New best model! Val loss: 20.811102
[2026-06-16 11:50:27,193][finetune_logger][INFO] - New best model! Val loss: 20.811102
2026-06-16 11:51:34 - finetune_logger - INFO - Test metrics: {'MAE': 12.111230216469046, 'RMSE': 41.810975090809194}
[2026-06-16 11:51:34,097][finetune_logger][INFO] - Test metrics: {'MAE': 12.111230216469046, 'RMSE': 41.810975090809194}
2026-06-16 11:51:34 - finetune_logger - INFO - Test time: 66.86s
[2026-06-16 11:51:34,097][finetune_logger][INFO] - Test time: 66.86s
2026-06-16 11:51:34 - finetune_logger - INFO - Test memory reserved: 26.00 MB
[2026-06-16 11:51:34,097][finetune_logger][INFO] - Test memory reserved: 26.00 MB
2026-06-16 11:51:34 - finetune_logger - INFO - Test memory allocated: 18.10 MB
[2026-06-16 11:51:34,098][finetune_logger][INFO] - Test memory allocated: 18.10 MB
2026-06-16 11:51:34 - finetune_logger - INFO - Epoch 16/20
[2026-06-16 11:51:34,098][finetune_logger][INFO] - Epoch 16/20
2026-06-16 12:00:54 - finetune_logger - INFO - Train loss: 19.507589136116888
[2026-06-16 12:00:54,441][finetune_logger][INFO] - Train loss: 19.507589136116888
2026-06-16 12:00:54 - finetune_logger - INFO - Train time: 560.3427665233612s
[2026-06-16 12:00:54,441][finetune_logger][INFO] - Train time: 560.3427665233612s
2026-06-16 12:00:54 - finetune_logger - INFO - Train memory reserved: 26.00 MB
[2026-06-16 12:00:54,441][finetune_logger][INFO] - Train memory reserved: 26.00 MB
2026-06-16 12:00:54 - finetune_logger - INFO - Train memory allocated: 18.10 MB
[2026-06-16 12:00:54,442][finetune_logger][INFO] - Train memory allocated: 18.10 MB
2026-06-16 12:00:54 - finetune_logger - INFO - Current learning rate: 0.00025
[2026-06-16 12:00:54,442][finetune_logger][INFO] - Current learning rate: 0.00025
2026-06-16 12:01:27 - finetune_logger - INFO - Validation metrics: {'MAE': 21.10475032435115, 'RMSE': 72.11748564704543}
[2026-06-16 12:01:27,475][finetune_logger][INFO] - Validation metrics: {'MAE': 21.10475032435115, 'RMSE': 72.11748564704543}
2026-06-16 12:01:27 - finetune_logger - INFO - Val time: 33.03s
[2026-06-16 12:01:27,475][finetune_logger][INFO] - Val time: 33.03s
2026-06-16 12:01:27 - finetune_logger - INFO - Val memory reserved: 26.00 MB
[2026-06-16 12:01:27,475][finetune_logger][INFO] - Val memory reserved: 26.00 MB
2026-06-16 12:01:27 - finetune_logger - INFO - Val memory allocated: 18.10 MB
[2026-06-16 12:01:27,475][finetune_logger][INFO] - Val memory allocated: 18.10 MB
2026-06-16 12:01:27 - finetune_logger - INFO - Logged epoch 16 info to /public/home/202411094934/python_project/Spatio-Temporal-Library/time-series/2026-06-16/itransformer/finetune20/weather/time-series/seed_0/training_log.json
[2026-06-16 12:01:27,479][finetune_logger][INFO] - Logged epoch 16 info to /public/home/202411094934/python_project/Spatio-Temporal-Library/time-series/2026-06-16/itransformer/finetune20/weather/time-series/seed_0/training_log.json
2026-06-16 12:02:34 - finetune_logger - INFO - Test metrics: {'MAE': 12.166399111560006, 'RMSE': 42.23283516759142}
[2026-06-16 12:02:34,550][finetune_logger][INFO] - Test metrics: {'MAE': 12.166399111560006, 'RMSE': 42.23283516759142}
2026-06-16 12:02:34 - finetune_logger - INFO - Test time: 67.07s
[2026-06-16 12:02:34,550][finetune_logger][INFO] - Test time: 67.07s
2026-06-16 12:02:34 - finetune_logger - INFO - Test memory reserved: 26.00 MB
[2026-06-16 12:02:34,550][finetune_logger][INFO] - Test memory reserved: 26.00 MB
2026-06-16 12:02:34 - finetune_logger - INFO - Test memory allocated: 18.10 MB
[2026-06-16 12:02:34,551][finetune_logger][INFO] - Test memory allocated: 18.10 MB
2026-06-16 12:02:34 - finetune_logger - INFO - Epoch 17/20
[2026-06-16 12:02:34,551][finetune_logger][INFO] - Epoch 17/20
2026-06-16 12:11:54 - finetune_logger - INFO - Train loss: 19.41205875782198
[2026-06-16 12:11:54,499][finetune_logger][INFO] - Train loss: 19.41205875782198
2026-06-16 12:11:54 - finetune_logger - INFO - Train time: 559.9474964141846s
[2026-06-16 12:11:54,499][finetune_logger][INFO] - Train time: 559.9474964141846s
2026-06-16 12:11:54 - finetune_logger - INFO - Train memory reserved: 26.00 MB
[2026-06-16 12:11:54,499][finetune_logger][INFO] - Train memory reserved: 26.00 MB
2026-06-16 12:11:54 - finetune_logger - INFO - Train memory allocated: 18.10 MB
[2026-06-16 12:11:54,499][finetune_logger][INFO] - Train memory allocated: 18.10 MB
2026-06-16 12:11:54 - finetune_logger - INFO - Current learning rate: 0.00025
[2026-06-16 12:11:54,499][finetune_logger][INFO] - Current learning rate: 0.00025
2026-06-16 12:12:27 - finetune_logger - INFO - Validation metrics: {'MAE': 21.42750510771907, 'RMSE': 72.38178014013428}
[2026-06-16 12:12:27,560][finetune_logger][INFO] - Validation metrics: {'MAE': 21.42750510771907, 'RMSE': 72.38178014013428}
2026-06-16 12:12:27 - finetune_logger - INFO - Val time: 33.06s
[2026-06-16 12:12:27,560][finetune_logger][INFO] - Val time: 33.06s
2026-06-16 12:12:27 - finetune_logger - INFO - Val memory reserved: 26.00 MB
[2026-06-16 12:12:27,560][finetune_logger][INFO] - Val memory reserved: 26.00 MB
2026-06-16 12:12:27 - finetune_logger - INFO - Val memory allocated: 18.10 MB
[2026-06-16 12:12:27,560][finetune_logger][INFO] - Val memory allocated: 18.10 MB
2026-06-16 12:12:27 - finetune_logger - INFO - Logged epoch 17 info to /public/home/202411094934/python_project/Spatio-Temporal-Library/time-series/2026-06-16/itransformer/finetune20/weather/time-series/seed_0/training_log.json
[2026-06-16 12:12:27,564][finetune_logger][INFO] - Logged epoch 17 info to /public/home/202411094934/python_project/Spatio-Temporal-Library/time-series/2026-06-16/itransformer/finetune20/weather/time-series/seed_0/training_log.json
2026-06-16 12:13:34 - finetune_logger - INFO - Test metrics: {'MAE': 12.747339593709267, 'RMSE': 44.24053182138314}
[2026-06-16 12:13:34,573][finetune_logger][INFO] - Test metrics: {'MAE': 12.747339593709267, 'RMSE': 44.24053182138314}
2026-06-16 12:13:34 - finetune_logger - INFO - Test time: 67.01s
[2026-06-16 12:13:34,573][finetune_logger][INFO] - Test time: 67.01s
2026-06-16 12:13:34 - finetune_logger - INFO - Test memory reserved: 26.00 MB
[2026-06-16 12:13:34,574][finetune_logger][INFO] - Test memory reserved: 26.00 MB
2026-06-16 12:13:34 - finetune_logger - INFO - Test memory allocated: 18.10 MB
[2026-06-16 12:13:34,574][finetune_logger][INFO] - Test memory allocated: 18.10 MB
2026-06-16 12:13:34 - finetune_logger - INFO - Epoch 18/20
[2026-06-16 12:13:34,574][finetune_logger][INFO] - Epoch 18/20
2026-06-16 12:22:54 - finetune_logger - INFO - Train loss: 19.327310982080334
[2026-06-16 12:22:54,628][finetune_logger][INFO] - Train loss: 19.327310982080334
2026-06-16 12:22:54 - finetune_logger - INFO - Train time: 560.0534048080444s
[2026-06-16 12:22:54,628][finetune_logger][INFO] - Train time: 560.0534048080444s
2026-06-16 12:22:54 - finetune_logger - INFO - Train memory reserved: 26.00 MB
[2026-06-16 12:22:54,628][finetune_logger][INFO] - Train memory reserved: 26.00 MB
2026-06-16 12:22:54 - finetune_logger - INFO - Train memory allocated: 18.10 MB
[2026-06-16 12:22:54,628][finetune_logger][INFO] - Train memory allocated: 18.10 MB
2026-06-16 12:22:54 - finetune_logger - INFO - Current learning rate: 0.00025
[2026-06-16 12:22:54,628][finetune_logger][INFO] - Current learning rate: 0.00025
2026-06-16 12:23:27 - finetune_logger - INFO - Validation metrics: {'MAE': 20.982494355008804, 'RMSE': 72.10129073439322}
[2026-06-16 12:23:27,669][finetune_logger][INFO] - Validation metrics: {'MAE': 20.982494355008804, 'RMSE': 72.10129073439322}
2026-06-16 12:23:27 - finetune_logger - INFO - Val time: 33.04s
[2026-06-16 12:23:27,670][finetune_logger][INFO] - Val time: 33.04s
2026-06-16 12:23:27 - finetune_logger - INFO - Val memory reserved: 26.00 MB
[2026-06-16 12:23:27,670][finetune_logger][INFO] - Val memory reserved: 26.00 MB
2026-06-16 12:23:27 - finetune_logger - INFO - Val memory allocated: 18.10 MB
[2026-06-16 12:23:27,670][finetune_logger][INFO] - Val memory allocated: 18.10 MB
2026-06-16 12:23:27 - finetune_logger - INFO - Logged epoch 18 info to /public/home/202411094934/python_project/Spatio-Temporal-Library/time-series/2026-06-16/itransformer/finetune20/weather/time-series/seed_0/training_log.json
[2026-06-16 12:23:27,673][finetune_logger][INFO] - Logged epoch 18 info to /public/home/202411094934/python_project/Spatio-Temporal-Library/time-series/2026-06-16/itransformer/finetune20/weather/time-series/seed_0/training_log.json
2026-06-16 12:24:34 - finetune_logger - INFO - Test metrics: {'MAE': 12.095215416209584, 'RMSE': 42.250917691308146}
[2026-06-16 12:24:34,552][finetune_logger][INFO] - Test metrics: {'MAE': 12.095215416209584, 'RMSE': 42.250917691308146}
2026-06-16 12:24:34 - finetune_logger - INFO - Test time: 66.88s
[2026-06-16 12:24:34,553][finetune_logger][INFO] - Test time: 66.88s
2026-06-16 12:24:34 - finetune_logger - INFO - Test memory reserved: 26.00 MB
[2026-06-16 12:24:34,553][finetune_logger][INFO] - Test memory reserved: 26.00 MB
2026-06-16 12:24:34 - finetune_logger - INFO - Test memory allocated: 18.10 MB
[2026-06-16 12:24:34,553][finetune_logger][INFO] - Test memory allocated: 18.10 MB
2026-06-16 12:24:34 - finetune_logger - INFO - Epoch 19/20
[2026-06-16 12:24:34,553][finetune_logger][INFO] - Epoch 19/20
2026-06-16 12:33:54 - finetune_logger - INFO - Train loss: 19.241940863295287
[2026-06-16 12:33:54,224][finetune_logger][INFO] - Train loss: 19.241940863295287
2026-06-16 12:33:54 - finetune_logger - INFO - Train time: 559.6704792976379s
[2026-06-16 12:33:54,224][finetune_logger][INFO] - Train time: 559.6704792976379s
2026-06-16 12:33:54 - finetune_logger - INFO - Train memory reserved: 26.00 MB
[2026-06-16 12:33:54,224][finetune_logger][INFO] - Train memory reserved: 26.00 MB
2026-06-16 12:33:54 - finetune_logger - INFO - Train memory allocated: 18.10 MB
[2026-06-16 12:33:54,224][finetune_logger][INFO] - Train memory allocated: 18.10 MB
2026-06-16 12:33:54 - finetune_logger - INFO - Current learning rate: 0.00025
[2026-06-16 12:33:54,225][finetune_logger][INFO] - Current learning rate: 0.00025
2026-06-16 12:34:27 - finetune_logger - INFO - Validation metrics: {'MAE': 22.188063578344966, 'RMSE': 75.15900270730565}
[2026-06-16 12:34:27,338][finetune_logger][INFO] - Validation metrics: {'MAE': 22.188063578344966, 'RMSE': 75.15900270730565}
2026-06-16 12:34:27 - finetune_logger - INFO - Val time: 33.11s
[2026-06-16 12:34:27,338][finetune_logger][INFO] - Val time: 33.11s
2026-06-16 12:34:27 - finetune_logger - INFO - Val memory reserved: 26.00 MB
[2026-06-16 12:34:27,338][finetune_logger][INFO] - Val memory reserved: 26.00 MB
2026-06-16 12:34:27 - finetune_logger - INFO - Val memory allocated: 18.10 MB
[2026-06-16 12:34:27,338][finetune_logger][INFO] - Val memory allocated: 18.10 MB
2026-06-16 12:34:27 - finetune_logger - INFO - Logged epoch 19 info to /public/home/202411094934/python_project/Spatio-Temporal-Library/time-series/2026-06-16/itransformer/finetune20/weather/time-series/seed_0/training_log.json
[2026-06-16 12:34:27,342][finetune_logger][INFO] - Logged epoch 19 info to /public/home/202411094934/python_project/Spatio-Temporal-Library/time-series/2026-06-16/itransformer/finetune20/weather/time-series/seed_0/training_log.json
2026-06-16 12:35:34 - finetune_logger - INFO - Test metrics: {'MAE': 13.070895246817281, 'RMSE': 45.050163326532456}
[2026-06-16 12:35:34,242][finetune_logger][INFO] - Test metrics: {'MAE': 13.070895246817281, 'RMSE': 45.050163326532456}
2026-06-16 12:35:34 - finetune_logger - INFO - Test time: 66.90s
[2026-06-16 12:35:34,242][finetune_logger][INFO] - Test time: 66.90s
2026-06-16 12:35:34 - finetune_logger - INFO - Test memory reserved: 26.00 MB
[2026-06-16 12:35:34,242][finetune_logger][INFO] - Test memory reserved: 26.00 MB
2026-06-16 12:35:34 - finetune_logger - INFO - Test memory allocated: 18.10 MB
[2026-06-16 12:35:34,243][finetune_logger][INFO] - Test memory allocated: 18.10 MB
2026-06-16 12:35:34 - finetune_logger - INFO - Epoch 20/20
[2026-06-16 12:35:34,243][finetune_logger][INFO] - Epoch 20/20
2026-06-16 12:44:53 - finetune_logger - INFO - Train loss: 19.176563563682897
[2026-06-16 12:44:53,969][finetune_logger][INFO] - Train loss: 19.176563563682897
2026-06-16 12:44:53 - finetune_logger - INFO - Train time: 559.7254540920258s
[2026-06-16 12:44:53,969][finetune_logger][INFO] - Train time: 559.7254540920258s
2026-06-16 12:44:53 - finetune_logger - INFO - Train memory reserved: 26.00 MB
[2026-06-16 12:44:53,969][finetune_logger][INFO] - Train memory reserved: 26.00 MB
2026-06-16 12:44:53 - finetune_logger - INFO - Train memory allocated: 18.10 MB
[2026-06-16 12:44:53,969][finetune_logger][INFO] - Train memory allocated: 18.10 MB
2026-06-16 12:44:53 - finetune_logger - INFO - Current learning rate: 0.00025
[2026-06-16 12:44:53,969][finetune_logger][INFO] - Current learning rate: 0.00025
2026-06-16 12:45:27 - finetune_logger - INFO - Validation metrics: {'MAE': 21.679378650366306, 'RMSE': 73.89163094875535}
[2026-06-16 12:45:27,015][finetune_logger][INFO] - Validation metrics: {'MAE': 21.679378650366306, 'RMSE': 73.89163094875535}
2026-06-16 12:45:27 - finetune_logger - INFO - Val time: 33.05s
[2026-06-16 12:45:27,015][finetune_logger][INFO] - Val time: 33.05s
2026-06-16 12:45:27 - finetune_logger - INFO - Val memory reserved: 26.00 MB
[2026-06-16 12:45:27,015][finetune_logger][INFO] - Val memory reserved: 26.00 MB
2026-06-16 12:45:27 - finetune_logger - INFO - Val memory allocated: 18.10 MB
[2026-06-16 12:45:27,015][finetune_logger][INFO] - Val memory allocated: 18.10 MB
2026-06-16 12:45:27 - finetune_logger - INFO - Logged epoch 20 info to /public/home/202411094934/python_project/Spatio-Temporal-Library/time-series/2026-06-16/itransformer/finetune20/weather/time-series/seed_0/training_log.json
[2026-06-16 12:45:27,019][finetune_logger][INFO] - Logged epoch 20 info to /public/home/202411094934/python_project/Spatio-Temporal-Library/time-series/2026-06-16/itransformer/finetune20/weather/time-series/seed_0/training_log.json
2026-06-16 12:46:33 - finetune_logger - INFO - Test metrics: {'MAE': 12.828973656785475, 'RMSE': 44.57438371252177}
[2026-06-16 12:46:33,948][finetune_logger][INFO] - Test metrics: {'MAE': 12.828973656785475, 'RMSE': 44.57438371252177}
2026-06-16 12:46:33 - finetune_logger - INFO - Test time: 66.91s
[2026-06-16 12:46:33,948][finetune_logger][INFO] - Test time: 66.91s
2026-06-16 12:46:33 - finetune_logger - INFO - Test memory reserved: 26.00 MB
[2026-06-16 12:46:33,948][finetune_logger][INFO] - Test memory reserved: 26.00 MB
2026-06-16 12:46:33 - finetune_logger - INFO - Test memory allocated: 18.10 MB
[2026-06-16 12:46:33,949][finetune_logger][INFO] - Test memory allocated: 18.10 MB
2026-06-16 12:46:33 - finetune_logger - INFO - Training completed. Best epoch: 15, Best val loss: 20.811102
[2026-06-16 12:46:33,949][finetune_logger][INFO] - Training completed. Best epoch: 15, Best val loss: 20.811102
2026-06-16 12:46:33 - finetune_logger - INFO - Loaded checkpoint from epoch 15
[2026-06-16 12:46:33,981][finetune_logger][INFO] - Loaded checkpoint from epoch 15
2026-06-16 12:46:33 - finetune_logger - INFO - Evaluating best model on test sets...
[2026-06-16 12:46:33,982][finetune_logger][INFO] - Evaluating best model on test sets...
2026-06-16 12:47:40 - finetune_logger - INFO - Test metrics: {'MAE': 12.111230216469046, 'RMSE': 41.810975090809194}
[2026-06-16 12:47:40,841][finetune_logger][INFO] - Test metrics: {'MAE': 12.111230216469046, 'RMSE': 41.810975090809194}
2026-06-16 12:47:40 - finetune_logger - INFO - Test time: 66.86s
[2026-06-16 12:47:40,841][finetune_logger][INFO] - Test time: 66.86s
2026-06-16 12:47:40 - finetune_logger - INFO - Test memory reserved: 26.00 MB
[2026-06-16 12:47:40,841][finetune_logger][INFO] - Test memory reserved: 26.00 MB
2026-06-16 12:47:40 - finetune_logger - INFO - Test memory allocated: 18.14 MB
[2026-06-16 12:47:40,841][finetune_logger][INFO] - Test memory allocated: 18.14 MB
2026-06-16 12:47:40 - finetune_logger - INFO - Logged epoch test info to /public/home/202411094934/python_project/Spatio-Temporal-Library/time-series/2026-06-16/itransformer/finetune20/weather/time-series/seed_0/training_log.json
[2026-06-16 12:47:40,845][finetune_logger][INFO] - Logged epoch test info to /public/home/202411094934/python_project/Spatio-Temporal-Library/time-series/2026-06-16/itransformer/finetune20/weather/time-series/seed_0/training_log.json
