2026-06-16 00:43:00 - finetune_logger - INFO - No pretrained checkpoint is provided. Finetuning from scratch.
[2026-06-16 00:43:00,455][finetune_logger][INFO] - No pretrained checkpoint is provided. Finetuning from scratch.
2026-06-16 00:43:00 - finetune_logger - INFO - Model parameters: 158,912
[2026-06-16 00:43:00,458][finetune_logger][INFO] - Model parameters: 158,912
2026-06-16 00:43:00 - finetune_logger - INFO - Created new log file at /public/home/202411094934/python_project/Spatio-Temporal-Library/time-series/2026-06-16/itransformer/finetune20/traffic/time-series/seed_0/training_log.json
[2026-06-16 00:43:00,460][finetune_logger][INFO] - Created new log file at /public/home/202411094934/python_project/Spatio-Temporal-Library/time-series/2026-06-16/itransformer/finetune20/traffic/time-series/seed_0/training_log.json
2026-06-16 00:43:00 - finetune_logger - INFO - Starting training...
[2026-06-16 00:43:00,460][finetune_logger][INFO] - Starting training...
2026-06-16 00:43:00 - finetune_logger - INFO - Epoch 1/20
[2026-06-16 00:43:00,460][finetune_logger][INFO] - Epoch 1/20
2026-06-16 00:47:13 - finetune_logger - INFO - Train loss: 0.0191849568793685
[2026-06-16 00:47:13,858][finetune_logger][INFO] - Train loss: 0.0191849568793685
2026-06-16 00:47:13 - finetune_logger - INFO - Train time: 253.39661860466003s
[2026-06-16 00:47:13,858][finetune_logger][INFO] - Train time: 253.39661860466003s
2026-06-16 00:47:13 - finetune_logger - INFO - Train memory reserved: 178.00 MB
[2026-06-16 00:47:13,858][finetune_logger][INFO] - Train memory reserved: 178.00 MB
2026-06-16 00:47:13 - finetune_logger - INFO - Train memory allocated: 18.11 MB
[2026-06-16 00:47:13,859][finetune_logger][INFO] - Train memory allocated: 18.11 MB
2026-06-16 00:47:13 - finetune_logger - INFO - Current learning rate: 0.0005
[2026-06-16 00:47:13,859][finetune_logger][INFO] - Current learning rate: 0.0005
2026-06-16 00:47:27 - finetune_logger - INFO - Validation metrics: {'MAE': 0.016239713077831605, 'RMSE': 0.03257476532703805}
[2026-06-16 00:47:27,057][finetune_logger][INFO] - Validation metrics: {'MAE': 0.016239713077831605, 'RMSE': 0.03257476532703805}
2026-06-16 00:47:27 - finetune_logger - INFO - Val time: 13.20s
[2026-06-16 00:47:27,057][finetune_logger][INFO] - Val time: 13.20s
2026-06-16 00:47:27 - finetune_logger - INFO - Val memory reserved: 178.00 MB
[2026-06-16 00:47:27,057][finetune_logger][INFO] - Val memory reserved: 178.00 MB
2026-06-16 00:47:27 - finetune_logger - INFO - Val memory allocated: 18.11 MB
[2026-06-16 00:47:27,057][finetune_logger][INFO] - Val memory allocated: 18.11 MB
2026-06-16 00:47:27 - finetune_logger - INFO - Logged epoch 1 info to /public/home/202411094934/python_project/Spatio-Temporal-Library/time-series/2026-06-16/itransformer/finetune20/traffic/time-series/seed_0/training_log.json
[2026-06-16 00:47:27,061][finetune_logger][INFO] - Logged epoch 1 info to /public/home/202411094934/python_project/Spatio-Temporal-Library/time-series/2026-06-16/itransformer/finetune20/traffic/time-series/seed_0/training_log.json
2026-06-16 00:47:27 - finetune_logger - INFO - New best model! Val loss: 0.016240
[2026-06-16 00:47:27,061][finetune_logger][INFO] - New best model! Val loss: 0.016240
2026-06-16 00:47:54 - finetune_logger - INFO - Test metrics: {'MAE': 0.018006800097655123, 'RMSE': 0.03575575092032022}
[2026-06-16 00:47:54,837][finetune_logger][INFO] - Test metrics: {'MAE': 0.018006800097655123, 'RMSE': 0.03575575092032022}
2026-06-16 00:47:54 - finetune_logger - INFO - Test time: 27.73s
[2026-06-16 00:47:54,838][finetune_logger][INFO] - Test time: 27.73s
2026-06-16 00:47:54 - finetune_logger - INFO - Test memory reserved: 178.00 MB
[2026-06-16 00:47:54,838][finetune_logger][INFO] - Test memory reserved: 178.00 MB
2026-06-16 00:47:54 - finetune_logger - INFO - Test memory allocated: 18.11 MB
[2026-06-16 00:47:54,838][finetune_logger][INFO] - Test memory allocated: 18.11 MB
2026-06-16 00:47:54 - finetune_logger - INFO - Epoch 2/20
[2026-06-16 00:47:54,838][finetune_logger][INFO] - Epoch 2/20
2026-06-16 00:52:07 - finetune_logger - INFO - Train loss: 0.015214343730770637
[2026-06-16 00:52:07,505][finetune_logger][INFO] - Train loss: 0.015214343730770637
2026-06-16 00:52:07 - finetune_logger - INFO - Train time: 252.66680812835693s
[2026-06-16 00:52:07,506][finetune_logger][INFO] - Train time: 252.66680812835693s
2026-06-16 00:52:07 - finetune_logger - INFO - Train memory reserved: 178.00 MB
[2026-06-16 00:52:07,506][finetune_logger][INFO] - Train memory reserved: 178.00 MB
2026-06-16 00:52:07 - finetune_logger - INFO - Train memory allocated: 18.11 MB
[2026-06-16 00:52:07,506][finetune_logger][INFO] - Train memory allocated: 18.11 MB
2026-06-16 00:52:07 - finetune_logger - INFO - Current learning rate: 0.0005
[2026-06-16 00:52:07,506][finetune_logger][INFO] - Current learning rate: 0.0005
2026-06-16 00:52:20 - finetune_logger - INFO - Validation metrics: {'MAE': 0.013901146365487407, 'RMSE': 0.02925936619019889}
[2026-06-16 00:52:20,680][finetune_logger][INFO] - Validation metrics: {'MAE': 0.013901146365487407, 'RMSE': 0.02925936619019889}
2026-06-16 00:52:20 - finetune_logger - INFO - Val time: 13.17s
[2026-06-16 00:52:20,680][finetune_logger][INFO] - Val time: 13.17s
2026-06-16 00:52:20 - finetune_logger - INFO - Val memory reserved: 178.00 MB
[2026-06-16 00:52:20,680][finetune_logger][INFO] - Val memory reserved: 178.00 MB
2026-06-16 00:52:20 - finetune_logger - INFO - Val memory allocated: 18.11 MB
[2026-06-16 00:52:20,680][finetune_logger][INFO] - Val memory allocated: 18.11 MB
2026-06-16 00:52:20 - finetune_logger - INFO - Logged epoch 2 info to /public/home/202411094934/python_project/Spatio-Temporal-Library/time-series/2026-06-16/itransformer/finetune20/traffic/time-series/seed_0/training_log.json
[2026-06-16 00:52:20,683][finetune_logger][INFO] - Logged epoch 2 info to /public/home/202411094934/python_project/Spatio-Temporal-Library/time-series/2026-06-16/itransformer/finetune20/traffic/time-series/seed_0/training_log.json
2026-06-16 00:52:20 - finetune_logger - INFO - New best model! Val loss: 0.013901
[2026-06-16 00:52:20,683][finetune_logger][INFO] - New best model! Val loss: 0.013901
2026-06-16 00:52:48 - finetune_logger - INFO - Test metrics: {'MAE': 0.015629500462552, 'RMSE': 0.03215673195853404}
[2026-06-16 00:52:48,395][finetune_logger][INFO] - Test metrics: {'MAE': 0.015629500462552, 'RMSE': 0.03215673195853404}
2026-06-16 00:52:48 - finetune_logger - INFO - Test time: 27.67s
[2026-06-16 00:52:48,395][finetune_logger][INFO] - Test time: 27.67s
2026-06-16 00:52:48 - finetune_logger - INFO - Test memory reserved: 178.00 MB
[2026-06-16 00:52:48,395][finetune_logger][INFO] - Test memory reserved: 178.00 MB
2026-06-16 00:52:48 - finetune_logger - INFO - Test memory allocated: 18.11 MB
[2026-06-16 00:52:48,395][finetune_logger][INFO] - Test memory allocated: 18.11 MB
2026-06-16 00:52:48 - finetune_logger - INFO - Epoch 3/20
[2026-06-16 00:52:48,395][finetune_logger][INFO] - Epoch 3/20
2026-06-16 00:57:01 - finetune_logger - INFO - Train loss: 0.01404692140669254
[2026-06-16 00:57:01,087][finetune_logger][INFO] - Train loss: 0.01404692140669254
2026-06-16 00:57:01 - finetune_logger - INFO - Train time: 252.69155478477478s
[2026-06-16 00:57:01,087][finetune_logger][INFO] - Train time: 252.69155478477478s
2026-06-16 00:57:01 - finetune_logger - INFO - Train memory reserved: 178.00 MB
[2026-06-16 00:57:01,088][finetune_logger][INFO] - Train memory reserved: 178.00 MB
2026-06-16 00:57:01 - finetune_logger - INFO - Train memory allocated: 18.11 MB
[2026-06-16 00:57:01,088][finetune_logger][INFO] - Train memory allocated: 18.11 MB
2026-06-16 00:57:01 - finetune_logger - INFO - Current learning rate: 0.0005
[2026-06-16 00:57:01,088][finetune_logger][INFO] - Current learning rate: 0.0005
2026-06-16 00:57:14 - finetune_logger - INFO - Validation metrics: {'MAE': 0.013248763277659472, 'RMSE': 0.028093990824465467}
[2026-06-16 00:57:14,301][finetune_logger][INFO] - Validation metrics: {'MAE': 0.013248763277659472, 'RMSE': 0.028093990824465467}
2026-06-16 00:57:14 - finetune_logger - INFO - Val time: 13.21s
[2026-06-16 00:57:14,302][finetune_logger][INFO] - Val time: 13.21s
2026-06-16 00:57:14 - finetune_logger - INFO - Val memory reserved: 178.00 MB
[2026-06-16 00:57:14,302][finetune_logger][INFO] - Val memory reserved: 178.00 MB
2026-06-16 00:57:14 - finetune_logger - INFO - Val memory allocated: 18.11 MB
[2026-06-16 00:57:14,302][finetune_logger][INFO] - Val memory allocated: 18.11 MB
2026-06-16 00:57:14 - finetune_logger - INFO - Logged epoch 3 info to /public/home/202411094934/python_project/Spatio-Temporal-Library/time-series/2026-06-16/itransformer/finetune20/traffic/time-series/seed_0/training_log.json
[2026-06-16 00:57:14,304][finetune_logger][INFO] - Logged epoch 3 info to /public/home/202411094934/python_project/Spatio-Temporal-Library/time-series/2026-06-16/itransformer/finetune20/traffic/time-series/seed_0/training_log.json
2026-06-16 00:57:14 - finetune_logger - INFO - New best model! Val loss: 0.013249
[2026-06-16 00:57:14,305][finetune_logger][INFO] - New best model! Val loss: 0.013249
2026-06-16 00:57:42 - finetune_logger - INFO - Test metrics: {'MAE': 0.01491562282801042, 'RMSE': 0.030828741176794853}
[2026-06-16 00:57:42,082][finetune_logger][INFO] - Test metrics: {'MAE': 0.01491562282801042, 'RMSE': 0.030828741176794853}
2026-06-16 00:57:42 - finetune_logger - INFO - Test time: 27.73s
[2026-06-16 00:57:42,082][finetune_logger][INFO] - Test time: 27.73s
2026-06-16 00:57:42 - finetune_logger - INFO - Test memory reserved: 178.00 MB
[2026-06-16 00:57:42,082][finetune_logger][INFO] - Test memory reserved: 178.00 MB
2026-06-16 00:57:42 - finetune_logger - INFO - Test memory allocated: 18.11 MB
[2026-06-16 00:57:42,082][finetune_logger][INFO] - Test memory allocated: 18.11 MB
2026-06-16 00:57:42 - finetune_logger - INFO - Epoch 4/20
[2026-06-16 00:57:42,082][finetune_logger][INFO] - Epoch 4/20
2026-06-16 01:01:54 - finetune_logger - INFO - Train loss: 0.01348753895052944
[2026-06-16 01:01:54,865][finetune_logger][INFO] - Train loss: 0.01348753895052944
2026-06-16 01:01:54 - finetune_logger - INFO - Train time: 252.7825117111206s
[2026-06-16 01:01:54,865][finetune_logger][INFO] - Train time: 252.7825117111206s
2026-06-16 01:01:54 - finetune_logger - INFO - Train memory reserved: 178.00 MB
[2026-06-16 01:01:54,866][finetune_logger][INFO] - Train memory reserved: 178.00 MB
2026-06-16 01:01:54 - finetune_logger - INFO - Train memory allocated: 18.11 MB
[2026-06-16 01:01:54,866][finetune_logger][INFO] - Train memory allocated: 18.11 MB
2026-06-16 01:01:54 - finetune_logger - INFO - Current learning rate: 0.0005
[2026-06-16 01:01:54,866][finetune_logger][INFO] - Current learning rate: 0.0005
2026-06-16 01:02:08 - finetune_logger - INFO - Validation metrics: {'MAE': 0.012938044267551872, 'RMSE': 0.027987249179421875}
[2026-06-16 01:02:08,071][finetune_logger][INFO] - Validation metrics: {'MAE': 0.012938044267551872, 'RMSE': 0.027987249179421875}
2026-06-16 01:02:08 - finetune_logger - INFO - Val time: 13.20s
[2026-06-16 01:02:08,071][finetune_logger][INFO] - Val time: 13.20s
2026-06-16 01:02:08 - finetune_logger - INFO - Val memory reserved: 178.00 MB
[2026-06-16 01:02:08,072][finetune_logger][INFO] - Val memory reserved: 178.00 MB
2026-06-16 01:02:08 - finetune_logger - INFO - Val memory allocated: 18.11 MB
[2026-06-16 01:02:08,072][finetune_logger][INFO] - Val memory allocated: 18.11 MB
2026-06-16 01:02:08 - finetune_logger - INFO - Logged epoch 4 info to /public/home/202411094934/python_project/Spatio-Temporal-Library/time-series/2026-06-16/itransformer/finetune20/traffic/time-series/seed_0/training_log.json
[2026-06-16 01:02:08,075][finetune_logger][INFO] - Logged epoch 4 info to /public/home/202411094934/python_project/Spatio-Temporal-Library/time-series/2026-06-16/itransformer/finetune20/traffic/time-series/seed_0/training_log.json
2026-06-16 01:02:08 - finetune_logger - INFO - New best model! Val loss: 0.012938
[2026-06-16 01:02:08,075][finetune_logger][INFO] - New best model! Val loss: 0.012938
2026-06-16 01:02:35 - finetune_logger - INFO - Test metrics: {'MAE': 0.014556568782038403, 'RMSE': 0.030602294501895708}
[2026-06-16 01:02:35,797][finetune_logger][INFO] - Test metrics: {'MAE': 0.014556568782038403, 'RMSE': 0.030602294501895708}
2026-06-16 01:02:35 - finetune_logger - INFO - Test time: 27.68s
[2026-06-16 01:02:35,797][finetune_logger][INFO] - Test time: 27.68s
2026-06-16 01:02:35 - finetune_logger - INFO - Test memory reserved: 178.00 MB
[2026-06-16 01:02:35,797][finetune_logger][INFO] - Test memory reserved: 178.00 MB
2026-06-16 01:02:35 - finetune_logger - INFO - Test memory allocated: 18.11 MB
[2026-06-16 01:02:35,798][finetune_logger][INFO] - Test memory allocated: 18.11 MB
2026-06-16 01:02:35 - finetune_logger - INFO - Epoch 5/20
[2026-06-16 01:02:35,798][finetune_logger][INFO] - Epoch 5/20
2026-06-16 01:06:48 - finetune_logger - INFO - Train loss: 0.013140883726879073
[2026-06-16 01:06:48,554][finetune_logger][INFO] - Train loss: 0.013140883726879073
2026-06-16 01:06:48 - finetune_logger - INFO - Train time: 252.75603437423706s
[2026-06-16 01:06:48,555][finetune_logger][INFO] - Train time: 252.75603437423706s
2026-06-16 01:06:48 - finetune_logger - INFO - Train memory reserved: 178.00 MB
[2026-06-16 01:06:48,555][finetune_logger][INFO] - Train memory reserved: 178.00 MB
2026-06-16 01:06:48 - finetune_logger - INFO - Train memory allocated: 18.11 MB
[2026-06-16 01:06:48,555][finetune_logger][INFO] - Train memory allocated: 18.11 MB
2026-06-16 01:06:48 - finetune_logger - INFO - Current learning rate: 0.0005
[2026-06-16 01:06:48,555][finetune_logger][INFO] - Current learning rate: 0.0005
2026-06-16 01:07:01 - finetune_logger - INFO - Validation metrics: {'MAE': 0.01265782446881941, 'RMSE': 0.027610883705710555}
[2026-06-16 01:07:01,738][finetune_logger][INFO] - Validation metrics: {'MAE': 0.01265782446881941, 'RMSE': 0.027610883705710555}
2026-06-16 01:07:01 - finetune_logger - INFO - Val time: 13.18s
[2026-06-16 01:07:01,738][finetune_logger][INFO] - Val time: 13.18s
2026-06-16 01:07:01 - finetune_logger - INFO - Val memory reserved: 178.00 MB
[2026-06-16 01:07:01,738][finetune_logger][INFO] - Val memory reserved: 178.00 MB
2026-06-16 01:07:01 - finetune_logger - INFO - Val memory allocated: 18.11 MB
[2026-06-16 01:07:01,738][finetune_logger][INFO] - Val memory allocated: 18.11 MB
2026-06-16 01:07:01 - finetune_logger - INFO - Logged epoch 5 info to /public/home/202411094934/python_project/Spatio-Temporal-Library/time-series/2026-06-16/itransformer/finetune20/traffic/time-series/seed_0/training_log.json
[2026-06-16 01:07:01,741][finetune_logger][INFO] - Logged epoch 5 info to /public/home/202411094934/python_project/Spatio-Temporal-Library/time-series/2026-06-16/itransformer/finetune20/traffic/time-series/seed_0/training_log.json
2026-06-16 01:07:01 - finetune_logger - INFO - New best model! Val loss: 0.012658
[2026-06-16 01:07:01,742][finetune_logger][INFO] - New best model! Val loss: 0.012658
2026-06-16 01:07:29 - finetune_logger - INFO - Test metrics: {'MAE': 0.014224456345945689, 'RMSE': 0.030188438154402294}
[2026-06-16 01:07:29,389][finetune_logger][INFO] - Test metrics: {'MAE': 0.014224456345945689, 'RMSE': 0.030188438154402294}
2026-06-16 01:07:29 - finetune_logger - INFO - Test time: 27.60s
[2026-06-16 01:07:29,389][finetune_logger][INFO] - Test time: 27.60s
2026-06-16 01:07:29 - finetune_logger - INFO - Test memory reserved: 178.00 MB
[2026-06-16 01:07:29,389][finetune_logger][INFO] - Test memory reserved: 178.00 MB
2026-06-16 01:07:29 - finetune_logger - INFO - Test memory allocated: 18.11 MB
[2026-06-16 01:07:29,389][finetune_logger][INFO] - Test memory allocated: 18.11 MB
2026-06-16 01:07:29 - finetune_logger - INFO - Epoch 6/20
[2026-06-16 01:07:29,389][finetune_logger][INFO] - Epoch 6/20
2026-06-16 01:11:42 - finetune_logger - INFO - Train loss: 0.012874222021557734
[2026-06-16 01:11:42,143][finetune_logger][INFO] - Train loss: 0.012874222021557734
2026-06-16 01:11:42 - finetune_logger - INFO - Train time: 252.75341057777405s
[2026-06-16 01:11:42,144][finetune_logger][INFO] - Train time: 252.75341057777405s
2026-06-16 01:11:42 - finetune_logger - INFO - Train memory reserved: 178.00 MB
[2026-06-16 01:11:42,144][finetune_logger][INFO] - Train memory reserved: 178.00 MB
2026-06-16 01:11:42 - finetune_logger - INFO - Train memory allocated: 18.11 MB
[2026-06-16 01:11:42,144][finetune_logger][INFO] - Train memory allocated: 18.11 MB
2026-06-16 01:11:42 - finetune_logger - INFO - Current learning rate: 0.0005
[2026-06-16 01:11:42,144][finetune_logger][INFO] - Current learning rate: 0.0005
2026-06-16 01:11:55 - finetune_logger - INFO - Validation metrics: {'MAE': 0.01259674302415992, 'RMSE': 0.027151332037390383}
[2026-06-16 01:11:55,270][finetune_logger][INFO] - Validation metrics: {'MAE': 0.01259674302415992, 'RMSE': 0.027151332037390383}
2026-06-16 01:11:55 - finetune_logger - INFO - Val time: 13.13s
[2026-06-16 01:11:55,270][finetune_logger][INFO] - Val time: 13.13s
2026-06-16 01:11:55 - finetune_logger - INFO - Val memory reserved: 178.00 MB
[2026-06-16 01:11:55,270][finetune_logger][INFO] - Val memory reserved: 178.00 MB
2026-06-16 01:11:55 - finetune_logger - INFO - Val memory allocated: 18.11 MB
[2026-06-16 01:11:55,270][finetune_logger][INFO] - Val memory allocated: 18.11 MB
2026-06-16 01:11:55 - finetune_logger - INFO - Logged epoch 6 info to /public/home/202411094934/python_project/Spatio-Temporal-Library/time-series/2026-06-16/itransformer/finetune20/traffic/time-series/seed_0/training_log.json
[2026-06-16 01:11:55,273][finetune_logger][INFO] - Logged epoch 6 info to /public/home/202411094934/python_project/Spatio-Temporal-Library/time-series/2026-06-16/itransformer/finetune20/traffic/time-series/seed_0/training_log.json
2026-06-16 01:11:55 - finetune_logger - INFO - New best model! Val loss: 0.012597
[2026-06-16 01:11:55,274][finetune_logger][INFO] - New best model! Val loss: 0.012597
2026-06-16 01:12:22 - finetune_logger - INFO - Test metrics: {'MAE': 0.014162252789017036, 'RMSE': 0.029690945168496366}
[2026-06-16 01:12:22,981][finetune_logger][INFO] - Test metrics: {'MAE': 0.014162252789017036, 'RMSE': 0.029690945168496366}
2026-06-16 01:12:22 - finetune_logger - INFO - Test time: 27.66s
[2026-06-16 01:12:22,981][finetune_logger][INFO] - Test time: 27.66s
2026-06-16 01:12:22 - finetune_logger - INFO - Test memory reserved: 178.00 MB
[2026-06-16 01:12:22,981][finetune_logger][INFO] - Test memory reserved: 178.00 MB
2026-06-16 01:12:22 - finetune_logger - INFO - Test memory allocated: 18.11 MB
[2026-06-16 01:12:22,982][finetune_logger][INFO] - Test memory allocated: 18.11 MB
2026-06-16 01:12:22 - finetune_logger - INFO - Epoch 7/20
[2026-06-16 01:12:22,982][finetune_logger][INFO] - Epoch 7/20
2026-06-16 01:16:35 - finetune_logger - INFO - Train loss: 0.012679679582201387
[2026-06-16 01:16:35,729][finetune_logger][INFO] - Train loss: 0.012679679582201387
2026-06-16 01:16:35 - finetune_logger - INFO - Train time: 252.74678564071655s
[2026-06-16 01:16:35,729][finetune_logger][INFO] - Train time: 252.74678564071655s
2026-06-16 01:16:35 - finetune_logger - INFO - Train memory reserved: 178.00 MB
[2026-06-16 01:16:35,729][finetune_logger][INFO] - Train memory reserved: 178.00 MB
2026-06-16 01:16:35 - finetune_logger - INFO - Train memory allocated: 18.11 MB
[2026-06-16 01:16:35,730][finetune_logger][INFO] - Train memory allocated: 18.11 MB
2026-06-16 01:16:35 - finetune_logger - INFO - Current learning rate: 0.0005
[2026-06-16 01:16:35,730][finetune_logger][INFO] - Current learning rate: 0.0005
2026-06-16 01:16:48 - finetune_logger - INFO - Validation metrics: {'MAE': 0.012302248304420258, 'RMSE': 0.02699898978231783}
[2026-06-16 01:16:48,821][finetune_logger][INFO] - Validation metrics: {'MAE': 0.012302248304420258, 'RMSE': 0.02699898978231783}
2026-06-16 01:16:48 - finetune_logger - INFO - Val time: 13.09s
[2026-06-16 01:16:48,821][finetune_logger][INFO] - Val time: 13.09s
2026-06-16 01:16:48 - finetune_logger - INFO - Val memory reserved: 178.00 MB
[2026-06-16 01:16:48,821][finetune_logger][INFO] - Val memory reserved: 178.00 MB
2026-06-16 01:16:48 - finetune_logger - INFO - Val memory allocated: 18.11 MB
[2026-06-16 01:16:48,821][finetune_logger][INFO] - Val memory allocated: 18.11 MB
2026-06-16 01:16:48 - finetune_logger - INFO - Logged epoch 7 info to /public/home/202411094934/python_project/Spatio-Temporal-Library/time-series/2026-06-16/itransformer/finetune20/traffic/time-series/seed_0/training_log.json
[2026-06-16 01:16:48,824][finetune_logger][INFO] - Logged epoch 7 info to /public/home/202411094934/python_project/Spatio-Temporal-Library/time-series/2026-06-16/itransformer/finetune20/traffic/time-series/seed_0/training_log.json
2026-06-16 01:16:48 - finetune_logger - INFO - New best model! Val loss: 0.012302
[2026-06-16 01:16:48,825][finetune_logger][INFO] - New best model! Val loss: 0.012302
2026-06-16 01:17:16 - finetune_logger - INFO - Test metrics: {'MAE': 0.013853170422010251, 'RMSE': 0.0295038309560576}
[2026-06-16 01:17:16,471][finetune_logger][INFO] - Test metrics: {'MAE': 0.013853170422010251, 'RMSE': 0.0295038309560576}
2026-06-16 01:17:16 - finetune_logger - INFO - Test time: 27.60s
[2026-06-16 01:17:16,471][finetune_logger][INFO] - Test time: 27.60s
2026-06-16 01:17:16 - finetune_logger - INFO - Test memory reserved: 178.00 MB
[2026-06-16 01:17:16,471][finetune_logger][INFO] - Test memory reserved: 178.00 MB
2026-06-16 01:17:16 - finetune_logger - INFO - Test memory allocated: 18.11 MB
[2026-06-16 01:17:16,471][finetune_logger][INFO] - Test memory allocated: 18.11 MB
2026-06-16 01:17:16 - finetune_logger - INFO - Epoch 8/20
[2026-06-16 01:17:16,472][finetune_logger][INFO] - Epoch 8/20
2026-06-16 01:21:29 - finetune_logger - INFO - Train loss: 0.012523785630423036
[2026-06-16 01:21:29,069][finetune_logger][INFO] - Train loss: 0.012523785630423036
2026-06-16 01:21:29 - finetune_logger - INFO - Train time: 252.5967926979065s
[2026-06-16 01:21:29,069][finetune_logger][INFO] - Train time: 252.5967926979065s
2026-06-16 01:21:29 - finetune_logger - INFO - Train memory reserved: 178.00 MB
[2026-06-16 01:21:29,069][finetune_logger][INFO] - Train memory reserved: 178.00 MB
2026-06-16 01:21:29 - finetune_logger - INFO - Train memory allocated: 18.11 MB
[2026-06-16 01:21:29,069][finetune_logger][INFO] - Train memory allocated: 18.11 MB
2026-06-16 01:21:29 - finetune_logger - INFO - Current learning rate: 0.0005
[2026-06-16 01:21:29,070][finetune_logger][INFO] - Current learning rate: 0.0005
2026-06-16 01:21:42 - finetune_logger - INFO - Validation metrics: {'MAE': 0.012133559074782186, 'RMSE': 0.02682950516157415}
[2026-06-16 01:21:42,193][finetune_logger][INFO] - Validation metrics: {'MAE': 0.012133559074782186, 'RMSE': 0.02682950516157415}
2026-06-16 01:21:42 - finetune_logger - INFO - Val time: 13.12s
[2026-06-16 01:21:42,194][finetune_logger][INFO] - Val time: 13.12s
2026-06-16 01:21:42 - finetune_logger - INFO - Val memory reserved: 178.00 MB
[2026-06-16 01:21:42,194][finetune_logger][INFO] - Val memory reserved: 178.00 MB
2026-06-16 01:21:42 - finetune_logger - INFO - Val memory allocated: 18.11 MB
[2026-06-16 01:21:42,194][finetune_logger][INFO] - Val memory allocated: 18.11 MB
2026-06-16 01:21:42 - finetune_logger - INFO - Logged epoch 8 info to /public/home/202411094934/python_project/Spatio-Temporal-Library/time-series/2026-06-16/itransformer/finetune20/traffic/time-series/seed_0/training_log.json
[2026-06-16 01:21:42,197][finetune_logger][INFO] - Logged epoch 8 info to /public/home/202411094934/python_project/Spatio-Temporal-Library/time-series/2026-06-16/itransformer/finetune20/traffic/time-series/seed_0/training_log.json
2026-06-16 01:21:42 - finetune_logger - INFO - New best model! Val loss: 0.012134
[2026-06-16 01:21:42,197][finetune_logger][INFO] - New best model! Val loss: 0.012134
2026-06-16 01:22:09 - finetune_logger - INFO - Test metrics: {'MAE': 0.013644038121603695, 'RMSE': 0.02927340494551784}
[2026-06-16 01:22:09,877][finetune_logger][INFO] - Test metrics: {'MAE': 0.013644038121603695, 'RMSE': 0.02927340494551784}
2026-06-16 01:22:09 - finetune_logger - INFO - Test time: 27.64s
[2026-06-16 01:22:09,877][finetune_logger][INFO] - Test time: 27.64s
2026-06-16 01:22:09 - finetune_logger - INFO - Test memory reserved: 178.00 MB
[2026-06-16 01:22:09,877][finetune_logger][INFO] - Test memory reserved: 178.00 MB
2026-06-16 01:22:09 - finetune_logger - INFO - Test memory allocated: 18.11 MB
[2026-06-16 01:22:09,877][finetune_logger][INFO] - Test memory allocated: 18.11 MB
2026-06-16 01:22:09 - finetune_logger - INFO - Epoch 9/20
[2026-06-16 01:22:09,877][finetune_logger][INFO] - Epoch 9/20
2026-06-16 01:26:22 - finetune_logger - INFO - Train loss: 0.012373931349957975
[2026-06-16 01:26:22,613][finetune_logger][INFO] - Train loss: 0.012373931349957975
2026-06-16 01:26:22 - finetune_logger - INFO - Train time: 252.73547434806824s
[2026-06-16 01:26:22,613][finetune_logger][INFO] - Train time: 252.73547434806824s
2026-06-16 01:26:22 - finetune_logger - INFO - Train memory reserved: 178.00 MB
[2026-06-16 01:26:22,614][finetune_logger][INFO] - Train memory reserved: 178.00 MB
2026-06-16 01:26:22 - finetune_logger - INFO - Train memory allocated: 18.11 MB
[2026-06-16 01:26:22,614][finetune_logger][INFO] - Train memory allocated: 18.11 MB
2026-06-16 01:26:22 - finetune_logger - INFO - Current learning rate: 0.0005
[2026-06-16 01:26:22,614][finetune_logger][INFO] - Current learning rate: 0.0005
2026-06-16 01:26:35 - finetune_logger - INFO - Validation metrics: {'MAE': 0.012260147164127811, 'RMSE': 0.026752979265373084}
[2026-06-16 01:26:35,747][finetune_logger][INFO] - Validation metrics: {'MAE': 0.012260147164127811, 'RMSE': 0.026752979265373084}
2026-06-16 01:26:35 - finetune_logger - INFO - Val time: 13.13s
[2026-06-16 01:26:35,747][finetune_logger][INFO] - Val time: 13.13s
2026-06-16 01:26:35 - finetune_logger - INFO - Val memory reserved: 178.00 MB
[2026-06-16 01:26:35,747][finetune_logger][INFO] - Val memory reserved: 178.00 MB
2026-06-16 01:26:35 - finetune_logger - INFO - Val memory allocated: 18.11 MB
[2026-06-16 01:26:35,747][finetune_logger][INFO] - Val memory allocated: 18.11 MB
2026-06-16 01:26:35 - finetune_logger - INFO - Logged epoch 9 info to /public/home/202411094934/python_project/Spatio-Temporal-Library/time-series/2026-06-16/itransformer/finetune20/traffic/time-series/seed_0/training_log.json
[2026-06-16 01:26:35,750][finetune_logger][INFO] - Logged epoch 9 info to /public/home/202411094934/python_project/Spatio-Temporal-Library/time-series/2026-06-16/itransformer/finetune20/traffic/time-series/seed_0/training_log.json
2026-06-16 01:27:03 - finetune_logger - INFO - Test metrics: {'MAE': 0.013769475597539148, 'RMSE': 0.029161029268977505}
[2026-06-16 01:27:03,455][finetune_logger][INFO] - Test metrics: {'MAE': 0.013769475597539148, 'RMSE': 0.029161029268977505}
2026-06-16 01:27:03 - finetune_logger - INFO - Test time: 27.70s
[2026-06-16 01:27:03,455][finetune_logger][INFO] - Test time: 27.70s
2026-06-16 01:27:03 - finetune_logger - INFO - Test memory reserved: 178.00 MB
[2026-06-16 01:27:03,456][finetune_logger][INFO] - Test memory reserved: 178.00 MB
2026-06-16 01:27:03 - finetune_logger - INFO - Test memory allocated: 18.11 MB
[2026-06-16 01:27:03,456][finetune_logger][INFO] - Test memory allocated: 18.11 MB
2026-06-16 01:27:03 - finetune_logger - INFO - Epoch 10/20
[2026-06-16 01:27:03,456][finetune_logger][INFO] - Epoch 10/20
2026-06-16 01:31:15 - finetune_logger - INFO - Train loss: 0.012232499049236734
[2026-06-16 01:31:15,932][finetune_logger][INFO] - Train loss: 0.012232499049236734
2026-06-16 01:31:15 - finetune_logger - INFO - Train time: 252.47532153129578s
[2026-06-16 01:31:15,932][finetune_logger][INFO] - Train time: 252.47532153129578s
2026-06-16 01:31:15 - finetune_logger - INFO - Train memory reserved: 178.00 MB
[2026-06-16 01:31:15,932][finetune_logger][INFO] - Train memory reserved: 178.00 MB
2026-06-16 01:31:15 - finetune_logger - INFO - Train memory allocated: 18.11 MB
[2026-06-16 01:31:15,932][finetune_logger][INFO] - Train memory allocated: 18.11 MB
2026-06-16 01:31:15 - finetune_logger - INFO - Current learning rate: 0.0005
[2026-06-16 01:31:15,932][finetune_logger][INFO] - Current learning rate: 0.0005
2026-06-16 01:31:29 - finetune_logger - INFO - Validation metrics: {'MAE': 0.01213328032291496, 'RMSE': 0.02672773738546394}
[2026-06-16 01:31:29,119][finetune_logger][INFO] - Validation metrics: {'MAE': 0.01213328032291496, 'RMSE': 0.02672773738546394}
2026-06-16 01:31:29 - finetune_logger - INFO - Val time: 13.19s
[2026-06-16 01:31:29,119][finetune_logger][INFO] - Val time: 13.19s
2026-06-16 01:31:29 - finetune_logger - INFO - Val memory reserved: 178.00 MB
[2026-06-16 01:31:29,119][finetune_logger][INFO] - Val memory reserved: 178.00 MB
2026-06-16 01:31:29 - finetune_logger - INFO - Val memory allocated: 18.11 MB
[2026-06-16 01:31:29,120][finetune_logger][INFO] - Val memory allocated: 18.11 MB
2026-06-16 01:31:29 - finetune_logger - INFO - Logged epoch 10 info to /public/home/202411094934/python_project/Spatio-Temporal-Library/time-series/2026-06-16/itransformer/finetune20/traffic/time-series/seed_0/training_log.json
[2026-06-16 01:31:29,123][finetune_logger][INFO] - Logged epoch 10 info to /public/home/202411094934/python_project/Spatio-Temporal-Library/time-series/2026-06-16/itransformer/finetune20/traffic/time-series/seed_0/training_log.json
2026-06-16 01:31:29 - finetune_logger - INFO - New best model! Val loss: 0.012133
[2026-06-16 01:31:29,123][finetune_logger][INFO] - New best model! Val loss: 0.012133
2026-06-16 01:31:56 - finetune_logger - INFO - Test metrics: {'MAE': 0.013620484751375908, 'RMSE': 0.02912640498862383}
[2026-06-16 01:31:56,821][finetune_logger][INFO] - Test metrics: {'MAE': 0.013620484751375908, 'RMSE': 0.02912640498862383}
2026-06-16 01:31:56 - finetune_logger - INFO - Test time: 27.66s
[2026-06-16 01:31:56,822][finetune_logger][INFO] - Test time: 27.66s
2026-06-16 01:31:56 - finetune_logger - INFO - Test memory reserved: 178.00 MB
[2026-06-16 01:31:56,822][finetune_logger][INFO] - Test memory reserved: 178.00 MB
2026-06-16 01:31:56 - finetune_logger - INFO - Test memory allocated: 18.11 MB
[2026-06-16 01:31:56,822][finetune_logger][INFO] - Test memory allocated: 18.11 MB
2026-06-16 01:31:56 - finetune_logger - INFO - Epoch 11/20
[2026-06-16 01:31:56,822][finetune_logger][INFO] - Epoch 11/20
2026-06-16 01:36:09 - finetune_logger - INFO - Train loss: 0.011952229629652207
[2026-06-16 01:36:09,528][finetune_logger][INFO] - Train loss: 0.011952229629652207
2026-06-16 01:36:09 - finetune_logger - INFO - Train time: 252.70593667030334s
[2026-06-16 01:36:09,529][finetune_logger][INFO] - Train time: 252.70593667030334s
2026-06-16 01:36:09 - finetune_logger - INFO - Train memory reserved: 178.00 MB
[2026-06-16 01:36:09,529][finetune_logger][INFO] - Train memory reserved: 178.00 MB
2026-06-16 01:36:09 - finetune_logger - INFO - Train memory allocated: 18.11 MB
[2026-06-16 01:36:09,529][finetune_logger][INFO] - Train memory allocated: 18.11 MB
2026-06-16 01:36:09 - finetune_logger - INFO - Current learning rate: 0.00025
[2026-06-16 01:36:09,529][finetune_logger][INFO] - Current learning rate: 0.00025
2026-06-16 01:36:22 - finetune_logger - INFO - Validation metrics: {'MAE': 0.011633513303966895, 'RMSE': 0.026492099556636943}
[2026-06-16 01:36:22,852][finetune_logger][INFO] - Validation metrics: {'MAE': 0.011633513303966895, 'RMSE': 0.026492099556636943}
2026-06-16 01:36:22 - finetune_logger - INFO - Val time: 13.32s
[2026-06-16 01:36:22,852][finetune_logger][INFO] - Val time: 13.32s
2026-06-16 01:36:22 - finetune_logger - INFO - Val memory reserved: 178.00 MB
[2026-06-16 01:36:22,853][finetune_logger][INFO] - Val memory reserved: 178.00 MB
2026-06-16 01:36:22 - finetune_logger - INFO - Val memory allocated: 18.11 MB
[2026-06-16 01:36:22,853][finetune_logger][INFO] - Val memory allocated: 18.11 MB
2026-06-16 01:36:22 - finetune_logger - INFO - Logged epoch 11 info to /public/home/202411094934/python_project/Spatio-Temporal-Library/time-series/2026-06-16/itransformer/finetune20/traffic/time-series/seed_0/training_log.json
[2026-06-16 01:36:22,856][finetune_logger][INFO] - Logged epoch 11 info to /public/home/202411094934/python_project/Spatio-Temporal-Library/time-series/2026-06-16/itransformer/finetune20/traffic/time-series/seed_0/training_log.json
2026-06-16 01:36:22 - finetune_logger - INFO - New best model! Val loss: 0.011634
[2026-06-16 01:36:22,856][finetune_logger][INFO] - New best model! Val loss: 0.011634
2026-06-16 01:36:50 - finetune_logger - INFO - Test metrics: {'MAE': 0.013140281483805636, 'RMSE': 0.028890723505053083}
[2026-06-16 01:36:50,581][finetune_logger][INFO] - Test metrics: {'MAE': 0.013140281483805636, 'RMSE': 0.028890723505053083}
2026-06-16 01:36:50 - finetune_logger - INFO - Test time: 27.68s
[2026-06-16 01:36:50,582][finetune_logger][INFO] - Test time: 27.68s
2026-06-16 01:36:50 - finetune_logger - INFO - Test memory reserved: 178.00 MB
[2026-06-16 01:36:50,582][finetune_logger][INFO] - Test memory reserved: 178.00 MB
2026-06-16 01:36:50 - finetune_logger - INFO - Test memory allocated: 18.11 MB
[2026-06-16 01:36:50,582][finetune_logger][INFO] - Test memory allocated: 18.11 MB
2026-06-16 01:36:50 - finetune_logger - INFO - Epoch 12/20
[2026-06-16 01:36:50,582][finetune_logger][INFO] - Epoch 12/20
2026-06-16 01:41:03 - finetune_logger - INFO - Train loss: 0.01190049962169663
[2026-06-16 01:41:03,246][finetune_logger][INFO] - Train loss: 0.01190049962169663
2026-06-16 01:41:03 - finetune_logger - INFO - Train time: 252.66337132453918s
[2026-06-16 01:41:03,246][finetune_logger][INFO] - Train time: 252.66337132453918s
2026-06-16 01:41:03 - finetune_logger - INFO - Train memory reserved: 178.00 MB
[2026-06-16 01:41:03,246][finetune_logger][INFO] - Train memory reserved: 178.00 MB
2026-06-16 01:41:03 - finetune_logger - INFO - Train memory allocated: 18.11 MB
[2026-06-16 01:41:03,246][finetune_logger][INFO] - Train memory allocated: 18.11 MB
2026-06-16 01:41:03 - finetune_logger - INFO - Current learning rate: 0.00025
[2026-06-16 01:41:03,246][finetune_logger][INFO] - Current learning rate: 0.00025
2026-06-16 01:41:16 - finetune_logger - INFO - Validation metrics: {'MAE': 0.011629958597295785, 'RMSE': 0.026448530385430956}
[2026-06-16 01:41:16,396][finetune_logger][INFO] - Validation metrics: {'MAE': 0.011629958597295785, 'RMSE': 0.026448530385430956}
2026-06-16 01:41:16 - finetune_logger - INFO - Val time: 13.15s
[2026-06-16 01:41:16,396][finetune_logger][INFO] - Val time: 13.15s
2026-06-16 01:41:16 - finetune_logger - INFO - Val memory reserved: 178.00 MB
[2026-06-16 01:41:16,397][finetune_logger][INFO] - Val memory reserved: 178.00 MB
2026-06-16 01:41:16 - finetune_logger - INFO - Val memory allocated: 18.11 MB
[2026-06-16 01:41:16,397][finetune_logger][INFO] - Val memory allocated: 18.11 MB
2026-06-16 01:41:16 - finetune_logger - INFO - Logged epoch 12 info to /public/home/202411094934/python_project/Spatio-Temporal-Library/time-series/2026-06-16/itransformer/finetune20/traffic/time-series/seed_0/training_log.json
[2026-06-16 01:41:16,400][finetune_logger][INFO] - Logged epoch 12 info to /public/home/202411094934/python_project/Spatio-Temporal-Library/time-series/2026-06-16/itransformer/finetune20/traffic/time-series/seed_0/training_log.json
2026-06-16 01:41:16 - finetune_logger - INFO - New best model! Val loss: 0.011630
[2026-06-16 01:41:16,400][finetune_logger][INFO] - New best model! Val loss: 0.011630
2026-06-16 01:41:44 - finetune_logger - INFO - Test metrics: {'MAE': 0.013110197608726792, 'RMSE': 0.028837828622550063}
[2026-06-16 01:41:44,021][finetune_logger][INFO] - Test metrics: {'MAE': 0.013110197608726792, 'RMSE': 0.028837828622550063}
2026-06-16 01:41:44 - finetune_logger - INFO - Test time: 27.58s
[2026-06-16 01:41:44,021][finetune_logger][INFO] - Test time: 27.58s
2026-06-16 01:41:44 - finetune_logger - INFO - Test memory reserved: 178.00 MB
[2026-06-16 01:41:44,021][finetune_logger][INFO] - Test memory reserved: 178.00 MB
2026-06-16 01:41:44 - finetune_logger - INFO - Test memory allocated: 18.11 MB
[2026-06-16 01:41:44,021][finetune_logger][INFO] - Test memory allocated: 18.11 MB
2026-06-16 01:41:44 - finetune_logger - INFO - Epoch 13/20
[2026-06-16 01:41:44,021][finetune_logger][INFO] - Epoch 13/20
2026-06-16 01:45:56 - finetune_logger - INFO - Train loss: 0.011847801827080204
[2026-06-16 01:45:56,520][finetune_logger][INFO] - Train loss: 0.011847801827080204
2026-06-16 01:45:56 - finetune_logger - INFO - Train time: 252.49788308143616s
[2026-06-16 01:45:56,520][finetune_logger][INFO] - Train time: 252.49788308143616s
2026-06-16 01:45:56 - finetune_logger - INFO - Train memory reserved: 178.00 MB
[2026-06-16 01:45:56,520][finetune_logger][INFO] - Train memory reserved: 178.00 MB
2026-06-16 01:45:56 - finetune_logger - INFO - Train memory allocated: 18.11 MB
[2026-06-16 01:45:56,520][finetune_logger][INFO] - Train memory allocated: 18.11 MB
2026-06-16 01:45:56 - finetune_logger - INFO - Current learning rate: 0.00025
[2026-06-16 01:45:56,520][finetune_logger][INFO] - Current learning rate: 0.00025
2026-06-16 01:46:09 - finetune_logger - INFO - Validation metrics: {'MAE': 0.011611659507241691, 'RMSE': 0.02643155060544498}
[2026-06-16 01:46:09,720][finetune_logger][INFO] - Validation metrics: {'MAE': 0.011611659507241691, 'RMSE': 0.02643155060544498}
2026-06-16 01:46:09 - finetune_logger - INFO - Val time: 13.20s
[2026-06-16 01:46:09,720][finetune_logger][INFO] - Val time: 13.20s
2026-06-16 01:46:09 - finetune_logger - INFO - Val memory reserved: 178.00 MB
[2026-06-16 01:46:09,720][finetune_logger][INFO] - Val memory reserved: 178.00 MB
2026-06-16 01:46:09 - finetune_logger - INFO - Val memory allocated: 18.11 MB
[2026-06-16 01:46:09,720][finetune_logger][INFO] - Val memory allocated: 18.11 MB
2026-06-16 01:46:09 - finetune_logger - INFO - Logged epoch 13 info to /public/home/202411094934/python_project/Spatio-Temporal-Library/time-series/2026-06-16/itransformer/finetune20/traffic/time-series/seed_0/training_log.json
[2026-06-16 01:46:09,723][finetune_logger][INFO] - Logged epoch 13 info to /public/home/202411094934/python_project/Spatio-Temporal-Library/time-series/2026-06-16/itransformer/finetune20/traffic/time-series/seed_0/training_log.json
2026-06-16 01:46:09 - finetune_logger - INFO - New best model! Val loss: 0.011612
[2026-06-16 01:46:09,723][finetune_logger][INFO] - New best model! Val loss: 0.011612
2026-06-16 01:46:37 - finetune_logger - INFO - Test metrics: {'MAE': 0.01310747415456812, 'RMSE': 0.02880062154063619}
[2026-06-16 01:46:37,470][finetune_logger][INFO] - Test metrics: {'MAE': 0.01310747415456812, 'RMSE': 0.02880062154063619}
2026-06-16 01:46:37 - finetune_logger - INFO - Test time: 27.70s
[2026-06-16 01:46:37,470][finetune_logger][INFO] - Test time: 27.70s
2026-06-16 01:46:37 - finetune_logger - INFO - Test memory reserved: 178.00 MB
[2026-06-16 01:46:37,471][finetune_logger][INFO] - Test memory reserved: 178.00 MB
2026-06-16 01:46:37 - finetune_logger - INFO - Test memory allocated: 18.11 MB
[2026-06-16 01:46:37,471][finetune_logger][INFO] - Test memory allocated: 18.11 MB
2026-06-16 01:46:37 - finetune_logger - INFO - Epoch 14/20
[2026-06-16 01:46:37,471][finetune_logger][INFO] - Epoch 14/20
2026-06-16 01:50:49 - finetune_logger - INFO - Train loss: 0.011792681819823214
[2026-06-16 01:50:49,979][finetune_logger][INFO] - Train loss: 0.011792681819823214
2026-06-16 01:50:49 - finetune_logger - INFO - Train time: 252.5078935623169s
[2026-06-16 01:50:49,980][finetune_logger][INFO] - Train time: 252.5078935623169s
2026-06-16 01:50:49 - finetune_logger - INFO - Train memory reserved: 178.00 MB
[2026-06-16 01:50:49,980][finetune_logger][INFO] - Train memory reserved: 178.00 MB
2026-06-16 01:50:49 - finetune_logger - INFO - Train memory allocated: 18.11 MB
[2026-06-16 01:50:49,980][finetune_logger][INFO] - Train memory allocated: 18.11 MB
2026-06-16 01:50:49 - finetune_logger - INFO - Current learning rate: 0.00025
[2026-06-16 01:50:49,980][finetune_logger][INFO] - Current learning rate: 0.00025
2026-06-16 01:51:03 - finetune_logger - INFO - Validation metrics: {'MAE': 0.011570800938273824, 'RMSE': 0.02637445797436709}
[2026-06-16 01:51:03,193][finetune_logger][INFO] - Validation metrics: {'MAE': 0.011570800938273824, 'RMSE': 0.02637445797436709}
2026-06-16 01:51:03 - finetune_logger - INFO - Val time: 13.21s
[2026-06-16 01:51:03,193][finetune_logger][INFO] - Val time: 13.21s
2026-06-16 01:51:03 - finetune_logger - INFO - Val memory reserved: 178.00 MB
[2026-06-16 01:51:03,193][finetune_logger][INFO] - Val memory reserved: 178.00 MB
2026-06-16 01:51:03 - finetune_logger - INFO - Val memory allocated: 18.11 MB
[2026-06-16 01:51:03,193][finetune_logger][INFO] - Val memory allocated: 18.11 MB
2026-06-16 01:51:03 - finetune_logger - INFO - Logged epoch 14 info to /public/home/202411094934/python_project/Spatio-Temporal-Library/time-series/2026-06-16/itransformer/finetune20/traffic/time-series/seed_0/training_log.json
[2026-06-16 01:51:03,197][finetune_logger][INFO] - Logged epoch 14 info to /public/home/202411094934/python_project/Spatio-Temporal-Library/time-series/2026-06-16/itransformer/finetune20/traffic/time-series/seed_0/training_log.json
2026-06-16 01:51:03 - finetune_logger - INFO - New best model! Val loss: 0.011571
[2026-06-16 01:51:03,197][finetune_logger][INFO] - New best model! Val loss: 0.011571
2026-06-16 01:51:30 - finetune_logger - INFO - Test metrics: {'MAE': 0.013066866572162302, 'RMSE': 0.028752509512568056}
[2026-06-16 01:51:30,897][finetune_logger][INFO] - Test metrics: {'MAE': 0.013066866572162302, 'RMSE': 0.028752509512568056}
2026-06-16 01:51:30 - finetune_logger - INFO - Test time: 27.66s
[2026-06-16 01:51:30,897][finetune_logger][INFO] - Test time: 27.66s
2026-06-16 01:51:30 - finetune_logger - INFO - Test memory reserved: 178.00 MB
[2026-06-16 01:51:30,897][finetune_logger][INFO] - Test memory reserved: 178.00 MB
2026-06-16 01:51:30 - finetune_logger - INFO - Test memory allocated: 18.11 MB
[2026-06-16 01:51:30,897][finetune_logger][INFO] - Test memory allocated: 18.11 MB
2026-06-16 01:51:30 - finetune_logger - INFO - Epoch 15/20
[2026-06-16 01:51:30,897][finetune_logger][INFO] - Epoch 15/20
2026-06-16 01:55:44 - finetune_logger - INFO - Train loss: 0.011745758786247574
[2026-06-16 01:55:44,034][finetune_logger][INFO] - Train loss: 0.011745758786247574
2026-06-16 01:55:44 - finetune_logger - INFO - Train time: 253.1359362602234s
[2026-06-16 01:55:44,034][finetune_logger][INFO] - Train time: 253.1359362602234s
2026-06-16 01:55:44 - finetune_logger - INFO - Train memory reserved: 178.00 MB
[2026-06-16 01:55:44,034][finetune_logger][INFO] - Train memory reserved: 178.00 MB
2026-06-16 01:55:44 - finetune_logger - INFO - Train memory allocated: 18.11 MB
[2026-06-16 01:55:44,034][finetune_logger][INFO] - Train memory allocated: 18.11 MB
2026-06-16 01:55:44 - finetune_logger - INFO - Current learning rate: 0.00025
[2026-06-16 01:55:44,035][finetune_logger][INFO] - Current learning rate: 0.00025
2026-06-16 01:55:57 - finetune_logger - INFO - Validation metrics: {'MAE': 0.011635987429175675, 'RMSE': 0.026341264084568015}
[2026-06-16 01:55:57,171][finetune_logger][INFO] - Validation metrics: {'MAE': 0.011635987429175675, 'RMSE': 0.026341264084568015}
2026-06-16 01:55:57 - finetune_logger - INFO - Val time: 13.14s
[2026-06-16 01:55:57,171][finetune_logger][INFO] - Val time: 13.14s
2026-06-16 01:55:57 - finetune_logger - INFO - Val memory reserved: 178.00 MB
[2026-06-16 01:55:57,172][finetune_logger][INFO] - Val memory reserved: 178.00 MB
2026-06-16 01:55:57 - finetune_logger - INFO - Val memory allocated: 18.11 MB
[2026-06-16 01:55:57,172][finetune_logger][INFO] - Val memory allocated: 18.11 MB
2026-06-16 01:55:57 - finetune_logger - INFO - Logged epoch 15 info to /public/home/202411094934/python_project/Spatio-Temporal-Library/time-series/2026-06-16/itransformer/finetune20/traffic/time-series/seed_0/training_log.json
[2026-06-16 01:55:57,175][finetune_logger][INFO] - Logged epoch 15 info to /public/home/202411094934/python_project/Spatio-Temporal-Library/time-series/2026-06-16/itransformer/finetune20/traffic/time-series/seed_0/training_log.json
2026-06-16 01:56:24 - finetune_logger - INFO - Test metrics: {'MAE': 0.013090484363016925, 'RMSE': 0.028672600880883147}
[2026-06-16 01:56:24,782][finetune_logger][INFO] - Test metrics: {'MAE': 0.013090484363016925, 'RMSE': 0.028672600880883147}
2026-06-16 01:56:24 - finetune_logger - INFO - Test time: 27.61s
[2026-06-16 01:56:24,782][finetune_logger][INFO] - Test time: 27.61s
2026-06-16 01:56:24 - finetune_logger - INFO - Test memory reserved: 178.00 MB
[2026-06-16 01:56:24,782][finetune_logger][INFO] - Test memory reserved: 178.00 MB
2026-06-16 01:56:24 - finetune_logger - INFO - Test memory allocated: 18.11 MB
[2026-06-16 01:56:24,782][finetune_logger][INFO] - Test memory allocated: 18.11 MB
2026-06-16 01:56:24 - finetune_logger - INFO - Epoch 16/20
[2026-06-16 01:56:24,782][finetune_logger][INFO] - Epoch 16/20
2026-06-16 02:00:37 - finetune_logger - INFO - Train loss: 0.011706095809221483
[2026-06-16 02:00:37,215][finetune_logger][INFO] - Train loss: 0.011706095809221483
2026-06-16 02:00:37 - finetune_logger - INFO - Train time: 252.43264174461365s
[2026-06-16 02:00:37,216][finetune_logger][INFO] - Train time: 252.43264174461365s
2026-06-16 02:00:37 - finetune_logger - INFO - Train memory reserved: 178.00 MB
[2026-06-16 02:00:37,216][finetune_logger][INFO] - Train memory reserved: 178.00 MB
2026-06-16 02:00:37 - finetune_logger - INFO - Train memory allocated: 18.11 MB
[2026-06-16 02:00:37,216][finetune_logger][INFO] - Train memory allocated: 18.11 MB
2026-06-16 02:00:37 - finetune_logger - INFO - Current learning rate: 0.00025
[2026-06-16 02:00:37,216][finetune_logger][INFO] - Current learning rate: 0.00025
2026-06-16 02:00:50 - finetune_logger - INFO - Validation metrics: {'MAE': 0.011458592970244805, 'RMSE': 0.026298978356638268}
[2026-06-16 02:00:50,374][finetune_logger][INFO] - Validation metrics: {'MAE': 0.011458592970244805, 'RMSE': 0.026298978356638268}
2026-06-16 02:00:50 - finetune_logger - INFO - Val time: 13.16s
[2026-06-16 02:00:50,374][finetune_logger][INFO] - Val time: 13.16s
2026-06-16 02:00:50 - finetune_logger - INFO - Val memory reserved: 178.00 MB
[2026-06-16 02:00:50,375][finetune_logger][INFO] - Val memory reserved: 178.00 MB
2026-06-16 02:00:50 - finetune_logger - INFO - Val memory allocated: 18.11 MB
[2026-06-16 02:00:50,375][finetune_logger][INFO] - Val memory allocated: 18.11 MB
2026-06-16 02:00:50 - finetune_logger - INFO - Logged epoch 16 info to /public/home/202411094934/python_project/Spatio-Temporal-Library/time-series/2026-06-16/itransformer/finetune20/traffic/time-series/seed_0/training_log.json
[2026-06-16 02:00:50,378][finetune_logger][INFO] - Logged epoch 16 info to /public/home/202411094934/python_project/Spatio-Temporal-Library/time-series/2026-06-16/itransformer/finetune20/traffic/time-series/seed_0/training_log.json
2026-06-16 02:00:50 - finetune_logger - INFO - New best model! Val loss: 0.011459
[2026-06-16 02:00:50,378][finetune_logger][INFO] - New best model! Val loss: 0.011459
2026-06-16 02:01:18 - finetune_logger - INFO - Test metrics: {'MAE': 0.012944100223504519, 'RMSE': 0.02864886676340419}
[2026-06-16 02:01:18,103][finetune_logger][INFO] - Test metrics: {'MAE': 0.012944100223504519, 'RMSE': 0.02864886676340419}
2026-06-16 02:01:18 - finetune_logger - INFO - Test time: 27.68s
[2026-06-16 02:01:18,103][finetune_logger][INFO] - Test time: 27.68s
2026-06-16 02:01:18 - finetune_logger - INFO - Test memory reserved: 178.00 MB
[2026-06-16 02:01:18,103][finetune_logger][INFO] - Test memory reserved: 178.00 MB
2026-06-16 02:01:18 - finetune_logger - INFO - Test memory allocated: 18.11 MB
[2026-06-16 02:01:18,103][finetune_logger][INFO] - Test memory allocated: 18.11 MB
2026-06-16 02:01:18 - finetune_logger - INFO - Epoch 17/20
[2026-06-16 02:01:18,103][finetune_logger][INFO] - Epoch 17/20
2026-06-16 02:05:30 - finetune_logger - INFO - Train loss: 0.011659701879362765
[2026-06-16 02:05:30,485][finetune_logger][INFO] - Train loss: 0.011659701879362765
2026-06-16 02:05:30 - finetune_logger - INFO - Train time: 252.38080620765686s
[2026-06-16 02:05:30,485][finetune_logger][INFO] - Train time: 252.38080620765686s
2026-06-16 02:05:30 - finetune_logger - INFO - Train memory reserved: 178.00 MB
[2026-06-16 02:05:30,485][finetune_logger][INFO] - Train memory reserved: 178.00 MB
2026-06-16 02:05:30 - finetune_logger - INFO - Train memory allocated: 18.11 MB
[2026-06-16 02:05:30,485][finetune_logger][INFO] - Train memory allocated: 18.11 MB
2026-06-16 02:05:30 - finetune_logger - INFO - Current learning rate: 0.00025
[2026-06-16 02:05:30,485][finetune_logger][INFO] - Current learning rate: 0.00025
2026-06-16 02:05:43 - finetune_logger - INFO - Validation metrics: {'MAE': 0.011511697358090827, 'RMSE': 0.02649888280826339}
[2026-06-16 02:05:43,801][finetune_logger][INFO] - Validation metrics: {'MAE': 0.011511697358090827, 'RMSE': 0.02649888280826339}
2026-06-16 02:05:43 - finetune_logger - INFO - Val time: 13.32s
[2026-06-16 02:05:43,802][finetune_logger][INFO] - Val time: 13.32s
2026-06-16 02:05:43 - finetune_logger - INFO - Val memory reserved: 178.00 MB
[2026-06-16 02:05:43,802][finetune_logger][INFO] - Val memory reserved: 178.00 MB
2026-06-16 02:05:43 - finetune_logger - INFO - Val memory allocated: 18.11 MB
[2026-06-16 02:05:43,802][finetune_logger][INFO] - Val memory allocated: 18.11 MB
2026-06-16 02:05:43 - finetune_logger - INFO - Logged epoch 17 info to /public/home/202411094934/python_project/Spatio-Temporal-Library/time-series/2026-06-16/itransformer/finetune20/traffic/time-series/seed_0/training_log.json
[2026-06-16 02:05:43,805][finetune_logger][INFO] - Logged epoch 17 info to /public/home/202411094934/python_project/Spatio-Temporal-Library/time-series/2026-06-16/itransformer/finetune20/traffic/time-series/seed_0/training_log.json
2026-06-16 02:06:11 - finetune_logger - INFO - Test metrics: {'MAE': 0.012989429120380687, 'RMSE': 0.02882614241320688}
[2026-06-16 02:06:11,622][finetune_logger][INFO] - Test metrics: {'MAE': 0.012989429120380687, 'RMSE': 0.02882614241320688}
2026-06-16 02:06:11 - finetune_logger - INFO - Test time: 27.82s
[2026-06-16 02:06:11,622][finetune_logger][INFO] - Test time: 27.82s
2026-06-16 02:06:11 - finetune_logger - INFO - Test memory reserved: 178.00 MB
[2026-06-16 02:06:11,622][finetune_logger][INFO] - Test memory reserved: 178.00 MB
2026-06-16 02:06:11 - finetune_logger - INFO - Test memory allocated: 18.11 MB
[2026-06-16 02:06:11,622][finetune_logger][INFO] - Test memory allocated: 18.11 MB
2026-06-16 02:06:11 - finetune_logger - INFO - Epoch 18/20
[2026-06-16 02:06:11,622][finetune_logger][INFO] - Epoch 18/20
2026-06-16 02:10:23 - finetune_logger - INFO - Train loss: 0.01162765217329264
[2026-06-16 02:10:23,975][finetune_logger][INFO] - Train loss: 0.01162765217329264
2026-06-16 02:10:23 - finetune_logger - INFO - Train time: 252.35174584388733s
[2026-06-16 02:10:23,975][finetune_logger][INFO] - Train time: 252.35174584388733s
2026-06-16 02:10:23 - finetune_logger - INFO - Train memory reserved: 178.00 MB
[2026-06-16 02:10:23,975][finetune_logger][INFO] - Train memory reserved: 178.00 MB
2026-06-16 02:10:23 - finetune_logger - INFO - Train memory allocated: 18.11 MB
[2026-06-16 02:10:23,975][finetune_logger][INFO] - Train memory allocated: 18.11 MB
2026-06-16 02:10:23 - finetune_logger - INFO - Current learning rate: 0.00025
[2026-06-16 02:10:23,975][finetune_logger][INFO] - Current learning rate: 0.00025
2026-06-16 02:10:37 - finetune_logger - INFO - Validation metrics: {'MAE': 0.011508182887785654, 'RMSE': 0.026240720772112983}
[2026-06-16 02:10:37,139][finetune_logger][INFO] - Validation metrics: {'MAE': 0.011508182887785654, 'RMSE': 0.026240720772112983}
2026-06-16 02:10:37 - finetune_logger - INFO - Val time: 13.16s
[2026-06-16 02:10:37,139][finetune_logger][INFO] - Val time: 13.16s
2026-06-16 02:10:37 - finetune_logger - INFO - Val memory reserved: 178.00 MB
[2026-06-16 02:10:37,139][finetune_logger][INFO] - Val memory reserved: 178.00 MB
2026-06-16 02:10:37 - finetune_logger - INFO - Val memory allocated: 18.11 MB
[2026-06-16 02:10:37,140][finetune_logger][INFO] - Val memory allocated: 18.11 MB
2026-06-16 02:10:37 - finetune_logger - INFO - Logged epoch 18 info to /public/home/202411094934/python_project/Spatio-Temporal-Library/time-series/2026-06-16/itransformer/finetune20/traffic/time-series/seed_0/training_log.json
[2026-06-16 02:10:37,143][finetune_logger][INFO] - Logged epoch 18 info to /public/home/202411094934/python_project/Spatio-Temporal-Library/time-series/2026-06-16/itransformer/finetune20/traffic/time-series/seed_0/training_log.json
2026-06-16 02:11:04 - finetune_logger - INFO - Test metrics: {'MAE': 0.01297243473602148, 'RMSE': 0.02858025509000002}
[2026-06-16 02:11:04,897][finetune_logger][INFO] - Test metrics: {'MAE': 0.01297243473602148, 'RMSE': 0.02858025509000002}
2026-06-16 02:11:04 - finetune_logger - INFO - Test time: 27.75s
[2026-06-16 02:11:04,897][finetune_logger][INFO] - Test time: 27.75s
2026-06-16 02:11:04 - finetune_logger - INFO - Test memory reserved: 178.00 MB
[2026-06-16 02:11:04,897][finetune_logger][INFO] - Test memory reserved: 178.00 MB
2026-06-16 02:11:04 - finetune_logger - INFO - Test memory allocated: 18.11 MB
[2026-06-16 02:11:04,897][finetune_logger][INFO] - Test memory allocated: 18.11 MB
2026-06-16 02:11:04 - finetune_logger - INFO - Epoch 19/20
[2026-06-16 02:11:04,897][finetune_logger][INFO] - Epoch 19/20
2026-06-16 02:15:17 - finetune_logger - INFO - Train loss: 0.011590709385467909
[2026-06-16 02:15:17,381][finetune_logger][INFO] - Train loss: 0.011590709385467909
2026-06-16 02:15:17 - finetune_logger - INFO - Train time: 252.48273873329163s
[2026-06-16 02:15:17,381][finetune_logger][INFO] - Train time: 252.48273873329163s
2026-06-16 02:15:17 - finetune_logger - INFO - Train memory reserved: 178.00 MB
[2026-06-16 02:15:17,381][finetune_logger][INFO] - Train memory reserved: 178.00 MB
2026-06-16 02:15:17 - finetune_logger - INFO - Train memory allocated: 18.11 MB
[2026-06-16 02:15:17,381][finetune_logger][INFO] - Train memory allocated: 18.11 MB
2026-06-16 02:15:17 - finetune_logger - INFO - Current learning rate: 0.00025
[2026-06-16 02:15:17,381][finetune_logger][INFO] - Current learning rate: 0.00025
2026-06-16 02:15:30 - finetune_logger - INFO - Validation metrics: {'MAE': 0.011406124220928638, 'RMSE': 0.0262737327278296}
[2026-06-16 02:15:30,509][finetune_logger][INFO] - Validation metrics: {'MAE': 0.011406124220928638, 'RMSE': 0.0262737327278296}
2026-06-16 02:15:30 - finetune_logger - INFO - Val time: 13.13s
[2026-06-16 02:15:30,509][finetune_logger][INFO] - Val time: 13.13s
2026-06-16 02:15:30 - finetune_logger - INFO - Val memory reserved: 178.00 MB
[2026-06-16 02:15:30,510][finetune_logger][INFO] - Val memory reserved: 178.00 MB
2026-06-16 02:15:30 - finetune_logger - INFO - Val memory allocated: 18.11 MB
[2026-06-16 02:15:30,510][finetune_logger][INFO] - Val memory allocated: 18.11 MB
2026-06-16 02:15:30 - finetune_logger - INFO - Logged epoch 19 info to /public/home/202411094934/python_project/Spatio-Temporal-Library/time-series/2026-06-16/itransformer/finetune20/traffic/time-series/seed_0/training_log.json
[2026-06-16 02:15:30,513][finetune_logger][INFO] - Logged epoch 19 info to /public/home/202411094934/python_project/Spatio-Temporal-Library/time-series/2026-06-16/itransformer/finetune20/traffic/time-series/seed_0/training_log.json
2026-06-16 02:15:30 - finetune_logger - INFO - New best model! Val loss: 0.011406
[2026-06-16 02:15:30,513][finetune_logger][INFO] - New best model! Val loss: 0.011406
2026-06-16 02:15:58 - finetune_logger - INFO - Test metrics: {'MAE': 0.012871626615180898, 'RMSE': 0.028580971284212893}
[2026-06-16 02:15:58,040][finetune_logger][INFO] - Test metrics: {'MAE': 0.012871626615180898, 'RMSE': 0.028580971284212893}
2026-06-16 02:15:58 - finetune_logger - INFO - Test time: 27.48s
[2026-06-16 02:15:58,040][finetune_logger][INFO] - Test time: 27.48s
2026-06-16 02:15:58 - finetune_logger - INFO - Test memory reserved: 178.00 MB
[2026-06-16 02:15:58,040][finetune_logger][INFO] - Test memory reserved: 178.00 MB
2026-06-16 02:15:58 - finetune_logger - INFO - Test memory allocated: 18.11 MB
[2026-06-16 02:15:58,040][finetune_logger][INFO] - Test memory allocated: 18.11 MB
2026-06-16 02:15:58 - finetune_logger - INFO - Epoch 20/20
[2026-06-16 02:15:58,040][finetune_logger][INFO] - Epoch 20/20
2026-06-16 02:20:10 - finetune_logger - INFO - Train loss: 0.011553612592089915
[2026-06-16 02:20:10,432][finetune_logger][INFO] - Train loss: 0.011553612592089915
2026-06-16 02:20:10 - finetune_logger - INFO - Train time: 252.39127159118652s
[2026-06-16 02:20:10,432][finetune_logger][INFO] - Train time: 252.39127159118652s
2026-06-16 02:20:10 - finetune_logger - INFO - Train memory reserved: 178.00 MB
[2026-06-16 02:20:10,432][finetune_logger][INFO] - Train memory reserved: 178.00 MB
2026-06-16 02:20:10 - finetune_logger - INFO - Train memory allocated: 18.11 MB
[2026-06-16 02:20:10,433][finetune_logger][INFO] - Train memory allocated: 18.11 MB
2026-06-16 02:20:10 - finetune_logger - INFO - Current learning rate: 0.00025
[2026-06-16 02:20:10,433][finetune_logger][INFO] - Current learning rate: 0.00025
2026-06-16 02:20:23 - finetune_logger - INFO - Validation metrics: {'MAE': 0.011349906043967758, 'RMSE': 0.026255830856483715}
[2026-06-16 02:20:23,563][finetune_logger][INFO] - Validation metrics: {'MAE': 0.011349906043967758, 'RMSE': 0.026255830856483715}
2026-06-16 02:20:23 - finetune_logger - INFO - Val time: 13.13s
[2026-06-16 02:20:23,563][finetune_logger][INFO] - Val time: 13.13s
2026-06-16 02:20:23 - finetune_logger - INFO - Val memory reserved: 178.00 MB
[2026-06-16 02:20:23,563][finetune_logger][INFO] - Val memory reserved: 178.00 MB
2026-06-16 02:20:23 - finetune_logger - INFO - Val memory allocated: 18.11 MB
[2026-06-16 02:20:23,563][finetune_logger][INFO] - Val memory allocated: 18.11 MB
2026-06-16 02:20:23 - finetune_logger - INFO - Logged epoch 20 info to /public/home/202411094934/python_project/Spatio-Temporal-Library/time-series/2026-06-16/itransformer/finetune20/traffic/time-series/seed_0/training_log.json
[2026-06-16 02:20:23,567][finetune_logger][INFO] - Logged epoch 20 info to /public/home/202411094934/python_project/Spatio-Temporal-Library/time-series/2026-06-16/itransformer/finetune20/traffic/time-series/seed_0/training_log.json
2026-06-16 02:20:23 - finetune_logger - INFO - New best model! Val loss: 0.011350
[2026-06-16 02:20:23,567][finetune_logger][INFO] - New best model! Val loss: 0.011350
2026-06-16 02:20:51 - finetune_logger - INFO - Test metrics: {'MAE': 0.012815523813385639, 'RMSE': 0.028554420062153342}
[2026-06-16 02:20:51,158][finetune_logger][INFO] - Test metrics: {'MAE': 0.012815523813385639, 'RMSE': 0.028554420062153342}
2026-06-16 02:20:51 - finetune_logger - INFO - Test time: 27.55s
[2026-06-16 02:20:51,158][finetune_logger][INFO] - Test time: 27.55s
2026-06-16 02:20:51 - finetune_logger - INFO - Test memory reserved: 178.00 MB
[2026-06-16 02:20:51,158][finetune_logger][INFO] - Test memory reserved: 178.00 MB
2026-06-16 02:20:51 - finetune_logger - INFO - Test memory allocated: 18.11 MB
[2026-06-16 02:20:51,158][finetune_logger][INFO] - Test memory allocated: 18.11 MB
2026-06-16 02:20:51 - finetune_logger - INFO - Training completed. Best epoch: 20, Best val loss: 0.011350
[2026-06-16 02:20:51,158][finetune_logger][INFO] - Training completed. Best epoch: 20, Best val loss: 0.011350
2026-06-16 02:20:51 - finetune_logger - INFO - Loaded checkpoint from epoch 20
[2026-06-16 02:20:51,192][finetune_logger][INFO] - Loaded checkpoint from epoch 20
2026-06-16 02:20:51 - finetune_logger - INFO - Evaluating best model on test sets...
[2026-06-16 02:20:51,192][finetune_logger][INFO] - Evaluating best model on test sets...
2026-06-16 02:21:18 - finetune_logger - INFO - Test metrics: {'MAE': 0.012815523813385639, 'RMSE': 0.028554420062153342}
[2026-06-16 02:21:18,840][finetune_logger][INFO] - Test metrics: {'MAE': 0.012815523813385639, 'RMSE': 0.028554420062153342}
2026-06-16 02:21:18 - finetune_logger - INFO - Test time: 27.65s
[2026-06-16 02:21:18,840][finetune_logger][INFO] - Test time: 27.65s
2026-06-16 02:21:18 - finetune_logger - INFO - Test memory reserved: 178.00 MB
[2026-06-16 02:21:18,840][finetune_logger][INFO] - Test memory reserved: 178.00 MB
2026-06-16 02:21:18 - finetune_logger - INFO - Test memory allocated: 18.15 MB
[2026-06-16 02:21:18,840][finetune_logger][INFO] - Test memory allocated: 18.15 MB
2026-06-16 02:21:18 - finetune_logger - INFO - Logged epoch test info to /public/home/202411094934/python_project/Spatio-Temporal-Library/time-series/2026-06-16/itransformer/finetune20/traffic/time-series/seed_0/training_log.json
[2026-06-16 02:21:18,844][finetune_logger][INFO] - Logged epoch test info to /public/home/202411094934/python_project/Spatio-Temporal-Library/time-series/2026-06-16/itransformer/finetune20/traffic/time-series/seed_0/training_log.json
2026-06-16 09:06:41 - finetune_logger - INFO - No pretrained checkpoint is provided. Finetuning from scratch.
[2026-06-16 09:06:41,467][finetune_logger][INFO] - No pretrained checkpoint is provided. Finetuning from scratch.
2026-06-16 09:06:41 - finetune_logger - INFO - Model parameters: 158,912
[2026-06-16 09:06:41,470][finetune_logger][INFO] - Model parameters: 158,912
2026-06-16 09:06:41 - finetune_logger - INFO - Log file already exists at /public/home/202411094934/python_project/Spatio-Temporal-Library/time-series/2026-06-16/itransformer/finetune20/traffic/time-series/seed_0/training_log.json, appending to it.
[2026-06-16 09:06:41,471][finetune_logger][INFO] - Log file already exists at /public/home/202411094934/python_project/Spatio-Temporal-Library/time-series/2026-06-16/itransformer/finetune20/traffic/time-series/seed_0/training_log.json, appending to it.
2026-06-16 09:06:41 - finetune_logger - INFO - Starting training...
[2026-06-16 09:06:41,471][finetune_logger][INFO] - Starting training...
2026-06-16 09:06:41 - finetune_logger - INFO - Epoch 1/20
[2026-06-16 09:06:41,472][finetune_logger][INFO] - Epoch 1/20
2026-06-16 09:10:53 - finetune_logger - INFO - Train loss: 0.0191849568793685
[2026-06-16 09:10:53,511][finetune_logger][INFO] - Train loss: 0.0191849568793685
2026-06-16 09:10:53 - finetune_logger - INFO - Train time: 252.03863501548767s
[2026-06-16 09:10:53,511][finetune_logger][INFO] - Train time: 252.03863501548767s
2026-06-16 09:10:53 - finetune_logger - INFO - Train memory reserved: 178.00 MB
[2026-06-16 09:10:53,511][finetune_logger][INFO] - Train memory reserved: 178.00 MB
2026-06-16 09:10:53 - finetune_logger - INFO - Train memory allocated: 18.11 MB
[2026-06-16 09:10:53,511][finetune_logger][INFO] - Train memory allocated: 18.11 MB
2026-06-16 09:10:53 - finetune_logger - INFO - Current learning rate: 0.0005
[2026-06-16 09:10:53,511][finetune_logger][INFO] - Current learning rate: 0.0005
2026-06-16 09:11:06 - finetune_logger - INFO - Validation metrics: {'MAE': 0.016239713077831605, 'RMSE': 0.03257476532703805}
[2026-06-16 09:11:06,618][finetune_logger][INFO] - Validation metrics: {'MAE': 0.016239713077831605, 'RMSE': 0.03257476532703805}
2026-06-16 09:11:06 - finetune_logger - INFO - Val time: 13.11s
[2026-06-16 09:11:06,618][finetune_logger][INFO] - Val time: 13.11s
2026-06-16 09:11:06 - finetune_logger - INFO - Val memory reserved: 178.00 MB
[2026-06-16 09:11:06,618][finetune_logger][INFO] - Val memory reserved: 178.00 MB
2026-06-16 09:11:06 - finetune_logger - INFO - Val memory allocated: 18.11 MB
[2026-06-16 09:11:06,618][finetune_logger][INFO] - Val memory allocated: 18.11 MB
2026-06-16 09:11:06 - finetune_logger - INFO - Logged epoch 1 info to /public/home/202411094934/python_project/Spatio-Temporal-Library/time-series/2026-06-16/itransformer/finetune20/traffic/time-series/seed_0/training_log.json
[2026-06-16 09:11:06,621][finetune_logger][INFO] - Logged epoch 1 info to /public/home/202411094934/python_project/Spatio-Temporal-Library/time-series/2026-06-16/itransformer/finetune20/traffic/time-series/seed_0/training_log.json
2026-06-16 09:11:06 - finetune_logger - INFO - New best model! Val loss: 0.016240
[2026-06-16 09:11:06,621][finetune_logger][INFO] - New best model! Val loss: 0.016240
2026-06-16 09:11:34 - finetune_logger - INFO - Test metrics: {'MAE': 0.018006800097655123, 'RMSE': 0.03575575092032022}
[2026-06-16 09:11:34,157][finetune_logger][INFO] - Test metrics: {'MAE': 0.018006800097655123, 'RMSE': 0.03575575092032022}
2026-06-16 09:11:34 - finetune_logger - INFO - Test time: 27.49s
[2026-06-16 09:11:34,157][finetune_logger][INFO] - Test time: 27.49s
2026-06-16 09:11:34 - finetune_logger - INFO - Test memory reserved: 178.00 MB
[2026-06-16 09:11:34,157][finetune_logger][INFO] - Test memory reserved: 178.00 MB
2026-06-16 09:11:34 - finetune_logger - INFO - Test memory allocated: 18.11 MB
[2026-06-16 09:11:34,157][finetune_logger][INFO] - Test memory allocated: 18.11 MB
2026-06-16 09:11:34 - finetune_logger - INFO - Epoch 2/20
[2026-06-16 09:11:34,157][finetune_logger][INFO] - Epoch 2/20
2026-06-16 09:15:45 - finetune_logger - INFO - Train loss: 0.015214343730770637
[2026-06-16 09:15:45,457][finetune_logger][INFO] - Train loss: 0.015214343730770637
2026-06-16 09:15:45 - finetune_logger - INFO - Train time: 251.29984712600708s
[2026-06-16 09:15:45,458][finetune_logger][INFO] - Train time: 251.29984712600708s
2026-06-16 09:15:45 - finetune_logger - INFO - Train memory reserved: 178.00 MB
[2026-06-16 09:15:45,458][finetune_logger][INFO] - Train memory reserved: 178.00 MB
2026-06-16 09:15:45 - finetune_logger - INFO - Train memory allocated: 18.11 MB
[2026-06-16 09:15:45,458][finetune_logger][INFO] - Train memory allocated: 18.11 MB
2026-06-16 09:15:45 - finetune_logger - INFO - Current learning rate: 0.0005
[2026-06-16 09:15:45,458][finetune_logger][INFO] - Current learning rate: 0.0005
2026-06-16 09:15:58 - finetune_logger - INFO - Validation metrics: {'MAE': 0.013901146365487407, 'RMSE': 0.02925936619019889}
[2026-06-16 09:15:58,604][finetune_logger][INFO] - Validation metrics: {'MAE': 0.013901146365487407, 'RMSE': 0.02925936619019889}
2026-06-16 09:15:58 - finetune_logger - INFO - Val time: 13.14s
[2026-06-16 09:15:58,604][finetune_logger][INFO] - Val time: 13.14s
2026-06-16 09:15:58 - finetune_logger - INFO - Val memory reserved: 178.00 MB
[2026-06-16 09:15:58,604][finetune_logger][INFO] - Val memory reserved: 178.00 MB
2026-06-16 09:15:58 - finetune_logger - INFO - Val memory allocated: 18.11 MB
[2026-06-16 09:15:58,604][finetune_logger][INFO] - Val memory allocated: 18.11 MB
2026-06-16 09:15:58 - finetune_logger - INFO - Logged epoch 2 info to /public/home/202411094934/python_project/Spatio-Temporal-Library/time-series/2026-06-16/itransformer/finetune20/traffic/time-series/seed_0/training_log.json
[2026-06-16 09:15:58,608][finetune_logger][INFO] - Logged epoch 2 info to /public/home/202411094934/python_project/Spatio-Temporal-Library/time-series/2026-06-16/itransformer/finetune20/traffic/time-series/seed_0/training_log.json
2026-06-16 09:15:58 - finetune_logger - INFO - New best model! Val loss: 0.013901
[2026-06-16 09:15:58,608][finetune_logger][INFO] - New best model! Val loss: 0.013901
2026-06-16 09:16:26 - finetune_logger - INFO - Test metrics: {'MAE': 0.015629500462552, 'RMSE': 0.03215673195853404}
[2026-06-16 09:16:26,123][finetune_logger][INFO] - Test metrics: {'MAE': 0.015629500462552, 'RMSE': 0.03215673195853404}
2026-06-16 09:16:26 - finetune_logger - INFO - Test time: 27.47s
[2026-06-16 09:16:26,123][finetune_logger][INFO] - Test time: 27.47s
2026-06-16 09:16:26 - finetune_logger - INFO - Test memory reserved: 178.00 MB
[2026-06-16 09:16:26,123][finetune_logger][INFO] - Test memory reserved: 178.00 MB
2026-06-16 09:16:26 - finetune_logger - INFO - Test memory allocated: 18.11 MB
[2026-06-16 09:16:26,123][finetune_logger][INFO] - Test memory allocated: 18.11 MB
2026-06-16 09:16:26 - finetune_logger - INFO - Epoch 3/20
[2026-06-16 09:16:26,123][finetune_logger][INFO] - Epoch 3/20
2026-06-16 09:20:37 - finetune_logger - INFO - Train loss: 0.01404692140669254
[2026-06-16 09:20:37,285][finetune_logger][INFO] - Train loss: 0.01404692140669254
2026-06-16 09:20:37 - finetune_logger - INFO - Train time: 251.1614797115326s
[2026-06-16 09:20:37,285][finetune_logger][INFO] - Train time: 251.1614797115326s
2026-06-16 09:20:37 - finetune_logger - INFO - Train memory reserved: 178.00 MB
[2026-06-16 09:20:37,286][finetune_logger][INFO] - Train memory reserved: 178.00 MB
2026-06-16 09:20:37 - finetune_logger - INFO - Train memory allocated: 18.11 MB
[2026-06-16 09:20:37,286][finetune_logger][INFO] - Train memory allocated: 18.11 MB
2026-06-16 09:20:37 - finetune_logger - INFO - Current learning rate: 0.0005
[2026-06-16 09:20:37,286][finetune_logger][INFO] - Current learning rate: 0.0005
2026-06-16 09:20:50 - finetune_logger - INFO - Validation metrics: {'MAE': 0.013248763277659472, 'RMSE': 0.028093990824465467}
[2026-06-16 09:20:50,408][finetune_logger][INFO] - Validation metrics: {'MAE': 0.013248763277659472, 'RMSE': 0.028093990824465467}
2026-06-16 09:20:50 - finetune_logger - INFO - Val time: 13.12s
[2026-06-16 09:20:50,409][finetune_logger][INFO] - Val time: 13.12s
2026-06-16 09:20:50 - finetune_logger - INFO - Val memory reserved: 178.00 MB
[2026-06-16 09:20:50,409][finetune_logger][INFO] - Val memory reserved: 178.00 MB
2026-06-16 09:20:50 - finetune_logger - INFO - Val memory allocated: 18.11 MB
[2026-06-16 09:20:50,409][finetune_logger][INFO] - Val memory allocated: 18.11 MB
2026-06-16 09:20:50 - finetune_logger - INFO - Logged epoch 3 info to /public/home/202411094934/python_project/Spatio-Temporal-Library/time-series/2026-06-16/itransformer/finetune20/traffic/time-series/seed_0/training_log.json
[2026-06-16 09:20:50,413][finetune_logger][INFO] - Logged epoch 3 info to /public/home/202411094934/python_project/Spatio-Temporal-Library/time-series/2026-06-16/itransformer/finetune20/traffic/time-series/seed_0/training_log.json
2026-06-16 09:20:50 - finetune_logger - INFO - New best model! Val loss: 0.013249
[2026-06-16 09:20:50,413][finetune_logger][INFO] - New best model! Val loss: 0.013249
2026-06-16 09:21:17 - finetune_logger - INFO - Test metrics: {'MAE': 0.01491562282801042, 'RMSE': 0.030828741176794853}
[2026-06-16 09:21:17,957][finetune_logger][INFO] - Test metrics: {'MAE': 0.01491562282801042, 'RMSE': 0.030828741176794853}
2026-06-16 09:21:17 - finetune_logger - INFO - Test time: 27.50s
[2026-06-16 09:21:17,957][finetune_logger][INFO] - Test time: 27.50s
2026-06-16 09:21:17 - finetune_logger - INFO - Test memory reserved: 178.00 MB
[2026-06-16 09:21:17,957][finetune_logger][INFO] - Test memory reserved: 178.00 MB
2026-06-16 09:21:17 - finetune_logger - INFO - Test memory allocated: 18.11 MB
[2026-06-16 09:21:17,957][finetune_logger][INFO] - Test memory allocated: 18.11 MB
2026-06-16 09:21:17 - finetune_logger - INFO - Epoch 4/20
[2026-06-16 09:21:17,957][finetune_logger][INFO] - Epoch 4/20
2026-06-16 09:25:29 - finetune_logger - INFO - Train loss: 0.01348753895052944
[2026-06-16 09:25:29,285][finetune_logger][INFO] - Train loss: 0.01348753895052944
2026-06-16 09:25:29 - finetune_logger - INFO - Train time: 251.3269772529602s
[2026-06-16 09:25:29,285][finetune_logger][INFO] - Train time: 251.3269772529602s
2026-06-16 09:25:29 - finetune_logger - INFO - Train memory reserved: 178.00 MB
[2026-06-16 09:25:29,285][finetune_logger][INFO] - Train memory reserved: 178.00 MB
2026-06-16 09:25:29 - finetune_logger - INFO - Train memory allocated: 18.11 MB
[2026-06-16 09:25:29,285][finetune_logger][INFO] - Train memory allocated: 18.11 MB
2026-06-16 09:25:29 - finetune_logger - INFO - Current learning rate: 0.0005
[2026-06-16 09:25:29,285][finetune_logger][INFO] - Current learning rate: 0.0005
2026-06-16 09:25:42 - finetune_logger - INFO - Validation metrics: {'MAE': 0.012938044267551872, 'RMSE': 0.027987249179421875}
[2026-06-16 09:25:42,485][finetune_logger][INFO] - Validation metrics: {'MAE': 0.012938044267551872, 'RMSE': 0.027987249179421875}
2026-06-16 09:25:42 - finetune_logger - INFO - Val time: 13.20s
[2026-06-16 09:25:42,486][finetune_logger][INFO] - Val time: 13.20s
2026-06-16 09:25:42 - finetune_logger - INFO - Val memory reserved: 178.00 MB
[2026-06-16 09:25:42,486][finetune_logger][INFO] - Val memory reserved: 178.00 MB
2026-06-16 09:25:42 - finetune_logger - INFO - Val memory allocated: 18.11 MB
[2026-06-16 09:25:42,486][finetune_logger][INFO] - Val memory allocated: 18.11 MB
2026-06-16 09:25:42 - finetune_logger - INFO - Logged epoch 4 info to /public/home/202411094934/python_project/Spatio-Temporal-Library/time-series/2026-06-16/itransformer/finetune20/traffic/time-series/seed_0/training_log.json
[2026-06-16 09:25:42,490][finetune_logger][INFO] - Logged epoch 4 info to /public/home/202411094934/python_project/Spatio-Temporal-Library/time-series/2026-06-16/itransformer/finetune20/traffic/time-series/seed_0/training_log.json
2026-06-16 09:25:42 - finetune_logger - INFO - New best model! Val loss: 0.012938
[2026-06-16 09:25:42,490][finetune_logger][INFO] - New best model! Val loss: 0.012938
2026-06-16 09:26:10 - finetune_logger - INFO - Test metrics: {'MAE': 0.014556568782038403, 'RMSE': 0.030602294501895708}
[2026-06-16 09:26:10,103][finetune_logger][INFO] - Test metrics: {'MAE': 0.014556568782038403, 'RMSE': 0.030602294501895708}
2026-06-16 09:26:10 - finetune_logger - INFO - Test time: 27.57s
[2026-06-16 09:26:10,104][finetune_logger][INFO] - Test time: 27.57s
2026-06-16 09:26:10 - finetune_logger - INFO - Test memory reserved: 178.00 MB
[2026-06-16 09:26:10,104][finetune_logger][INFO] - Test memory reserved: 178.00 MB
2026-06-16 09:26:10 - finetune_logger - INFO - Test memory allocated: 18.11 MB
[2026-06-16 09:26:10,104][finetune_logger][INFO] - Test memory allocated: 18.11 MB
2026-06-16 09:26:10 - finetune_logger - INFO - Epoch 5/20
[2026-06-16 09:26:10,104][finetune_logger][INFO] - Epoch 5/20
2026-06-16 09:30:21 - finetune_logger - INFO - Train loss: 0.013140883726879073
[2026-06-16 09:30:21,412][finetune_logger][INFO] - Train loss: 0.013140883726879073
2026-06-16 09:30:21 - finetune_logger - INFO - Train time: 251.30787539482117s
[2026-06-16 09:30:21,413][finetune_logger][INFO] - Train time: 251.30787539482117s
2026-06-16 09:30:21 - finetune_logger - INFO - Train memory reserved: 178.00 MB
[2026-06-16 09:30:21,413][finetune_logger][INFO] - Train memory reserved: 178.00 MB
2026-06-16 09:30:21 - finetune_logger - INFO - Train memory allocated: 18.11 MB
[2026-06-16 09:30:21,413][finetune_logger][INFO] - Train memory allocated: 18.11 MB
2026-06-16 09:30:21 - finetune_logger - INFO - Current learning rate: 0.0005
[2026-06-16 09:30:21,413][finetune_logger][INFO] - Current learning rate: 0.0005
2026-06-16 09:30:34 - finetune_logger - INFO - Validation metrics: {'MAE': 0.01265782446881941, 'RMSE': 0.027610883705710555}
[2026-06-16 09:30:34,505][finetune_logger][INFO] - Validation metrics: {'MAE': 0.01265782446881941, 'RMSE': 0.027610883705710555}
2026-06-16 09:30:34 - finetune_logger - INFO - Val time: 13.09s
[2026-06-16 09:30:34,505][finetune_logger][INFO] - Val time: 13.09s
2026-06-16 09:30:34 - finetune_logger - INFO - Val memory reserved: 178.00 MB
[2026-06-16 09:30:34,505][finetune_logger][INFO] - Val memory reserved: 178.00 MB
2026-06-16 09:30:34 - finetune_logger - INFO - Val memory allocated: 18.11 MB
[2026-06-16 09:30:34,505][finetune_logger][INFO] - Val memory allocated: 18.11 MB
2026-06-16 09:30:34 - finetune_logger - INFO - Logged epoch 5 info to /public/home/202411094934/python_project/Spatio-Temporal-Library/time-series/2026-06-16/itransformer/finetune20/traffic/time-series/seed_0/training_log.json
[2026-06-16 09:30:34,509][finetune_logger][INFO] - Logged epoch 5 info to /public/home/202411094934/python_project/Spatio-Temporal-Library/time-series/2026-06-16/itransformer/finetune20/traffic/time-series/seed_0/training_log.json
2026-06-16 09:30:34 - finetune_logger - INFO - New best model! Val loss: 0.012658
[2026-06-16 09:30:34,509][finetune_logger][INFO] - New best model! Val loss: 0.012658
2026-06-16 09:31:01 - finetune_logger - INFO - Test metrics: {'MAE': 0.014224456345945689, 'RMSE': 0.030188438154402294}
[2026-06-16 09:31:01,960][finetune_logger][INFO] - Test metrics: {'MAE': 0.014224456345945689, 'RMSE': 0.030188438154402294}
2026-06-16 09:31:01 - finetune_logger - INFO - Test time: 27.40s
[2026-06-16 09:31:01,960][finetune_logger][INFO] - Test time: 27.40s
2026-06-16 09:31:01 - finetune_logger - INFO - Test memory reserved: 178.00 MB
[2026-06-16 09:31:01,960][finetune_logger][INFO] - Test memory reserved: 178.00 MB
2026-06-16 09:31:01 - finetune_logger - INFO - Test memory allocated: 18.11 MB
[2026-06-16 09:31:01,960][finetune_logger][INFO] - Test memory allocated: 18.11 MB
2026-06-16 09:31:01 - finetune_logger - INFO - Epoch 6/20
[2026-06-16 09:31:01,961][finetune_logger][INFO] - Epoch 6/20
2026-06-16 09:35:13 - finetune_logger - INFO - Train loss: 0.012874222021557734
[2026-06-16 09:35:13,306][finetune_logger][INFO] - Train loss: 0.012874222021557734
2026-06-16 09:35:13 - finetune_logger - INFO - Train time: 251.34453892707825s
[2026-06-16 09:35:13,306][finetune_logger][INFO] - Train time: 251.34453892707825s
2026-06-16 09:35:13 - finetune_logger - INFO - Train memory reserved: 178.00 MB
[2026-06-16 09:35:13,306][finetune_logger][INFO] - Train memory reserved: 178.00 MB
2026-06-16 09:35:13 - finetune_logger - INFO - Train memory allocated: 18.11 MB
[2026-06-16 09:35:13,306][finetune_logger][INFO] - Train memory allocated: 18.11 MB
2026-06-16 09:35:13 - finetune_logger - INFO - Current learning rate: 0.0005
[2026-06-16 09:35:13,306][finetune_logger][INFO] - Current learning rate: 0.0005
2026-06-16 09:35:26 - finetune_logger - INFO - Validation metrics: {'MAE': 0.01259674302415992, 'RMSE': 0.027151332037390383}
[2026-06-16 09:35:26,483][finetune_logger][INFO] - Validation metrics: {'MAE': 0.01259674302415992, 'RMSE': 0.027151332037390383}
2026-06-16 09:35:26 - finetune_logger - INFO - Val time: 13.18s
[2026-06-16 09:35:26,483][finetune_logger][INFO] - Val time: 13.18s
2026-06-16 09:35:26 - finetune_logger - INFO - Val memory reserved: 178.00 MB
[2026-06-16 09:35:26,483][finetune_logger][INFO] - Val memory reserved: 178.00 MB
2026-06-16 09:35:26 - finetune_logger - INFO - Val memory allocated: 18.11 MB
[2026-06-16 09:35:26,483][finetune_logger][INFO] - Val memory allocated: 18.11 MB
2026-06-16 09:35:26 - finetune_logger - INFO - Logged epoch 6 info to /public/home/202411094934/python_project/Spatio-Temporal-Library/time-series/2026-06-16/itransformer/finetune20/traffic/time-series/seed_0/training_log.json
[2026-06-16 09:35:26,487][finetune_logger][INFO] - Logged epoch 6 info to /public/home/202411094934/python_project/Spatio-Temporal-Library/time-series/2026-06-16/itransformer/finetune20/traffic/time-series/seed_0/training_log.json
2026-06-16 09:35:26 - finetune_logger - INFO - New best model! Val loss: 0.012597
[2026-06-16 09:35:26,487][finetune_logger][INFO] - New best model! Val loss: 0.012597
2026-06-16 09:35:53 - finetune_logger - INFO - Test metrics: {'MAE': 0.014162252789017036, 'RMSE': 0.029690945168496366}
[2026-06-16 09:35:53,938][finetune_logger][INFO] - Test metrics: {'MAE': 0.014162252789017036, 'RMSE': 0.029690945168496366}
2026-06-16 09:35:53 - finetune_logger - INFO - Test time: 27.41s
[2026-06-16 09:35:53,938][finetune_logger][INFO] - Test time: 27.41s
2026-06-16 09:35:53 - finetune_logger - INFO - Test memory reserved: 178.00 MB
[2026-06-16 09:35:53,938][finetune_logger][INFO] - Test memory reserved: 178.00 MB
2026-06-16 09:35:53 - finetune_logger - INFO - Test memory allocated: 18.11 MB
[2026-06-16 09:35:53,938][finetune_logger][INFO] - Test memory allocated: 18.11 MB
2026-06-16 09:35:53 - finetune_logger - INFO - Epoch 7/20
[2026-06-16 09:35:53,938][finetune_logger][INFO] - Epoch 7/20
2026-06-16 09:40:05 - finetune_logger - INFO - Train loss: 0.012679679582201387
[2026-06-16 09:40:05,224][finetune_logger][INFO] - Train loss: 0.012679679582201387
2026-06-16 09:40:05 - finetune_logger - INFO - Train time: 251.28550839424133s
[2026-06-16 09:40:05,225][finetune_logger][INFO] - Train time: 251.28550839424133s
2026-06-16 09:40:05 - finetune_logger - INFO - Train memory reserved: 178.00 MB
[2026-06-16 09:40:05,225][finetune_logger][INFO] - Train memory reserved: 178.00 MB
2026-06-16 09:40:05 - finetune_logger - INFO - Train memory allocated: 18.11 MB
[2026-06-16 09:40:05,225][finetune_logger][INFO] - Train memory allocated: 18.11 MB
2026-06-16 09:40:05 - finetune_logger - INFO - Current learning rate: 0.0005
[2026-06-16 09:40:05,225][finetune_logger][INFO] - Current learning rate: 0.0005
2026-06-16 09:40:18 - finetune_logger - INFO - Validation metrics: {'MAE': 0.012302248304420258, 'RMSE': 0.02699898978231783}
[2026-06-16 09:40:18,347][finetune_logger][INFO] - Validation metrics: {'MAE': 0.012302248304420258, 'RMSE': 0.02699898978231783}
2026-06-16 09:40:18 - finetune_logger - INFO - Val time: 13.12s
[2026-06-16 09:40:18,347][finetune_logger][INFO] - Val time: 13.12s
2026-06-16 09:40:18 - finetune_logger - INFO - Val memory reserved: 178.00 MB
[2026-06-16 09:40:18,347][finetune_logger][INFO] - Val memory reserved: 178.00 MB
2026-06-16 09:40:18 - finetune_logger - INFO - Val memory allocated: 18.11 MB
[2026-06-16 09:40:18,347][finetune_logger][INFO] - Val memory allocated: 18.11 MB
2026-06-16 09:40:18 - finetune_logger - INFO - Logged epoch 7 info to /public/home/202411094934/python_project/Spatio-Temporal-Library/time-series/2026-06-16/itransformer/finetune20/traffic/time-series/seed_0/training_log.json
[2026-06-16 09:40:18,351][finetune_logger][INFO] - Logged epoch 7 info to /public/home/202411094934/python_project/Spatio-Temporal-Library/time-series/2026-06-16/itransformer/finetune20/traffic/time-series/seed_0/training_log.json
2026-06-16 09:40:18 - finetune_logger - INFO - New best model! Val loss: 0.012302
[2026-06-16 09:40:18,351][finetune_logger][INFO] - New best model! Val loss: 0.012302
2026-06-16 09:40:45 - finetune_logger - INFO - Test metrics: {'MAE': 0.013853170422010251, 'RMSE': 0.0295038309560576}
[2026-06-16 09:40:45,730][finetune_logger][INFO] - Test metrics: {'MAE': 0.013853170422010251, 'RMSE': 0.0295038309560576}
2026-06-16 09:40:45 - finetune_logger - INFO - Test time: 27.33s
[2026-06-16 09:40:45,730][finetune_logger][INFO] - Test time: 27.33s
2026-06-16 09:40:45 - finetune_logger - INFO - Test memory reserved: 178.00 MB
[2026-06-16 09:40:45,730][finetune_logger][INFO] - Test memory reserved: 178.00 MB
2026-06-16 09:40:45 - finetune_logger - INFO - Test memory allocated: 18.11 MB
[2026-06-16 09:40:45,730][finetune_logger][INFO] - Test memory allocated: 18.11 MB
2026-06-16 09:40:45 - finetune_logger - INFO - Epoch 8/20
[2026-06-16 09:40:45,731][finetune_logger][INFO] - Epoch 8/20
2026-06-16 09:44:57 - finetune_logger - INFO - Train loss: 0.012523785630423036
[2026-06-16 09:44:57,039][finetune_logger][INFO] - Train loss: 0.012523785630423036
2026-06-16 09:44:57 - finetune_logger - INFO - Train time: 251.30818724632263s
[2026-06-16 09:44:57,040][finetune_logger][INFO] - Train time: 251.30818724632263s
2026-06-16 09:44:57 - finetune_logger - INFO - Train memory reserved: 178.00 MB
[2026-06-16 09:44:57,040][finetune_logger][INFO] - Train memory reserved: 178.00 MB
2026-06-16 09:44:57 - finetune_logger - INFO - Train memory allocated: 18.11 MB
[2026-06-16 09:44:57,040][finetune_logger][INFO] - Train memory allocated: 18.11 MB
2026-06-16 09:44:57 - finetune_logger - INFO - Current learning rate: 0.0005
[2026-06-16 09:44:57,040][finetune_logger][INFO] - Current learning rate: 0.0005
2026-06-16 09:45:10 - finetune_logger - INFO - Validation metrics: {'MAE': 0.012133559074782186, 'RMSE': 0.02682950516157415}
[2026-06-16 09:45:10,175][finetune_logger][INFO] - Validation metrics: {'MAE': 0.012133559074782186, 'RMSE': 0.02682950516157415}
2026-06-16 09:45:10 - finetune_logger - INFO - Val time: 13.13s
[2026-06-16 09:45:10,175][finetune_logger][INFO] - Val time: 13.13s
2026-06-16 09:45:10 - finetune_logger - INFO - Val memory reserved: 178.00 MB
[2026-06-16 09:45:10,175][finetune_logger][INFO] - Val memory reserved: 178.00 MB
2026-06-16 09:45:10 - finetune_logger - INFO - Val memory allocated: 18.11 MB
[2026-06-16 09:45:10,175][finetune_logger][INFO] - Val memory allocated: 18.11 MB
2026-06-16 09:45:10 - finetune_logger - INFO - Logged epoch 8 info to /public/home/202411094934/python_project/Spatio-Temporal-Library/time-series/2026-06-16/itransformer/finetune20/traffic/time-series/seed_0/training_log.json
[2026-06-16 09:45:10,179][finetune_logger][INFO] - Logged epoch 8 info to /public/home/202411094934/python_project/Spatio-Temporal-Library/time-series/2026-06-16/itransformer/finetune20/traffic/time-series/seed_0/training_log.json
2026-06-16 09:45:10 - finetune_logger - INFO - New best model! Val loss: 0.012134
[2026-06-16 09:45:10,179][finetune_logger][INFO] - New best model! Val loss: 0.012134
2026-06-16 09:45:37 - finetune_logger - INFO - Test metrics: {'MAE': 0.013644038121603695, 'RMSE': 0.02927340494551784}
[2026-06-16 09:45:37,738][finetune_logger][INFO] - Test metrics: {'MAE': 0.013644038121603695, 'RMSE': 0.02927340494551784}
2026-06-16 09:45:37 - finetune_logger - INFO - Test time: 27.51s
[2026-06-16 09:45:37,739][finetune_logger][INFO] - Test time: 27.51s
2026-06-16 09:45:37 - finetune_logger - INFO - Test memory reserved: 178.00 MB
[2026-06-16 09:45:37,739][finetune_logger][INFO] - Test memory reserved: 178.00 MB
2026-06-16 09:45:37 - finetune_logger - INFO - Test memory allocated: 18.11 MB
[2026-06-16 09:45:37,739][finetune_logger][INFO] - Test memory allocated: 18.11 MB
2026-06-16 09:45:37 - finetune_logger - INFO - Epoch 9/20
[2026-06-16 09:45:37,739][finetune_logger][INFO] - Epoch 9/20
2026-06-16 09:49:48 - finetune_logger - INFO - Train loss: 0.012373931349957975
[2026-06-16 09:49:48,930][finetune_logger][INFO] - Train loss: 0.012373931349957975
2026-06-16 09:49:48 - finetune_logger - INFO - Train time: 251.18997073173523s
[2026-06-16 09:49:48,930][finetune_logger][INFO] - Train time: 251.18997073173523s
2026-06-16 09:49:48 - finetune_logger - INFO - Train memory reserved: 178.00 MB
[2026-06-16 09:49:48,930][finetune_logger][INFO] - Train memory reserved: 178.00 MB
2026-06-16 09:49:48 - finetune_logger - INFO - Train memory allocated: 18.11 MB
[2026-06-16 09:49:48,930][finetune_logger][INFO] - Train memory allocated: 18.11 MB
2026-06-16 09:49:48 - finetune_logger - INFO - Current learning rate: 0.0005
[2026-06-16 09:49:48,930][finetune_logger][INFO] - Current learning rate: 0.0005
2026-06-16 09:50:02 - finetune_logger - INFO - Validation metrics: {'MAE': 0.012260147164127811, 'RMSE': 0.026752979265373084}
[2026-06-16 09:50:02,037][finetune_logger][INFO] - Validation metrics: {'MAE': 0.012260147164127811, 'RMSE': 0.026752979265373084}
2026-06-16 09:50:02 - finetune_logger - INFO - Val time: 13.11s
[2026-06-16 09:50:02,038][finetune_logger][INFO] - Val time: 13.11s
2026-06-16 09:50:02 - finetune_logger - INFO - Val memory reserved: 178.00 MB
[2026-06-16 09:50:02,038][finetune_logger][INFO] - Val memory reserved: 178.00 MB
2026-06-16 09:50:02 - finetune_logger - INFO - Val memory allocated: 18.11 MB
[2026-06-16 09:50:02,038][finetune_logger][INFO] - Val memory allocated: 18.11 MB
2026-06-16 09:50:02 - finetune_logger - INFO - Logged epoch 9 info to /public/home/202411094934/python_project/Spatio-Temporal-Library/time-series/2026-06-16/itransformer/finetune20/traffic/time-series/seed_0/training_log.json
[2026-06-16 09:50:02,042][finetune_logger][INFO] - Logged epoch 9 info to /public/home/202411094934/python_project/Spatio-Temporal-Library/time-series/2026-06-16/itransformer/finetune20/traffic/time-series/seed_0/training_log.json
2026-06-16 09:50:30 - finetune_logger - INFO - Test metrics: {'MAE': 0.013769475597539148, 'RMSE': 0.029161029268977505}
[2026-06-16 09:50:30,192][finetune_logger][INFO] - Test metrics: {'MAE': 0.013769475597539148, 'RMSE': 0.029161029268977505}
2026-06-16 09:50:30 - finetune_logger - INFO - Test time: 28.15s
[2026-06-16 09:50:30,192][finetune_logger][INFO] - Test time: 28.15s
2026-06-16 09:50:30 - finetune_logger - INFO - Test memory reserved: 178.00 MB
[2026-06-16 09:50:30,192][finetune_logger][INFO] - Test memory reserved: 178.00 MB
2026-06-16 09:50:30 - finetune_logger - INFO - Test memory allocated: 18.11 MB
[2026-06-16 09:50:30,192][finetune_logger][INFO] - Test memory allocated: 18.11 MB
2026-06-16 09:50:30 - finetune_logger - INFO - Epoch 10/20
[2026-06-16 09:50:30,192][finetune_logger][INFO] - Epoch 10/20
2026-06-16 09:54:41 - finetune_logger - INFO - Train loss: 0.012232499049236734
[2026-06-16 09:54:41,459][finetune_logger][INFO] - Train loss: 0.012232499049236734
2026-06-16 09:54:41 - finetune_logger - INFO - Train time: 251.26604747772217s
[2026-06-16 09:54:41,459][finetune_logger][INFO] - Train time: 251.26604747772217s
2026-06-16 09:54:41 - finetune_logger - INFO - Train memory reserved: 178.00 MB
[2026-06-16 09:54:41,459][finetune_logger][INFO] - Train memory reserved: 178.00 MB
2026-06-16 09:54:41 - finetune_logger - INFO - Train memory allocated: 18.11 MB
[2026-06-16 09:54:41,459][finetune_logger][INFO] - Train memory allocated: 18.11 MB
2026-06-16 09:54:41 - finetune_logger - INFO - Current learning rate: 0.0005
[2026-06-16 09:54:41,460][finetune_logger][INFO] - Current learning rate: 0.0005
2026-06-16 09:54:54 - finetune_logger - INFO - Validation metrics: {'MAE': 0.01213328032291496, 'RMSE': 0.02672773738546394}
[2026-06-16 09:54:54,629][finetune_logger][INFO] - Validation metrics: {'MAE': 0.01213328032291496, 'RMSE': 0.02672773738546394}
2026-06-16 09:54:54 - finetune_logger - INFO - Val time: 13.17s
[2026-06-16 09:54:54,629][finetune_logger][INFO] - Val time: 13.17s
2026-06-16 09:54:54 - finetune_logger - INFO - Val memory reserved: 178.00 MB
[2026-06-16 09:54:54,629][finetune_logger][INFO] - Val memory reserved: 178.00 MB
2026-06-16 09:54:54 - finetune_logger - INFO - Val memory allocated: 18.11 MB
[2026-06-16 09:54:54,629][finetune_logger][INFO] - Val memory allocated: 18.11 MB
2026-06-16 09:54:54 - finetune_logger - INFO - Logged epoch 10 info to /public/home/202411094934/python_project/Spatio-Temporal-Library/time-series/2026-06-16/itransformer/finetune20/traffic/time-series/seed_0/training_log.json
[2026-06-16 09:54:54,633][finetune_logger][INFO] - Logged epoch 10 info to /public/home/202411094934/python_project/Spatio-Temporal-Library/time-series/2026-06-16/itransformer/finetune20/traffic/time-series/seed_0/training_log.json
2026-06-16 09:54:54 - finetune_logger - INFO - New best model! Val loss: 0.012133
[2026-06-16 09:54:54,633][finetune_logger][INFO] - New best model! Val loss: 0.012133
2026-06-16 09:55:22 - finetune_logger - INFO - Test metrics: {'MAE': 0.013620484751375908, 'RMSE': 0.02912640498862383}
[2026-06-16 09:55:22,189][finetune_logger][INFO] - Test metrics: {'MAE': 0.013620484751375908, 'RMSE': 0.02912640498862383}
2026-06-16 09:55:22 - finetune_logger - INFO - Test time: 27.51s
[2026-06-16 09:55:22,189][finetune_logger][INFO] - Test time: 27.51s
2026-06-16 09:55:22 - finetune_logger - INFO - Test memory reserved: 178.00 MB
[2026-06-16 09:55:22,189][finetune_logger][INFO] - Test memory reserved: 178.00 MB
2026-06-16 09:55:22 - finetune_logger - INFO - Test memory allocated: 18.11 MB
[2026-06-16 09:55:22,189][finetune_logger][INFO] - Test memory allocated: 18.11 MB
2026-06-16 09:55:22 - finetune_logger - INFO - Epoch 11/20
[2026-06-16 09:55:22,189][finetune_logger][INFO] - Epoch 11/20
2026-06-16 09:59:33 - finetune_logger - INFO - Train loss: 0.011952229629652207
[2026-06-16 09:59:33,392][finetune_logger][INFO] - Train loss: 0.011952229629652207
2026-06-16 09:59:33 - finetune_logger - INFO - Train time: 251.2020058631897s
[2026-06-16 09:59:33,392][finetune_logger][INFO] - Train time: 251.2020058631897s
2026-06-16 09:59:33 - finetune_logger - INFO - Train memory reserved: 178.00 MB
[2026-06-16 09:59:33,392][finetune_logger][INFO] - Train memory reserved: 178.00 MB
2026-06-16 09:59:33 - finetune_logger - INFO - Train memory allocated: 18.11 MB
[2026-06-16 09:59:33,393][finetune_logger][INFO] - Train memory allocated: 18.11 MB
2026-06-16 09:59:33 - finetune_logger - INFO - Current learning rate: 0.00025
[2026-06-16 09:59:33,393][finetune_logger][INFO] - Current learning rate: 0.00025
2026-06-16 09:59:46 - finetune_logger - INFO - Validation metrics: {'MAE': 0.011633513303966895, 'RMSE': 0.026492099556636943}
[2026-06-16 09:59:46,502][finetune_logger][INFO] - Validation metrics: {'MAE': 0.011633513303966895, 'RMSE': 0.026492099556636943}
2026-06-16 09:59:46 - finetune_logger - INFO - Val time: 13.11s
[2026-06-16 09:59:46,503][finetune_logger][INFO] - Val time: 13.11s
2026-06-16 09:59:46 - finetune_logger - INFO - Val memory reserved: 178.00 MB
[2026-06-16 09:59:46,503][finetune_logger][INFO] - Val memory reserved: 178.00 MB
2026-06-16 09:59:46 - finetune_logger - INFO - Val memory allocated: 18.11 MB
[2026-06-16 09:59:46,503][finetune_logger][INFO] - Val memory allocated: 18.11 MB
2026-06-16 09:59:46 - finetune_logger - INFO - Logged epoch 11 info to /public/home/202411094934/python_project/Spatio-Temporal-Library/time-series/2026-06-16/itransformer/finetune20/traffic/time-series/seed_0/training_log.json
[2026-06-16 09:59:46,506][finetune_logger][INFO] - Logged epoch 11 info to /public/home/202411094934/python_project/Spatio-Temporal-Library/time-series/2026-06-16/itransformer/finetune20/traffic/time-series/seed_0/training_log.json
2026-06-16 09:59:46 - finetune_logger - INFO - New best model! Val loss: 0.011634
[2026-06-16 09:59:46,506][finetune_logger][INFO] - New best model! Val loss: 0.011634
2026-06-16 10:00:14 - finetune_logger - INFO - Test metrics: {'MAE': 0.013140281483805636, 'RMSE': 0.028890723505053083}
[2026-06-16 10:00:14,088][finetune_logger][INFO] - Test metrics: {'MAE': 0.013140281483805636, 'RMSE': 0.028890723505053083}
2026-06-16 10:00:14 - finetune_logger - INFO - Test time: 27.54s
[2026-06-16 10:00:14,089][finetune_logger][INFO] - Test time: 27.54s
2026-06-16 10:00:14 - finetune_logger - INFO - Test memory reserved: 178.00 MB
[2026-06-16 10:00:14,089][finetune_logger][INFO] - Test memory reserved: 178.00 MB
2026-06-16 10:00:14 - finetune_logger - INFO - Test memory allocated: 18.11 MB
[2026-06-16 10:00:14,089][finetune_logger][INFO] - Test memory allocated: 18.11 MB
2026-06-16 10:00:14 - finetune_logger - INFO - Epoch 12/20
[2026-06-16 10:00:14,089][finetune_logger][INFO] - Epoch 12/20
2026-06-16 10:04:25 - finetune_logger - INFO - Train loss: 0.01190049962169663
[2026-06-16 10:04:25,364][finetune_logger][INFO] - Train loss: 0.01190049962169663
2026-06-16 10:04:25 - finetune_logger - INFO - Train time: 251.27416372299194s
[2026-06-16 10:04:25,364][finetune_logger][INFO] - Train time: 251.27416372299194s
2026-06-16 10:04:25 - finetune_logger - INFO - Train memory reserved: 178.00 MB
[2026-06-16 10:04:25,364][finetune_logger][INFO] - Train memory reserved: 178.00 MB
2026-06-16 10:04:25 - finetune_logger - INFO - Train memory allocated: 18.11 MB
[2026-06-16 10:04:25,364][finetune_logger][INFO] - Train memory allocated: 18.11 MB
2026-06-16 10:04:25 - finetune_logger - INFO - Current learning rate: 0.00025
[2026-06-16 10:04:25,364][finetune_logger][INFO] - Current learning rate: 0.00025
2026-06-16 10:04:38 - finetune_logger - INFO - Validation metrics: {'MAE': 0.011629958597295785, 'RMSE': 0.026448530385430956}
[2026-06-16 10:04:38,416][finetune_logger][INFO] - Validation metrics: {'MAE': 0.011629958597295785, 'RMSE': 0.026448530385430956}
2026-06-16 10:04:38 - finetune_logger - INFO - Val time: 13.05s
[2026-06-16 10:04:38,416][finetune_logger][INFO] - Val time: 13.05s
2026-06-16 10:04:38 - finetune_logger - INFO - Val memory reserved: 178.00 MB
[2026-06-16 10:04:38,416][finetune_logger][INFO] - Val memory reserved: 178.00 MB
2026-06-16 10:04:38 - finetune_logger - INFO - Val memory allocated: 18.11 MB
[2026-06-16 10:04:38,416][finetune_logger][INFO] - Val memory allocated: 18.11 MB
2026-06-16 10:04:38 - finetune_logger - INFO - Logged epoch 12 info to /public/home/202411094934/python_project/Spatio-Temporal-Library/time-series/2026-06-16/itransformer/finetune20/traffic/time-series/seed_0/training_log.json
[2026-06-16 10:04:38,420][finetune_logger][INFO] - Logged epoch 12 info to /public/home/202411094934/python_project/Spatio-Temporal-Library/time-series/2026-06-16/itransformer/finetune20/traffic/time-series/seed_0/training_log.json
2026-06-16 10:04:38 - finetune_logger - INFO - New best model! Val loss: 0.011630
[2026-06-16 10:04:38,420][finetune_logger][INFO] - New best model! Val loss: 0.011630
2026-06-16 10:05:06 - finetune_logger - INFO - Test metrics: {'MAE': 0.013110197608726792, 'RMSE': 0.028837828622550063}
[2026-06-16 10:05:06,025][finetune_logger][INFO] - Test metrics: {'MAE': 0.013110197608726792, 'RMSE': 0.028837828622550063}
2026-06-16 10:05:06 - finetune_logger - INFO - Test time: 27.56s
[2026-06-16 10:05:06,025][finetune_logger][INFO] - Test time: 27.56s
2026-06-16 10:05:06 - finetune_logger - INFO - Test memory reserved: 178.00 MB
[2026-06-16 10:05:06,025][finetune_logger][INFO] - Test memory reserved: 178.00 MB
2026-06-16 10:05:06 - finetune_logger - INFO - Test memory allocated: 18.11 MB
[2026-06-16 10:05:06,026][finetune_logger][INFO] - Test memory allocated: 18.11 MB
2026-06-16 10:05:06 - finetune_logger - INFO - Epoch 13/20
[2026-06-16 10:05:06,026][finetune_logger][INFO] - Epoch 13/20
2026-06-16 10:09:17 - finetune_logger - INFO - Train loss: 0.011847801827080204
[2026-06-16 10:09:17,500][finetune_logger][INFO] - Train loss: 0.011847801827080204
2026-06-16 10:09:17 - finetune_logger - INFO - Train time: 251.47419619560242s
[2026-06-16 10:09:17,501][finetune_logger][INFO] - Train time: 251.47419619560242s
2026-06-16 10:09:17 - finetune_logger - INFO - Train memory reserved: 178.00 MB
[2026-06-16 10:09:17,501][finetune_logger][INFO] - Train memory reserved: 178.00 MB
2026-06-16 10:09:17 - finetune_logger - INFO - Train memory allocated: 18.11 MB
[2026-06-16 10:09:17,501][finetune_logger][INFO] - Train memory allocated: 18.11 MB
2026-06-16 10:09:17 - finetune_logger - INFO - Current learning rate: 0.00025
[2026-06-16 10:09:17,501][finetune_logger][INFO] - Current learning rate: 0.00025
2026-06-16 10:09:30 - finetune_logger - INFO - Validation metrics: {'MAE': 0.011611659507241691, 'RMSE': 0.02643155060544498}
[2026-06-16 10:09:30,543][finetune_logger][INFO] - Validation metrics: {'MAE': 0.011611659507241691, 'RMSE': 0.02643155060544498}
2026-06-16 10:09:30 - finetune_logger - INFO - Val time: 13.04s
[2026-06-16 10:09:30,543][finetune_logger][INFO] - Val time: 13.04s
2026-06-16 10:09:30 - finetune_logger - INFO - Val memory reserved: 178.00 MB
[2026-06-16 10:09:30,543][finetune_logger][INFO] - Val memory reserved: 178.00 MB
2026-06-16 10:09:30 - finetune_logger - INFO - Val memory allocated: 18.11 MB
[2026-06-16 10:09:30,544][finetune_logger][INFO] - Val memory allocated: 18.11 MB
2026-06-16 10:09:30 - finetune_logger - INFO - Logged epoch 13 info to /public/home/202411094934/python_project/Spatio-Temporal-Library/time-series/2026-06-16/itransformer/finetune20/traffic/time-series/seed_0/training_log.json
[2026-06-16 10:09:30,547][finetune_logger][INFO] - Logged epoch 13 info to /public/home/202411094934/python_project/Spatio-Temporal-Library/time-series/2026-06-16/itransformer/finetune20/traffic/time-series/seed_0/training_log.json
2026-06-16 10:09:30 - finetune_logger - INFO - New best model! Val loss: 0.011612
[2026-06-16 10:09:30,547][finetune_logger][INFO] - New best model! Val loss: 0.011612
2026-06-16 10:09:58 - finetune_logger - INFO - Test metrics: {'MAE': 0.01310747415456812, 'RMSE': 0.02880062154063619}
[2026-06-16 10:09:58,148][finetune_logger][INFO] - Test metrics: {'MAE': 0.01310747415456812, 'RMSE': 0.02880062154063619}
2026-06-16 10:09:58 - finetune_logger - INFO - Test time: 27.56s
[2026-06-16 10:09:58,148][finetune_logger][INFO] - Test time: 27.56s
2026-06-16 10:09:58 - finetune_logger - INFO - Test memory reserved: 178.00 MB
[2026-06-16 10:09:58,148][finetune_logger][INFO] - Test memory reserved: 178.00 MB
2026-06-16 10:09:58 - finetune_logger - INFO - Test memory allocated: 18.11 MB
[2026-06-16 10:09:58,148][finetune_logger][INFO] - Test memory allocated: 18.11 MB
2026-06-16 10:09:58 - finetune_logger - INFO - Epoch 14/20
[2026-06-16 10:09:58,149][finetune_logger][INFO] - Epoch 14/20
2026-06-16 10:14:09 - finetune_logger - INFO - Train loss: 0.011792681819823214
[2026-06-16 10:14:09,347][finetune_logger][INFO] - Train loss: 0.011792681819823214
2026-06-16 10:14:09 - finetune_logger - INFO - Train time: 251.1975395679474s
[2026-06-16 10:14:09,347][finetune_logger][INFO] - Train time: 251.1975395679474s
2026-06-16 10:14:09 - finetune_logger - INFO - Train memory reserved: 178.00 MB
[2026-06-16 10:14:09,347][finetune_logger][INFO] - Train memory reserved: 178.00 MB
2026-06-16 10:14:09 - finetune_logger - INFO - Train memory allocated: 18.11 MB
[2026-06-16 10:14:09,347][finetune_logger][INFO] - Train memory allocated: 18.11 MB
2026-06-16 10:14:09 - finetune_logger - INFO - Current learning rate: 0.00025
[2026-06-16 10:14:09,347][finetune_logger][INFO] - Current learning rate: 0.00025
2026-06-16 10:14:22 - finetune_logger - INFO - Validation metrics: {'MAE': 0.011570800938273824, 'RMSE': 0.02637445797436709}
[2026-06-16 10:14:22,444][finetune_logger][INFO] - Validation metrics: {'MAE': 0.011570800938273824, 'RMSE': 0.02637445797436709}
2026-06-16 10:14:22 - finetune_logger - INFO - Val time: 13.10s
[2026-06-16 10:14:22,444][finetune_logger][INFO] - Val time: 13.10s
2026-06-16 10:14:22 - finetune_logger - INFO - Val memory reserved: 178.00 MB
[2026-06-16 10:14:22,444][finetune_logger][INFO] - Val memory reserved: 178.00 MB
2026-06-16 10:14:22 - finetune_logger - INFO - Val memory allocated: 18.11 MB
[2026-06-16 10:14:22,445][finetune_logger][INFO] - Val memory allocated: 18.11 MB
2026-06-16 10:14:22 - finetune_logger - INFO - Logged epoch 14 info to /public/home/202411094934/python_project/Spatio-Temporal-Library/time-series/2026-06-16/itransformer/finetune20/traffic/time-series/seed_0/training_log.json
[2026-06-16 10:14:22,448][finetune_logger][INFO] - Logged epoch 14 info to /public/home/202411094934/python_project/Spatio-Temporal-Library/time-series/2026-06-16/itransformer/finetune20/traffic/time-series/seed_0/training_log.json
2026-06-16 10:14:22 - finetune_logger - INFO - New best model! Val loss: 0.011571
[2026-06-16 10:14:22,448][finetune_logger][INFO] - New best model! Val loss: 0.011571
2026-06-16 10:14:50 - finetune_logger - INFO - Test metrics: {'MAE': 0.013066866572162302, 'RMSE': 0.028752509512568056}
[2026-06-16 10:14:50,016][finetune_logger][INFO] - Test metrics: {'MAE': 0.013066866572162302, 'RMSE': 0.028752509512568056}
2026-06-16 10:14:50 - finetune_logger - INFO - Test time: 27.52s
[2026-06-16 10:14:50,016][finetune_logger][INFO] - Test time: 27.52s
2026-06-16 10:14:50 - finetune_logger - INFO - Test memory reserved: 178.00 MB
[2026-06-16 10:14:50,016][finetune_logger][INFO] - Test memory reserved: 178.00 MB
2026-06-16 10:14:50 - finetune_logger - INFO - Test memory allocated: 18.11 MB
[2026-06-16 10:14:50,016][finetune_logger][INFO] - Test memory allocated: 18.11 MB
2026-06-16 10:14:50 - finetune_logger - INFO - Epoch 15/20
[2026-06-16 10:14:50,016][finetune_logger][INFO] - Epoch 15/20
2026-06-16 10:19:01 - finetune_logger - INFO - Train loss: 0.011745758786247574
[2026-06-16 10:19:01,352][finetune_logger][INFO] - Train loss: 0.011745758786247574
2026-06-16 10:19:01 - finetune_logger - INFO - Train time: 251.33555555343628s
[2026-06-16 10:19:01,353][finetune_logger][INFO] - Train time: 251.33555555343628s
2026-06-16 10:19:01 - finetune_logger - INFO - Train memory reserved: 178.00 MB
[2026-06-16 10:19:01,353][finetune_logger][INFO] - Train memory reserved: 178.00 MB
2026-06-16 10:19:01 - finetune_logger - INFO - Train memory allocated: 18.11 MB
[2026-06-16 10:19:01,353][finetune_logger][INFO] - Train memory allocated: 18.11 MB
2026-06-16 10:19:01 - finetune_logger - INFO - Current learning rate: 0.00025
[2026-06-16 10:19:01,353][finetune_logger][INFO] - Current learning rate: 0.00025
2026-06-16 10:19:14 - finetune_logger - INFO - Validation metrics: {'MAE': 0.011635987429175675, 'RMSE': 0.026341264084568015}
[2026-06-16 10:19:14,536][finetune_logger][INFO] - Validation metrics: {'MAE': 0.011635987429175675, 'RMSE': 0.026341264084568015}
2026-06-16 10:19:14 - finetune_logger - INFO - Val time: 13.18s
[2026-06-16 10:19:14,536][finetune_logger][INFO] - Val time: 13.18s
2026-06-16 10:19:14 - finetune_logger - INFO - Val memory reserved: 178.00 MB
[2026-06-16 10:19:14,536][finetune_logger][INFO] - Val memory reserved: 178.00 MB
2026-06-16 10:19:14 - finetune_logger - INFO - Val memory allocated: 18.11 MB
[2026-06-16 10:19:14,536][finetune_logger][INFO] - Val memory allocated: 18.11 MB
2026-06-16 10:19:14 - finetune_logger - INFO - Logged epoch 15 info to /public/home/202411094934/python_project/Spatio-Temporal-Library/time-series/2026-06-16/itransformer/finetune20/traffic/time-series/seed_0/training_log.json
[2026-06-16 10:19:14,540][finetune_logger][INFO] - Logged epoch 15 info to /public/home/202411094934/python_project/Spatio-Temporal-Library/time-series/2026-06-16/itransformer/finetune20/traffic/time-series/seed_0/training_log.json
2026-06-16 10:19:42 - finetune_logger - INFO - Test metrics: {'MAE': 0.013090484363016925, 'RMSE': 0.028672600880883147}
[2026-06-16 10:19:42,031][finetune_logger][INFO] - Test metrics: {'MAE': 0.013090484363016925, 'RMSE': 0.028672600880883147}
2026-06-16 10:19:42 - finetune_logger - INFO - Test time: 27.49s
[2026-06-16 10:19:42,032][finetune_logger][INFO] - Test time: 27.49s
2026-06-16 10:19:42 - finetune_logger - INFO - Test memory reserved: 178.00 MB
[2026-06-16 10:19:42,032][finetune_logger][INFO] - Test memory reserved: 178.00 MB
2026-06-16 10:19:42 - finetune_logger - INFO - Test memory allocated: 18.11 MB
[2026-06-16 10:19:42,032][finetune_logger][INFO] - Test memory allocated: 18.11 MB
2026-06-16 10:19:42 - finetune_logger - INFO - Epoch 16/20
[2026-06-16 10:19:42,032][finetune_logger][INFO] - Epoch 16/20
2026-06-16 10:23:53 - finetune_logger - INFO - Train loss: 0.011706095809221483
[2026-06-16 10:23:53,444][finetune_logger][INFO] - Train loss: 0.011706095809221483
2026-06-16 10:23:53 - finetune_logger - INFO - Train time: 251.4113667011261s
[2026-06-16 10:23:53,444][finetune_logger][INFO] - Train time: 251.4113667011261s
2026-06-16 10:23:53 - finetune_logger - INFO - Train memory reserved: 178.00 MB
[2026-06-16 10:23:53,444][finetune_logger][INFO] - Train memory reserved: 178.00 MB
2026-06-16 10:23:53 - finetune_logger - INFO - Train memory allocated: 18.11 MB
[2026-06-16 10:23:53,444][finetune_logger][INFO] - Train memory allocated: 18.11 MB
2026-06-16 10:23:53 - finetune_logger - INFO - Current learning rate: 0.00025
[2026-06-16 10:23:53,445][finetune_logger][INFO] - Current learning rate: 0.00025
2026-06-16 10:24:06 - finetune_logger - INFO - Validation metrics: {'MAE': 0.011458592970244805, 'RMSE': 0.026298978356638268}
[2026-06-16 10:24:06,533][finetune_logger][INFO] - Validation metrics: {'MAE': 0.011458592970244805, 'RMSE': 0.026298978356638268}
2026-06-16 10:24:06 - finetune_logger - INFO - Val time: 13.09s
[2026-06-16 10:24:06,533][finetune_logger][INFO] - Val time: 13.09s
2026-06-16 10:24:06 - finetune_logger - INFO - Val memory reserved: 178.00 MB
[2026-06-16 10:24:06,533][finetune_logger][INFO] - Val memory reserved: 178.00 MB
2026-06-16 10:24:06 - finetune_logger - INFO - Val memory allocated: 18.11 MB
[2026-06-16 10:24:06,534][finetune_logger][INFO] - Val memory allocated: 18.11 MB
2026-06-16 10:24:06 - finetune_logger - INFO - Logged epoch 16 info to /public/home/202411094934/python_project/Spatio-Temporal-Library/time-series/2026-06-16/itransformer/finetune20/traffic/time-series/seed_0/training_log.json
[2026-06-16 10:24:06,537][finetune_logger][INFO] - Logged epoch 16 info to /public/home/202411094934/python_project/Spatio-Temporal-Library/time-series/2026-06-16/itransformer/finetune20/traffic/time-series/seed_0/training_log.json
2026-06-16 10:24:06 - finetune_logger - INFO - New best model! Val loss: 0.011459
[2026-06-16 10:24:06,537][finetune_logger][INFO] - New best model! Val loss: 0.011459
2026-06-16 10:24:34 - finetune_logger - INFO - Test metrics: {'MAE': 0.012944100223504519, 'RMSE': 0.02864886676340419}
[2026-06-16 10:24:34,167][finetune_logger][INFO] - Test metrics: {'MAE': 0.012944100223504519, 'RMSE': 0.02864886676340419}
2026-06-16 10:24:34 - finetune_logger - INFO - Test time: 27.58s
[2026-06-16 10:24:34,168][finetune_logger][INFO] - Test time: 27.58s
2026-06-16 10:24:34 - finetune_logger - INFO - Test memory reserved: 178.00 MB
[2026-06-16 10:24:34,168][finetune_logger][INFO] - Test memory reserved: 178.00 MB
2026-06-16 10:24:34 - finetune_logger - INFO - Test memory allocated: 18.11 MB
[2026-06-16 10:24:34,168][finetune_logger][INFO] - Test memory allocated: 18.11 MB
2026-06-16 10:24:34 - finetune_logger - INFO - Epoch 17/20
[2026-06-16 10:24:34,168][finetune_logger][INFO] - Epoch 17/20
2026-06-16 10:28:45 - finetune_logger - INFO - Train loss: 0.011659701879362765
[2026-06-16 10:28:45,534][finetune_logger][INFO] - Train loss: 0.011659701879362765
2026-06-16 10:28:45 - finetune_logger - INFO - Train time: 251.36573433876038s
[2026-06-16 10:28:45,534][finetune_logger][INFO] - Train time: 251.36573433876038s
2026-06-16 10:28:45 - finetune_logger - INFO - Train memory reserved: 178.00 MB
[2026-06-16 10:28:45,535][finetune_logger][INFO] - Train memory reserved: 178.00 MB
2026-06-16 10:28:45 - finetune_logger - INFO - Train memory allocated: 18.11 MB
[2026-06-16 10:28:45,535][finetune_logger][INFO] - Train memory allocated: 18.11 MB
2026-06-16 10:28:45 - finetune_logger - INFO - Current learning rate: 0.00025
[2026-06-16 10:28:45,535][finetune_logger][INFO] - Current learning rate: 0.00025
2026-06-16 10:28:58 - finetune_logger - INFO - Validation metrics: {'MAE': 0.011511697358090827, 'RMSE': 0.02649888280826339}
[2026-06-16 10:28:58,576][finetune_logger][INFO] - Validation metrics: {'MAE': 0.011511697358090827, 'RMSE': 0.02649888280826339}
2026-06-16 10:28:58 - finetune_logger - INFO - Val time: 13.04s
[2026-06-16 10:28:58,577][finetune_logger][INFO] - Val time: 13.04s
2026-06-16 10:28:58 - finetune_logger - INFO - Val memory reserved: 178.00 MB
[2026-06-16 10:28:58,577][finetune_logger][INFO] - Val memory reserved: 178.00 MB
2026-06-16 10:28:58 - finetune_logger - INFO - Val memory allocated: 18.11 MB
[2026-06-16 10:28:58,577][finetune_logger][INFO] - Val memory allocated: 18.11 MB
2026-06-16 10:28:58 - finetune_logger - INFO - Logged epoch 17 info to /public/home/202411094934/python_project/Spatio-Temporal-Library/time-series/2026-06-16/itransformer/finetune20/traffic/time-series/seed_0/training_log.json
[2026-06-16 10:28:58,581][finetune_logger][INFO] - Logged epoch 17 info to /public/home/202411094934/python_project/Spatio-Temporal-Library/time-series/2026-06-16/itransformer/finetune20/traffic/time-series/seed_0/training_log.json
2026-06-16 10:29:26 - finetune_logger - INFO - Test metrics: {'MAE': 0.012989429120380687, 'RMSE': 0.02882614241320688}
[2026-06-16 10:29:26,080][finetune_logger][INFO] - Test metrics: {'MAE': 0.012989429120380687, 'RMSE': 0.02882614241320688}
2026-06-16 10:29:26 - finetune_logger - INFO - Test time: 27.50s
[2026-06-16 10:29:26,080][finetune_logger][INFO] - Test time: 27.50s
2026-06-16 10:29:26 - finetune_logger - INFO - Test memory reserved: 178.00 MB
[2026-06-16 10:29:26,080][finetune_logger][INFO] - Test memory reserved: 178.00 MB
2026-06-16 10:29:26 - finetune_logger - INFO - Test memory allocated: 18.11 MB
[2026-06-16 10:29:26,080][finetune_logger][INFO] - Test memory allocated: 18.11 MB
2026-06-16 10:29:26 - finetune_logger - INFO - Epoch 18/20
[2026-06-16 10:29:26,081][finetune_logger][INFO] - Epoch 18/20
2026-06-16 10:33:37 - finetune_logger - INFO - Train loss: 0.01162765217329264
[2026-06-16 10:33:37,423][finetune_logger][INFO] - Train loss: 0.01162765217329264
2026-06-16 10:33:37 - finetune_logger - INFO - Train time: 251.34233450889587s
[2026-06-16 10:33:37,424][finetune_logger][INFO] - Train time: 251.34233450889587s
2026-06-16 10:33:37 - finetune_logger - INFO - Train memory reserved: 178.00 MB
[2026-06-16 10:33:37,424][finetune_logger][INFO] - Train memory reserved: 178.00 MB
2026-06-16 10:33:37 - finetune_logger - INFO - Train memory allocated: 18.11 MB
[2026-06-16 10:33:37,424][finetune_logger][INFO] - Train memory allocated: 18.11 MB
2026-06-16 10:33:37 - finetune_logger - INFO - Current learning rate: 0.00025
[2026-06-16 10:33:37,424][finetune_logger][INFO] - Current learning rate: 0.00025
2026-06-16 10:33:50 - finetune_logger - INFO - Validation metrics: {'MAE': 0.011508182887785654, 'RMSE': 0.026240720772112983}
[2026-06-16 10:33:50,521][finetune_logger][INFO] - Validation metrics: {'MAE': 0.011508182887785654, 'RMSE': 0.026240720772112983}
2026-06-16 10:33:50 - finetune_logger - INFO - Val time: 13.10s
[2026-06-16 10:33:50,521][finetune_logger][INFO] - Val time: 13.10s
2026-06-16 10:33:50 - finetune_logger - INFO - Val memory reserved: 178.00 MB
[2026-06-16 10:33:50,522][finetune_logger][INFO] - Val memory reserved: 178.00 MB
2026-06-16 10:33:50 - finetune_logger - INFO - Val memory allocated: 18.11 MB
[2026-06-16 10:33:50,522][finetune_logger][INFO] - Val memory allocated: 18.11 MB
2026-06-16 10:33:50 - finetune_logger - INFO - Logged epoch 18 info to /public/home/202411094934/python_project/Spatio-Temporal-Library/time-series/2026-06-16/itransformer/finetune20/traffic/time-series/seed_0/training_log.json
[2026-06-16 10:33:50,525][finetune_logger][INFO] - Logged epoch 18 info to /public/home/202411094934/python_project/Spatio-Temporal-Library/time-series/2026-06-16/itransformer/finetune20/traffic/time-series/seed_0/training_log.json
2026-06-16 10:34:18 - finetune_logger - INFO - Test metrics: {'MAE': 0.01297243473602148, 'RMSE': 0.02858025509000002}
[2026-06-16 10:34:18,048][finetune_logger][INFO] - Test metrics: {'MAE': 0.01297243473602148, 'RMSE': 0.02858025509000002}
2026-06-16 10:34:18 - finetune_logger - INFO - Test time: 27.52s
[2026-06-16 10:34:18,048][finetune_logger][INFO] - Test time: 27.52s
2026-06-16 10:34:18 - finetune_logger - INFO - Test memory reserved: 178.00 MB
[2026-06-16 10:34:18,048][finetune_logger][INFO] - Test memory reserved: 178.00 MB
2026-06-16 10:34:18 - finetune_logger - INFO - Test memory allocated: 18.11 MB
[2026-06-16 10:34:18,048][finetune_logger][INFO] - Test memory allocated: 18.11 MB
2026-06-16 10:34:18 - finetune_logger - INFO - Epoch 19/20
[2026-06-16 10:34:18,049][finetune_logger][INFO] - Epoch 19/20
2026-06-16 10:38:29 - finetune_logger - INFO - Train loss: 0.011590709385467909
[2026-06-16 10:38:29,346][finetune_logger][INFO] - Train loss: 0.011590709385467909
2026-06-16 10:38:29 - finetune_logger - INFO - Train time: 251.2969627380371s
[2026-06-16 10:38:29,346][finetune_logger][INFO] - Train time: 251.2969627380371s
2026-06-16 10:38:29 - finetune_logger - INFO - Train memory reserved: 178.00 MB
[2026-06-16 10:38:29,346][finetune_logger][INFO] - Train memory reserved: 178.00 MB
2026-06-16 10:38:29 - finetune_logger - INFO - Train memory allocated: 18.11 MB
[2026-06-16 10:38:29,347][finetune_logger][INFO] - Train memory allocated: 18.11 MB
2026-06-16 10:38:29 - finetune_logger - INFO - Current learning rate: 0.00025
[2026-06-16 10:38:29,347][finetune_logger][INFO] - Current learning rate: 0.00025
2026-06-16 10:38:42 - finetune_logger - INFO - Validation metrics: {'MAE': 0.011406124220928638, 'RMSE': 0.0262737327278296}
[2026-06-16 10:38:42,482][finetune_logger][INFO] - Validation metrics: {'MAE': 0.011406124220928638, 'RMSE': 0.0262737327278296}
2026-06-16 10:38:42 - finetune_logger - INFO - Val time: 13.13s
[2026-06-16 10:38:42,482][finetune_logger][INFO] - Val time: 13.13s
2026-06-16 10:38:42 - finetune_logger - INFO - Val memory reserved: 178.00 MB
[2026-06-16 10:38:42,483][finetune_logger][INFO] - Val memory reserved: 178.00 MB
2026-06-16 10:38:42 - finetune_logger - INFO - Val memory allocated: 18.11 MB
[2026-06-16 10:38:42,483][finetune_logger][INFO] - Val memory allocated: 18.11 MB
2026-06-16 10:38:42 - finetune_logger - INFO - Logged epoch 19 info to /public/home/202411094934/python_project/Spatio-Temporal-Library/time-series/2026-06-16/itransformer/finetune20/traffic/time-series/seed_0/training_log.json
[2026-06-16 10:38:42,486][finetune_logger][INFO] - Logged epoch 19 info to /public/home/202411094934/python_project/Spatio-Temporal-Library/time-series/2026-06-16/itransformer/finetune20/traffic/time-series/seed_0/training_log.json
2026-06-16 10:38:42 - finetune_logger - INFO - New best model! Val loss: 0.011406
[2026-06-16 10:38:42,487][finetune_logger][INFO] - New best model! Val loss: 0.011406
2026-06-16 10:39:10 - finetune_logger - INFO - Test metrics: {'MAE': 0.012871626615180898, 'RMSE': 0.028580971284212893}
[2026-06-16 10:39:10,080][finetune_logger][INFO] - Test metrics: {'MAE': 0.012871626615180898, 'RMSE': 0.028580971284212893}
2026-06-16 10:39:10 - finetune_logger - INFO - Test time: 27.55s
[2026-06-16 10:39:10,080][finetune_logger][INFO] - Test time: 27.55s
2026-06-16 10:39:10 - finetune_logger - INFO - Test memory reserved: 178.00 MB
[2026-06-16 10:39:10,080][finetune_logger][INFO] - Test memory reserved: 178.00 MB
2026-06-16 10:39:10 - finetune_logger - INFO - Test memory allocated: 18.11 MB
[2026-06-16 10:39:10,081][finetune_logger][INFO] - Test memory allocated: 18.11 MB
2026-06-16 10:39:10 - finetune_logger - INFO - Epoch 20/20
[2026-06-16 10:39:10,081][finetune_logger][INFO] - Epoch 20/20
2026-06-16 10:43:21 - finetune_logger - INFO - Train loss: 0.011553612592089915
[2026-06-16 10:43:21,366][finetune_logger][INFO] - Train loss: 0.011553612592089915
2026-06-16 10:43:21 - finetune_logger - INFO - Train time: 251.28499245643616s
[2026-06-16 10:43:21,367][finetune_logger][INFO] - Train time: 251.28499245643616s
2026-06-16 10:43:21 - finetune_logger - INFO - Train memory reserved: 178.00 MB
[2026-06-16 10:43:21,367][finetune_logger][INFO] - Train memory reserved: 178.00 MB
2026-06-16 10:43:21 - finetune_logger - INFO - Train memory allocated: 18.11 MB
[2026-06-16 10:43:21,367][finetune_logger][INFO] - Train memory allocated: 18.11 MB
2026-06-16 10:43:21 - finetune_logger - INFO - Current learning rate: 0.00025
[2026-06-16 10:43:21,367][finetune_logger][INFO] - Current learning rate: 0.00025
2026-06-16 10:43:34 - finetune_logger - INFO - Validation metrics: {'MAE': 0.011349906043967758, 'RMSE': 0.026255830856483715}
[2026-06-16 10:43:34,425][finetune_logger][INFO] - Validation metrics: {'MAE': 0.011349906043967758, 'RMSE': 0.026255830856483715}
2026-06-16 10:43:34 - finetune_logger - INFO - Val time: 13.06s
[2026-06-16 10:43:34,425][finetune_logger][INFO] - Val time: 13.06s
2026-06-16 10:43:34 - finetune_logger - INFO - Val memory reserved: 178.00 MB
[2026-06-16 10:43:34,425][finetune_logger][INFO] - Val memory reserved: 178.00 MB
2026-06-16 10:43:34 - finetune_logger - INFO - Val memory allocated: 18.11 MB
[2026-06-16 10:43:34,426][finetune_logger][INFO] - Val memory allocated: 18.11 MB
2026-06-16 10:43:34 - finetune_logger - INFO - Logged epoch 20 info to /public/home/202411094934/python_project/Spatio-Temporal-Library/time-series/2026-06-16/itransformer/finetune20/traffic/time-series/seed_0/training_log.json
[2026-06-16 10:43:34,429][finetune_logger][INFO] - Logged epoch 20 info to /public/home/202411094934/python_project/Spatio-Temporal-Library/time-series/2026-06-16/itransformer/finetune20/traffic/time-series/seed_0/training_log.json
2026-06-16 10:43:34 - finetune_logger - INFO - New best model! Val loss: 0.011350
[2026-06-16 10:43:34,429][finetune_logger][INFO] - New best model! Val loss: 0.011350
2026-06-16 10:44:02 - finetune_logger - INFO - Test metrics: {'MAE': 0.012815523813385639, 'RMSE': 0.028554420062153342}
[2026-06-16 10:44:02,067][finetune_logger][INFO] - Test metrics: {'MAE': 0.012815523813385639, 'RMSE': 0.028554420062153342}
2026-06-16 10:44:02 - finetune_logger - INFO - Test time: 27.59s
[2026-06-16 10:44:02,068][finetune_logger][INFO] - Test time: 27.59s
2026-06-16 10:44:02 - finetune_logger - INFO - Test memory reserved: 178.00 MB
[2026-06-16 10:44:02,068][finetune_logger][INFO] - Test memory reserved: 178.00 MB
2026-06-16 10:44:02 - finetune_logger - INFO - Test memory allocated: 18.11 MB
[2026-06-16 10:44:02,068][finetune_logger][INFO] - Test memory allocated: 18.11 MB
2026-06-16 10:44:02 - finetune_logger - INFO - Training completed. Best epoch: 20, Best val loss: 0.011350
[2026-06-16 10:44:02,068][finetune_logger][INFO] - Training completed. Best epoch: 20, Best val loss: 0.011350
2026-06-16 10:44:02 - finetune_logger - INFO - Loaded checkpoint from epoch 20
[2026-06-16 10:44:02,100][finetune_logger][INFO] - Loaded checkpoint from epoch 20
2026-06-16 10:44:02 - finetune_logger - INFO - Evaluating best model on test sets...
[2026-06-16 10:44:02,100][finetune_logger][INFO] - Evaluating best model on test sets...
2026-06-16 10:44:29 - finetune_logger - INFO - Test metrics: {'MAE': 0.012815523813385639, 'RMSE': 0.028554420062153342}
[2026-06-16 10:44:29,522][finetune_logger][INFO] - Test metrics: {'MAE': 0.012815523813385639, 'RMSE': 0.028554420062153342}
2026-06-16 10:44:29 - finetune_logger - INFO - Test time: 27.42s
[2026-06-16 10:44:29,522][finetune_logger][INFO] - Test time: 27.42s
2026-06-16 10:44:29 - finetune_logger - INFO - Test memory reserved: 178.00 MB
[2026-06-16 10:44:29,522][finetune_logger][INFO] - Test memory reserved: 178.00 MB
2026-06-16 10:44:29 - finetune_logger - INFO - Test memory allocated: 18.15 MB
[2026-06-16 10:44:29,522][finetune_logger][INFO] - Test memory allocated: 18.15 MB
2026-06-16 10:44:29 - finetune_logger - INFO - Logged epoch test info to /public/home/202411094934/python_project/Spatio-Temporal-Library/time-series/2026-06-16/itransformer/finetune20/traffic/time-series/seed_0/training_log.json
[2026-06-16 10:44:29,526][finetune_logger][INFO] - Logged epoch test info to /public/home/202411094934/python_project/Spatio-Temporal-Library/time-series/2026-06-16/itransformer/finetune20/traffic/time-series/seed_0/training_log.json
