2026-06-16 04:23:42 - finetune_logger - INFO - No pretrained checkpoint is provided. Finetuning from scratch.
[2026-06-16 04:23:42,491][finetune_logger][INFO] - No pretrained checkpoint is provided. Finetuning from scratch.
2026-06-16 04:23:42 - finetune_logger - INFO - Model parameters: 158,912
[2026-06-16 04:23:42,493][finetune_logger][INFO] - Model parameters: 158,912
2026-06-16 04:23:42 - finetune_logger - INFO - Created new log file at /public/home/202411094934/python_project/Spatio-Temporal-Library/time-series/2026-06-16/itransformer/finetune20/ettm2/time-series/seed_2/training_log.json
[2026-06-16 04:23:42,496][finetune_logger][INFO] - Created new log file at /public/home/202411094934/python_project/Spatio-Temporal-Library/time-series/2026-06-16/itransformer/finetune20/ettm2/time-series/seed_2/training_log.json
2026-06-16 04:23:42 - finetune_logger - INFO - Starting training...
[2026-06-16 04:23:42,496][finetune_logger][INFO] - Starting training...
2026-06-16 04:23:42 - finetune_logger - INFO - Epoch 1/20
[2026-06-16 04:23:42,496][finetune_logger][INFO] - Epoch 1/20
2026-06-16 04:32:13 - finetune_logger - INFO - Train loss: 2.075459569125307
[2026-06-16 04:32:13,344][finetune_logger][INFO] - Train loss: 2.075459569125307
2026-06-16 04:32:13 - finetune_logger - INFO - Train time: 510.8473279476166s
[2026-06-16 04:32:13,344][finetune_logger][INFO] - Train time: 510.8473279476166s
2026-06-16 04:32:13 - finetune_logger - INFO - Train memory reserved: 24.00 MB
[2026-06-16 04:32:13,344][finetune_logger][INFO] - Train memory reserved: 24.00 MB
2026-06-16 04:32:13 - finetune_logger - INFO - Train memory allocated: 18.10 MB
[2026-06-16 04:32:13,344][finetune_logger][INFO] - Train memory allocated: 18.10 MB
2026-06-16 04:32:13 - finetune_logger - INFO - Current learning rate: 0.0005
[2026-06-16 04:32:13,344][finetune_logger][INFO] - Current learning rate: 0.0005
2026-06-16 04:33:24 - finetune_logger - INFO - Validation metrics: {'MAE': 1.9918816970762907, 'RMSE': 2.8933291698528505}
[2026-06-16 04:33:24,506][finetune_logger][INFO] - Validation metrics: {'MAE': 1.9918816970762907, 'RMSE': 2.8933291698528505}
2026-06-16 04:33:24 - finetune_logger - INFO - Val time: 71.16s
[2026-06-16 04:33:24,506][finetune_logger][INFO] - Val time: 71.16s
2026-06-16 04:33:24 - finetune_logger - INFO - Val memory reserved: 24.00 MB
[2026-06-16 04:33:24,506][finetune_logger][INFO] - Val memory reserved: 24.00 MB
2026-06-16 04:33:24 - finetune_logger - INFO - Val memory allocated: 18.10 MB
[2026-06-16 04:33:24,506][finetune_logger][INFO] - Val memory allocated: 18.10 MB
2026-06-16 04:33:24 - finetune_logger - INFO - Logged epoch 1 info to /public/home/202411094934/python_project/Spatio-Temporal-Library/time-series/2026-06-16/itransformer/finetune20/ettm2/time-series/seed_2/training_log.json
[2026-06-16 04:33:24,510][finetune_logger][INFO] - Logged epoch 1 info to /public/home/202411094934/python_project/Spatio-Temporal-Library/time-series/2026-06-16/itransformer/finetune20/ettm2/time-series/seed_2/training_log.json
2026-06-16 04:33:24 - finetune_logger - INFO - New best model! Val loss: 1.991882
[2026-06-16 04:33:24,510][finetune_logger][INFO] - New best model! Val loss: 1.991882
2026-06-16 04:34:35 - finetune_logger - INFO - Test metrics: {'MAE': 2.094995348817559, 'RMSE': 3.164247060954383}
[2026-06-16 04:34:35,493][finetune_logger][INFO] - Test metrics: {'MAE': 2.094995348817559, 'RMSE': 3.164247060954383}
2026-06-16 04:34:35 - finetune_logger - INFO - Test time: 70.94s
[2026-06-16 04:34:35,494][finetune_logger][INFO] - Test time: 70.94s
2026-06-16 04:34:35 - finetune_logger - INFO - Test memory reserved: 24.00 MB
[2026-06-16 04:34:35,494][finetune_logger][INFO] - Test memory reserved: 24.00 MB
2026-06-16 04:34:35 - finetune_logger - INFO - Test memory allocated: 18.10 MB
[2026-06-16 04:34:35,494][finetune_logger][INFO] - Test memory allocated: 18.10 MB
2026-06-16 04:34:35 - finetune_logger - INFO - Epoch 2/20
[2026-06-16 04:34:35,494][finetune_logger][INFO] - Epoch 2/20
2026-06-16 04:43:05 - finetune_logger - INFO - Train loss: 1.9545185966926657
[2026-06-16 04:43:05,685][finetune_logger][INFO] - Train loss: 1.9545185966926657
2026-06-16 04:43:05 - finetune_logger - INFO - Train time: 510.1904397010803s
[2026-06-16 04:43:05,685][finetune_logger][INFO] - Train time: 510.1904397010803s
2026-06-16 04:43:05 - finetune_logger - INFO - Train memory reserved: 24.00 MB
[2026-06-16 04:43:05,685][finetune_logger][INFO] - Train memory reserved: 24.00 MB
2026-06-16 04:43:05 - finetune_logger - INFO - Train memory allocated: 18.10 MB
[2026-06-16 04:43:05,686][finetune_logger][INFO] - Train memory allocated: 18.10 MB
2026-06-16 04:43:05 - finetune_logger - INFO - Current learning rate: 0.0005
[2026-06-16 04:43:05,686][finetune_logger][INFO] - Current learning rate: 0.0005
2026-06-16 04:44:16 - finetune_logger - INFO - Validation metrics: {'MAE': 1.9380450484121046, 'RMSE': 2.822056011311265}
[2026-06-16 04:44:16,879][finetune_logger][INFO] - Validation metrics: {'MAE': 1.9380450484121046, 'RMSE': 2.822056011311265}
2026-06-16 04:44:16 - finetune_logger - INFO - Val time: 71.19s
[2026-06-16 04:44:16,879][finetune_logger][INFO] - Val time: 71.19s
2026-06-16 04:44:16 - finetune_logger - INFO - Val memory reserved: 24.00 MB
[2026-06-16 04:44:16,879][finetune_logger][INFO] - Val memory reserved: 24.00 MB
2026-06-16 04:44:16 - finetune_logger - INFO - Val memory allocated: 18.10 MB
[2026-06-16 04:44:16,879][finetune_logger][INFO] - Val memory allocated: 18.10 MB
2026-06-16 04:44:16 - finetune_logger - INFO - Logged epoch 2 info to /public/home/202411094934/python_project/Spatio-Temporal-Library/time-series/2026-06-16/itransformer/finetune20/ettm2/time-series/seed_2/training_log.json
[2026-06-16 04:44:16,883][finetune_logger][INFO] - Logged epoch 2 info to /public/home/202411094934/python_project/Spatio-Temporal-Library/time-series/2026-06-16/itransformer/finetune20/ettm2/time-series/seed_2/training_log.json
2026-06-16 04:44:16 - finetune_logger - INFO - New best model! Val loss: 1.938045
[2026-06-16 04:44:16,883][finetune_logger][INFO] - New best model! Val loss: 1.938045
2026-06-16 04:45:27 - finetune_logger - INFO - Test metrics: {'MAE': 2.077306100447034, 'RMSE': 3.1524830966857285}
[2026-06-16 04:45:27,870][finetune_logger][INFO] - Test metrics: {'MAE': 2.077306100447034, 'RMSE': 3.1524830966857285}
2026-06-16 04:45:27 - finetune_logger - INFO - Test time: 70.94s
[2026-06-16 04:45:27,870][finetune_logger][INFO] - Test time: 70.94s
2026-06-16 04:45:27 - finetune_logger - INFO - Test memory reserved: 24.00 MB
[2026-06-16 04:45:27,870][finetune_logger][INFO] - Test memory reserved: 24.00 MB
2026-06-16 04:45:27 - finetune_logger - INFO - Test memory allocated: 18.10 MB
[2026-06-16 04:45:27,870][finetune_logger][INFO] - Test memory allocated: 18.10 MB
2026-06-16 04:45:27 - finetune_logger - INFO - Epoch 3/20
[2026-06-16 04:45:27,870][finetune_logger][INFO] - Epoch 3/20
2026-06-16 04:53:54 - finetune_logger - INFO - Train loss: 1.9012707744876898
[2026-06-16 04:53:54,182][finetune_logger][INFO] - Train loss: 1.9012707744876898
2026-06-16 04:53:54 - finetune_logger - INFO - Train time: 506.3110363483429s
[2026-06-16 04:53:54,182][finetune_logger][INFO] - Train time: 506.3110363483429s
2026-06-16 04:53:54 - finetune_logger - INFO - Train memory reserved: 24.00 MB
[2026-06-16 04:53:54,182][finetune_logger][INFO] - Train memory reserved: 24.00 MB
2026-06-16 04:53:54 - finetune_logger - INFO - Train memory allocated: 18.10 MB
[2026-06-16 04:53:54,182][finetune_logger][INFO] - Train memory allocated: 18.10 MB
2026-06-16 04:53:54 - finetune_logger - INFO - Current learning rate: 0.0005
[2026-06-16 04:53:54,182][finetune_logger][INFO] - Current learning rate: 0.0005
2026-06-16 04:55:05 - finetune_logger - INFO - Validation metrics: {'MAE': 1.9386413305958186, 'RMSE': 2.828532731929874}
[2026-06-16 04:55:05,178][finetune_logger][INFO] - Validation metrics: {'MAE': 1.9386413305958186, 'RMSE': 2.828532731929874}
2026-06-16 04:55:05 - finetune_logger - INFO - Val time: 71.00s
[2026-06-16 04:55:05,178][finetune_logger][INFO] - Val time: 71.00s
2026-06-16 04:55:05 - finetune_logger - INFO - Val memory reserved: 24.00 MB
[2026-06-16 04:55:05,178][finetune_logger][INFO] - Val memory reserved: 24.00 MB
2026-06-16 04:55:05 - finetune_logger - INFO - Val memory allocated: 18.10 MB
[2026-06-16 04:55:05,179][finetune_logger][INFO] - Val memory allocated: 18.10 MB
2026-06-16 04:55:05 - finetune_logger - INFO - Logged epoch 3 info to /public/home/202411094934/python_project/Spatio-Temporal-Library/time-series/2026-06-16/itransformer/finetune20/ettm2/time-series/seed_2/training_log.json
[2026-06-16 04:55:05,182][finetune_logger][INFO] - Logged epoch 3 info to /public/home/202411094934/python_project/Spatio-Temporal-Library/time-series/2026-06-16/itransformer/finetune20/ettm2/time-series/seed_2/training_log.json
2026-06-16 04:56:16 - finetune_logger - INFO - Test metrics: {'MAE': 2.101323955867543, 'RMSE': 3.194492620719176}
[2026-06-16 04:56:16,326][finetune_logger][INFO] - Test metrics: {'MAE': 2.101323955867543, 'RMSE': 3.194492620719176}
2026-06-16 04:56:16 - finetune_logger - INFO - Test time: 71.14s
[2026-06-16 04:56:16,326][finetune_logger][INFO] - Test time: 71.14s
2026-06-16 04:56:16 - finetune_logger - INFO - Test memory reserved: 24.00 MB
[2026-06-16 04:56:16,327][finetune_logger][INFO] - Test memory reserved: 24.00 MB
2026-06-16 04:56:16 - finetune_logger - INFO - Test memory allocated: 18.10 MB
[2026-06-16 04:56:16,327][finetune_logger][INFO] - Test memory allocated: 18.10 MB
2026-06-16 04:56:16 - finetune_logger - INFO - Epoch 4/20
[2026-06-16 04:56:16,327][finetune_logger][INFO] - Epoch 4/20
2026-06-16 05:04:46 - finetune_logger - INFO - Train loss: 1.8593314256973443
[2026-06-16 05:04:46,448][finetune_logger][INFO] - Train loss: 1.8593314256973443
2026-06-16 05:04:46 - finetune_logger - INFO - Train time: 510.1208643913269s
[2026-06-16 05:04:46,448][finetune_logger][INFO] - Train time: 510.1208643913269s
2026-06-16 05:04:46 - finetune_logger - INFO - Train memory reserved: 24.00 MB
[2026-06-16 05:04:46,449][finetune_logger][INFO] - Train memory reserved: 24.00 MB
2026-06-16 05:04:46 - finetune_logger - INFO - Train memory allocated: 18.10 MB
[2026-06-16 05:04:46,449][finetune_logger][INFO] - Train memory allocated: 18.10 MB
2026-06-16 05:04:46 - finetune_logger - INFO - Current learning rate: 0.0005
[2026-06-16 05:04:46,449][finetune_logger][INFO] - Current learning rate: 0.0005
2026-06-16 05:05:57 - finetune_logger - INFO - Validation metrics: {'MAE': 1.9654913572486137, 'RMSE': 2.8613610626272354}
[2026-06-16 05:05:57,468][finetune_logger][INFO] - Validation metrics: {'MAE': 1.9654913572486137, 'RMSE': 2.8613610626272354}
2026-06-16 05:05:57 - finetune_logger - INFO - Val time: 71.02s
[2026-06-16 05:05:57,468][finetune_logger][INFO] - Val time: 71.02s
2026-06-16 05:05:57 - finetune_logger - INFO - Val memory reserved: 24.00 MB
[2026-06-16 05:05:57,468][finetune_logger][INFO] - Val memory reserved: 24.00 MB
2026-06-16 05:05:57 - finetune_logger - INFO - Val memory allocated: 18.10 MB
[2026-06-16 05:05:57,468][finetune_logger][INFO] - Val memory allocated: 18.10 MB
2026-06-16 05:05:57 - finetune_logger - INFO - Logged epoch 4 info to /public/home/202411094934/python_project/Spatio-Temporal-Library/time-series/2026-06-16/itransformer/finetune20/ettm2/time-series/seed_2/training_log.json
[2026-06-16 05:05:57,471][finetune_logger][INFO] - Logged epoch 4 info to /public/home/202411094934/python_project/Spatio-Temporal-Library/time-series/2026-06-16/itransformer/finetune20/ettm2/time-series/seed_2/training_log.json
2026-06-16 05:07:08 - finetune_logger - INFO - Test metrics: {'MAE': 2.129968106614398, 'RMSE': 3.236297535473032}
[2026-06-16 05:07:08,297][finetune_logger][INFO] - Test metrics: {'MAE': 2.129968106614398, 'RMSE': 3.236297535473032}
2026-06-16 05:07:08 - finetune_logger - INFO - Test time: 70.83s
[2026-06-16 05:07:08,298][finetune_logger][INFO] - Test time: 70.83s
2026-06-16 05:07:08 - finetune_logger - INFO - Test memory reserved: 24.00 MB
[2026-06-16 05:07:08,298][finetune_logger][INFO] - Test memory reserved: 24.00 MB
2026-06-16 05:07:08 - finetune_logger - INFO - Test memory allocated: 18.10 MB
[2026-06-16 05:07:08,298][finetune_logger][INFO] - Test memory allocated: 18.10 MB
2026-06-16 05:07:08 - finetune_logger - INFO - Epoch 5/20
[2026-06-16 05:07:08,298][finetune_logger][INFO] - Epoch 5/20
2026-06-16 05:15:38 - finetune_logger - INFO - Train loss: 1.8274557659462805
[2026-06-16 05:15:38,402][finetune_logger][INFO] - Train loss: 1.8274557659462805
2026-06-16 05:15:38 - finetune_logger - INFO - Train time: 510.10386896133423s
[2026-06-16 05:15:38,403][finetune_logger][INFO] - Train time: 510.10386896133423s
2026-06-16 05:15:38 - finetune_logger - INFO - Train memory reserved: 24.00 MB
[2026-06-16 05:15:38,403][finetune_logger][INFO] - Train memory reserved: 24.00 MB
2026-06-16 05:15:38 - finetune_logger - INFO - Train memory allocated: 18.10 MB
[2026-06-16 05:15:38,403][finetune_logger][INFO] - Train memory allocated: 18.10 MB
2026-06-16 05:15:38 - finetune_logger - INFO - Current learning rate: 0.0005
[2026-06-16 05:15:38,403][finetune_logger][INFO] - Current learning rate: 0.0005
2026-06-16 05:16:49 - finetune_logger - INFO - Validation metrics: {'MAE': 1.952994899955055, 'RMSE': 2.8471737573372278}
[2026-06-16 05:16:49,494][finetune_logger][INFO] - Validation metrics: {'MAE': 1.952994899955055, 'RMSE': 2.8471737573372278}
2026-06-16 05:16:49 - finetune_logger - INFO - Val time: 71.09s
[2026-06-16 05:16:49,495][finetune_logger][INFO] - Val time: 71.09s
2026-06-16 05:16:49 - finetune_logger - INFO - Val memory reserved: 24.00 MB
[2026-06-16 05:16:49,495][finetune_logger][INFO] - Val memory reserved: 24.00 MB
2026-06-16 05:16:49 - finetune_logger - INFO - Val memory allocated: 18.10 MB
[2026-06-16 05:16:49,495][finetune_logger][INFO] - Val memory allocated: 18.10 MB
2026-06-16 05:16:49 - finetune_logger - INFO - Logged epoch 5 info to /public/home/202411094934/python_project/Spatio-Temporal-Library/time-series/2026-06-16/itransformer/finetune20/ettm2/time-series/seed_2/training_log.json
[2026-06-16 05:16:49,498][finetune_logger][INFO] - Logged epoch 5 info to /public/home/202411094934/python_project/Spatio-Temporal-Library/time-series/2026-06-16/itransformer/finetune20/ettm2/time-series/seed_2/training_log.json
2026-06-16 05:18:00 - finetune_logger - INFO - Test metrics: {'MAE': 2.106688114896227, 'RMSE': 3.199580441556175}
[2026-06-16 05:18:00,674][finetune_logger][INFO] - Test metrics: {'MAE': 2.106688114896227, 'RMSE': 3.199580441556175}
2026-06-16 05:18:00 - finetune_logger - INFO - Test time: 71.18s
[2026-06-16 05:18:00,675][finetune_logger][INFO] - Test time: 71.18s
2026-06-16 05:18:00 - finetune_logger - INFO - Test memory reserved: 24.00 MB
[2026-06-16 05:18:00,675][finetune_logger][INFO] - Test memory reserved: 24.00 MB
2026-06-16 05:18:00 - finetune_logger - INFO - Test memory allocated: 18.10 MB
[2026-06-16 05:18:00,675][finetune_logger][INFO] - Test memory allocated: 18.10 MB
2026-06-16 05:18:00 - finetune_logger - INFO - Epoch 6/20
[2026-06-16 05:18:00,675][finetune_logger][INFO] - Epoch 6/20
2026-06-16 05:26:32 - finetune_logger - INFO - Train loss: 1.8002840855990097
[2026-06-16 05:26:32,609][finetune_logger][INFO] - Train loss: 1.8002840855990097
2026-06-16 05:26:32 - finetune_logger - INFO - Train time: 511.93289732933044s
[2026-06-16 05:26:32,609][finetune_logger][INFO] - Train time: 511.93289732933044s
2026-06-16 05:26:32 - finetune_logger - INFO - Train memory reserved: 24.00 MB
[2026-06-16 05:26:32,609][finetune_logger][INFO] - Train memory reserved: 24.00 MB
2026-06-16 05:26:32 - finetune_logger - INFO - Train memory allocated: 18.10 MB
[2026-06-16 05:26:32,609][finetune_logger][INFO] - Train memory allocated: 18.10 MB
2026-06-16 05:26:32 - finetune_logger - INFO - Current learning rate: 0.0005
[2026-06-16 05:26:32,609][finetune_logger][INFO] - Current learning rate: 0.0005
2026-06-16 05:27:43 - finetune_logger - INFO - Validation metrics: {'MAE': 1.9651518622452149, 'RMSE': 2.8665344227910827}
[2026-06-16 05:27:43,870][finetune_logger][INFO] - Validation metrics: {'MAE': 1.9651518622452149, 'RMSE': 2.8665344227910827}
2026-06-16 05:27:43 - finetune_logger - INFO - Val time: 71.26s
[2026-06-16 05:27:43,871][finetune_logger][INFO] - Val time: 71.26s
2026-06-16 05:27:43 - finetune_logger - INFO - Val memory reserved: 24.00 MB
[2026-06-16 05:27:43,871][finetune_logger][INFO] - Val memory reserved: 24.00 MB
2026-06-16 05:27:43 - finetune_logger - INFO - Val memory allocated: 18.10 MB
[2026-06-16 05:27:43,871][finetune_logger][INFO] - Val memory allocated: 18.10 MB
2026-06-16 05:27:43 - finetune_logger - INFO - Logged epoch 6 info to /public/home/202411094934/python_project/Spatio-Temporal-Library/time-series/2026-06-16/itransformer/finetune20/ettm2/time-series/seed_2/training_log.json
[2026-06-16 05:27:43,874][finetune_logger][INFO] - Logged epoch 6 info to /public/home/202411094934/python_project/Spatio-Temporal-Library/time-series/2026-06-16/itransformer/finetune20/ettm2/time-series/seed_2/training_log.json
2026-06-16 05:28:54 - finetune_logger - INFO - Test metrics: {'MAE': 2.1364712199474862, 'RMSE': 3.248317808254103}
[2026-06-16 05:28:54,903][finetune_logger][INFO] - Test metrics: {'MAE': 2.1364712199474862, 'RMSE': 3.248317808254103}
2026-06-16 05:28:54 - finetune_logger - INFO - Test time: 71.03s
[2026-06-16 05:28:54,903][finetune_logger][INFO] - Test time: 71.03s
2026-06-16 05:28:54 - finetune_logger - INFO - Test memory reserved: 24.00 MB
[2026-06-16 05:28:54,903][finetune_logger][INFO] - Test memory reserved: 24.00 MB
2026-06-16 05:28:54 - finetune_logger - INFO - Test memory allocated: 18.10 MB
[2026-06-16 05:28:54,903][finetune_logger][INFO] - Test memory allocated: 18.10 MB
2026-06-16 05:28:54 - finetune_logger - INFO - Epoch 7/20
[2026-06-16 05:28:54,903][finetune_logger][INFO] - Epoch 7/20
2026-06-16 05:37:26 - finetune_logger - INFO - Train loss: 1.775352257663902
[2026-06-16 05:37:26,839][finetune_logger][INFO] - Train loss: 1.775352257663902
2026-06-16 05:37:26 - finetune_logger - INFO - Train time: 511.9347641468048s
[2026-06-16 05:37:26,839][finetune_logger][INFO] - Train time: 511.9347641468048s
2026-06-16 05:37:26 - finetune_logger - INFO - Train memory reserved: 24.00 MB
[2026-06-16 05:37:26,839][finetune_logger][INFO] - Train memory reserved: 24.00 MB
2026-06-16 05:37:26 - finetune_logger - INFO - Train memory allocated: 18.10 MB
[2026-06-16 05:37:26,839][finetune_logger][INFO] - Train memory allocated: 18.10 MB
2026-06-16 05:37:26 - finetune_logger - INFO - Current learning rate: 0.0005
[2026-06-16 05:37:26,839][finetune_logger][INFO] - Current learning rate: 0.0005
2026-06-16 05:38:37 - finetune_logger - INFO - Validation metrics: {'MAE': 1.9672054167064825, 'RMSE': 2.8659559813807185}
[2026-06-16 05:38:37,939][finetune_logger][INFO] - Validation metrics: {'MAE': 1.9672054167064825, 'RMSE': 2.8659559813807185}
2026-06-16 05:38:37 - finetune_logger - INFO - Val time: 71.10s
[2026-06-16 05:38:37,939][finetune_logger][INFO] - Val time: 71.10s
2026-06-16 05:38:37 - finetune_logger - INFO - Val memory reserved: 24.00 MB
[2026-06-16 05:38:37,939][finetune_logger][INFO] - Val memory reserved: 24.00 MB
2026-06-16 05:38:37 - finetune_logger - INFO - Val memory allocated: 18.10 MB
[2026-06-16 05:38:37,939][finetune_logger][INFO] - Val memory allocated: 18.10 MB
2026-06-16 05:38:37 - finetune_logger - INFO - Logged epoch 7 info to /public/home/202411094934/python_project/Spatio-Temporal-Library/time-series/2026-06-16/itransformer/finetune20/ettm2/time-series/seed_2/training_log.json
[2026-06-16 05:38:37,942][finetune_logger][INFO] - Logged epoch 7 info to /public/home/202411094934/python_project/Spatio-Temporal-Library/time-series/2026-06-16/itransformer/finetune20/ettm2/time-series/seed_2/training_log.json
2026-06-16 05:39:49 - finetune_logger - INFO - Test metrics: {'MAE': 2.1160280127288376, 'RMSE': 3.2105617093341503}
[2026-06-16 05:39:49,013][finetune_logger][INFO] - Test metrics: {'MAE': 2.1160280127288376, 'RMSE': 3.2105617093341503}
2026-06-16 05:39:49 - finetune_logger - INFO - Test time: 71.07s
[2026-06-16 05:39:49,014][finetune_logger][INFO] - Test time: 71.07s
2026-06-16 05:39:49 - finetune_logger - INFO - Test memory reserved: 24.00 MB
[2026-06-16 05:39:49,014][finetune_logger][INFO] - Test memory reserved: 24.00 MB
2026-06-16 05:39:49 - finetune_logger - INFO - Test memory allocated: 18.10 MB
[2026-06-16 05:39:49,014][finetune_logger][INFO] - Test memory allocated: 18.10 MB
2026-06-16 05:39:49 - finetune_logger - INFO - Epoch 8/20
[2026-06-16 05:39:49,014][finetune_logger][INFO] - Epoch 8/20
2026-06-16 05:48:20 - finetune_logger - INFO - Train loss: 1.7500635564674543
[2026-06-16 05:48:20,530][finetune_logger][INFO] - Train loss: 1.7500635564674543
2026-06-16 05:48:20 - finetune_logger - INFO - Train time: 511.51543164253235s
[2026-06-16 05:48:20,530][finetune_logger][INFO] - Train time: 511.51543164253235s
2026-06-16 05:48:20 - finetune_logger - INFO - Train memory reserved: 24.00 MB
[2026-06-16 05:48:20,530][finetune_logger][INFO] - Train memory reserved: 24.00 MB
2026-06-16 05:48:20 - finetune_logger - INFO - Train memory allocated: 18.10 MB
[2026-06-16 05:48:20,531][finetune_logger][INFO] - Train memory allocated: 18.10 MB
2026-06-16 05:48:20 - finetune_logger - INFO - Current learning rate: 0.0005
[2026-06-16 05:48:20,531][finetune_logger][INFO] - Current learning rate: 0.0005
2026-06-16 05:49:31 - finetune_logger - INFO - Validation metrics: {'MAE': 1.957593940180558, 'RMSE': 2.846622730825301}
[2026-06-16 05:49:31,499][finetune_logger][INFO] - Validation metrics: {'MAE': 1.957593940180558, 'RMSE': 2.846622730825301}
2026-06-16 05:49:31 - finetune_logger - INFO - Val time: 70.97s
[2026-06-16 05:49:31,499][finetune_logger][INFO] - Val time: 70.97s
2026-06-16 05:49:31 - finetune_logger - INFO - Val memory reserved: 24.00 MB
[2026-06-16 05:49:31,499][finetune_logger][INFO] - Val memory reserved: 24.00 MB
2026-06-16 05:49:31 - finetune_logger - INFO - Val memory allocated: 18.10 MB
[2026-06-16 05:49:31,499][finetune_logger][INFO] - Val memory allocated: 18.10 MB
2026-06-16 05:49:31 - finetune_logger - INFO - Logged epoch 8 info to /public/home/202411094934/python_project/Spatio-Temporal-Library/time-series/2026-06-16/itransformer/finetune20/ettm2/time-series/seed_2/training_log.json
[2026-06-16 05:49:31,503][finetune_logger][INFO] - Logged epoch 8 info to /public/home/202411094934/python_project/Spatio-Temporal-Library/time-series/2026-06-16/itransformer/finetune20/ettm2/time-series/seed_2/training_log.json
2026-06-16 05:50:42 - finetune_logger - INFO - Test metrics: {'MAE': 2.1250726519083907, 'RMSE': 3.227564805664067}
[2026-06-16 05:50:42,557][finetune_logger][INFO] - Test metrics: {'MAE': 2.1250726519083907, 'RMSE': 3.227564805664067}
2026-06-16 05:50:42 - finetune_logger - INFO - Test time: 71.05s
[2026-06-16 05:50:42,558][finetune_logger][INFO] - Test time: 71.05s
2026-06-16 05:50:42 - finetune_logger - INFO - Test memory reserved: 24.00 MB
[2026-06-16 05:50:42,558][finetune_logger][INFO] - Test memory reserved: 24.00 MB
2026-06-16 05:50:42 - finetune_logger - INFO - Test memory allocated: 18.10 MB
[2026-06-16 05:50:42,558][finetune_logger][INFO] - Test memory allocated: 18.10 MB
2026-06-16 05:50:42 - finetune_logger - INFO - Epoch 9/20
[2026-06-16 05:50:42,558][finetune_logger][INFO] - Epoch 9/20
2026-06-16 05:59:14 - finetune_logger - INFO - Train loss: 1.7276018461521123
[2026-06-16 05:59:14,202][finetune_logger][INFO] - Train loss: 1.7276018461521123
2026-06-16 05:59:14 - finetune_logger - INFO - Train time: 511.64386534690857s
[2026-06-16 05:59:14,203][finetune_logger][INFO] - Train time: 511.64386534690857s
2026-06-16 05:59:14 - finetune_logger - INFO - Train memory reserved: 24.00 MB
[2026-06-16 05:59:14,203][finetune_logger][INFO] - Train memory reserved: 24.00 MB
2026-06-16 05:59:14 - finetune_logger - INFO - Train memory allocated: 18.10 MB
[2026-06-16 05:59:14,203][finetune_logger][INFO] - Train memory allocated: 18.10 MB
2026-06-16 05:59:14 - finetune_logger - INFO - Current learning rate: 0.0005
[2026-06-16 05:59:14,203][finetune_logger][INFO] - Current learning rate: 0.0005
2026-06-16 06:00:25 - finetune_logger - INFO - Validation metrics: {'MAE': 1.9876793611859178, 'RMSE': 2.8906610008985627}
[2026-06-16 06:00:25,382][finetune_logger][INFO] - Validation metrics: {'MAE': 1.9876793611859178, 'RMSE': 2.8906610008985627}
2026-06-16 06:00:25 - finetune_logger - INFO - Val time: 71.18s
[2026-06-16 06:00:25,383][finetune_logger][INFO] - Val time: 71.18s
2026-06-16 06:00:25 - finetune_logger - INFO - Val memory reserved: 24.00 MB
[2026-06-16 06:00:25,383][finetune_logger][INFO] - Val memory reserved: 24.00 MB
2026-06-16 06:00:25 - finetune_logger - INFO - Val memory allocated: 18.10 MB
[2026-06-16 06:00:25,383][finetune_logger][INFO] - Val memory allocated: 18.10 MB
2026-06-16 06:00:25 - finetune_logger - INFO - Logged epoch 9 info to /public/home/202411094934/python_project/Spatio-Temporal-Library/time-series/2026-06-16/itransformer/finetune20/ettm2/time-series/seed_2/training_log.json
[2026-06-16 06:00:25,386][finetune_logger][INFO] - Logged epoch 9 info to /public/home/202411094934/python_project/Spatio-Temporal-Library/time-series/2026-06-16/itransformer/finetune20/ettm2/time-series/seed_2/training_log.json
2026-06-16 06:01:36 - finetune_logger - INFO - Test metrics: {'MAE': 2.1569680418113264, 'RMSE': 3.2709659980341494}
[2026-06-16 06:01:36,595][finetune_logger][INFO] - Test metrics: {'MAE': 2.1569680418113264, 'RMSE': 3.2709659980341494}
2026-06-16 06:01:36 - finetune_logger - INFO - Test time: 71.21s
[2026-06-16 06:01:36,595][finetune_logger][INFO] - Test time: 71.21s
2026-06-16 06:01:36 - finetune_logger - INFO - Test memory reserved: 24.00 MB
[2026-06-16 06:01:36,595][finetune_logger][INFO] - Test memory reserved: 24.00 MB
2026-06-16 06:01:36 - finetune_logger - INFO - Test memory allocated: 18.10 MB
[2026-06-16 06:01:36,596][finetune_logger][INFO] - Test memory allocated: 18.10 MB
2026-06-16 06:01:36 - finetune_logger - INFO - Epoch 10/20
[2026-06-16 06:01:36,596][finetune_logger][INFO] - Epoch 10/20
2026-06-16 06:10:08 - finetune_logger - INFO - Train loss: 1.7063791430399493
[2026-06-16 06:10:08,225][finetune_logger][INFO] - Train loss: 1.7063791430399493
2026-06-16 06:10:08 - finetune_logger - INFO - Train time: 511.6284534931183s
[2026-06-16 06:10:08,225][finetune_logger][INFO] - Train time: 511.6284534931183s
2026-06-16 06:10:08 - finetune_logger - INFO - Train memory reserved: 24.00 MB
[2026-06-16 06:10:08,225][finetune_logger][INFO] - Train memory reserved: 24.00 MB
2026-06-16 06:10:08 - finetune_logger - INFO - Train memory allocated: 18.10 MB
[2026-06-16 06:10:08,225][finetune_logger][INFO] - Train memory allocated: 18.10 MB
2026-06-16 06:10:08 - finetune_logger - INFO - Current learning rate: 0.0005
[2026-06-16 06:10:08,225][finetune_logger][INFO] - Current learning rate: 0.0005
2026-06-16 06:11:19 - finetune_logger - INFO - Validation metrics: {'MAE': 1.9696690896273794, 'RMSE': 2.868302248501002}
[2026-06-16 06:11:19,453][finetune_logger][INFO] - Validation metrics: {'MAE': 1.9696690896273794, 'RMSE': 2.868302248501002}
2026-06-16 06:11:19 - finetune_logger - INFO - Val time: 71.23s
[2026-06-16 06:11:19,454][finetune_logger][INFO] - Val time: 71.23s
2026-06-16 06:11:19 - finetune_logger - INFO - Val memory reserved: 24.00 MB
[2026-06-16 06:11:19,454][finetune_logger][INFO] - Val memory reserved: 24.00 MB
2026-06-16 06:11:19 - finetune_logger - INFO - Val memory allocated: 18.10 MB
[2026-06-16 06:11:19,454][finetune_logger][INFO] - Val memory allocated: 18.10 MB
2026-06-16 06:11:19 - finetune_logger - INFO - Logged epoch 10 info to /public/home/202411094934/python_project/Spatio-Temporal-Library/time-series/2026-06-16/itransformer/finetune20/ettm2/time-series/seed_2/training_log.json
[2026-06-16 06:11:19,457][finetune_logger][INFO] - Logged epoch 10 info to /public/home/202411094934/python_project/Spatio-Temporal-Library/time-series/2026-06-16/itransformer/finetune20/ettm2/time-series/seed_2/training_log.json
2026-06-16 06:12:30 - finetune_logger - INFO - Test metrics: {'MAE': 2.131634705229645, 'RMSE': 3.2363947766863226}
[2026-06-16 06:12:30,648][finetune_logger][INFO] - Test metrics: {'MAE': 2.131634705229645, 'RMSE': 3.2363947766863226}
2026-06-16 06:12:30 - finetune_logger - INFO - Test time: 71.17s
[2026-06-16 06:12:30,648][finetune_logger][INFO] - Test time: 71.17s
2026-06-16 06:12:30 - finetune_logger - INFO - Test memory reserved: 24.00 MB
[2026-06-16 06:12:30,648][finetune_logger][INFO] - Test memory reserved: 24.00 MB
2026-06-16 06:12:30 - finetune_logger - INFO - Test memory allocated: 18.10 MB
[2026-06-16 06:12:30,648][finetune_logger][INFO] - Test memory allocated: 18.10 MB
2026-06-16 06:12:30 - finetune_logger - INFO - Epoch 11/20
[2026-06-16 06:12:30,648][finetune_logger][INFO] - Epoch 11/20
2026-06-16 06:21:02 - finetune_logger - INFO - Train loss: 1.645626508148839
[2026-06-16 06:21:02,178][finetune_logger][INFO] - Train loss: 1.645626508148839
2026-06-16 06:21:02 - finetune_logger - INFO - Train time: 511.5287640094757s
[2026-06-16 06:21:02,178][finetune_logger][INFO] - Train time: 511.5287640094757s
2026-06-16 06:21:02 - finetune_logger - INFO - Train memory reserved: 24.00 MB
[2026-06-16 06:21:02,178][finetune_logger][INFO] - Train memory reserved: 24.00 MB
2026-06-16 06:21:02 - finetune_logger - INFO - Train memory allocated: 18.10 MB
[2026-06-16 06:21:02,178][finetune_logger][INFO] - Train memory allocated: 18.10 MB
2026-06-16 06:21:02 - finetune_logger - INFO - Current learning rate: 0.00025
[2026-06-16 06:21:02,178][finetune_logger][INFO] - Current learning rate: 0.00025
2026-06-16 06:22:13 - finetune_logger - INFO - Validation metrics: {'MAE': 1.982038141810203, 'RMSE': 2.885220924145496}
[2026-06-16 06:22:13,170][finetune_logger][INFO] - Validation metrics: {'MAE': 1.982038141810203, 'RMSE': 2.885220924145496}
2026-06-16 06:22:13 - finetune_logger - INFO - Val time: 70.99s
[2026-06-16 06:22:13,170][finetune_logger][INFO] - Val time: 70.99s
2026-06-16 06:22:13 - finetune_logger - INFO - Val memory reserved: 24.00 MB
[2026-06-16 06:22:13,170][finetune_logger][INFO] - Val memory reserved: 24.00 MB
2026-06-16 06:22:13 - finetune_logger - INFO - Val memory allocated: 18.10 MB
[2026-06-16 06:22:13,170][finetune_logger][INFO] - Val memory allocated: 18.10 MB
2026-06-16 06:22:13 - finetune_logger - INFO - Logged epoch 11 info to /public/home/202411094934/python_project/Spatio-Temporal-Library/time-series/2026-06-16/itransformer/finetune20/ettm2/time-series/seed_2/training_log.json
[2026-06-16 06:22:13,173][finetune_logger][INFO] - Logged epoch 11 info to /public/home/202411094934/python_project/Spatio-Temporal-Library/time-series/2026-06-16/itransformer/finetune20/ettm2/time-series/seed_2/training_log.json
2026-06-16 06:23:24 - finetune_logger - INFO - Test metrics: {'MAE': 2.1224318232263246, 'RMSE': 3.2228595410777685}
[2026-06-16 06:23:24,431][finetune_logger][INFO] - Test metrics: {'MAE': 2.1224318232263246, 'RMSE': 3.2228595410777685}
2026-06-16 06:23:24 - finetune_logger - INFO - Test time: 71.26s
[2026-06-16 06:23:24,431][finetune_logger][INFO] - Test time: 71.26s
2026-06-16 06:23:24 - finetune_logger - INFO - Test memory reserved: 24.00 MB
[2026-06-16 06:23:24,431][finetune_logger][INFO] - Test memory reserved: 24.00 MB
2026-06-16 06:23:24 - finetune_logger - INFO - Test memory allocated: 18.10 MB
[2026-06-16 06:23:24,431][finetune_logger][INFO] - Test memory allocated: 18.10 MB
2026-06-16 06:23:24 - finetune_logger - INFO - Epoch 12/20
[2026-06-16 06:23:24,431][finetune_logger][INFO] - Epoch 12/20
2026-06-16 06:31:55 - finetune_logger - INFO - Train loss: 1.6252330227732676
[2026-06-16 06:31:55,829][finetune_logger][INFO] - Train loss: 1.6252330227732676
2026-06-16 06:31:55 - finetune_logger - INFO - Train time: 511.3972661495209s
[2026-06-16 06:31:55,829][finetune_logger][INFO] - Train time: 511.3972661495209s
2026-06-16 06:31:55 - finetune_logger - INFO - Train memory reserved: 24.00 MB
[2026-06-16 06:31:55,830][finetune_logger][INFO] - Train memory reserved: 24.00 MB
2026-06-16 06:31:55 - finetune_logger - INFO - Train memory allocated: 18.10 MB
[2026-06-16 06:31:55,830][finetune_logger][INFO] - Train memory allocated: 18.10 MB
2026-06-16 06:31:55 - finetune_logger - INFO - Current learning rate: 0.00025
[2026-06-16 06:31:55,830][finetune_logger][INFO] - Current learning rate: 0.00025
2026-06-16 06:33:06 - finetune_logger - INFO - Validation metrics: {'MAE': 1.985118695872659, 'RMSE': 2.90263989325158}
[2026-06-16 06:33:06,695][finetune_logger][INFO] - Validation metrics: {'MAE': 1.985118695872659, 'RMSE': 2.90263989325158}
2026-06-16 06:33:06 - finetune_logger - INFO - Val time: 70.87s
[2026-06-16 06:33:06,696][finetune_logger][INFO] - Val time: 70.87s
2026-06-16 06:33:06 - finetune_logger - INFO - Val memory reserved: 24.00 MB
[2026-06-16 06:33:06,696][finetune_logger][INFO] - Val memory reserved: 24.00 MB
2026-06-16 06:33:06 - finetune_logger - INFO - Val memory allocated: 18.10 MB
[2026-06-16 06:33:06,696][finetune_logger][INFO] - Val memory allocated: 18.10 MB
2026-06-16 06:33:06 - finetune_logger - INFO - Logged epoch 12 info to /public/home/202411094934/python_project/Spatio-Temporal-Library/time-series/2026-06-16/itransformer/finetune20/ettm2/time-series/seed_2/training_log.json
[2026-06-16 06:33:06,699][finetune_logger][INFO] - Logged epoch 12 info to /public/home/202411094934/python_project/Spatio-Temporal-Library/time-series/2026-06-16/itransformer/finetune20/ettm2/time-series/seed_2/training_log.json
2026-06-16 06:34:17 - finetune_logger - INFO - Test metrics: {'MAE': 2.1499158915074372, 'RMSE': 3.2729318564698815}
[2026-06-16 06:34:17,700][finetune_logger][INFO] - Test metrics: {'MAE': 2.1499158915074372, 'RMSE': 3.2729318564698815}
2026-06-16 06:34:17 - finetune_logger - INFO - Test time: 71.00s
[2026-06-16 06:34:17,700][finetune_logger][INFO] - Test time: 71.00s
2026-06-16 06:34:17 - finetune_logger - INFO - Test memory reserved: 24.00 MB
[2026-06-16 06:34:17,700][finetune_logger][INFO] - Test memory reserved: 24.00 MB
2026-06-16 06:34:17 - finetune_logger - INFO - Test memory allocated: 18.10 MB
[2026-06-16 06:34:17,700][finetune_logger][INFO] - Test memory allocated: 18.10 MB
2026-06-16 06:34:17 - finetune_logger - INFO - Epoch 13/20
[2026-06-16 06:34:17,701][finetune_logger][INFO] - Epoch 13/20
2026-06-16 06:42:49 - finetune_logger - INFO - Train loss: 1.61217488605068
[2026-06-16 06:42:49,260][finetune_logger][INFO] - Train loss: 1.61217488605068
2026-06-16 06:42:49 - finetune_logger - INFO - Train time: 511.55896067619324s
[2026-06-16 06:42:49,260][finetune_logger][INFO] - Train time: 511.55896067619324s
2026-06-16 06:42:49 - finetune_logger - INFO - Train memory reserved: 24.00 MB
[2026-06-16 06:42:49,260][finetune_logger][INFO] - Train memory reserved: 24.00 MB
2026-06-16 06:42:49 - finetune_logger - INFO - Train memory allocated: 18.10 MB
[2026-06-16 06:42:49,260][finetune_logger][INFO] - Train memory allocated: 18.10 MB
2026-06-16 06:42:49 - finetune_logger - INFO - Current learning rate: 0.00025
[2026-06-16 06:42:49,261][finetune_logger][INFO] - Current learning rate: 0.00025
2026-06-16 06:44:00 - finetune_logger - INFO - Validation metrics: {'MAE': 2.0109200462943586, 'RMSE': 2.936547120094718}
[2026-06-16 06:44:00,335][finetune_logger][INFO] - Validation metrics: {'MAE': 2.0109200462943586, 'RMSE': 2.936547120094718}
2026-06-16 06:44:00 - finetune_logger - INFO - Val time: 71.07s
[2026-06-16 06:44:00,336][finetune_logger][INFO] - Val time: 71.07s
2026-06-16 06:44:00 - finetune_logger - INFO - Val memory reserved: 24.00 MB
[2026-06-16 06:44:00,336][finetune_logger][INFO] - Val memory reserved: 24.00 MB
2026-06-16 06:44:00 - finetune_logger - INFO - Val memory allocated: 18.10 MB
[2026-06-16 06:44:00,336][finetune_logger][INFO] - Val memory allocated: 18.10 MB
2026-06-16 06:44:00 - finetune_logger - INFO - Logged epoch 13 info to /public/home/202411094934/python_project/Spatio-Temporal-Library/time-series/2026-06-16/itransformer/finetune20/ettm2/time-series/seed_2/training_log.json
[2026-06-16 06:44:00,339][finetune_logger][INFO] - Logged epoch 13 info to /public/home/202411094934/python_project/Spatio-Temporal-Library/time-series/2026-06-16/itransformer/finetune20/ettm2/time-series/seed_2/training_log.json
2026-06-16 06:45:11 - finetune_logger - INFO - Test metrics: {'MAE': 2.1749219827106114, 'RMSE': 3.3050043891812635}
[2026-06-16 06:45:11,557][finetune_logger][INFO] - Test metrics: {'MAE': 2.1749219827106114, 'RMSE': 3.3050043891812635}
2026-06-16 06:45:11 - finetune_logger - INFO - Test time: 71.22s
[2026-06-16 06:45:11,557][finetune_logger][INFO] - Test time: 71.22s
2026-06-16 06:45:11 - finetune_logger - INFO - Test memory reserved: 24.00 MB
[2026-06-16 06:45:11,557][finetune_logger][INFO] - Test memory reserved: 24.00 MB
2026-06-16 06:45:11 - finetune_logger - INFO - Test memory allocated: 18.10 MB
[2026-06-16 06:45:11,557][finetune_logger][INFO] - Test memory allocated: 18.10 MB
2026-06-16 06:45:11 - finetune_logger - INFO - Epoch 14/20
[2026-06-16 06:45:11,557][finetune_logger][INFO] - Epoch 14/20
2026-06-16 06:53:43 - finetune_logger - INFO - Train loss: 1.5989681324706961
[2026-06-16 06:53:43,026][finetune_logger][INFO] - Train loss: 1.5989681324706961
2026-06-16 06:53:43 - finetune_logger - INFO - Train time: 511.4680585861206s
[2026-06-16 06:53:43,026][finetune_logger][INFO] - Train time: 511.4680585861206s
2026-06-16 06:53:43 - finetune_logger - INFO - Train memory reserved: 24.00 MB
[2026-06-16 06:53:43,026][finetune_logger][INFO] - Train memory reserved: 24.00 MB
2026-06-16 06:53:43 - finetune_logger - INFO - Train memory allocated: 18.10 MB
[2026-06-16 06:53:43,026][finetune_logger][INFO] - Train memory allocated: 18.10 MB
2026-06-16 06:53:43 - finetune_logger - INFO - Current learning rate: 0.00025
[2026-06-16 06:53:43,027][finetune_logger][INFO] - Current learning rate: 0.00025
2026-06-16 06:54:54 - finetune_logger - INFO - Validation metrics: {'MAE': 1.983987775427798, 'RMSE': 2.8878942366023095}
[2026-06-16 06:54:54,135][finetune_logger][INFO] - Validation metrics: {'MAE': 1.983987775427798, 'RMSE': 2.8878942366023095}
2026-06-16 06:54:54 - finetune_logger - INFO - Val time: 71.11s
[2026-06-16 06:54:54,136][finetune_logger][INFO] - Val time: 71.11s
2026-06-16 06:54:54 - finetune_logger - INFO - Val memory reserved: 24.00 MB
[2026-06-16 06:54:54,136][finetune_logger][INFO] - Val memory reserved: 24.00 MB
2026-06-16 06:54:54 - finetune_logger - INFO - Val memory allocated: 18.10 MB
[2026-06-16 06:54:54,136][finetune_logger][INFO] - Val memory allocated: 18.10 MB
2026-06-16 06:54:54 - finetune_logger - INFO - Logged epoch 14 info to /public/home/202411094934/python_project/Spatio-Temporal-Library/time-series/2026-06-16/itransformer/finetune20/ettm2/time-series/seed_2/training_log.json
[2026-06-16 06:54:54,139][finetune_logger][INFO] - Logged epoch 14 info to /public/home/202411094934/python_project/Spatio-Temporal-Library/time-series/2026-06-16/itransformer/finetune20/ettm2/time-series/seed_2/training_log.json
2026-06-16 06:56:05 - finetune_logger - INFO - Test metrics: {'MAE': 2.13549912855777, 'RMSE': 3.2446718750347108}
[2026-06-16 06:56:05,096][finetune_logger][INFO] - Test metrics: {'MAE': 2.13549912855777, 'RMSE': 3.2446718750347108}
2026-06-16 06:56:05 - finetune_logger - INFO - Test time: 70.96s
[2026-06-16 06:56:05,097][finetune_logger][INFO] - Test time: 70.96s
2026-06-16 06:56:05 - finetune_logger - INFO - Test memory reserved: 24.00 MB
[2026-06-16 06:56:05,097][finetune_logger][INFO] - Test memory reserved: 24.00 MB
2026-06-16 06:56:05 - finetune_logger - INFO - Test memory allocated: 18.10 MB
[2026-06-16 06:56:05,097][finetune_logger][INFO] - Test memory allocated: 18.10 MB
2026-06-16 06:56:05 - finetune_logger - INFO - Epoch 15/20
[2026-06-16 06:56:05,097][finetune_logger][INFO] - Epoch 15/20
2026-06-16 07:04:34 - finetune_logger - INFO - Train loss: 1.5889228651482215
[2026-06-16 07:04:34,173][finetune_logger][INFO] - Train loss: 1.5889228651482215
2026-06-16 07:04:34 - finetune_logger - INFO - Train time: 509.0753273963928s
[2026-06-16 07:04:34,173][finetune_logger][INFO] - Train time: 509.0753273963928s
2026-06-16 07:04:34 - finetune_logger - INFO - Train memory reserved: 24.00 MB
[2026-06-16 07:04:34,173][finetune_logger][INFO] - Train memory reserved: 24.00 MB
2026-06-16 07:04:34 - finetune_logger - INFO - Train memory allocated: 18.10 MB
[2026-06-16 07:04:34,173][finetune_logger][INFO] - Train memory allocated: 18.10 MB
2026-06-16 07:04:34 - finetune_logger - INFO - Current learning rate: 0.00025
[2026-06-16 07:04:34,173][finetune_logger][INFO] - Current learning rate: 0.00025
2026-06-16 07:05:44 - finetune_logger - INFO - Validation metrics: {'MAE': 1.9994389081604533, 'RMSE': 2.9166549780608952}
[2026-06-16 07:05:44,901][finetune_logger][INFO] - Validation metrics: {'MAE': 1.9994389081604533, 'RMSE': 2.9166549780608952}
2026-06-16 07:05:44 - finetune_logger - INFO - Val time: 70.73s
[2026-06-16 07:05:44,901][finetune_logger][INFO] - Val time: 70.73s
2026-06-16 07:05:44 - finetune_logger - INFO - Val memory reserved: 24.00 MB
[2026-06-16 07:05:44,901][finetune_logger][INFO] - Val memory reserved: 24.00 MB
2026-06-16 07:05:44 - finetune_logger - INFO - Val memory allocated: 18.10 MB
[2026-06-16 07:05:44,901][finetune_logger][INFO] - Val memory allocated: 18.10 MB
2026-06-16 07:05:44 - finetune_logger - INFO - Logged epoch 15 info to /public/home/202411094934/python_project/Spatio-Temporal-Library/time-series/2026-06-16/itransformer/finetune20/ettm2/time-series/seed_2/training_log.json
[2026-06-16 07:05:44,905][finetune_logger][INFO] - Logged epoch 15 info to /public/home/202411094934/python_project/Spatio-Temporal-Library/time-series/2026-06-16/itransformer/finetune20/ettm2/time-series/seed_2/training_log.json
2026-06-16 07:06:55 - finetune_logger - INFO - Test metrics: {'MAE': 2.1698832511531427, 'RMSE': 3.302801405658654}
[2026-06-16 07:06:55,657][finetune_logger][INFO] - Test metrics: {'MAE': 2.1698832511531427, 'RMSE': 3.302801405658654}
2026-06-16 07:06:55 - finetune_logger - INFO - Test time: 70.75s
[2026-06-16 07:06:55,657][finetune_logger][INFO] - Test time: 70.75s
2026-06-16 07:06:55 - finetune_logger - INFO - Test memory reserved: 24.00 MB
[2026-06-16 07:06:55,657][finetune_logger][INFO] - Test memory reserved: 24.00 MB
2026-06-16 07:06:55 - finetune_logger - INFO - Test memory allocated: 18.10 MB
[2026-06-16 07:06:55,657][finetune_logger][INFO] - Test memory allocated: 18.10 MB
2026-06-16 07:06:55 - finetune_logger - INFO - Epoch 16/20
[2026-06-16 07:06:55,657][finetune_logger][INFO] - Epoch 16/20
2026-06-16 07:15:24 - finetune_logger - INFO - Train loss: 1.578010987289399
[2026-06-16 07:15:24,552][finetune_logger][INFO] - Train loss: 1.578010987289399
2026-06-16 07:15:24 - finetune_logger - INFO - Train time: 508.8944778442383s
[2026-06-16 07:15:24,552][finetune_logger][INFO] - Train time: 508.8944778442383s
2026-06-16 07:15:24 - finetune_logger - INFO - Train memory reserved: 24.00 MB
[2026-06-16 07:15:24,553][finetune_logger][INFO] - Train memory reserved: 24.00 MB
2026-06-16 07:15:24 - finetune_logger - INFO - Train memory allocated: 18.10 MB
[2026-06-16 07:15:24,553][finetune_logger][INFO] - Train memory allocated: 18.10 MB
2026-06-16 07:15:24 - finetune_logger - INFO - Current learning rate: 0.00025
[2026-06-16 07:15:24,553][finetune_logger][INFO] - Current learning rate: 0.00025
2026-06-16 07:16:35 - finetune_logger - INFO - Validation metrics: {'MAE': 2.0000603364617664, 'RMSE': 2.9199166600565536}
[2026-06-16 07:16:35,304][finetune_logger][INFO] - Validation metrics: {'MAE': 2.0000603364617664, 'RMSE': 2.9199166600565536}
2026-06-16 07:16:35 - finetune_logger - INFO - Val time: 70.75s
[2026-06-16 07:16:35,304][finetune_logger][INFO] - Val time: 70.75s
2026-06-16 07:16:35 - finetune_logger - INFO - Val memory reserved: 24.00 MB
[2026-06-16 07:16:35,304][finetune_logger][INFO] - Val memory reserved: 24.00 MB
2026-06-16 07:16:35 - finetune_logger - INFO - Val memory allocated: 18.10 MB
[2026-06-16 07:16:35,304][finetune_logger][INFO] - Val memory allocated: 18.10 MB
2026-06-16 07:16:35 - finetune_logger - INFO - Logged epoch 16 info to /public/home/202411094934/python_project/Spatio-Temporal-Library/time-series/2026-06-16/itransformer/finetune20/ettm2/time-series/seed_2/training_log.json
[2026-06-16 07:16:35,308][finetune_logger][INFO] - Logged epoch 16 info to /public/home/202411094934/python_project/Spatio-Temporal-Library/time-series/2026-06-16/itransformer/finetune20/ettm2/time-series/seed_2/training_log.json
2026-06-16 07:17:46 - finetune_logger - INFO - Test metrics: {'MAE': 2.1621699170541553, 'RMSE': 3.2880912620757825}
[2026-06-16 07:17:46,053][finetune_logger][INFO] - Test metrics: {'MAE': 2.1621699170541553, 'RMSE': 3.2880912620757825}
2026-06-16 07:17:46 - finetune_logger - INFO - Test time: 70.74s
[2026-06-16 07:17:46,053][finetune_logger][INFO] - Test time: 70.74s
2026-06-16 07:17:46 - finetune_logger - INFO - Test memory reserved: 24.00 MB
[2026-06-16 07:17:46,053][finetune_logger][INFO] - Test memory reserved: 24.00 MB
2026-06-16 07:17:46 - finetune_logger - INFO - Test memory allocated: 18.10 MB
[2026-06-16 07:17:46,053][finetune_logger][INFO] - Test memory allocated: 18.10 MB
2026-06-16 07:17:46 - finetune_logger - INFO - Epoch 17/20
[2026-06-16 07:17:46,053][finetune_logger][INFO] - Epoch 17/20
2026-06-16 07:26:15 - finetune_logger - INFO - Train loss: 1.5663097475919956
[2026-06-16 07:26:15,070][finetune_logger][INFO] - Train loss: 1.5663097475919956
2026-06-16 07:26:15 - finetune_logger - INFO - Train time: 509.01641607284546s
[2026-06-16 07:26:15,071][finetune_logger][INFO] - Train time: 509.01641607284546s
2026-06-16 07:26:15 - finetune_logger - INFO - Train memory reserved: 24.00 MB
[2026-06-16 07:26:15,071][finetune_logger][INFO] - Train memory reserved: 24.00 MB
2026-06-16 07:26:15 - finetune_logger - INFO - Train memory allocated: 18.10 MB
[2026-06-16 07:26:15,071][finetune_logger][INFO] - Train memory allocated: 18.10 MB
2026-06-16 07:26:15 - finetune_logger - INFO - Current learning rate: 0.00025
[2026-06-16 07:26:15,071][finetune_logger][INFO] - Current learning rate: 0.00025
2026-06-16 07:27:25 - finetune_logger - INFO - Validation metrics: {'MAE': 2.00947360405645, 'RMSE': 2.9316577478033095}
[2026-06-16 07:27:25,841][finetune_logger][INFO] - Validation metrics: {'MAE': 2.00947360405645, 'RMSE': 2.9316577478033095}
2026-06-16 07:27:25 - finetune_logger - INFO - Val time: 70.77s
[2026-06-16 07:27:25,841][finetune_logger][INFO] - Val time: 70.77s
2026-06-16 07:27:25 - finetune_logger - INFO - Val memory reserved: 24.00 MB
[2026-06-16 07:27:25,841][finetune_logger][INFO] - Val memory reserved: 24.00 MB
2026-06-16 07:27:25 - finetune_logger - INFO - Val memory allocated: 18.10 MB
[2026-06-16 07:27:25,841][finetune_logger][INFO] - Val memory allocated: 18.10 MB
2026-06-16 07:27:25 - finetune_logger - INFO - Logged epoch 17 info to /public/home/202411094934/python_project/Spatio-Temporal-Library/time-series/2026-06-16/itransformer/finetune20/ettm2/time-series/seed_2/training_log.json
[2026-06-16 07:27:25,846][finetune_logger][INFO] - Logged epoch 17 info to /public/home/202411094934/python_project/Spatio-Temporal-Library/time-series/2026-06-16/itransformer/finetune20/ettm2/time-series/seed_2/training_log.json
2026-06-16 07:28:36 - finetune_logger - INFO - Test metrics: {'MAE': 2.15577314460325, 'RMSE': 3.2754268633541344}
[2026-06-16 07:28:36,526][finetune_logger][INFO] - Test metrics: {'MAE': 2.15577314460325, 'RMSE': 3.2754268633541344}
2026-06-16 07:28:36 - finetune_logger - INFO - Test time: 70.68s
[2026-06-16 07:28:36,526][finetune_logger][INFO] - Test time: 70.68s
2026-06-16 07:28:36 - finetune_logger - INFO - Test memory reserved: 24.00 MB
[2026-06-16 07:28:36,526][finetune_logger][INFO] - Test memory reserved: 24.00 MB
2026-06-16 07:28:36 - finetune_logger - INFO - Test memory allocated: 18.10 MB
[2026-06-16 07:28:36,526][finetune_logger][INFO] - Test memory allocated: 18.10 MB
2026-06-16 07:28:36 - finetune_logger - INFO - Epoch 18/20
[2026-06-16 07:28:36,526][finetune_logger][INFO] - Epoch 18/20
2026-06-16 07:37:04 - finetune_logger - INFO - Train loss: 1.5604865690141798
[2026-06-16 07:37:04,951][finetune_logger][INFO] - Train loss: 1.5604865690141798
2026-06-16 07:37:04 - finetune_logger - INFO - Train time: 508.42437505722046s
[2026-06-16 07:37:04,951][finetune_logger][INFO] - Train time: 508.42437505722046s
2026-06-16 07:37:04 - finetune_logger - INFO - Train memory reserved: 24.00 MB
[2026-06-16 07:37:04,952][finetune_logger][INFO] - Train memory reserved: 24.00 MB
2026-06-16 07:37:04 - finetune_logger - INFO - Train memory allocated: 18.10 MB
[2026-06-16 07:37:04,952][finetune_logger][INFO] - Train memory allocated: 18.10 MB
2026-06-16 07:37:04 - finetune_logger - INFO - Current learning rate: 0.00025
[2026-06-16 07:37:04,952][finetune_logger][INFO] - Current learning rate: 0.00025
2026-06-16 07:38:15 - finetune_logger - INFO - Validation metrics: {'MAE': 2.0126304189417152, 'RMSE': 2.939802555269624}
[2026-06-16 07:38:15,880][finetune_logger][INFO] - Validation metrics: {'MAE': 2.0126304189417152, 'RMSE': 2.939802555269624}
2026-06-16 07:38:15 - finetune_logger - INFO - Val time: 70.93s
[2026-06-16 07:38:15,880][finetune_logger][INFO] - Val time: 70.93s
2026-06-16 07:38:15 - finetune_logger - INFO - Val memory reserved: 24.00 MB
[2026-06-16 07:38:15,880][finetune_logger][INFO] - Val memory reserved: 24.00 MB
2026-06-16 07:38:15 - finetune_logger - INFO - Val memory allocated: 18.10 MB
[2026-06-16 07:38:15,880][finetune_logger][INFO] - Val memory allocated: 18.10 MB
2026-06-16 07:38:15 - finetune_logger - INFO - Logged epoch 18 info to /public/home/202411094934/python_project/Spatio-Temporal-Library/time-series/2026-06-16/itransformer/finetune20/ettm2/time-series/seed_2/training_log.json
[2026-06-16 07:38:15,884][finetune_logger][INFO] - Logged epoch 18 info to /public/home/202411094934/python_project/Spatio-Temporal-Library/time-series/2026-06-16/itransformer/finetune20/ettm2/time-series/seed_2/training_log.json
2026-06-16 07:39:26 - finetune_logger - INFO - Test metrics: {'MAE': 2.1635035698116565, 'RMSE': 3.2869726779563666}
[2026-06-16 07:39:26,525][finetune_logger][INFO] - Test metrics: {'MAE': 2.1635035698116565, 'RMSE': 3.2869726779563666}
2026-06-16 07:39:26 - finetune_logger - INFO - Test time: 70.64s
[2026-06-16 07:39:26,525][finetune_logger][INFO] - Test time: 70.64s
2026-06-16 07:39:26 - finetune_logger - INFO - Test memory reserved: 24.00 MB
[2026-06-16 07:39:26,525][finetune_logger][INFO] - Test memory reserved: 24.00 MB
2026-06-16 07:39:26 - finetune_logger - INFO - Test memory allocated: 18.10 MB
[2026-06-16 07:39:26,525][finetune_logger][INFO] - Test memory allocated: 18.10 MB
2026-06-16 07:39:26 - finetune_logger - INFO - Epoch 19/20
[2026-06-16 07:39:26,525][finetune_logger][INFO] - Epoch 19/20
2026-06-16 07:47:55 - finetune_logger - INFO - Train loss: 1.5504277642692987
[2026-06-16 07:47:55,397][finetune_logger][INFO] - Train loss: 1.5504277642692987
2026-06-16 07:47:55 - finetune_logger - INFO - Train time: 508.8714179992676s
[2026-06-16 07:47:55,397][finetune_logger][INFO] - Train time: 508.8714179992676s
2026-06-16 07:47:55 - finetune_logger - INFO - Train memory reserved: 24.00 MB
[2026-06-16 07:47:55,398][finetune_logger][INFO] - Train memory reserved: 24.00 MB
2026-06-16 07:47:55 - finetune_logger - INFO - Train memory allocated: 18.10 MB
[2026-06-16 07:47:55,398][finetune_logger][INFO] - Train memory allocated: 18.10 MB
2026-06-16 07:47:55 - finetune_logger - INFO - Current learning rate: 0.00025
[2026-06-16 07:47:55,398][finetune_logger][INFO] - Current learning rate: 0.00025
2026-06-16 07:49:06 - finetune_logger - INFO - Validation metrics: {'MAE': 2.033467359141774, 'RMSE': 2.974088233045284}
[2026-06-16 07:49:06,072][finetune_logger][INFO] - Validation metrics: {'MAE': 2.033467359141774, 'RMSE': 2.974088233045284}
2026-06-16 07:49:06 - finetune_logger - INFO - Val time: 70.67s
[2026-06-16 07:49:06,073][finetune_logger][INFO] - Val time: 70.67s
2026-06-16 07:49:06 - finetune_logger - INFO - Val memory reserved: 24.00 MB
[2026-06-16 07:49:06,073][finetune_logger][INFO] - Val memory reserved: 24.00 MB
2026-06-16 07:49:06 - finetune_logger - INFO - Val memory allocated: 18.10 MB
[2026-06-16 07:49:06,073][finetune_logger][INFO] - Val memory allocated: 18.10 MB
2026-06-16 07:49:06 - finetune_logger - INFO - Logged epoch 19 info to /public/home/202411094934/python_project/Spatio-Temporal-Library/time-series/2026-06-16/itransformer/finetune20/ettm2/time-series/seed_2/training_log.json
[2026-06-16 07:49:06,077][finetune_logger][INFO] - Logged epoch 19 info to /public/home/202411094934/python_project/Spatio-Temporal-Library/time-series/2026-06-16/itransformer/finetune20/ettm2/time-series/seed_2/training_log.json
2026-06-16 07:50:16 - finetune_logger - INFO - Test metrics: {'MAE': 2.1931756969509957, 'RMSE': 3.3286303782537314}
[2026-06-16 07:50:16,892][finetune_logger][INFO] - Test metrics: {'MAE': 2.1931756969509957, 'RMSE': 3.3286303782537314}
2026-06-16 07:50:16 - finetune_logger - INFO - Test time: 70.81s
[2026-06-16 07:50:16,892][finetune_logger][INFO] - Test time: 70.81s
2026-06-16 07:50:16 - finetune_logger - INFO - Test memory reserved: 24.00 MB
[2026-06-16 07:50:16,892][finetune_logger][INFO] - Test memory reserved: 24.00 MB
2026-06-16 07:50:16 - finetune_logger - INFO - Test memory allocated: 18.10 MB
[2026-06-16 07:50:16,892][finetune_logger][INFO] - Test memory allocated: 18.10 MB
2026-06-16 07:50:16 - finetune_logger - INFO - Epoch 20/20
[2026-06-16 07:50:16,893][finetune_logger][INFO] - Epoch 20/20
2026-06-16 07:58:45 - finetune_logger - INFO - Train loss: 1.5437105749633493
[2026-06-16 07:58:45,228][finetune_logger][INFO] - Train loss: 1.5437105749633493
2026-06-16 07:58:45 - finetune_logger - INFO - Train time: 508.3351294994354s
[2026-06-16 07:58:45,228][finetune_logger][INFO] - Train time: 508.3351294994354s
2026-06-16 07:58:45 - finetune_logger - INFO - Train memory reserved: 24.00 MB
[2026-06-16 07:58:45,229][finetune_logger][INFO] - Train memory reserved: 24.00 MB
2026-06-16 07:58:45 - finetune_logger - INFO - Train memory allocated: 18.10 MB
[2026-06-16 07:58:45,229][finetune_logger][INFO] - Train memory allocated: 18.10 MB
2026-06-16 07:58:45 - finetune_logger - INFO - Current learning rate: 0.00025
[2026-06-16 07:58:45,229][finetune_logger][INFO] - Current learning rate: 0.00025
2026-06-16 07:59:55 - finetune_logger - INFO - Validation metrics: {'MAE': 2.057608819261847, 'RMSE': 3.0049878457573787}
[2026-06-16 07:59:55,929][finetune_logger][INFO] - Validation metrics: {'MAE': 2.057608819261847, 'RMSE': 3.0049878457573787}
2026-06-16 07:59:55 - finetune_logger - INFO - Val time: 70.70s
[2026-06-16 07:59:55,929][finetune_logger][INFO] - Val time: 70.70s
2026-06-16 07:59:55 - finetune_logger - INFO - Val memory reserved: 24.00 MB
[2026-06-16 07:59:55,930][finetune_logger][INFO] - Val memory reserved: 24.00 MB
2026-06-16 07:59:55 - finetune_logger - INFO - Val memory allocated: 18.10 MB
[2026-06-16 07:59:55,930][finetune_logger][INFO] - Val memory allocated: 18.10 MB
2026-06-16 07:59:55 - finetune_logger - INFO - Logged epoch 20 info to /public/home/202411094934/python_project/Spatio-Temporal-Library/time-series/2026-06-16/itransformer/finetune20/ettm2/time-series/seed_2/training_log.json
[2026-06-16 07:59:55,933][finetune_logger][INFO] - Logged epoch 20 info to /public/home/202411094934/python_project/Spatio-Temporal-Library/time-series/2026-06-16/itransformer/finetune20/ettm2/time-series/seed_2/training_log.json
2026-06-16 08:01:06 - finetune_logger - INFO - Test metrics: {'MAE': 2.1961815048840814, 'RMSE': 3.3325700731632972}
[2026-06-16 08:01:06,640][finetune_logger][INFO] - Test metrics: {'MAE': 2.1961815048840814, 'RMSE': 3.3325700731632972}
2026-06-16 08:01:06 - finetune_logger - INFO - Test time: 70.68s
[2026-06-16 08:01:06,640][finetune_logger][INFO] - Test time: 70.68s
2026-06-16 08:01:06 - finetune_logger - INFO - Test memory reserved: 24.00 MB
[2026-06-16 08:01:06,640][finetune_logger][INFO] - Test memory reserved: 24.00 MB
2026-06-16 08:01:06 - finetune_logger - INFO - Test memory allocated: 18.10 MB
[2026-06-16 08:01:06,641][finetune_logger][INFO] - Test memory allocated: 18.10 MB
2026-06-16 08:01:06 - finetune_logger - INFO - Training completed. Best epoch: 2, Best val loss: 1.938045
[2026-06-16 08:01:06,641][finetune_logger][INFO] - Training completed. Best epoch: 2, Best val loss: 1.938045
2026-06-16 08:01:06 - finetune_logger - INFO - Loaded checkpoint from epoch 2
[2026-06-16 08:01:06,673][finetune_logger][INFO] - Loaded checkpoint from epoch 2
2026-06-16 08:01:06 - finetune_logger - INFO - Evaluating best model on test sets...
[2026-06-16 08:01:06,673][finetune_logger][INFO] - Evaluating best model on test sets...
2026-06-16 08:02:17 - finetune_logger - INFO - Test metrics: {'MAE': 2.077306100447034, 'RMSE': 3.1524830966857285}
[2026-06-16 08:02:17,441][finetune_logger][INFO] - Test metrics: {'MAE': 2.077306100447034, 'RMSE': 3.1524830966857285}
2026-06-16 08:02:17 - finetune_logger - INFO - Test time: 70.77s
[2026-06-16 08:02:17,442][finetune_logger][INFO] - Test time: 70.77s
2026-06-16 08:02:17 - finetune_logger - INFO - Test memory reserved: 26.00 MB
[2026-06-16 08:02:17,442][finetune_logger][INFO] - Test memory reserved: 26.00 MB
2026-06-16 08:02:17 - finetune_logger - INFO - Test memory allocated: 18.14 MB
[2026-06-16 08:02:17,442][finetune_logger][INFO] - Test memory allocated: 18.14 MB
2026-06-16 08:02:17 - finetune_logger - INFO - Logged epoch test info to /public/home/202411094934/python_project/Spatio-Temporal-Library/time-series/2026-06-16/itransformer/finetune20/ettm2/time-series/seed_2/training_log.json
[2026-06-16 08:02:17,446][finetune_logger][INFO] - Logged epoch test info to /public/home/202411094934/python_project/Spatio-Temporal-Library/time-series/2026-06-16/itransformer/finetune20/ettm2/time-series/seed_2/training_log.json
2026-06-16 12:48:03 - finetune_logger - INFO - No pretrained checkpoint is provided. Finetuning from scratch.
[2026-06-16 12:48:03,901][finetune_logger][INFO] - No pretrained checkpoint is provided. Finetuning from scratch.
2026-06-16 12:48:03 - finetune_logger - INFO - Model parameters: 158,912
[2026-06-16 12:48:03,905][finetune_logger][INFO] - Model parameters: 158,912
2026-06-16 12:48:03 - finetune_logger - INFO - Log file already exists at /public/home/202411094934/python_project/Spatio-Temporal-Library/time-series/2026-06-16/itransformer/finetune20/ettm2/time-series/seed_2/training_log.json, appending to it.
[2026-06-16 12:48:03,908][finetune_logger][INFO] - Log file already exists at /public/home/202411094934/python_project/Spatio-Temporal-Library/time-series/2026-06-16/itransformer/finetune20/ettm2/time-series/seed_2/training_log.json, appending to it.
2026-06-16 12:48:03 - finetune_logger - INFO - Starting training...
[2026-06-16 12:48:03,908][finetune_logger][INFO] - Starting training...
2026-06-16 12:48:03 - finetune_logger - INFO - Epoch 1/20
[2026-06-16 12:48:03,908][finetune_logger][INFO] - Epoch 1/20
2026-06-16 12:56:36 - finetune_logger - INFO - Train loss: 2.075459569125307
[2026-06-16 12:56:36,692][finetune_logger][INFO] - Train loss: 2.075459569125307
2026-06-16 12:56:36 - finetune_logger - INFO - Train time: 512.7835314273834s
[2026-06-16 12:56:36,692][finetune_logger][INFO] - Train time: 512.7835314273834s
2026-06-16 12:56:36 - finetune_logger - INFO - Train memory reserved: 24.00 MB
[2026-06-16 12:56:36,693][finetune_logger][INFO] - Train memory reserved: 24.00 MB
2026-06-16 12:56:36 - finetune_logger - INFO - Train memory allocated: 18.10 MB
[2026-06-16 12:56:36,693][finetune_logger][INFO] - Train memory allocated: 18.10 MB
2026-06-16 12:56:36 - finetune_logger - INFO - Current learning rate: 0.0005
[2026-06-16 12:56:36,693][finetune_logger][INFO] - Current learning rate: 0.0005
2026-06-16 12:57:48 - finetune_logger - INFO - Validation metrics: {'MAE': 1.9918816970762907, 'RMSE': 2.8933291698528505}
[2026-06-16 12:57:48,242][finetune_logger][INFO] - Validation metrics: {'MAE': 1.9918816970762907, 'RMSE': 2.8933291698528505}
2026-06-16 12:57:48 - finetune_logger - INFO - Val time: 71.55s
[2026-06-16 12:57:48,242][finetune_logger][INFO] - Val time: 71.55s
2026-06-16 12:57:48 - finetune_logger - INFO - Val memory reserved: 24.00 MB
[2026-06-16 12:57:48,242][finetune_logger][INFO] - Val memory reserved: 24.00 MB
2026-06-16 12:57:48 - finetune_logger - INFO - Val memory allocated: 18.10 MB
[2026-06-16 12:57:48,242][finetune_logger][INFO] - Val memory allocated: 18.10 MB
2026-06-16 12:57:48 - finetune_logger - INFO - Logged epoch 1 info to /public/home/202411094934/python_project/Spatio-Temporal-Library/time-series/2026-06-16/itransformer/finetune20/ettm2/time-series/seed_2/training_log.json
[2026-06-16 12:57:48,248][finetune_logger][INFO] - Logged epoch 1 info to /public/home/202411094934/python_project/Spatio-Temporal-Library/time-series/2026-06-16/itransformer/finetune20/ettm2/time-series/seed_2/training_log.json
2026-06-16 12:57:48 - finetune_logger - INFO - New best model! Val loss: 1.991882
[2026-06-16 12:57:48,248][finetune_logger][INFO] - New best model! Val loss: 1.991882
2026-06-16 12:58:59 - finetune_logger - INFO - Test metrics: {'MAE': 2.094995348817559, 'RMSE': 3.164247060954383}
[2026-06-16 12:58:59,887][finetune_logger][INFO] - Test metrics: {'MAE': 2.094995348817559, 'RMSE': 3.164247060954383}
2026-06-16 12:58:59 - finetune_logger - INFO - Test time: 71.59s
[2026-06-16 12:58:59,887][finetune_logger][INFO] - Test time: 71.59s
2026-06-16 12:58:59 - finetune_logger - INFO - Test memory reserved: 24.00 MB
[2026-06-16 12:58:59,888][finetune_logger][INFO] - Test memory reserved: 24.00 MB
2026-06-16 12:58:59 - finetune_logger - INFO - Test memory allocated: 18.10 MB
[2026-06-16 12:58:59,888][finetune_logger][INFO] - Test memory allocated: 18.10 MB
2026-06-16 12:58:59 - finetune_logger - INFO - Epoch 2/20
[2026-06-16 12:58:59,888][finetune_logger][INFO] - Epoch 2/20
2026-06-16 13:07:33 - finetune_logger - INFO - Train loss: 1.9545185966926657
[2026-06-16 13:07:33,204][finetune_logger][INFO] - Train loss: 1.9545185966926657
2026-06-16 13:07:33 - finetune_logger - INFO - Train time: 513.3152778148651s
[2026-06-16 13:07:33,204][finetune_logger][INFO] - Train time: 513.3152778148651s
2026-06-16 13:07:33 - finetune_logger - INFO - Train memory reserved: 24.00 MB
[2026-06-16 13:07:33,204][finetune_logger][INFO] - Train memory reserved: 24.00 MB
2026-06-16 13:07:33 - finetune_logger - INFO - Train memory allocated: 18.10 MB
[2026-06-16 13:07:33,204][finetune_logger][INFO] - Train memory allocated: 18.10 MB
2026-06-16 13:07:33 - finetune_logger - INFO - Current learning rate: 0.0005
[2026-06-16 13:07:33,204][finetune_logger][INFO] - Current learning rate: 0.0005
2026-06-16 13:08:44 - finetune_logger - INFO - Validation metrics: {'MAE': 1.9380450484121046, 'RMSE': 2.822056011311265}
[2026-06-16 13:08:44,858][finetune_logger][INFO] - Validation metrics: {'MAE': 1.9380450484121046, 'RMSE': 2.822056011311265}
2026-06-16 13:08:44 - finetune_logger - INFO - Val time: 71.65s
[2026-06-16 13:08:44,859][finetune_logger][INFO] - Val time: 71.65s
2026-06-16 13:08:44 - finetune_logger - INFO - Val memory reserved: 24.00 MB
[2026-06-16 13:08:44,859][finetune_logger][INFO] - Val memory reserved: 24.00 MB
2026-06-16 13:08:44 - finetune_logger - INFO - Val memory allocated: 18.10 MB
[2026-06-16 13:08:44,859][finetune_logger][INFO] - Val memory allocated: 18.10 MB
2026-06-16 13:08:44 - finetune_logger - INFO - Logged epoch 2 info to /public/home/202411094934/python_project/Spatio-Temporal-Library/time-series/2026-06-16/itransformer/finetune20/ettm2/time-series/seed_2/training_log.json
[2026-06-16 13:08:44,863][finetune_logger][INFO] - Logged epoch 2 info to /public/home/202411094934/python_project/Spatio-Temporal-Library/time-series/2026-06-16/itransformer/finetune20/ettm2/time-series/seed_2/training_log.json
2026-06-16 13:08:44 - finetune_logger - INFO - New best model! Val loss: 1.938045
[2026-06-16 13:08:44,863][finetune_logger][INFO] - New best model! Val loss: 1.938045
2026-06-16 13:09:56 - finetune_logger - INFO - Test metrics: {'MAE': 2.077306100447034, 'RMSE': 3.1524830966857285}
[2026-06-16 13:09:56,615][finetune_logger][INFO] - Test metrics: {'MAE': 2.077306100447034, 'RMSE': 3.1524830966857285}
2026-06-16 13:09:56 - finetune_logger - INFO - Test time: 71.70s
[2026-06-16 13:09:56,615][finetune_logger][INFO] - Test time: 71.70s
2026-06-16 13:09:56 - finetune_logger - INFO - Test memory reserved: 24.00 MB
[2026-06-16 13:09:56,615][finetune_logger][INFO] - Test memory reserved: 24.00 MB
2026-06-16 13:09:56 - finetune_logger - INFO - Test memory allocated: 18.10 MB
[2026-06-16 13:09:56,616][finetune_logger][INFO] - Test memory allocated: 18.10 MB
2026-06-16 13:09:56 - finetune_logger - INFO - Epoch 3/20
[2026-06-16 13:09:56,616][finetune_logger][INFO] - Epoch 3/20
2026-06-16 13:18:29 - finetune_logger - INFO - Train loss: 1.9012707744876898
[2026-06-16 13:18:29,327][finetune_logger][INFO] - Train loss: 1.9012707744876898
2026-06-16 13:18:29 - finetune_logger - INFO - Train time: 512.7113661766052s
[2026-06-16 13:18:29,328][finetune_logger][INFO] - Train time: 512.7113661766052s
2026-06-16 13:18:29 - finetune_logger - INFO - Train memory reserved: 24.00 MB
[2026-06-16 13:18:29,328][finetune_logger][INFO] - Train memory reserved: 24.00 MB
2026-06-16 13:18:29 - finetune_logger - INFO - Train memory allocated: 18.10 MB
[2026-06-16 13:18:29,328][finetune_logger][INFO] - Train memory allocated: 18.10 MB
2026-06-16 13:18:29 - finetune_logger - INFO - Current learning rate: 0.0005
[2026-06-16 13:18:29,328][finetune_logger][INFO] - Current learning rate: 0.0005
2026-06-16 13:19:40 - finetune_logger - INFO - Validation metrics: {'MAE': 1.9386413305958186, 'RMSE': 2.828532731929874}
[2026-06-16 13:19:40,909][finetune_logger][INFO] - Validation metrics: {'MAE': 1.9386413305958186, 'RMSE': 2.828532731929874}
2026-06-16 13:19:40 - finetune_logger - INFO - Val time: 71.58s
[2026-06-16 13:19:40,909][finetune_logger][INFO] - Val time: 71.58s
2026-06-16 13:19:40 - finetune_logger - INFO - Val memory reserved: 24.00 MB
[2026-06-16 13:19:40,909][finetune_logger][INFO] - Val memory reserved: 24.00 MB
2026-06-16 13:19:40 - finetune_logger - INFO - Val memory allocated: 18.10 MB
[2026-06-16 13:19:40,909][finetune_logger][INFO] - Val memory allocated: 18.10 MB
2026-06-16 13:19:40 - finetune_logger - INFO - Logged epoch 3 info to /public/home/202411094934/python_project/Spatio-Temporal-Library/time-series/2026-06-16/itransformer/finetune20/ettm2/time-series/seed_2/training_log.json
[2026-06-16 13:19:40,912][finetune_logger][INFO] - Logged epoch 3 info to /public/home/202411094934/python_project/Spatio-Temporal-Library/time-series/2026-06-16/itransformer/finetune20/ettm2/time-series/seed_2/training_log.json
2026-06-16 13:20:52 - finetune_logger - INFO - Test metrics: {'MAE': 2.101323955867543, 'RMSE': 3.194492620719176}
[2026-06-16 13:20:52,544][finetune_logger][INFO] - Test metrics: {'MAE': 2.101323955867543, 'RMSE': 3.194492620719176}
2026-06-16 13:20:52 - finetune_logger - INFO - Test time: 71.63s
[2026-06-16 13:20:52,544][finetune_logger][INFO] - Test time: 71.63s
2026-06-16 13:20:52 - finetune_logger - INFO - Test memory reserved: 24.00 MB
[2026-06-16 13:20:52,544][finetune_logger][INFO] - Test memory reserved: 24.00 MB
2026-06-16 13:20:52 - finetune_logger - INFO - Test memory allocated: 18.10 MB
[2026-06-16 13:20:52,544][finetune_logger][INFO] - Test memory allocated: 18.10 MB
2026-06-16 13:20:52 - finetune_logger - INFO - Epoch 4/20
[2026-06-16 13:20:52,544][finetune_logger][INFO] - Epoch 4/20
2026-06-16 13:29:25 - finetune_logger - INFO - Train loss: 1.8593314256973443
[2026-06-16 13:29:25,039][finetune_logger][INFO] - Train loss: 1.8593314256973443
2026-06-16 13:29:25 - finetune_logger - INFO - Train time: 512.4936826229095s
[2026-06-16 13:29:25,039][finetune_logger][INFO] - Train time: 512.4936826229095s
2026-06-16 13:29:25 - finetune_logger - INFO - Train memory reserved: 24.00 MB
[2026-06-16 13:29:25,039][finetune_logger][INFO] - Train memory reserved: 24.00 MB
2026-06-16 13:29:25 - finetune_logger - INFO - Train memory allocated: 18.10 MB
[2026-06-16 13:29:25,039][finetune_logger][INFO] - Train memory allocated: 18.10 MB
2026-06-16 13:29:25 - finetune_logger - INFO - Current learning rate: 0.0005
[2026-06-16 13:29:25,039][finetune_logger][INFO] - Current learning rate: 0.0005
2026-06-16 13:30:36 - finetune_logger - INFO - Validation metrics: {'MAE': 1.9654913572486137, 'RMSE': 2.8613610626272354}
[2026-06-16 13:30:36,605][finetune_logger][INFO] - Validation metrics: {'MAE': 1.9654913572486137, 'RMSE': 2.8613610626272354}
2026-06-16 13:30:36 - finetune_logger - INFO - Val time: 71.57s
[2026-06-16 13:30:36,605][finetune_logger][INFO] - Val time: 71.57s
2026-06-16 13:30:36 - finetune_logger - INFO - Val memory reserved: 24.00 MB
[2026-06-16 13:30:36,605][finetune_logger][INFO] - Val memory reserved: 24.00 MB
2026-06-16 13:30:36 - finetune_logger - INFO - Val memory allocated: 18.10 MB
[2026-06-16 13:30:36,605][finetune_logger][INFO] - Val memory allocated: 18.10 MB
2026-06-16 13:30:36 - finetune_logger - INFO - Logged epoch 4 info to /public/home/202411094934/python_project/Spatio-Temporal-Library/time-series/2026-06-16/itransformer/finetune20/ettm2/time-series/seed_2/training_log.json
[2026-06-16 13:30:36,610][finetune_logger][INFO] - Logged epoch 4 info to /public/home/202411094934/python_project/Spatio-Temporal-Library/time-series/2026-06-16/itransformer/finetune20/ettm2/time-series/seed_2/training_log.json
2026-06-16 13:31:48 - finetune_logger - INFO - Test metrics: {'MAE': 2.129968106614398, 'RMSE': 3.236297535473032}
[2026-06-16 13:31:48,112][finetune_logger][INFO] - Test metrics: {'MAE': 2.129968106614398, 'RMSE': 3.236297535473032}
2026-06-16 13:31:48 - finetune_logger - INFO - Test time: 71.50s
[2026-06-16 13:31:48,112][finetune_logger][INFO] - Test time: 71.50s
2026-06-16 13:31:48 - finetune_logger - INFO - Test memory reserved: 24.00 MB
[2026-06-16 13:31:48,112][finetune_logger][INFO] - Test memory reserved: 24.00 MB
2026-06-16 13:31:48 - finetune_logger - INFO - Test memory allocated: 18.10 MB
[2026-06-16 13:31:48,113][finetune_logger][INFO] - Test memory allocated: 18.10 MB
2026-06-16 13:31:48 - finetune_logger - INFO - Epoch 5/20
[2026-06-16 13:31:48,113][finetune_logger][INFO] - Epoch 5/20
2026-06-16 13:40:20 - finetune_logger - INFO - Train loss: 1.8274557659462805
[2026-06-16 13:40:20,565][finetune_logger][INFO] - Train loss: 1.8274557659462805
2026-06-16 13:40:20 - finetune_logger - INFO - Train time: 512.4515254497528s
[2026-06-16 13:40:20,565][finetune_logger][INFO] - Train time: 512.4515254497528s
2026-06-16 13:40:20 - finetune_logger - INFO - Train memory reserved: 24.00 MB
[2026-06-16 13:40:20,565][finetune_logger][INFO] - Train memory reserved: 24.00 MB
2026-06-16 13:40:20 - finetune_logger - INFO - Train memory allocated: 18.10 MB
[2026-06-16 13:40:20,565][finetune_logger][INFO] - Train memory allocated: 18.10 MB
2026-06-16 13:40:20 - finetune_logger - INFO - Current learning rate: 0.0005
[2026-06-16 13:40:20,565][finetune_logger][INFO] - Current learning rate: 0.0005
2026-06-16 13:41:32 - finetune_logger - INFO - Validation metrics: {'MAE': 1.952994899955055, 'RMSE': 2.8471737573372278}
[2026-06-16 13:41:32,229][finetune_logger][INFO] - Validation metrics: {'MAE': 1.952994899955055, 'RMSE': 2.8471737573372278}
2026-06-16 13:41:32 - finetune_logger - INFO - Val time: 71.66s
[2026-06-16 13:41:32,229][finetune_logger][INFO] - Val time: 71.66s
2026-06-16 13:41:32 - finetune_logger - INFO - Val memory reserved: 24.00 MB
[2026-06-16 13:41:32,229][finetune_logger][INFO] - Val memory reserved: 24.00 MB
2026-06-16 13:41:32 - finetune_logger - INFO - Val memory allocated: 18.10 MB
[2026-06-16 13:41:32,229][finetune_logger][INFO] - Val memory allocated: 18.10 MB
2026-06-16 13:41:32 - finetune_logger - INFO - Logged epoch 5 info to /public/home/202411094934/python_project/Spatio-Temporal-Library/time-series/2026-06-16/itransformer/finetune20/ettm2/time-series/seed_2/training_log.json
[2026-06-16 13:41:32,233][finetune_logger][INFO] - Logged epoch 5 info to /public/home/202411094934/python_project/Spatio-Temporal-Library/time-series/2026-06-16/itransformer/finetune20/ettm2/time-series/seed_2/training_log.json
2026-06-16 13:42:44 - finetune_logger - INFO - Test metrics: {'MAE': 2.106688114896227, 'RMSE': 3.199580441556175}
[2026-06-16 13:42:44,077][finetune_logger][INFO] - Test metrics: {'MAE': 2.106688114896227, 'RMSE': 3.199580441556175}
2026-06-16 13:42:44 - finetune_logger - INFO - Test time: 71.84s
[2026-06-16 13:42:44,078][finetune_logger][INFO] - Test time: 71.84s
2026-06-16 13:42:44 - finetune_logger - INFO - Test memory reserved: 24.00 MB
[2026-06-16 13:42:44,078][finetune_logger][INFO] - Test memory reserved: 24.00 MB
2026-06-16 13:42:44 - finetune_logger - INFO - Test memory allocated: 18.10 MB
[2026-06-16 13:42:44,078][finetune_logger][INFO] - Test memory allocated: 18.10 MB
2026-06-16 13:42:44 - finetune_logger - INFO - Epoch 6/20
[2026-06-16 13:42:44,078][finetune_logger][INFO] - Epoch 6/20
2026-06-16 13:51:16 - finetune_logger - INFO - Train loss: 1.8002840855990097
[2026-06-16 13:51:16,723][finetune_logger][INFO] - Train loss: 1.8002840855990097
2026-06-16 13:51:16 - finetune_logger - INFO - Train time: 512.644268989563s
[2026-06-16 13:51:16,723][finetune_logger][INFO] - Train time: 512.644268989563s
2026-06-16 13:51:16 - finetune_logger - INFO - Train memory reserved: 24.00 MB
[2026-06-16 13:51:16,723][finetune_logger][INFO] - Train memory reserved: 24.00 MB
2026-06-16 13:51:16 - finetune_logger - INFO - Train memory allocated: 18.10 MB
[2026-06-16 13:51:16,723][finetune_logger][INFO] - Train memory allocated: 18.10 MB
2026-06-16 13:51:16 - finetune_logger - INFO - Current learning rate: 0.0005
[2026-06-16 13:51:16,723][finetune_logger][INFO] - Current learning rate: 0.0005
2026-06-16 13:52:28 - finetune_logger - INFO - Validation metrics: {'MAE': 1.9651518622452149, 'RMSE': 2.8665344227910827}
[2026-06-16 13:52:28,296][finetune_logger][INFO] - Validation metrics: {'MAE': 1.9651518622452149, 'RMSE': 2.8665344227910827}
2026-06-16 13:52:28 - finetune_logger - INFO - Val time: 71.57s
[2026-06-16 13:52:28,296][finetune_logger][INFO] - Val time: 71.57s
2026-06-16 13:52:28 - finetune_logger - INFO - Val memory reserved: 24.00 MB
[2026-06-16 13:52:28,296][finetune_logger][INFO] - Val memory reserved: 24.00 MB
2026-06-16 13:52:28 - finetune_logger - INFO - Val memory allocated: 18.10 MB
[2026-06-16 13:52:28,297][finetune_logger][INFO] - Val memory allocated: 18.10 MB
2026-06-16 13:52:28 - finetune_logger - INFO - Logged epoch 6 info to /public/home/202411094934/python_project/Spatio-Temporal-Library/time-series/2026-06-16/itransformer/finetune20/ettm2/time-series/seed_2/training_log.json
[2026-06-16 13:52:28,300][finetune_logger][INFO] - Logged epoch 6 info to /public/home/202411094934/python_project/Spatio-Temporal-Library/time-series/2026-06-16/itransformer/finetune20/ettm2/time-series/seed_2/training_log.json
2026-06-16 13:53:39 - finetune_logger - INFO - Test metrics: {'MAE': 2.1364712199474862, 'RMSE': 3.248317808254103}
[2026-06-16 13:53:39,939][finetune_logger][INFO] - Test metrics: {'MAE': 2.1364712199474862, 'RMSE': 3.248317808254103}
2026-06-16 13:53:39 - finetune_logger - INFO - Test time: 71.64s
[2026-06-16 13:53:39,940][finetune_logger][INFO] - Test time: 71.64s
2026-06-16 13:53:39 - finetune_logger - INFO - Test memory reserved: 24.00 MB
[2026-06-16 13:53:39,940][finetune_logger][INFO] - Test memory reserved: 24.00 MB
2026-06-16 13:53:39 - finetune_logger - INFO - Test memory allocated: 18.10 MB
[2026-06-16 13:53:39,940][finetune_logger][INFO] - Test memory allocated: 18.10 MB
2026-06-16 13:53:39 - finetune_logger - INFO - Epoch 7/20
[2026-06-16 13:53:39,940][finetune_logger][INFO] - Epoch 7/20
2026-06-16 14:02:12 - finetune_logger - INFO - Train loss: 1.775352257663902
[2026-06-16 14:02:12,061][finetune_logger][INFO] - Train loss: 1.775352257663902
2026-06-16 14:02:12 - finetune_logger - INFO - Train time: 512.1203269958496s
[2026-06-16 14:02:12,061][finetune_logger][INFO] - Train time: 512.1203269958496s
2026-06-16 14:02:12 - finetune_logger - INFO - Train memory reserved: 24.00 MB
[2026-06-16 14:02:12,061][finetune_logger][INFO] - Train memory reserved: 24.00 MB
2026-06-16 14:02:12 - finetune_logger - INFO - Train memory allocated: 18.10 MB
[2026-06-16 14:02:12,061][finetune_logger][INFO] - Train memory allocated: 18.10 MB
2026-06-16 14:02:12 - finetune_logger - INFO - Current learning rate: 0.0005
[2026-06-16 14:02:12,061][finetune_logger][INFO] - Current learning rate: 0.0005
2026-06-16 14:03:23 - finetune_logger - INFO - Validation metrics: {'MAE': 1.9672054167064825, 'RMSE': 2.8659559813807185}
[2026-06-16 14:03:23,538][finetune_logger][INFO] - Validation metrics: {'MAE': 1.9672054167064825, 'RMSE': 2.8659559813807185}
2026-06-16 14:03:23 - finetune_logger - INFO - Val time: 71.48s
[2026-06-16 14:03:23,539][finetune_logger][INFO] - Val time: 71.48s
2026-06-16 14:03:23 - finetune_logger - INFO - Val memory reserved: 24.00 MB
[2026-06-16 14:03:23,539][finetune_logger][INFO] - Val memory reserved: 24.00 MB
2026-06-16 14:03:23 - finetune_logger - INFO - Val memory allocated: 18.10 MB
[2026-06-16 14:03:23,539][finetune_logger][INFO] - Val memory allocated: 18.10 MB
2026-06-16 14:03:23 - finetune_logger - INFO - Logged epoch 7 info to /public/home/202411094934/python_project/Spatio-Temporal-Library/time-series/2026-06-16/itransformer/finetune20/ettm2/time-series/seed_2/training_log.json
[2026-06-16 14:03:23,543][finetune_logger][INFO] - Logged epoch 7 info to /public/home/202411094934/python_project/Spatio-Temporal-Library/time-series/2026-06-16/itransformer/finetune20/ettm2/time-series/seed_2/training_log.json
2026-06-16 14:04:34 - finetune_logger - INFO - Test metrics: {'MAE': 2.1160280127288376, 'RMSE': 3.2105617093341503}
[2026-06-16 14:04:34,956][finetune_logger][INFO] - Test metrics: {'MAE': 2.1160280127288376, 'RMSE': 3.2105617093341503}
2026-06-16 14:04:34 - finetune_logger - INFO - Test time: 71.41s
[2026-06-16 14:04:34,956][finetune_logger][INFO] - Test time: 71.41s
2026-06-16 14:04:34 - finetune_logger - INFO - Test memory reserved: 24.00 MB
[2026-06-16 14:04:34,956][finetune_logger][INFO] - Test memory reserved: 24.00 MB
2026-06-16 14:04:34 - finetune_logger - INFO - Test memory allocated: 18.10 MB
[2026-06-16 14:04:34,956][finetune_logger][INFO] - Test memory allocated: 18.10 MB
2026-06-16 14:04:34 - finetune_logger - INFO - Epoch 8/20
[2026-06-16 14:04:34,956][finetune_logger][INFO] - Epoch 8/20
2026-06-16 14:13:06 - finetune_logger - INFO - Train loss: 1.7500635564674543
[2026-06-16 14:13:06,006][finetune_logger][INFO] - Train loss: 1.7500635564674543
2026-06-16 14:13:06 - finetune_logger - INFO - Train time: 511.0492422580719s
[2026-06-16 14:13:06,006][finetune_logger][INFO] - Train time: 511.0492422580719s
2026-06-16 14:13:06 - finetune_logger - INFO - Train memory reserved: 24.00 MB
[2026-06-16 14:13:06,006][finetune_logger][INFO] - Train memory reserved: 24.00 MB
2026-06-16 14:13:06 - finetune_logger - INFO - Train memory allocated: 18.10 MB
[2026-06-16 14:13:06,006][finetune_logger][INFO] - Train memory allocated: 18.10 MB
2026-06-16 14:13:06 - finetune_logger - INFO - Current learning rate: 0.0005
[2026-06-16 14:13:06,007][finetune_logger][INFO] - Current learning rate: 0.0005
2026-06-16 14:14:17 - finetune_logger - INFO - Validation metrics: {'MAE': 1.957593940180558, 'RMSE': 2.846622730825301}
[2026-06-16 14:14:17,330][finetune_logger][INFO] - Validation metrics: {'MAE': 1.957593940180558, 'RMSE': 2.846622730825301}
2026-06-16 14:14:17 - finetune_logger - INFO - Val time: 71.32s
[2026-06-16 14:14:17,331][finetune_logger][INFO] - Val time: 71.32s
2026-06-16 14:14:17 - finetune_logger - INFO - Val memory reserved: 24.00 MB
[2026-06-16 14:14:17,331][finetune_logger][INFO] - Val memory reserved: 24.00 MB
2026-06-16 14:14:17 - finetune_logger - INFO - Val memory allocated: 18.10 MB
[2026-06-16 14:14:17,331][finetune_logger][INFO] - Val memory allocated: 18.10 MB
2026-06-16 14:14:17 - finetune_logger - INFO - Logged epoch 8 info to /public/home/202411094934/python_project/Spatio-Temporal-Library/time-series/2026-06-16/itransformer/finetune20/ettm2/time-series/seed_2/training_log.json
[2026-06-16 14:14:17,335][finetune_logger][INFO] - Logged epoch 8 info to /public/home/202411094934/python_project/Spatio-Temporal-Library/time-series/2026-06-16/itransformer/finetune20/ettm2/time-series/seed_2/training_log.json
2026-06-16 14:15:28 - finetune_logger - INFO - Test metrics: {'MAE': 2.1250726519083907, 'RMSE': 3.227564805664067}
[2026-06-16 14:15:28,761][finetune_logger][INFO] - Test metrics: {'MAE': 2.1250726519083907, 'RMSE': 3.227564805664067}
2026-06-16 14:15:28 - finetune_logger - INFO - Test time: 71.43s
[2026-06-16 14:15:28,762][finetune_logger][INFO] - Test time: 71.43s
2026-06-16 14:15:28 - finetune_logger - INFO - Test memory reserved: 24.00 MB
[2026-06-16 14:15:28,762][finetune_logger][INFO] - Test memory reserved: 24.00 MB
2026-06-16 14:15:28 - finetune_logger - INFO - Test memory allocated: 18.10 MB
[2026-06-16 14:15:28,762][finetune_logger][INFO] - Test memory allocated: 18.10 MB
2026-06-16 14:15:28 - finetune_logger - INFO - Epoch 9/20
[2026-06-16 14:15:28,762][finetune_logger][INFO] - Epoch 9/20
2026-06-16 14:23:59 - finetune_logger - INFO - Train loss: 1.7276018461521123
[2026-06-16 14:23:59,693][finetune_logger][INFO] - Train loss: 1.7276018461521123
2026-06-16 14:23:59 - finetune_logger - INFO - Train time: 510.9306676387787s
[2026-06-16 14:23:59,693][finetune_logger][INFO] - Train time: 510.9306676387787s
2026-06-16 14:23:59 - finetune_logger - INFO - Train memory reserved: 24.00 MB
[2026-06-16 14:23:59,694][finetune_logger][INFO] - Train memory reserved: 24.00 MB
2026-06-16 14:23:59 - finetune_logger - INFO - Train memory allocated: 18.10 MB
[2026-06-16 14:23:59,694][finetune_logger][INFO] - Train memory allocated: 18.10 MB
2026-06-16 14:23:59 - finetune_logger - INFO - Current learning rate: 0.0005
[2026-06-16 14:23:59,694][finetune_logger][INFO] - Current learning rate: 0.0005
2026-06-16 14:25:11 - finetune_logger - INFO - Validation metrics: {'MAE': 1.9876793611859178, 'RMSE': 2.8906610008985627}
[2026-06-16 14:25:11,124][finetune_logger][INFO] - Validation metrics: {'MAE': 1.9876793611859178, 'RMSE': 2.8906610008985627}
2026-06-16 14:25:11 - finetune_logger - INFO - Val time: 71.43s
[2026-06-16 14:25:11,124][finetune_logger][INFO] - Val time: 71.43s
2026-06-16 14:25:11 - finetune_logger - INFO - Val memory reserved: 24.00 MB
[2026-06-16 14:25:11,124][finetune_logger][INFO] - Val memory reserved: 24.00 MB
2026-06-16 14:25:11 - finetune_logger - INFO - Val memory allocated: 18.10 MB
[2026-06-16 14:25:11,124][finetune_logger][INFO] - Val memory allocated: 18.10 MB
2026-06-16 14:25:11 - finetune_logger - INFO - Logged epoch 9 info to /public/home/202411094934/python_project/Spatio-Temporal-Library/time-series/2026-06-16/itransformer/finetune20/ettm2/time-series/seed_2/training_log.json
[2026-06-16 14:25:11,128][finetune_logger][INFO] - Logged epoch 9 info to /public/home/202411094934/python_project/Spatio-Temporal-Library/time-series/2026-06-16/itransformer/finetune20/ettm2/time-series/seed_2/training_log.json
2026-06-16 14:26:22 - finetune_logger - INFO - Test metrics: {'MAE': 2.1569680418113264, 'RMSE': 3.2709659980341494}
[2026-06-16 14:26:22,586][finetune_logger][INFO] - Test metrics: {'MAE': 2.1569680418113264, 'RMSE': 3.2709659980341494}
2026-06-16 14:26:22 - finetune_logger - INFO - Test time: 71.46s
[2026-06-16 14:26:22,586][finetune_logger][INFO] - Test time: 71.46s
2026-06-16 14:26:22 - finetune_logger - INFO - Test memory reserved: 24.00 MB
[2026-06-16 14:26:22,586][finetune_logger][INFO] - Test memory reserved: 24.00 MB
2026-06-16 14:26:22 - finetune_logger - INFO - Test memory allocated: 18.10 MB
[2026-06-16 14:26:22,586][finetune_logger][INFO] - Test memory allocated: 18.10 MB
2026-06-16 14:26:22 - finetune_logger - INFO - Epoch 10/20
[2026-06-16 14:26:22,586][finetune_logger][INFO] - Epoch 10/20
2026-06-16 14:34:53 - finetune_logger - INFO - Train loss: 1.7063791430399493
[2026-06-16 14:34:53,075][finetune_logger][INFO] - Train loss: 1.7063791430399493
2026-06-16 14:34:53 - finetune_logger - INFO - Train time: 510.48857021331787s
[2026-06-16 14:34:53,076][finetune_logger][INFO] - Train time: 510.48857021331787s
2026-06-16 14:34:53 - finetune_logger - INFO - Train memory reserved: 24.00 MB
[2026-06-16 14:34:53,076][finetune_logger][INFO] - Train memory reserved: 24.00 MB
2026-06-16 14:34:53 - finetune_logger - INFO - Train memory allocated: 18.10 MB
[2026-06-16 14:34:53,076][finetune_logger][INFO] - Train memory allocated: 18.10 MB
2026-06-16 14:34:53 - finetune_logger - INFO - Current learning rate: 0.0005
[2026-06-16 14:34:53,076][finetune_logger][INFO] - Current learning rate: 0.0005
2026-06-16 14:36:04 - finetune_logger - INFO - Validation metrics: {'MAE': 1.9696690896273794, 'RMSE': 2.868302248501002}
[2026-06-16 14:36:04,566][finetune_logger][INFO] - Validation metrics: {'MAE': 1.9696690896273794, 'RMSE': 2.868302248501002}
2026-06-16 14:36:04 - finetune_logger - INFO - Val time: 71.49s
[2026-06-16 14:36:04,566][finetune_logger][INFO] - Val time: 71.49s
2026-06-16 14:36:04 - finetune_logger - INFO - Val memory reserved: 24.00 MB
[2026-06-16 14:36:04,567][finetune_logger][INFO] - Val memory reserved: 24.00 MB
2026-06-16 14:36:04 - finetune_logger - INFO - Val memory allocated: 18.10 MB
[2026-06-16 14:36:04,567][finetune_logger][INFO] - Val memory allocated: 18.10 MB
2026-06-16 14:36:04 - finetune_logger - INFO - Logged epoch 10 info to /public/home/202411094934/python_project/Spatio-Temporal-Library/time-series/2026-06-16/itransformer/finetune20/ettm2/time-series/seed_2/training_log.json
[2026-06-16 14:36:04,570][finetune_logger][INFO] - Logged epoch 10 info to /public/home/202411094934/python_project/Spatio-Temporal-Library/time-series/2026-06-16/itransformer/finetune20/ettm2/time-series/seed_2/training_log.json
2026-06-16 14:37:15 - finetune_logger - INFO - Test metrics: {'MAE': 2.131634705229645, 'RMSE': 3.2363947766863226}
[2026-06-16 14:37:15,906][finetune_logger][INFO] - Test metrics: {'MAE': 2.131634705229645, 'RMSE': 3.2363947766863226}
2026-06-16 14:37:15 - finetune_logger - INFO - Test time: 71.31s
[2026-06-16 14:37:15,906][finetune_logger][INFO] - Test time: 71.31s
2026-06-16 14:37:15 - finetune_logger - INFO - Test memory reserved: 24.00 MB
[2026-06-16 14:37:15,906][finetune_logger][INFO] - Test memory reserved: 24.00 MB
2026-06-16 14:37:15 - finetune_logger - INFO - Test memory allocated: 18.10 MB
[2026-06-16 14:37:15,906][finetune_logger][INFO] - Test memory allocated: 18.10 MB
2026-06-16 14:37:15 - finetune_logger - INFO - Epoch 11/20
[2026-06-16 14:37:15,907][finetune_logger][INFO] - Epoch 11/20
2026-06-16 14:45:46 - finetune_logger - INFO - Train loss: 1.645626508148839
[2026-06-16 14:45:46,522][finetune_logger][INFO] - Train loss: 1.645626508148839
2026-06-16 14:45:46 - finetune_logger - INFO - Train time: 510.6147520542145s
[2026-06-16 14:45:46,522][finetune_logger][INFO] - Train time: 510.6147520542145s
2026-06-16 14:45:46 - finetune_logger - INFO - Train memory reserved: 24.00 MB
[2026-06-16 14:45:46,522][finetune_logger][INFO] - Train memory reserved: 24.00 MB
2026-06-16 14:45:46 - finetune_logger - INFO - Train memory allocated: 18.10 MB
[2026-06-16 14:45:46,522][finetune_logger][INFO] - Train memory allocated: 18.10 MB
2026-06-16 14:45:46 - finetune_logger - INFO - Current learning rate: 0.00025
[2026-06-16 14:45:46,522][finetune_logger][INFO] - Current learning rate: 0.00025
2026-06-16 14:46:58 - finetune_logger - INFO - Validation metrics: {'MAE': 1.982038141810203, 'RMSE': 2.885220924145496}
[2026-06-16 14:46:58,149][finetune_logger][INFO] - Validation metrics: {'MAE': 1.982038141810203, 'RMSE': 2.885220924145496}
2026-06-16 14:46:58 - finetune_logger - INFO - Val time: 71.63s
[2026-06-16 14:46:58,150][finetune_logger][INFO] - Val time: 71.63s
2026-06-16 14:46:58 - finetune_logger - INFO - Val memory reserved: 24.00 MB
[2026-06-16 14:46:58,150][finetune_logger][INFO] - Val memory reserved: 24.00 MB
2026-06-16 14:46:58 - finetune_logger - INFO - Val memory allocated: 18.10 MB
[2026-06-16 14:46:58,150][finetune_logger][INFO] - Val memory allocated: 18.10 MB
2026-06-16 14:46:58 - finetune_logger - INFO - Logged epoch 11 info to /public/home/202411094934/python_project/Spatio-Temporal-Library/time-series/2026-06-16/itransformer/finetune20/ettm2/time-series/seed_2/training_log.json
[2026-06-16 14:46:58,153][finetune_logger][INFO] - Logged epoch 11 info to /public/home/202411094934/python_project/Spatio-Temporal-Library/time-series/2026-06-16/itransformer/finetune20/ettm2/time-series/seed_2/training_log.json
2026-06-16 14:48:09 - finetune_logger - INFO - Test metrics: {'MAE': 2.1224318232263246, 'RMSE': 3.2228595410777685}
[2026-06-16 14:48:09,540][finetune_logger][INFO] - Test metrics: {'MAE': 2.1224318232263246, 'RMSE': 3.2228595410777685}
2026-06-16 14:48:09 - finetune_logger - INFO - Test time: 71.39s
[2026-06-16 14:48:09,541][finetune_logger][INFO] - Test time: 71.39s
2026-06-16 14:48:09 - finetune_logger - INFO - Test memory reserved: 24.00 MB
[2026-06-16 14:48:09,541][finetune_logger][INFO] - Test memory reserved: 24.00 MB
2026-06-16 14:48:09 - finetune_logger - INFO - Test memory allocated: 18.10 MB
[2026-06-16 14:48:09,541][finetune_logger][INFO] - Test memory allocated: 18.10 MB
2026-06-16 14:48:09 - finetune_logger - INFO - Epoch 12/20
[2026-06-16 14:48:09,541][finetune_logger][INFO] - Epoch 12/20
2026-06-16 14:56:40 - finetune_logger - INFO - Train loss: 1.6252330227732676
[2026-06-16 14:56:40,763][finetune_logger][INFO] - Train loss: 1.6252330227732676
2026-06-16 14:56:40 - finetune_logger - INFO - Train time: 511.221791267395s
[2026-06-16 14:56:40,764][finetune_logger][INFO] - Train time: 511.221791267395s
2026-06-16 14:56:40 - finetune_logger - INFO - Train memory reserved: 24.00 MB
[2026-06-16 14:56:40,764][finetune_logger][INFO] - Train memory reserved: 24.00 MB
2026-06-16 14:56:40 - finetune_logger - INFO - Train memory allocated: 18.10 MB
[2026-06-16 14:56:40,764][finetune_logger][INFO] - Train memory allocated: 18.10 MB
2026-06-16 14:56:40 - finetune_logger - INFO - Current learning rate: 0.00025
[2026-06-16 14:56:40,764][finetune_logger][INFO] - Current learning rate: 0.00025
2026-06-16 14:57:52 - finetune_logger - INFO - Validation metrics: {'MAE': 1.985118695872659, 'RMSE': 2.90263989325158}
[2026-06-16 14:57:52,120][finetune_logger][INFO] - Validation metrics: {'MAE': 1.985118695872659, 'RMSE': 2.90263989325158}
2026-06-16 14:57:52 - finetune_logger - INFO - Val time: 71.36s
[2026-06-16 14:57:52,120][finetune_logger][INFO] - Val time: 71.36s
2026-06-16 14:57:52 - finetune_logger - INFO - Val memory reserved: 24.00 MB
[2026-06-16 14:57:52,120][finetune_logger][INFO] - Val memory reserved: 24.00 MB
2026-06-16 14:57:52 - finetune_logger - INFO - Val memory allocated: 18.10 MB
[2026-06-16 14:57:52,120][finetune_logger][INFO] - Val memory allocated: 18.10 MB
2026-06-16 14:57:52 - finetune_logger - INFO - Logged epoch 12 info to /public/home/202411094934/python_project/Spatio-Temporal-Library/time-series/2026-06-16/itransformer/finetune20/ettm2/time-series/seed_2/training_log.json
[2026-06-16 14:57:52,124][finetune_logger][INFO] - Logged epoch 12 info to /public/home/202411094934/python_project/Spatio-Temporal-Library/time-series/2026-06-16/itransformer/finetune20/ettm2/time-series/seed_2/training_log.json
2026-06-16 14:59:03 - finetune_logger - INFO - Test metrics: {'MAE': 2.1499158915074372, 'RMSE': 3.2729318564698815}
[2026-06-16 14:59:03,371][finetune_logger][INFO] - Test metrics: {'MAE': 2.1499158915074372, 'RMSE': 3.2729318564698815}
2026-06-16 14:59:03 - finetune_logger - INFO - Test time: 71.25s
[2026-06-16 14:59:03,371][finetune_logger][INFO] - Test time: 71.25s
2026-06-16 14:59:03 - finetune_logger - INFO - Test memory reserved: 24.00 MB
[2026-06-16 14:59:03,371][finetune_logger][INFO] - Test memory reserved: 24.00 MB
2026-06-16 14:59:03 - finetune_logger - INFO - Test memory allocated: 18.10 MB
[2026-06-16 14:59:03,371][finetune_logger][INFO] - Test memory allocated: 18.10 MB
2026-06-16 14:59:03 - finetune_logger - INFO - Epoch 13/20
[2026-06-16 14:59:03,372][finetune_logger][INFO] - Epoch 13/20
2026-06-16 15:07:34 - finetune_logger - INFO - Train loss: 1.61217488605068
[2026-06-16 15:07:34,294][finetune_logger][INFO] - Train loss: 1.61217488605068
2026-06-16 15:07:34 - finetune_logger - INFO - Train time: 510.92209482192993s
[2026-06-16 15:07:34,294][finetune_logger][INFO] - Train time: 510.92209482192993s
2026-06-16 15:07:34 - finetune_logger - INFO - Train memory reserved: 24.00 MB
[2026-06-16 15:07:34,295][finetune_logger][INFO] - Train memory reserved: 24.00 MB
2026-06-16 15:07:34 - finetune_logger - INFO - Train memory allocated: 18.10 MB
[2026-06-16 15:07:34,295][finetune_logger][INFO] - Train memory allocated: 18.10 MB
2026-06-16 15:07:34 - finetune_logger - INFO - Current learning rate: 0.00025
[2026-06-16 15:07:34,295][finetune_logger][INFO] - Current learning rate: 0.00025
2026-06-16 15:08:45 - finetune_logger - INFO - Validation metrics: {'MAE': 2.0109200462943586, 'RMSE': 2.936547120094718}
[2026-06-16 15:08:45,792][finetune_logger][INFO] - Validation metrics: {'MAE': 2.0109200462943586, 'RMSE': 2.936547120094718}
2026-06-16 15:08:45 - finetune_logger - INFO - Val time: 71.50s
[2026-06-16 15:08:45,792][finetune_logger][INFO] - Val time: 71.50s
2026-06-16 15:08:45 - finetune_logger - INFO - Val memory reserved: 24.00 MB
[2026-06-16 15:08:45,792][finetune_logger][INFO] - Val memory reserved: 24.00 MB
2026-06-16 15:08:45 - finetune_logger - INFO - Val memory allocated: 18.10 MB
[2026-06-16 15:08:45,792][finetune_logger][INFO] - Val memory allocated: 18.10 MB
2026-06-16 15:08:45 - finetune_logger - INFO - Logged epoch 13 info to /public/home/202411094934/python_project/Spatio-Temporal-Library/time-series/2026-06-16/itransformer/finetune20/ettm2/time-series/seed_2/training_log.json
[2026-06-16 15:08:45,796][finetune_logger][INFO] - Logged epoch 13 info to /public/home/202411094934/python_project/Spatio-Temporal-Library/time-series/2026-06-16/itransformer/finetune20/ettm2/time-series/seed_2/training_log.json
2026-06-16 15:09:57 - finetune_logger - INFO - Test metrics: {'MAE': 2.1749219827106114, 'RMSE': 3.3050043891812635}
[2026-06-16 15:09:57,125][finetune_logger][INFO] - Test metrics: {'MAE': 2.1749219827106114, 'RMSE': 3.3050043891812635}
2026-06-16 15:09:57 - finetune_logger - INFO - Test time: 71.33s
[2026-06-16 15:09:57,125][finetune_logger][INFO] - Test time: 71.33s
2026-06-16 15:09:57 - finetune_logger - INFO - Test memory reserved: 24.00 MB
[2026-06-16 15:09:57,125][finetune_logger][INFO] - Test memory reserved: 24.00 MB
2026-06-16 15:09:57 - finetune_logger - INFO - Test memory allocated: 18.10 MB
[2026-06-16 15:09:57,125][finetune_logger][INFO] - Test memory allocated: 18.10 MB
2026-06-16 15:09:57 - finetune_logger - INFO - Epoch 14/20
[2026-06-16 15:09:57,125][finetune_logger][INFO] - Epoch 14/20
2026-06-16 15:18:27 - finetune_logger - INFO - Train loss: 1.5989681324706961
[2026-06-16 15:18:27,742][finetune_logger][INFO] - Train loss: 1.5989681324706961
2026-06-16 15:18:27 - finetune_logger - INFO - Train time: 510.61589193344116s
[2026-06-16 15:18:27,742][finetune_logger][INFO] - Train time: 510.61589193344116s
2026-06-16 15:18:27 - finetune_logger - INFO - Train memory reserved: 24.00 MB
[2026-06-16 15:18:27,742][finetune_logger][INFO] - Train memory reserved: 24.00 MB
2026-06-16 15:18:27 - finetune_logger - INFO - Train memory allocated: 18.10 MB
[2026-06-16 15:18:27,742][finetune_logger][INFO] - Train memory allocated: 18.10 MB
2026-06-16 15:18:27 - finetune_logger - INFO - Current learning rate: 0.00025
[2026-06-16 15:18:27,742][finetune_logger][INFO] - Current learning rate: 0.00025
2026-06-16 15:19:39 - finetune_logger - INFO - Validation metrics: {'MAE': 1.983987775427798, 'RMSE': 2.8878942366023095}
[2026-06-16 15:19:39,096][finetune_logger][INFO] - Validation metrics: {'MAE': 1.983987775427798, 'RMSE': 2.8878942366023095}
2026-06-16 15:19:39 - finetune_logger - INFO - Val time: 71.35s
[2026-06-16 15:19:39,096][finetune_logger][INFO] - Val time: 71.35s
2026-06-16 15:19:39 - finetune_logger - INFO - Val memory reserved: 24.00 MB
[2026-06-16 15:19:39,096][finetune_logger][INFO] - Val memory reserved: 24.00 MB
2026-06-16 15:19:39 - finetune_logger - INFO - Val memory allocated: 18.10 MB
[2026-06-16 15:19:39,096][finetune_logger][INFO] - Val memory allocated: 18.10 MB
2026-06-16 15:19:39 - finetune_logger - INFO - Logged epoch 14 info to /public/home/202411094934/python_project/Spatio-Temporal-Library/time-series/2026-06-16/itransformer/finetune20/ettm2/time-series/seed_2/training_log.json
[2026-06-16 15:19:39,099][finetune_logger][INFO] - Logged epoch 14 info to /public/home/202411094934/python_project/Spatio-Temporal-Library/time-series/2026-06-16/itransformer/finetune20/ettm2/time-series/seed_2/training_log.json
2026-06-16 15:20:50 - finetune_logger - INFO - Test metrics: {'MAE': 2.13549912855777, 'RMSE': 3.2446718750347108}
[2026-06-16 15:20:50,433][finetune_logger][INFO] - Test metrics: {'MAE': 2.13549912855777, 'RMSE': 3.2446718750347108}
2026-06-16 15:20:50 - finetune_logger - INFO - Test time: 71.33s
[2026-06-16 15:20:50,433][finetune_logger][INFO] - Test time: 71.33s
2026-06-16 15:20:50 - finetune_logger - INFO - Test memory reserved: 24.00 MB
[2026-06-16 15:20:50,433][finetune_logger][INFO] - Test memory reserved: 24.00 MB
2026-06-16 15:20:50 - finetune_logger - INFO - Test memory allocated: 18.10 MB
[2026-06-16 15:20:50,434][finetune_logger][INFO] - Test memory allocated: 18.10 MB
2026-06-16 15:20:50 - finetune_logger - INFO - Epoch 15/20
[2026-06-16 15:20:50,434][finetune_logger][INFO] - Epoch 15/20
2026-06-16 15:29:21 - finetune_logger - INFO - Train loss: 1.5889228651482215
[2026-06-16 15:29:21,232][finetune_logger][INFO] - Train loss: 1.5889228651482215
2026-06-16 15:29:21 - finetune_logger - INFO - Train time: 510.7977921962738s
[2026-06-16 15:29:21,232][finetune_logger][INFO] - Train time: 510.7977921962738s
2026-06-16 15:29:21 - finetune_logger - INFO - Train memory reserved: 24.00 MB
[2026-06-16 15:29:21,232][finetune_logger][INFO] - Train memory reserved: 24.00 MB
2026-06-16 15:29:21 - finetune_logger - INFO - Train memory allocated: 18.10 MB
[2026-06-16 15:29:21,232][finetune_logger][INFO] - Train memory allocated: 18.10 MB
2026-06-16 15:29:21 - finetune_logger - INFO - Current learning rate: 0.00025
[2026-06-16 15:29:21,233][finetune_logger][INFO] - Current learning rate: 0.00025
2026-06-16 15:30:32 - finetune_logger - INFO - Validation metrics: {'MAE': 1.9994389081604533, 'RMSE': 2.9166549780608952}
[2026-06-16 15:30:32,520][finetune_logger][INFO] - Validation metrics: {'MAE': 1.9994389081604533, 'RMSE': 2.9166549780608952}
2026-06-16 15:30:32 - finetune_logger - INFO - Val time: 71.29s
[2026-06-16 15:30:32,520][finetune_logger][INFO] - Val time: 71.29s
2026-06-16 15:30:32 - finetune_logger - INFO - Val memory reserved: 24.00 MB
[2026-06-16 15:30:32,520][finetune_logger][INFO] - Val memory reserved: 24.00 MB
2026-06-16 15:30:32 - finetune_logger - INFO - Val memory allocated: 18.10 MB
[2026-06-16 15:30:32,520][finetune_logger][INFO] - Val memory allocated: 18.10 MB
2026-06-16 15:30:32 - finetune_logger - INFO - Logged epoch 15 info to /public/home/202411094934/python_project/Spatio-Temporal-Library/time-series/2026-06-16/itransformer/finetune20/ettm2/time-series/seed_2/training_log.json
[2026-06-16 15:30:32,524][finetune_logger][INFO] - Logged epoch 15 info to /public/home/202411094934/python_project/Spatio-Temporal-Library/time-series/2026-06-16/itransformer/finetune20/ettm2/time-series/seed_2/training_log.json
2026-06-16 15:31:43 - finetune_logger - INFO - Test metrics: {'MAE': 2.1698832511531427, 'RMSE': 3.302801405658654}
[2026-06-16 15:31:43,928][finetune_logger][INFO] - Test metrics: {'MAE': 2.1698832511531427, 'RMSE': 3.302801405658654}
2026-06-16 15:31:43 - finetune_logger - INFO - Test time: 71.40s
[2026-06-16 15:31:43,928][finetune_logger][INFO] - Test time: 71.40s
2026-06-16 15:31:43 - finetune_logger - INFO - Test memory reserved: 24.00 MB
[2026-06-16 15:31:43,928][finetune_logger][INFO] - Test memory reserved: 24.00 MB
2026-06-16 15:31:43 - finetune_logger - INFO - Test memory allocated: 18.10 MB
[2026-06-16 15:31:43,928][finetune_logger][INFO] - Test memory allocated: 18.10 MB
2026-06-16 15:31:43 - finetune_logger - INFO - Epoch 16/20
[2026-06-16 15:31:43,928][finetune_logger][INFO] - Epoch 16/20
2026-06-16 15:40:14 - finetune_logger - INFO - Train loss: 1.578010987289399
[2026-06-16 15:40:14,621][finetune_logger][INFO] - Train loss: 1.578010987289399
2026-06-16 15:40:14 - finetune_logger - INFO - Train time: 510.6924180984497s
[2026-06-16 15:40:14,621][finetune_logger][INFO] - Train time: 510.6924180984497s
2026-06-16 15:40:14 - finetune_logger - INFO - Train memory reserved: 24.00 MB
[2026-06-16 15:40:14,621][finetune_logger][INFO] - Train memory reserved: 24.00 MB
2026-06-16 15:40:14 - finetune_logger - INFO - Train memory allocated: 18.10 MB
[2026-06-16 15:40:14,622][finetune_logger][INFO] - Train memory allocated: 18.10 MB
2026-06-16 15:40:14 - finetune_logger - INFO - Current learning rate: 0.00025
[2026-06-16 15:40:14,622][finetune_logger][INFO] - Current learning rate: 0.00025
2026-06-16 15:41:26 - finetune_logger - INFO - Validation metrics: {'MAE': 2.0000603364617664, 'RMSE': 2.9199166600565536}
[2026-06-16 15:41:26,033][finetune_logger][INFO] - Validation metrics: {'MAE': 2.0000603364617664, 'RMSE': 2.9199166600565536}
2026-06-16 15:41:26 - finetune_logger - INFO - Val time: 71.41s
[2026-06-16 15:41:26,034][finetune_logger][INFO] - Val time: 71.41s
2026-06-16 15:41:26 - finetune_logger - INFO - Val memory reserved: 24.00 MB
[2026-06-16 15:41:26,034][finetune_logger][INFO] - Val memory reserved: 24.00 MB
2026-06-16 15:41:26 - finetune_logger - INFO - Val memory allocated: 18.10 MB
[2026-06-16 15:41:26,034][finetune_logger][INFO] - Val memory allocated: 18.10 MB
2026-06-16 15:41:26 - finetune_logger - INFO - Logged epoch 16 info to /public/home/202411094934/python_project/Spatio-Temporal-Library/time-series/2026-06-16/itransformer/finetune20/ettm2/time-series/seed_2/training_log.json
[2026-06-16 15:41:26,037][finetune_logger][INFO] - Logged epoch 16 info to /public/home/202411094934/python_project/Spatio-Temporal-Library/time-series/2026-06-16/itransformer/finetune20/ettm2/time-series/seed_2/training_log.json
2026-06-16 15:42:37 - finetune_logger - INFO - Test metrics: {'MAE': 2.1621699170541553, 'RMSE': 3.2880912620757825}
[2026-06-16 15:42:37,293][finetune_logger][INFO] - Test metrics: {'MAE': 2.1621699170541553, 'RMSE': 3.2880912620757825}
2026-06-16 15:42:37 - finetune_logger - INFO - Test time: 71.26s
[2026-06-16 15:42:37,294][finetune_logger][INFO] - Test time: 71.26s
2026-06-16 15:42:37 - finetune_logger - INFO - Test memory reserved: 24.00 MB
[2026-06-16 15:42:37,294][finetune_logger][INFO] - Test memory reserved: 24.00 MB
2026-06-16 15:42:37 - finetune_logger - INFO - Test memory allocated: 18.10 MB
[2026-06-16 15:42:37,294][finetune_logger][INFO] - Test memory allocated: 18.10 MB
2026-06-16 15:42:37 - finetune_logger - INFO - Epoch 17/20
[2026-06-16 15:42:37,294][finetune_logger][INFO] - Epoch 17/20
2026-06-16 15:51:07 - finetune_logger - INFO - Train loss: 1.5663097475919956
[2026-06-16 15:51:07,887][finetune_logger][INFO] - Train loss: 1.5663097475919956
2026-06-16 15:51:07 - finetune_logger - INFO - Train time: 510.59196400642395s
[2026-06-16 15:51:07,887][finetune_logger][INFO] - Train time: 510.59196400642395s
2026-06-16 15:51:07 - finetune_logger - INFO - Train memory reserved: 24.00 MB
[2026-06-16 15:51:07,887][finetune_logger][INFO] - Train memory reserved: 24.00 MB
2026-06-16 15:51:07 - finetune_logger - INFO - Train memory allocated: 18.10 MB
[2026-06-16 15:51:07,887][finetune_logger][INFO] - Train memory allocated: 18.10 MB
2026-06-16 15:51:07 - finetune_logger - INFO - Current learning rate: 0.00025
[2026-06-16 15:51:07,887][finetune_logger][INFO] - Current learning rate: 0.00025
2026-06-16 15:52:19 - finetune_logger - INFO - Validation metrics: {'MAE': 2.00947360405645, 'RMSE': 2.9316577478033095}
[2026-06-16 15:52:19,251][finetune_logger][INFO] - Validation metrics: {'MAE': 2.00947360405645, 'RMSE': 2.9316577478033095}
2026-06-16 15:52:19 - finetune_logger - INFO - Val time: 71.36s
[2026-06-16 15:52:19,251][finetune_logger][INFO] - Val time: 71.36s
2026-06-16 15:52:19 - finetune_logger - INFO - Val memory reserved: 24.00 MB
[2026-06-16 15:52:19,251][finetune_logger][INFO] - Val memory reserved: 24.00 MB
2026-06-16 15:52:19 - finetune_logger - INFO - Val memory allocated: 18.10 MB
[2026-06-16 15:52:19,251][finetune_logger][INFO] - Val memory allocated: 18.10 MB
2026-06-16 15:52:19 - finetune_logger - INFO - Logged epoch 17 info to /public/home/202411094934/python_project/Spatio-Temporal-Library/time-series/2026-06-16/itransformer/finetune20/ettm2/time-series/seed_2/training_log.json
[2026-06-16 15:52:19,255][finetune_logger][INFO] - Logged epoch 17 info to /public/home/202411094934/python_project/Spatio-Temporal-Library/time-series/2026-06-16/itransformer/finetune20/ettm2/time-series/seed_2/training_log.json
2026-06-16 15:53:30 - finetune_logger - INFO - Test metrics: {'MAE': 2.15577314460325, 'RMSE': 3.2754268633541344}
[2026-06-16 15:53:30,490][finetune_logger][INFO] - Test metrics: {'MAE': 2.15577314460325, 'RMSE': 3.2754268633541344}
2026-06-16 15:53:30 - finetune_logger - INFO - Test time: 71.23s
[2026-06-16 15:53:30,491][finetune_logger][INFO] - Test time: 71.23s
2026-06-16 15:53:30 - finetune_logger - INFO - Test memory reserved: 24.00 MB
[2026-06-16 15:53:30,491][finetune_logger][INFO] - Test memory reserved: 24.00 MB
2026-06-16 15:53:30 - finetune_logger - INFO - Test memory allocated: 18.10 MB
[2026-06-16 15:53:30,491][finetune_logger][INFO] - Test memory allocated: 18.10 MB
2026-06-16 15:53:30 - finetune_logger - INFO - Epoch 18/20
[2026-06-16 15:53:30,491][finetune_logger][INFO] - Epoch 18/20
2026-06-16 16:02:01 - finetune_logger - INFO - Train loss: 1.5604865690141798
[2026-06-16 16:02:01,242][finetune_logger][INFO] - Train loss: 1.5604865690141798
2026-06-16 16:02:01 - finetune_logger - INFO - Train time: 510.7507438659668s
[2026-06-16 16:02:01,243][finetune_logger][INFO] - Train time: 510.7507438659668s
2026-06-16 16:02:01 - finetune_logger - INFO - Train memory reserved: 24.00 MB
[2026-06-16 16:02:01,243][finetune_logger][INFO] - Train memory reserved: 24.00 MB
2026-06-16 16:02:01 - finetune_logger - INFO - Train memory allocated: 18.10 MB
[2026-06-16 16:02:01,243][finetune_logger][INFO] - Train memory allocated: 18.10 MB
2026-06-16 16:02:01 - finetune_logger - INFO - Current learning rate: 0.00025
[2026-06-16 16:02:01,243][finetune_logger][INFO] - Current learning rate: 0.00025
2026-06-16 16:03:12 - finetune_logger - INFO - Validation metrics: {'MAE': 2.0126304189417152, 'RMSE': 2.939802555269624}
[2026-06-16 16:03:12,707][finetune_logger][INFO] - Validation metrics: {'MAE': 2.0126304189417152, 'RMSE': 2.939802555269624}
2026-06-16 16:03:12 - finetune_logger - INFO - Val time: 71.46s
[2026-06-16 16:03:12,708][finetune_logger][INFO] - Val time: 71.46s
2026-06-16 16:03:12 - finetune_logger - INFO - Val memory reserved: 24.00 MB
[2026-06-16 16:03:12,708][finetune_logger][INFO] - Val memory reserved: 24.00 MB
2026-06-16 16:03:12 - finetune_logger - INFO - Val memory allocated: 18.10 MB
[2026-06-16 16:03:12,708][finetune_logger][INFO] - Val memory allocated: 18.10 MB
2026-06-16 16:03:12 - finetune_logger - INFO - Logged epoch 18 info to /public/home/202411094934/python_project/Spatio-Temporal-Library/time-series/2026-06-16/itransformer/finetune20/ettm2/time-series/seed_2/training_log.json
[2026-06-16 16:03:12,711][finetune_logger][INFO] - Logged epoch 18 info to /public/home/202411094934/python_project/Spatio-Temporal-Library/time-series/2026-06-16/itransformer/finetune20/ettm2/time-series/seed_2/training_log.json
2026-06-16 16:04:24 - finetune_logger - INFO - Test metrics: {'MAE': 2.1635035698116565, 'RMSE': 3.2869726779563666}
[2026-06-16 16:04:24,241][finetune_logger][INFO] - Test metrics: {'MAE': 2.1635035698116565, 'RMSE': 3.2869726779563666}
2026-06-16 16:04:24 - finetune_logger - INFO - Test time: 71.53s
[2026-06-16 16:04:24,241][finetune_logger][INFO] - Test time: 71.53s
2026-06-16 16:04:24 - finetune_logger - INFO - Test memory reserved: 24.00 MB
[2026-06-16 16:04:24,241][finetune_logger][INFO] - Test memory reserved: 24.00 MB
2026-06-16 16:04:24 - finetune_logger - INFO - Test memory allocated: 18.10 MB
[2026-06-16 16:04:24,241][finetune_logger][INFO] - Test memory allocated: 18.10 MB
2026-06-16 16:04:24 - finetune_logger - INFO - Epoch 19/20
[2026-06-16 16:04:24,241][finetune_logger][INFO] - Epoch 19/20
2026-06-16 16:12:55 - finetune_logger - INFO - Train loss: 1.5504277642692987
[2026-06-16 16:12:55,181][finetune_logger][INFO] - Train loss: 1.5504277642692987
2026-06-16 16:12:55 - finetune_logger - INFO - Train time: 510.9391305446625s
[2026-06-16 16:12:55,181][finetune_logger][INFO] - Train time: 510.9391305446625s
2026-06-16 16:12:55 - finetune_logger - INFO - Train memory reserved: 24.00 MB
[2026-06-16 16:12:55,181][finetune_logger][INFO] - Train memory reserved: 24.00 MB
2026-06-16 16:12:55 - finetune_logger - INFO - Train memory allocated: 18.10 MB
[2026-06-16 16:12:55,181][finetune_logger][INFO] - Train memory allocated: 18.10 MB
2026-06-16 16:12:55 - finetune_logger - INFO - Current learning rate: 0.00025
[2026-06-16 16:12:55,181][finetune_logger][INFO] - Current learning rate: 0.00025
2026-06-16 16:14:06 - finetune_logger - INFO - Validation metrics: {'MAE': 2.033467359141774, 'RMSE': 2.974088233045284}
[2026-06-16 16:14:06,720][finetune_logger][INFO] - Validation metrics: {'MAE': 2.033467359141774, 'RMSE': 2.974088233045284}
2026-06-16 16:14:06 - finetune_logger - INFO - Val time: 71.54s
[2026-06-16 16:14:06,721][finetune_logger][INFO] - Val time: 71.54s
2026-06-16 16:14:06 - finetune_logger - INFO - Val memory reserved: 24.00 MB
[2026-06-16 16:14:06,721][finetune_logger][INFO] - Val memory reserved: 24.00 MB
2026-06-16 16:14:06 - finetune_logger - INFO - Val memory allocated: 18.10 MB
[2026-06-16 16:14:06,721][finetune_logger][INFO] - Val memory allocated: 18.10 MB
2026-06-16 16:14:06 - finetune_logger - INFO - Logged epoch 19 info to /public/home/202411094934/python_project/Spatio-Temporal-Library/time-series/2026-06-16/itransformer/finetune20/ettm2/time-series/seed_2/training_log.json
[2026-06-16 16:14:06,724][finetune_logger][INFO] - Logged epoch 19 info to /public/home/202411094934/python_project/Spatio-Temporal-Library/time-series/2026-06-16/itransformer/finetune20/ettm2/time-series/seed_2/training_log.json
2026-06-16 16:15:17 - finetune_logger - INFO - Test metrics: {'MAE': 2.1931756969509957, 'RMSE': 3.3286303782537314}
[2026-06-16 16:15:17,935][finetune_logger][INFO] - Test metrics: {'MAE': 2.1931756969509957, 'RMSE': 3.3286303782537314}
2026-06-16 16:15:17 - finetune_logger - INFO - Test time: 71.21s
[2026-06-16 16:15:17,935][finetune_logger][INFO] - Test time: 71.21s
2026-06-16 16:15:17 - finetune_logger - INFO - Test memory reserved: 24.00 MB
[2026-06-16 16:15:17,935][finetune_logger][INFO] - Test memory reserved: 24.00 MB
2026-06-16 16:15:17 - finetune_logger - INFO - Test memory allocated: 18.10 MB
[2026-06-16 16:15:17,936][finetune_logger][INFO] - Test memory allocated: 18.10 MB
2026-06-16 16:15:17 - finetune_logger - INFO - Epoch 20/20
[2026-06-16 16:15:17,936][finetune_logger][INFO] - Epoch 20/20
2026-06-16 16:23:48 - finetune_logger - INFO - Train loss: 1.5437105749633493
[2026-06-16 16:23:48,459][finetune_logger][INFO] - Train loss: 1.5437105749633493
2026-06-16 16:23:48 - finetune_logger - INFO - Train time: 510.5232138633728s
[2026-06-16 16:23:48,460][finetune_logger][INFO] - Train time: 510.5232138633728s
2026-06-16 16:23:48 - finetune_logger - INFO - Train memory reserved: 24.00 MB
[2026-06-16 16:23:48,460][finetune_logger][INFO] - Train memory reserved: 24.00 MB
2026-06-16 16:23:48 - finetune_logger - INFO - Train memory allocated: 18.10 MB
[2026-06-16 16:23:48,460][finetune_logger][INFO] - Train memory allocated: 18.10 MB
2026-06-16 16:23:48 - finetune_logger - INFO - Current learning rate: 0.00025
[2026-06-16 16:23:48,460][finetune_logger][INFO] - Current learning rate: 0.00025
2026-06-16 16:24:59 - finetune_logger - INFO - Validation metrics: {'MAE': 2.057608819261847, 'RMSE': 3.0049878457573787}
[2026-06-16 16:24:59,768][finetune_logger][INFO] - Validation metrics: {'MAE': 2.057608819261847, 'RMSE': 3.0049878457573787}
2026-06-16 16:24:59 - finetune_logger - INFO - Val time: 71.31s
[2026-06-16 16:24:59,768][finetune_logger][INFO] - Val time: 71.31s
2026-06-16 16:24:59 - finetune_logger - INFO - Val memory reserved: 24.00 MB
[2026-06-16 16:24:59,768][finetune_logger][INFO] - Val memory reserved: 24.00 MB
2026-06-16 16:24:59 - finetune_logger - INFO - Val memory allocated: 18.10 MB
[2026-06-16 16:24:59,768][finetune_logger][INFO] - Val memory allocated: 18.10 MB
2026-06-16 16:24:59 - finetune_logger - INFO - Logged epoch 20 info to /public/home/202411094934/python_project/Spatio-Temporal-Library/time-series/2026-06-16/itransformer/finetune20/ettm2/time-series/seed_2/training_log.json
[2026-06-16 16:24:59,772][finetune_logger][INFO] - Logged epoch 20 info to /public/home/202411094934/python_project/Spatio-Temporal-Library/time-series/2026-06-16/itransformer/finetune20/ettm2/time-series/seed_2/training_log.json
2026-06-16 16:26:11 - finetune_logger - INFO - Test metrics: {'MAE': 2.1961815048840814, 'RMSE': 3.3325700731632972}
[2026-06-16 16:26:11,289][finetune_logger][INFO] - Test metrics: {'MAE': 2.1961815048840814, 'RMSE': 3.3325700731632972}
2026-06-16 16:26:11 - finetune_logger - INFO - Test time: 71.49s
[2026-06-16 16:26:11,289][finetune_logger][INFO] - Test time: 71.49s
2026-06-16 16:26:11 - finetune_logger - INFO - Test memory reserved: 24.00 MB
[2026-06-16 16:26:11,289][finetune_logger][INFO] - Test memory reserved: 24.00 MB
2026-06-16 16:26:11 - finetune_logger - INFO - Test memory allocated: 18.10 MB
[2026-06-16 16:26:11,290][finetune_logger][INFO] - Test memory allocated: 18.10 MB
2026-06-16 16:26:11 - finetune_logger - INFO - Training completed. Best epoch: 2, Best val loss: 1.938045
[2026-06-16 16:26:11,290][finetune_logger][INFO] - Training completed. Best epoch: 2, Best val loss: 1.938045
2026-06-16 16:26:11 - finetune_logger - INFO - Loaded checkpoint from epoch 2
[2026-06-16 16:26:11,320][finetune_logger][INFO] - Loaded checkpoint from epoch 2
2026-06-16 16:26:11 - finetune_logger - INFO - Evaluating best model on test sets...
[2026-06-16 16:26:11,320][finetune_logger][INFO] - Evaluating best model on test sets...
2026-06-16 16:27:22 - finetune_logger - INFO - Test metrics: {'MAE': 2.077306100447034, 'RMSE': 3.1524830966857285}
[2026-06-16 16:27:22,725][finetune_logger][INFO] - Test metrics: {'MAE': 2.077306100447034, 'RMSE': 3.1524830966857285}
2026-06-16 16:27:22 - finetune_logger - INFO - Test time: 71.40s
[2026-06-16 16:27:22,725][finetune_logger][INFO] - Test time: 71.40s
2026-06-16 16:27:22 - finetune_logger - INFO - Test memory reserved: 26.00 MB
[2026-06-16 16:27:22,725][finetune_logger][INFO] - Test memory reserved: 26.00 MB
2026-06-16 16:27:22 - finetune_logger - INFO - Test memory allocated: 18.14 MB
[2026-06-16 16:27:22,725][finetune_logger][INFO] - Test memory allocated: 18.14 MB
2026-06-16 16:27:22 - finetune_logger - INFO - Logged epoch test info to /public/home/202411094934/python_project/Spatio-Temporal-Library/time-series/2026-06-16/itransformer/finetune20/ettm2/time-series/seed_2/training_log.json
[2026-06-16 16:27:22,728][finetune_logger][INFO] - Logged epoch test info to /public/home/202411094934/python_project/Spatio-Temporal-Library/time-series/2026-06-16/itransformer/finetune20/ettm2/time-series/seed_2/training_log.json
